Bits,SliceLUTs,SliceRegisters,BlockRAMTile,DSPs,BondedIOB,Timing,Accuracy
4,0.49,0.02,0.00,0.00,11.54,0.602,0.1931931931931932
7,1.50,0.05,0.02,0.04,19.11,0.449,0.20520520520520522
10,3.55,0.19,0.07,0.04,26.68,0.053,0.6116116116116116
13,3.03,0.20,0.07,13.93,34.25,-0.514,0.7657657657657657
16,3.31,0.27,0.07,20.96,41.83,-0.537,0.7757757757757757
19,3.82,0.45,0.07,25.15,48.80,-0.828,0.7737737737737738
22,4.46,0.61,0.07,27.34,54.57,-1.513,0.7797797797797797
25,5.15,0.78,0.07,29.37,60.34,-2.498,0.7817817817817818
28,37.94,1.54,0.07,9.16,66.11,-4.366,0.7787787787787788
4,0.49,0.02,0.00,0.00,11.54,0.602,0.1931931931931932,6
,26.387999999999998
7,1.50,0.05,0.02,0.04,19.11,0.449,0.20520520520520522,7
,31.857
10,3.55,0.19,0.07,0.04,26.68,0.053,0.6116116116116116,11
,54.417
13,3.03,0.20,0.07,13.93,34.25,-0.514,0.7657657657657657,11
,60.654
16,3.31,0.27,0.07,20.96,41.83,-0.537,0.7757757757757757,11
,60.907
19,3.82,0.45,0.07,25.15,48.80,-0.828,0.7737737737737738,12
,69.936
22,4.46,0.61,0.07,27.34,54.57,-1.513,0.7797797797797797,12
,78.156
25,5.15,0.78,0.07,29.37,60.34,-2.498,0.7817817817817818,13
,97.474
28,37.94,1.54,0.07,9.16,66.11,-4.366,0.7787787787787788,11
,103.026
