Bits, Slice LUTs, Slice Registers, Block RAM Tile, DSPs, Bonded IOB, Timing, Accuracy
4, 1.07, 0.38, 0.00, 0.00, 11.29, 0.867, 0.20166386544497256
7, 3.76, 1.26, 0.03, 0.14, 18.71, 0.270, 0.23410984403520504
10, 10.24, 2.84, 0.14, 0.14, 26.12, -0.006, 0.25201356634678523
13, 13.69, 3.90, 0.14, 30.36, 33.53, -0.064, 0.7085946300881331
16, 15.99, 4.56, 0.14, 57.83, 40.94, -0.141, 0.7638961680492051
19, 17.09, 4.82, 0.14, 79.42, 48.35, -0.784, 0.7667997999987952
22, 19.36, 5.36, 0.14, 91.50, 55.76, -0.844, 0.7664865450996693
25, 22.80, 6.36, 0.14, 97.92, 63.18, -1.018, 0.7655467804022916
