Width, Accuracy
"16_6", 0.4939602024961155
"16_6", 0.4939602024961155
