Width, Accuracy
"16_6", 0.6544032880557366
"16_6", 0.6544032880557366
"16_6", 0.6544032880557366
"16_6", 0.6544032880557366
