Width, Accuracy
"16_6", 0.7677725118483413
"16_6", 0.8182046012731191
