Width, Accuracy
"4_2", 0.4976303317535545
"10_4", 0.4312796208530806
"4_2", 0.506240288707333
"10_4", 0.49591499172973785
