Bits, Slice LUTs, Slice Registers, Block RAM Tile, DSPs, Bonded IOB, Timing, Accuracy
4, 0.44, 0.12, 0.58, 0.00, 3.97, 3.854, 0.4976303317535545
10, 3.26, 0.72, 0.58, 0.24, 9.01, 6.365, 0.4312796208530806
4, 0.44, 0.12, 0.58, 0.00, 3.97, 3.854, 0.506240288707333
10, 3.26, 0.72, 0.58, 0.24, 9.01, 6.365, 0.49591499172973785
