Bits, Slice LUTs, Slice Registers, Block RAM Tile, DSPs, Bonded IOB, Timing, Accuracy
4, 0.42, 0.12, 0.58, 0.00, 3.97, 3.024, 0.40625
7, 1.55, 0.33, 0.58, 0.00, 6.49, 4.897, 0.5614035087719298
10, 3.25, 0.71, 0.58, 0.24, 9.01, 6.873, 0.39223057644110276
