Bits, Slice LUTs, Slice Registers, Block RAM Tile, DSPs, Bonded IOB, Timing, Accuracy
16, 4.69, 1.03, 0.60, 9.19, 14.06, 9.144, 0.7677725118483413
16, 4.69, 1.03, 0.60, 9.19, 14.06, 9.144, 0.8182046012731191
