Width, Accuracy
"13_5", 0.62197383589795
"19_7", 0.8553957195128064
"22_8", 0.85880406997143
