Vivado Simulator 2019.1
Copyright 1986-1999, 2001-2019 Xilinx, Inc. All Rights Reserved.
Running: /tools/Disk_Xilinx/Vivado/2019.1/bin/unwrapped/lnx64.o/xelab rheedGaussianWrapper_tb -s sim_snapshot -v 2 
Multi-threading is on. Using 10 slave threads.
INFO: [XSIM 43-3427] Library Mapping: Sourcing library mapping file "/tools/Disk_Xilinx/Vivado/2019.1/data/xsim/xsim.ini".
INFO: [VRFC 10-233] The vhdl library search path for library "std" is now "/tools/Disk_Xilinx/Vivado/2019.1/data/xsim/vhdl/std_2008"
INFO: [VRFC 10-232] The veri library search path for library "std" is now "/tools/Disk_Xilinx/Vivado/2019.1/data/xsim/vhdl/std_2008"
INFO: [VRFC 10-233] The vhdl library search path for library "ieee" is now "/tools/Disk_Xilinx/Vivado/2019.1/data/xsim/vhdl/ieee_2008"
INFO: [VRFC 10-232] The veri library search path for library "ieee" is now "/tools/Disk_Xilinx/Vivado/2019.1/data/xsim/vhdl/ieee_2008"
INFO: [VRFC 10-233] The vhdl library search path for library "ieee_proposed" is now "/tools/Disk_Xilinx/Vivado/2019.1/data/xsim/vhdl/ieee_proposed_2008"
INFO: [VRFC 10-232] The veri library search path for library "ieee_proposed" is now "/tools/Disk_Xilinx/Vivado/2019.1/data/xsim/vhdl/ieee_proposed_2008"
INFO: [VRFC 10-233] The vhdl library search path for library "vl" is now "/tools/Disk_Xilinx/Vivado/2019.1/data/xsim/vhdl/vl_2008"
INFO: [VRFC 10-232] The veri library search path for library "vl" is now "/tools/Disk_Xilinx/Vivado/2019.1/data/xsim/vhdl/vl_2008"
INFO: [VRFC 10-233] The vhdl library search path for library "synopsys" is now "/tools/Disk_Xilinx/Vivado/2019.1/data/xsim/vhdl/synopsys_2008"
INFO: [VRFC 10-232] The veri library search path for library "synopsys" is now "/tools/Disk_Xilinx/Vivado/2019.1/data/xsim/vhdl/synopsys_2008"
INFO: [VRFC 10-233] The vhdl library search path for library "secureip" is now "/tools/Disk_Xilinx/Vivado/2019.1/data/xsim/verilog/secureip"
INFO: [VRFC 10-232] The veri library search path for library "secureip" is now "/tools/Disk_Xilinx/Vivado/2019.1/data/xsim/verilog/secureip"
INFO: [VRFC 10-233] The vhdl library search path for library "unisim" is now "/tools/Disk_Xilinx/Vivado/2019.1/data/xsim/vhdl/unisim"
INFO: [VRFC 10-232] The veri library search path for library "unisim" is now "/tools/Disk_Xilinx/Vivado/2019.1/data/xsim/vhdl/unisim"
INFO: [VRFC 10-233] The vhdl library search path for library "unimacro" is now "/tools/Disk_Xilinx/Vivado/2019.1/data/xsim/vhdl/unimacro"
INFO: [VRFC 10-232] The veri library search path for library "unimacro" is now "/tools/Disk_Xilinx/Vivado/2019.1/data/xsim/vhdl/unimacro"
INFO: [VRFC 10-233] The vhdl library search path for library "unifast" is now "/tools/Disk_Xilinx/Vivado/2019.1/data/xsim/vhdl/unifast"
INFO: [VRFC 10-232] The veri library search path for library "unifast" is now "/tools/Disk_Xilinx/Vivado/2019.1/data/xsim/vhdl/unifast"
INFO: [VRFC 10-233] The vhdl library search path for library "unisims_ver" is now "/tools/Disk_Xilinx/Vivado/2019.1/data/xsim/verilog/unisims_ver"
INFO: [VRFC 10-232] The veri library search path for library "unisims_ver" is now "/tools/Disk_Xilinx/Vivado/2019.1/data/xsim/verilog/unisims_ver"
INFO: [VRFC 10-233] The vhdl library search path for library "unimacro_ver" is now "/tools/Disk_Xilinx/Vivado/2019.1/data/xsim/verilog/unimacro_ver"
INFO: [VRFC 10-232] The veri library search path for library "unimacro_ver" is now "/tools/Disk_Xilinx/Vivado/2019.1/data/xsim/verilog/unimacro_ver"
INFO: [VRFC 10-233] The vhdl library search path for library "unifast_ver" is now "/tools/Disk_Xilinx/Vivado/2019.1/data/xsim/verilog/unifast_ver"
INFO: [VRFC 10-232] The veri library search path for library "unifast_ver" is now "/tools/Disk_Xilinx/Vivado/2019.1/data/xsim/verilog/unifast_ver"
INFO: [VRFC 10-233] The vhdl library search path for library "simprims_ver" is now "/tools/Disk_Xilinx/Vivado/2019.1/data/xsim/verilog/simprims_ver"
INFO: [VRFC 10-232] The veri library search path for library "simprims_ver" is now "/tools/Disk_Xilinx/Vivado/2019.1/data/xsim/verilog/simprims_ver"
INFO: [VRFC 10-233] The vhdl library search path for library "system_cache_v4_0_6" is now "/tools/Disk_Xilinx/Vivado/2019.1/data/xsim/ip/system_cache_v4_0_6"
INFO: [VRFC 10-232] The veri library search path for library "system_cache_v4_0_6" is now "/tools/Disk_Xilinx/Vivado/2019.1/data/xsim/ip/system_cache_v4_0_6"
INFO: [VRFC 10-233] The vhdl library search path for library "bsip_v1_1_0" is now "/tools/Disk_Xilinx/Vivado/2019.1/data/xsim/ip/bsip_v1_1_0"
INFO: [VRFC 10-232] The veri library search path for library "bsip_v1_1_0" is now "/tools/Disk_Xilinx/Vivado/2019.1/data/xsim/ip/bsip_v1_1_0"
INFO: [VRFC 10-233] The vhdl library search path for library "g709_rs_decoder_v2_2_8" is now "/tools/Disk_Xilinx/Vivado/2019.1/data/xsim/ip/g709_rs_decoder_v2_2_8"
INFO: [VRFC 10-232] The veri library search path for library "g709_rs_decoder_v2_2_8" is now "/tools/Disk_Xilinx/Vivado/2019.1/data/xsim/ip/g709_rs_decoder_v2_2_8"
INFO: [VRFC 10-233] The vhdl library search path for library "xtlm_simple_interconnect_v1_0" is now "/tools/Disk_Xilinx/Vivado/2019.1/data/xsim/ip/xtlm_simple_interconnect_v1_0"
INFO: [VRFC 10-232] The veri library search path for library "xtlm_simple_interconnect_v1_0" is now "/tools/Disk_Xilinx/Vivado/2019.1/data/xsim/ip/xtlm_simple_interconnect_v1_0"
INFO: [VRFC 10-233] The vhdl library search path for library "iomodule_v3_1_4" is now "/tools/Disk_Xilinx/Vivado/2019.1/data/xsim/ip/iomodule_v3_1_4"
INFO: [VRFC 10-232] The veri library search path for library "iomodule_v3_1_4" is now "/tools/Disk_Xilinx/Vivado/2019.1/data/xsim/ip/iomodule_v3_1_4"
INFO: [VRFC 10-233] The vhdl library search path for library "ieee802d3_50g_rs_fec_v1_0_11" is now "/tools/Disk_Xilinx/Vivado/2019.1/data/xsim/ip/ieee802d3_50g_rs_fec_v1_0_11"
INFO: [VRFC 10-232] The veri library search path for library "ieee802d3_50g_rs_fec_v1_0_11" is now "/tools/Disk_Xilinx/Vivado/2019.1/data/xsim/ip/ieee802d3_50g_rs_fec_v1_0_11"
INFO: [VRFC 10-233] The vhdl library search path for library "l_ethernet_v2_4_1" is now "/tools/Disk_Xilinx/Vivado/2019.1/data/xsim/ip/l_ethernet_v2_4_1"
INFO: [VRFC 10-232] The veri library search path for library "l_ethernet_v2_4_1" is now "/tools/Disk_Xilinx/Vivado/2019.1/data/xsim/ip/l_ethernet_v2_4_1"
INFO: [VRFC 10-233] The vhdl library search path for library "common_cpp_v1_0" is now "/tools/Disk_Xilinx/Vivado/2019.1/data/xsim/ip/common_cpp_v1_0"
INFO: [VRFC 10-232] The veri library search path for library "common_cpp_v1_0" is now "/tools/Disk_Xilinx/Vivado/2019.1/data/xsim/ip/common_cpp_v1_0"
INFO: [VRFC 10-233] The vhdl library search path for library "lte_fft_v2_1_0" is now "/tools/Disk_Xilinx/Vivado/2019.1/data/xsim/ip/lte_fft_v2_1_0"
INFO: [VRFC 10-232] The veri library search path for library "lte_fft_v2_1_0" is now "/tools/Disk_Xilinx/Vivado/2019.1/data/xsim/ip/lte_fft_v2_1_0"
INFO: [VRFC 10-233] The vhdl library search path for library "convolution_v9_0_14" is now "/tools/Disk_Xilinx/Vivado/2019.1/data/xsim/ip/convolution_v9_0_14"
INFO: [VRFC 10-232] The veri library search path for library "convolution_v9_0_14" is now "/tools/Disk_Xilinx/Vivado/2019.1/data/xsim/ip/convolution_v9_0_14"
INFO: [VRFC 10-233] The vhdl library search path for library "gtwizard_ultrascale_v1_5_4" is now "/tools/Disk_Xilinx/Vivado/2019.1/data/xsim/ip/gtwizard_ultrascale_v1_5_4"
INFO: [VRFC 10-232] The veri library search path for library "gtwizard_ultrascale_v1_5_4" is now "/tools/Disk_Xilinx/Vivado/2019.1/data/xsim/ip/gtwizard_ultrascale_v1_5_4"
INFO: [VRFC 10-233] The vhdl library search path for library "v_cfa_v7_0_14" is now "/tools/Disk_Xilinx/Vivado/2019.1/data/xsim/ip/v_cfa_v7_0_14"
INFO: [VRFC 10-232] The veri library search path for library "v_cfa_v7_0_14" is now "/tools/Disk_Xilinx/Vivado/2019.1/data/xsim/ip/v_cfa_v7_0_14"
INFO: [VRFC 10-233] The vhdl library search path for library "axi4svideo_bridge_v1_0_10" is now "/tools/Disk_Xilinx/Vivado/2019.1/data/xsim/ip/axi4svideo_bridge_v1_0_10"
INFO: [VRFC 10-232] The veri library search path for library "axi4svideo_bridge_v1_0_10" is now "/tools/Disk_Xilinx/Vivado/2019.1/data/xsim/ip/axi4svideo_bridge_v1_0_10"
INFO: [VRFC 10-233] The vhdl library search path for library "pci64_v5_0_11" is now "/tools/Disk_Xilinx/Vivado/2019.1/data/xsim/ip/pci64_v5_0_11"
INFO: [VRFC 10-232] The veri library search path for library "pci64_v5_0_11" is now "/tools/Disk_Xilinx/Vivado/2019.1/data/xsim/ip/pci64_v5_0_11"
INFO: [VRFC 10-233] The vhdl library search path for library "v_vscaler_v1_0_13" is now "/tools/Disk_Xilinx/Vivado/2019.1/data/xsim/ip/v_vscaler_v1_0_13"
INFO: [VRFC 10-232] The veri library search path for library "v_vscaler_v1_0_13" is now "/tools/Disk_Xilinx/Vivado/2019.1/data/xsim/ip/v_vscaler_v1_0_13"
INFO: [VRFC 10-233] The vhdl library search path for library "xbip_accum_v3_0_6" is now "/tools/Disk_Xilinx/Vivado/2019.1/data/xsim/ip/xbip_accum_v3_0_6"
INFO: [VRFC 10-232] The veri library search path for library "xbip_accum_v3_0_6" is now "/tools/Disk_Xilinx/Vivado/2019.1/data/xsim/ip/xbip_accum_v3_0_6"
INFO: [VRFC 10-233] The vhdl library search path for library "gigantic_mux" is now "/tools/Disk_Xilinx/Vivado/2019.1/data/xsim/ip/gigantic_mux"
INFO: [VRFC 10-232] The veri library search path for library "gigantic_mux" is now "/tools/Disk_Xilinx/Vivado/2019.1/data/xsim/ip/gigantic_mux"
INFO: [VRFC 10-233] The vhdl library search path for library "zynq_ultra_ps_e_v3_3_0" is now "/tools/Disk_Xilinx/Vivado/2019.1/data/xsim/ip/zynq_ultra_ps_e_v3_3_0"
INFO: [VRFC 10-232] The veri library search path for library "zynq_ultra_ps_e_v3_3_0" is now "/tools/Disk_Xilinx/Vivado/2019.1/data/xsim/ip/zynq_ultra_ps_e_v3_3_0"
INFO: [VRFC 10-233] The vhdl library search path for library "v_cresample_v4_0_14" is now "/tools/Disk_Xilinx/Vivado/2019.1/data/xsim/ip/v_cresample_v4_0_14"
INFO: [VRFC 10-232] The veri library search path for library "v_cresample_v4_0_14" is now "/tools/Disk_Xilinx/Vivado/2019.1/data/xsim/ip/v_cresample_v4_0_14"
INFO: [VRFC 10-233] The vhdl library search path for library "v_dual_splitter_v1_0_9" is now "/tools/Disk_Xilinx/Vivado/2019.1/data/xsim/ip/v_dual_splitter_v1_0_9"
INFO: [VRFC 10-232] The veri library search path for library "v_dual_splitter_v1_0_9" is now "/tools/Disk_Xilinx/Vivado/2019.1/data/xsim/ip/v_dual_splitter_v1_0_9"
INFO: [VRFC 10-233] The vhdl library search path for library "v_scenechange_v1_0_1" is now "/tools/Disk_Xilinx/Vivado/2019.1/data/xsim/ip/v_scenechange_v1_0_1"
INFO: [VRFC 10-232] The veri library search path for library "v_scenechange_v1_0_1" is now "/tools/Disk_Xilinx/Vivado/2019.1/data/xsim/ip/v_scenechange_v1_0_1"
INFO: [VRFC 10-233] The vhdl library search path for library "hdcp_keymngmt_blk_v1_0_0" is now "/tools/Disk_Xilinx/Vivado/2019.1/data/xsim/ip/hdcp_keymngmt_blk_v1_0_0"
INFO: [VRFC 10-232] The veri library search path for library "hdcp_keymngmt_blk_v1_0_0" is now "/tools/Disk_Xilinx/Vivado/2019.1/data/xsim/ip/hdcp_keymngmt_blk_v1_0_0"
INFO: [VRFC 10-233] The vhdl library search path for library "ahblite_axi_bridge_v3_0_14" is now "/tools/Disk_Xilinx/Vivado/2019.1/data/xsim/ip/ahblite_axi_bridge_v3_0_14"
INFO: [VRFC 10-232] The veri library search path for library "ahblite_axi_bridge_v3_0_14" is now "/tools/Disk_Xilinx/Vivado/2019.1/data/xsim/ip/ahblite_axi_bridge_v3_0_14"
INFO: [VRFC 10-233] The vhdl library search path for library "tri_mode_ethernet_mac_v9_0_14" is now "/tools/Disk_Xilinx/Vivado/2019.1/data/xsim/ip/tri_mode_ethernet_mac_v9_0_14"
INFO: [VRFC 10-232] The veri library search path for library "tri_mode_ethernet_mac_v9_0_14" is now "/tools/Disk_Xilinx/Vivado/2019.1/data/xsim/ip/tri_mode_ethernet_mac_v9_0_14"
INFO: [VRFC 10-233] The vhdl library search path for library "blk_mem_gen_v8_4_3" is now "/tools/Disk_Xilinx/Vivado/2019.1/data/xsim/ip/blk_mem_gen_v8_4_3"
INFO: [VRFC 10-232] The veri library search path for library "blk_mem_gen_v8_4_3" is now "/tools/Disk_Xilinx/Vivado/2019.1/data/xsim/ip/blk_mem_gen_v8_4_3"
INFO: [VRFC 10-233] The vhdl library search path for library "noc_mc_ddr4_phy_v1_0_0" is now "/tools/Disk_Xilinx/Vivado/2019.1/data/xsim/ip/noc_mc_ddr4_phy_v1_0_0"
INFO: [VRFC 10-232] The veri library search path for library "noc_mc_ddr4_phy_v1_0_0" is now "/tools/Disk_Xilinx/Vivado/2019.1/data/xsim/ip/noc_mc_ddr4_phy_v1_0_0"
INFO: [VRFC 10-233] The vhdl library search path for library "axi_data_fifo_v2_1_18" is now "/tools/Disk_Xilinx/Vivado/2019.1/data/xsim/ip/axi_data_fifo_v2_1_18"
INFO: [VRFC 10-232] The veri library search path for library "axi_data_fifo_v2_1_18" is now "/tools/Disk_Xilinx/Vivado/2019.1/data/xsim/ip/axi_data_fifo_v2_1_18"
INFO: [VRFC 10-233] The vhdl library search path for library "axi_vip_v1_1_5" is now "/tools/Disk_Xilinx/Vivado/2019.1/data/xsim/ip/axi_vip_v1_1_5"
INFO: [VRFC 10-232] The veri library search path for library "axi_vip_v1_1_5" is now "/tools/Disk_Xilinx/Vivado/2019.1/data/xsim/ip/axi_vip_v1_1_5"
INFO: [VRFC 10-233] The vhdl library search path for library "compact_gt_v1_0_5" is now "/tools/Disk_Xilinx/Vivado/2019.1/data/xsim/ip/compact_gt_v1_0_5"
INFO: [VRFC 10-232] The veri library search path for library "compact_gt_v1_0_5" is now "/tools/Disk_Xilinx/Vivado/2019.1/data/xsim/ip/compact_gt_v1_0_5"
INFO: [VRFC 10-233] The vhdl library search path for library "axi_gpio_v2_0_21" is now "/tools/Disk_Xilinx/Vivado/2019.1/data/xsim/ip/axi_gpio_v2_0_21"
INFO: [VRFC 10-232] The veri library search path for library "axi_gpio_v2_0_21" is now "/tools/Disk_Xilinx/Vivado/2019.1/data/xsim/ip/axi_gpio_v2_0_21"
INFO: [VRFC 10-233] The vhdl library search path for library "viterbi_v9_1_11" is now "/tools/Disk_Xilinx/Vivado/2019.1/data/xsim/ip/viterbi_v9_1_11"
INFO: [VRFC 10-232] The veri library search path for library "viterbi_v9_1_11" is now "/tools/Disk_Xilinx/Vivado/2019.1/data/xsim/ip/viterbi_v9_1_11"
INFO: [VRFC 10-233] The vhdl library search path for library "sim_rst_gen_v1_0_2" is now "/tools/Disk_Xilinx/Vivado/2019.1/data/xsim/ip/sim_rst_gen_v1_0_2"
INFO: [VRFC 10-232] The veri library search path for library "sim_rst_gen_v1_0_2" is now "/tools/Disk_Xilinx/Vivado/2019.1/data/xsim/ip/sim_rst_gen_v1_0_2"
INFO: [VRFC 10-233] The vhdl library search path for library "ba317" is now "/tools/Disk_Xilinx/Vivado/2019.1/data/xsim/ip/ba317"
INFO: [VRFC 10-232] The veri library search path for library "ba317" is now "/tools/Disk_Xilinx/Vivado/2019.1/data/xsim/ip/ba317"
INFO: [VRFC 10-233] The vhdl library search path for library "xbip_dsp48_wrapper_v3_0_4" is now "/tools/Disk_Xilinx/Vivado/2019.1/data/xsim/ip/xbip_dsp48_wrapper_v3_0_4"
INFO: [VRFC 10-232] The veri library search path for library "xbip_dsp48_wrapper_v3_0_4" is now "/tools/Disk_Xilinx/Vivado/2019.1/data/xsim/ip/xbip_dsp48_wrapper_v3_0_4"
INFO: [VRFC 10-233] The vhdl library search path for library "fifo_generator_v13_2_4" is now "/tools/Disk_Xilinx/Vivado/2019.1/data/xsim/ip/fifo_generator_v13_2_4"
INFO: [VRFC 10-232] The veri library search path for library "fifo_generator_v13_2_4" is now "/tools/Disk_Xilinx/Vivado/2019.1/data/xsim/ip/fifo_generator_v13_2_4"
INFO: [VRFC 10-233] The vhdl library search path for library "axi_bram_ctrl_v4_0_14" is now "/tools/Disk_Xilinx/Vivado/2019.1/data/xsim/ip/axi_bram_ctrl_v4_0_14"
INFO: [VRFC 10-232] The veri library search path for library "axi_bram_ctrl_v4_0_14" is now "/tools/Disk_Xilinx/Vivado/2019.1/data/xsim/ip/axi_bram_ctrl_v4_0_14"
INFO: [VRFC 10-233] The vhdl library search path for library "vid_edid_v1_0_0" is now "/tools/Disk_Xilinx/Vivado/2019.1/data/xsim/ip/vid_edid_v1_0_0"
INFO: [VRFC 10-232] The veri library search path for library "vid_edid_v1_0_0" is now "/tools/Disk_Xilinx/Vivado/2019.1/data/xsim/ip/vid_edid_v1_0_0"
INFO: [VRFC 10-233] The vhdl library search path for library "axi_emc_v3_0_19" is now "/tools/Disk_Xilinx/Vivado/2019.1/data/xsim/ip/axi_emc_v3_0_19"
INFO: [VRFC 10-232] The veri library search path for library "axi_emc_v3_0_19" is now "/tools/Disk_Xilinx/Vivado/2019.1/data/xsim/ip/axi_emc_v3_0_19"
INFO: [VRFC 10-233] The vhdl library search path for library "floating_point_v7_1_8" is now "/tools/Disk_Xilinx/Vivado/2019.1/data/xsim/ip/floating_point_v7_1_8"
INFO: [VRFC 10-232] The veri library search path for library "floating_point_v7_1_8" is now "/tools/Disk_Xilinx/Vivado/2019.1/data/xsim/ip/floating_point_v7_1_8"
INFO: [VRFC 10-233] The vhdl library search path for library "xbip_addsub_v3_0_6" is now "/tools/Disk_Xilinx/Vivado/2019.1/data/xsim/ip/xbip_addsub_v3_0_6"
INFO: [VRFC 10-232] The veri library search path for library "xbip_addsub_v3_0_6" is now "/tools/Disk_Xilinx/Vivado/2019.1/data/xsim/ip/xbip_addsub_v3_0_6"
INFO: [VRFC 10-233] The vhdl library search path for library "vid_phy_controller_v2_2_3" is now "/tools/Disk_Xilinx/Vivado/2019.1/data/xsim/ip/vid_phy_controller_v2_2_3"
INFO: [VRFC 10-232] The veri library search path for library "vid_phy_controller_v2_2_3" is now "/tools/Disk_Xilinx/Vivado/2019.1/data/xsim/ip/vid_phy_controller_v2_2_3"
INFO: [VRFC 10-233] The vhdl library search path for library "common_rpc_v1" is now "/tools/Disk_Xilinx/Vivado/2019.1/data/xsim/ip/common_rpc_v1"
INFO: [VRFC 10-232] The veri library search path for library "common_rpc_v1" is now "/tools/Disk_Xilinx/Vivado/2019.1/data/xsim/ip/common_rpc_v1"
INFO: [VRFC 10-233] The vhdl library search path for library "axi_firewall_v1_0_7" is now "/tools/Disk_Xilinx/Vivado/2019.1/data/xsim/ip/axi_firewall_v1_0_7"
INFO: [VRFC 10-232] The veri library search path for library "axi_firewall_v1_0_7" is now "/tools/Disk_Xilinx/Vivado/2019.1/data/xsim/ip/axi_firewall_v1_0_7"
INFO: [VRFC 10-233] The vhdl library search path for library "util_vector_logic_v2_0_1" is now "/tools/Disk_Xilinx/Vivado/2019.1/data/xsim/ip/util_vector_logic_v2_0_1"
INFO: [VRFC 10-232] The veri library search path for library "util_vector_logic_v2_0_1" is now "/tools/Disk_Xilinx/Vivado/2019.1/data/xsim/ip/util_vector_logic_v2_0_1"
INFO: [VRFC 10-233] The vhdl library search path for library "axis_accelerator_adapter_v2_1_15" is now "/tools/Disk_Xilinx/Vivado/2019.1/data/xsim/ip/axis_accelerator_adapter_v2_1_15"
INFO: [VRFC 10-232] The veri library search path for library "axis_accelerator_adapter_v2_1_15" is now "/tools/Disk_Xilinx/Vivado/2019.1/data/xsim/ip/axis_accelerator_adapter_v2_1_15"
INFO: [VRFC 10-233] The vhdl library search path for library "tmr_comparator_v1_0_2" is now "/tools/Disk_Xilinx/Vivado/2019.1/data/xsim/ip/tmr_comparator_v1_0_2"
INFO: [VRFC 10-232] The veri library search path for library "tmr_comparator_v1_0_2" is now "/tools/Disk_Xilinx/Vivado/2019.1/data/xsim/ip/tmr_comparator_v1_0_2"
INFO: [VRFC 10-233] The vhdl library search path for library "sd_fec_v1_0_2" is now "/tools/Disk_Xilinx/Vivado/2019.1/data/xsim/ip/sd_fec_v1_0_2"
INFO: [VRFC 10-232] The veri library search path for library "sd_fec_v1_0_2" is now "/tools/Disk_Xilinx/Vivado/2019.1/data/xsim/ip/sd_fec_v1_0_2"
INFO: [VRFC 10-233] The vhdl library search path for library "tmr_manager_v1_0_4" is now "/tools/Disk_Xilinx/Vivado/2019.1/data/xsim/ip/tmr_manager_v1_0_4"
INFO: [VRFC 10-232] The veri library search path for library "tmr_manager_v1_0_4" is now "/tools/Disk_Xilinx/Vivado/2019.1/data/xsim/ip/tmr_manager_v1_0_4"
INFO: [VRFC 10-233] The vhdl library search path for library "tsn_temac_v1_0_4" is now "/tools/Disk_Xilinx/Vivado/2019.1/data/xsim/ip/tsn_temac_v1_0_4"
INFO: [VRFC 10-232] The veri library search path for library "tsn_temac_v1_0_4" is now "/tools/Disk_Xilinx/Vivado/2019.1/data/xsim/ip/tsn_temac_v1_0_4"
INFO: [VRFC 10-233] The vhdl library search path for library "usxgmii_v1_0_5" is now "/tools/Disk_Xilinx/Vivado/2019.1/data/xsim/ip/usxgmii_v1_0_5"
INFO: [VRFC 10-232] The veri library search path for library "usxgmii_v1_0_5" is now "/tools/Disk_Xilinx/Vivado/2019.1/data/xsim/ip/usxgmii_v1_0_5"
INFO: [VRFC 10-233] The vhdl library search path for library "lte_dl_channel_encoder_v4_0_0" is now "/tools/Disk_Xilinx/Vivado/2019.1/data/xsim/ip/lte_dl_channel_encoder_v4_0_0"
INFO: [VRFC 10-232] The veri library search path for library "lte_dl_channel_encoder_v4_0_0" is now "/tools/Disk_Xilinx/Vivado/2019.1/data/xsim/ip/lte_dl_channel_encoder_v4_0_0"
INFO: [VRFC 10-233] The vhdl library search path for library "rama_v1_1_1_lib" is now "/tools/Disk_Xilinx/Vivado/2019.1/data/xsim/ip/rama_v1_1_1_lib"
INFO: [VRFC 10-232] The veri library search path for library "rama_v1_1_1_lib" is now "/tools/Disk_Xilinx/Vivado/2019.1/data/xsim/ip/rama_v1_1_1_lib"
INFO: [VRFC 10-233] The vhdl library search path for library "ai_noc" is now "/tools/Disk_Xilinx/Vivado/2019.1/data/xsim/ip/ai_noc"
INFO: [VRFC 10-232] The veri library search path for library "ai_noc" is now "/tools/Disk_Xilinx/Vivado/2019.1/data/xsim/ip/ai_noc"
INFO: [VRFC 10-233] The vhdl library search path for library "lte_3gpp_mimo_decoder_v3_0_15" is now "/tools/Disk_Xilinx/Vivado/2019.1/data/xsim/ip/lte_3gpp_mimo_decoder_v3_0_15"
INFO: [VRFC 10-232] The veri library search path for library "lte_3gpp_mimo_decoder_v3_0_15" is now "/tools/Disk_Xilinx/Vivado/2019.1/data/xsim/ip/lte_3gpp_mimo_decoder_v3_0_15"
INFO: [VRFC 10-233] The vhdl library search path for library "v_uhdsdi_audio_v1_0_0" is now "/tools/Disk_Xilinx/Vivado/2019.1/data/xsim/ip/v_uhdsdi_audio_v1_0_0"
INFO: [VRFC 10-232] The veri library search path for library "v_uhdsdi_audio_v1_0_0" is now "/tools/Disk_Xilinx/Vivado/2019.1/data/xsim/ip/v_uhdsdi_audio_v1_0_0"
INFO: [VRFC 10-233] The vhdl library search path for library "axi4stream_vip_v1_1_5" is now "/tools/Disk_Xilinx/Vivado/2019.1/data/xsim/ip/axi4stream_vip_v1_1_5"
INFO: [VRFC 10-232] The veri library search path for library "axi4stream_vip_v1_1_5" is now "/tools/Disk_Xilinx/Vivado/2019.1/data/xsim/ip/axi4stream_vip_v1_1_5"
INFO: [VRFC 10-233] The vhdl library search path for library "cmac_usplus_v2_4_5" is now "/tools/Disk_Xilinx/Vivado/2019.1/data/xsim/ip/cmac_usplus_v2_4_5"
INFO: [VRFC 10-232] The veri library search path for library "cmac_usplus_v2_4_5" is now "/tools/Disk_Xilinx/Vivado/2019.1/data/xsim/ip/cmac_usplus_v2_4_5"
INFO: [VRFC 10-233] The vhdl library search path for library "etrnic_v1_1_2" is now "/tools/Disk_Xilinx/Vivado/2019.1/data/xsim/ip/etrnic_v1_1_2"
INFO: [VRFC 10-232] The veri library search path for library "etrnic_v1_1_2" is now "/tools/Disk_Xilinx/Vivado/2019.1/data/xsim/ip/etrnic_v1_1_2"
INFO: [VRFC 10-233] The vhdl library search path for library "floating_point_v7_0_16" is now "/tools/Disk_Xilinx/Vivado/2019.1/data/xsim/ip/floating_point_v7_0_16"
INFO: [VRFC 10-232] The veri library search path for library "floating_point_v7_0_16" is now "/tools/Disk_Xilinx/Vivado/2019.1/data/xsim/ip/floating_point_v7_0_16"
INFO: [VRFC 10-233] The vhdl library search path for library "axi_dma_v7_1_20" is now "/tools/Disk_Xilinx/Vivado/2019.1/data/xsim/ip/axi_dma_v7_1_20"
INFO: [VRFC 10-232] The veri library search path for library "axi_dma_v7_1_20" is now "/tools/Disk_Xilinx/Vivado/2019.1/data/xsim/ip/axi_dma_v7_1_20"
INFO: [VRFC 10-233] The vhdl library search path for library "jtag_axi" is now "/tools/Disk_Xilinx/Vivado/2019.1/data/xsim/ip/jtag_axi"
INFO: [VRFC 10-232] The veri library search path for library "jtag_axi" is now "/tools/Disk_Xilinx/Vivado/2019.1/data/xsim/ip/jtag_axi"
INFO: [VRFC 10-233] The vhdl library search path for library "axi_traffic_gen_v3_0_5" is now "/tools/Disk_Xilinx/Vivado/2019.1/data/xsim/ip/axi_traffic_gen_v3_0_5"
INFO: [VRFC 10-232] The veri library search path for library "axi_traffic_gen_v3_0_5" is now "/tools/Disk_Xilinx/Vivado/2019.1/data/xsim/ip/axi_traffic_gen_v3_0_5"
INFO: [VRFC 10-233] The vhdl library search path for library "emb_mem_gen_v1_0_1" is now "/tools/Disk_Xilinx/Vivado/2019.1/data/xsim/ip/emb_mem_gen_v1_0_1"
INFO: [VRFC 10-232] The veri library search path for library "emb_mem_gen_v1_0_1" is now "/tools/Disk_Xilinx/Vivado/2019.1/data/xsim/ip/emb_mem_gen_v1_0_1"
INFO: [VRFC 10-233] The vhdl library search path for library "axi_amm_bridge_v1_0_9" is now "/tools/Disk_Xilinx/Vivado/2019.1/data/xsim/ip/axi_amm_bridge_v1_0_9"
INFO: [VRFC 10-232] The veri library search path for library "axi_amm_bridge_v1_0_9" is now "/tools/Disk_Xilinx/Vivado/2019.1/data/xsim/ip/axi_amm_bridge_v1_0_9"
INFO: [VRFC 10-233] The vhdl library search path for library "axi_datamover_v5_1_21" is now "/tools/Disk_Xilinx/Vivado/2019.1/data/xsim/ip/axi_datamover_v5_1_21"
INFO: [VRFC 10-232] The veri library search path for library "axi_datamover_v5_1_21" is now "/tools/Disk_Xilinx/Vivado/2019.1/data/xsim/ip/axi_datamover_v5_1_21"
INFO: [VRFC 10-233] The vhdl library search path for library "v_axi4s_vid_out_v4_0_10" is now "/tools/Disk_Xilinx/Vivado/2019.1/data/xsim/ip/v_axi4s_vid_out_v4_0_10"
INFO: [VRFC 10-232] The veri library search path for library "v_axi4s_vid_out_v4_0_10" is now "/tools/Disk_Xilinx/Vivado/2019.1/data/xsim/ip/v_axi4s_vid_out_v4_0_10"
INFO: [VRFC 10-233] The vhdl library search path for library "jesd204_v7_2_6" is now "/tools/Disk_Xilinx/Vivado/2019.1/data/xsim/ip/jesd204_v7_2_6"
INFO: [VRFC 10-232] The veri library search path for library "jesd204_v7_2_6" is now "/tools/Disk_Xilinx/Vivado/2019.1/data/xsim/ip/jesd204_v7_2_6"
INFO: [VRFC 10-233] The vhdl library search path for library "v_letterbox_v1_0_13" is now "/tools/Disk_Xilinx/Vivado/2019.1/data/xsim/ip/v_letterbox_v1_0_13"
INFO: [VRFC 10-232] The veri library search path for library "v_letterbox_v1_0_13" is now "/tools/Disk_Xilinx/Vivado/2019.1/data/xsim/ip/v_letterbox_v1_0_13"
INFO: [VRFC 10-233] The vhdl library search path for library "cmac_v2_5_0" is now "/tools/Disk_Xilinx/Vivado/2019.1/data/xsim/ip/cmac_v2_5_0"
INFO: [VRFC 10-232] The veri library search path for library "cmac_v2_5_0" is now "/tools/Disk_Xilinx/Vivado/2019.1/data/xsim/ip/cmac_v2_5_0"
INFO: [VRFC 10-233] The vhdl library search path for library "interlaken_v2_4_3" is now "/tools/Disk_Xilinx/Vivado/2019.1/data/xsim/ip/interlaken_v2_4_3"
INFO: [VRFC 10-232] The veri library search path for library "interlaken_v2_4_3" is now "/tools/Disk_Xilinx/Vivado/2019.1/data/xsim/ip/interlaken_v2_4_3"
INFO: [VRFC 10-233] The vhdl library search path for library "uhdsdi_gt_v2_0_0" is now "/tools/Disk_Xilinx/Vivado/2019.1/data/xsim/ip/uhdsdi_gt_v2_0_0"
INFO: [VRFC 10-232] The veri library search path for library "uhdsdi_gt_v2_0_0" is now "/tools/Disk_Xilinx/Vivado/2019.1/data/xsim/ip/uhdsdi_gt_v2_0_0"
INFO: [VRFC 10-233] The vhdl library search path for library "axi_master_burst_v2_0_7" is now "/tools/Disk_Xilinx/Vivado/2019.1/data/xsim/ip/axi_master_burst_v2_0_7"
INFO: [VRFC 10-232] The veri library search path for library "axi_master_burst_v2_0_7" is now "/tools/Disk_Xilinx/Vivado/2019.1/data/xsim/ip/axi_master_burst_v2_0_7"
INFO: [VRFC 10-233] The vhdl library search path for library "rst_vip_v1_0_3" is now "/tools/Disk_Xilinx/Vivado/2019.1/data/xsim/ip/rst_vip_v1_0_3"
INFO: [VRFC 10-232] The veri library search path for library "rst_vip_v1_0_3" is now "/tools/Disk_Xilinx/Vivado/2019.1/data/xsim/ip/rst_vip_v1_0_3"
INFO: [VRFC 10-233] The vhdl library search path for library "audio_formatter_v1_0_1" is now "/tools/Disk_Xilinx/Vivado/2019.1/data/xsim/ip/audio_formatter_v1_0_1"
INFO: [VRFC 10-232] The veri library search path for library "audio_formatter_v1_0_1" is now "/tools/Disk_Xilinx/Vivado/2019.1/data/xsim/ip/audio_formatter_v1_0_1"
INFO: [VRFC 10-233] The vhdl library search path for library "lte_3gpp_channel_estimator_v2_0_16" is now "/tools/Disk_Xilinx/Vivado/2019.1/data/xsim/ip/lte_3gpp_channel_estimator_v2_0_16"
INFO: [VRFC 10-232] The veri library search path for library "lte_3gpp_channel_estimator_v2_0_16" is now "/tools/Disk_Xilinx/Vivado/2019.1/data/xsim/ip/lte_3gpp_channel_estimator_v2_0_16"
INFO: [VRFC 10-233] The vhdl library search path for library "v_tc_v6_1_13" is now "/tools/Disk_Xilinx/Vivado/2019.1/data/xsim/ip/v_tc_v6_1_13"
INFO: [VRFC 10-232] The veri library search path for library "v_tc_v6_1_13" is now "/tools/Disk_Xilinx/Vivado/2019.1/data/xsim/ip/v_tc_v6_1_13"
INFO: [VRFC 10-233] The vhdl library search path for library "g709_fec_v2_3_5" is now "/tools/Disk_Xilinx/Vivado/2019.1/data/xsim/ip/g709_fec_v2_3_5"
INFO: [VRFC 10-232] The veri library search path for library "g709_fec_v2_3_5" is now "/tools/Disk_Xilinx/Vivado/2019.1/data/xsim/ip/g709_fec_v2_3_5"
INFO: [VRFC 10-233] The vhdl library search path for library "xbip_dsp48_acc_v3_0_6" is now "/tools/Disk_Xilinx/Vivado/2019.1/data/xsim/ip/xbip_dsp48_acc_v3_0_6"
INFO: [VRFC 10-232] The veri library search path for library "xbip_dsp48_acc_v3_0_6" is now "/tools/Disk_Xilinx/Vivado/2019.1/data/xsim/ip/xbip_dsp48_acc_v3_0_6"
INFO: [VRFC 10-233] The vhdl library search path for library "v_mix_v3_0_3" is now "/tools/Disk_Xilinx/Vivado/2019.1/data/xsim/ip/v_mix_v3_0_3"
INFO: [VRFC 10-232] The veri library search path for library "v_mix_v3_0_3" is now "/tools/Disk_Xilinx/Vivado/2019.1/data/xsim/ip/v_mix_v3_0_3"
INFO: [VRFC 10-233] The vhdl library search path for library "in_system_ibert_v1_0_9" is now "/tools/Disk_Xilinx/Vivado/2019.1/data/xsim/ip/in_system_ibert_v1_0_9"
INFO: [VRFC 10-232] The veri library search path for library "in_system_ibert_v1_0_9" is now "/tools/Disk_Xilinx/Vivado/2019.1/data/xsim/ip/in_system_ibert_v1_0_9"
INFO: [VRFC 10-233] The vhdl library search path for library "axis_broadcaster_v1_1_18" is now "/tools/Disk_Xilinx/Vivado/2019.1/data/xsim/ip/axis_broadcaster_v1_1_18"
INFO: [VRFC 10-232] The veri library search path for library "axis_broadcaster_v1_1_18" is now "/tools/Disk_Xilinx/Vivado/2019.1/data/xsim/ip/axis_broadcaster_v1_1_18"
INFO: [VRFC 10-233] The vhdl library search path for library "axis_combiner_v1_1_17" is now "/tools/Disk_Xilinx/Vivado/2019.1/data/xsim/ip/axis_combiner_v1_1_17"
INFO: [VRFC 10-232] The veri library search path for library "axis_combiner_v1_1_17" is now "/tools/Disk_Xilinx/Vivado/2019.1/data/xsim/ip/axis_combiner_v1_1_17"
INFO: [VRFC 10-233] The vhdl library search path for library "axi_apb_bridge_v3_0_15" is now "/tools/Disk_Xilinx/Vivado/2019.1/data/xsim/ip/axi_apb_bridge_v3_0_15"
INFO: [VRFC 10-232] The veri library search path for library "axi_apb_bridge_v3_0_15" is now "/tools/Disk_Xilinx/Vivado/2019.1/data/xsim/ip/axi_apb_bridge_v3_0_15"
INFO: [VRFC 10-233] The vhdl library search path for library "displayport_v9_0_1" is now "/tools/Disk_Xilinx/Vivado/2019.1/data/xsim/ip/displayport_v9_0_1"
INFO: [VRFC 10-232] The veri library search path for library "displayport_v9_0_1" is now "/tools/Disk_Xilinx/Vivado/2019.1/data/xsim/ip/displayport_v9_0_1"
INFO: [VRFC 10-233] The vhdl library search path for library "clk_vip_v1_0_2" is now "/tools/Disk_Xilinx/Vivado/2019.1/data/xsim/ip/clk_vip_v1_0_2"
INFO: [VRFC 10-232] The veri library search path for library "clk_vip_v1_0_2" is now "/tools/Disk_Xilinx/Vivado/2019.1/data/xsim/ip/clk_vip_v1_0_2"
INFO: [VRFC 10-233] The vhdl library search path for library "hdcp22_rng_v1_0_1" is now "/tools/Disk_Xilinx/Vivado/2019.1/data/xsim/ip/hdcp22_rng_v1_0_1"
INFO: [VRFC 10-232] The veri library search path for library "hdcp22_rng_v1_0_1" is now "/tools/Disk_Xilinx/Vivado/2019.1/data/xsim/ip/hdcp22_rng_v1_0_1"
INFO: [VRFC 10-233] The vhdl library search path for library "axi_register_slice_v2_1_19" is now "/tools/Disk_Xilinx/Vivado/2019.1/data/xsim/ip/axi_register_slice_v2_1_19"
INFO: [VRFC 10-232] The veri library search path for library "axi_register_slice_v2_1_19" is now "/tools/Disk_Xilinx/Vivado/2019.1/data/xsim/ip/axi_register_slice_v2_1_19"
INFO: [VRFC 10-233] The vhdl library search path for library "vid_phy_controller_v2_1_5" is now "/tools/Disk_Xilinx/Vivado/2019.1/data/xsim/ip/vid_phy_controller_v2_1_5"
INFO: [VRFC 10-232] The veri library search path for library "vid_phy_controller_v2_1_5" is now "/tools/Disk_Xilinx/Vivado/2019.1/data/xsim/ip/vid_phy_controller_v2_1_5"
INFO: [VRFC 10-233] The vhdl library search path for library "picxo" is now "/tools/Disk_Xilinx/Vivado/2019.1/data/xsim/ip/picxo"
INFO: [VRFC 10-232] The veri library search path for library "picxo" is now "/tools/Disk_Xilinx/Vivado/2019.1/data/xsim/ip/picxo"
INFO: [VRFC 10-233] The vhdl library search path for library "usxgmii_v1_1_0" is now "/tools/Disk_Xilinx/Vivado/2019.1/data/xsim/ip/usxgmii_v1_1_0"
INFO: [VRFC 10-232] The veri library search path for library "usxgmii_v1_1_0" is now "/tools/Disk_Xilinx/Vivado/2019.1/data/xsim/ip/usxgmii_v1_1_0"
INFO: [VRFC 10-233] The vhdl library search path for library "v_vcresampler_v1_0_13" is now "/tools/Disk_Xilinx/Vivado/2019.1/data/xsim/ip/v_vcresampler_v1_0_13"
INFO: [VRFC 10-232] The veri library search path for library "v_vcresampler_v1_0_13" is now "/tools/Disk_Xilinx/Vivado/2019.1/data/xsim/ip/v_vcresampler_v1_0_13"
INFO: [VRFC 10-233] The vhdl library search path for library "bs_mux_v1_0_0" is now "/tools/Disk_Xilinx/Vivado/2019.1/data/xsim/ip/bs_mux_v1_0_0"
INFO: [VRFC 10-232] The veri library search path for library "bs_mux_v1_0_0" is now "/tools/Disk_Xilinx/Vivado/2019.1/data/xsim/ip/bs_mux_v1_0_0"
INFO: [VRFC 10-233] The vhdl library search path for library "prc_v1_3_2" is now "/tools/Disk_Xilinx/Vivado/2019.1/data/xsim/ip/prc_v1_3_2"
INFO: [VRFC 10-232] The veri library search path for library "prc_v1_3_2" is now "/tools/Disk_Xilinx/Vivado/2019.1/data/xsim/ip/prc_v1_3_2"
INFO: [VRFC 10-233] The vhdl library search path for library "axi_usb2_device_v5_0_20" is now "/tools/Disk_Xilinx/Vivado/2019.1/data/xsim/ip/axi_usb2_device_v5_0_20"
INFO: [VRFC 10-232] The veri library search path for library "axi_usb2_device_v5_0_20" is now "/tools/Disk_Xilinx/Vivado/2019.1/data/xsim/ip/axi_usb2_device_v5_0_20"
INFO: [VRFC 10-233] The vhdl library search path for library "lte_3gpp_mimo_encoder_v4_0_14" is now "/tools/Disk_Xilinx/Vivado/2019.1/data/xsim/ip/lte_3gpp_mimo_encoder_v4_0_14"
INFO: [VRFC 10-232] The veri library search path for library "lte_3gpp_mimo_encoder_v4_0_14" is now "/tools/Disk_Xilinx/Vivado/2019.1/data/xsim/ip/lte_3gpp_mimo_encoder_v4_0_14"
INFO: [VRFC 10-233] The vhdl library search path for library "xdma_v4_1_3" is now "/tools/Disk_Xilinx/Vivado/2019.1/data/xsim/ip/xdma_v4_1_3"
INFO: [VRFC 10-232] The veri library search path for library "xdma_v4_1_3" is now "/tools/Disk_Xilinx/Vivado/2019.1/data/xsim/ip/xdma_v4_1_3"
INFO: [VRFC 10-233] The vhdl library search path for library "qdma_v3_0_1" is now "/tools/Disk_Xilinx/Vivado/2019.1/data/xsim/ip/qdma_v3_0_1"
INFO: [VRFC 10-232] The veri library search path for library "qdma_v3_0_1" is now "/tools/Disk_Xilinx/Vivado/2019.1/data/xsim/ip/qdma_v3_0_1"
INFO: [VRFC 10-233] The vhdl library search path for library "axis_vio_v1_0_0" is now "/tools/Disk_Xilinx/Vivado/2019.1/data/xsim/ip/axis_vio_v1_0_0"
INFO: [VRFC 10-232] The veri library search path for library "axis_vio_v1_0_0" is now "/tools/Disk_Xilinx/Vivado/2019.1/data/xsim/ip/axis_vio_v1_0_0"
INFO: [VRFC 10-233] The vhdl library search path for library "c_counter_binary_v12_0_13" is now "/tools/Disk_Xilinx/Vivado/2019.1/data/xsim/ip/c_counter_binary_v12_0_13"
INFO: [VRFC 10-232] The veri library search path for library "c_counter_binary_v12_0_13" is now "/tools/Disk_Xilinx/Vivado/2019.1/data/xsim/ip/c_counter_binary_v12_0_13"
INFO: [VRFC 10-233] The vhdl library search path for library "noc_nps_v1_0_0" is now "/tools/Disk_Xilinx/Vivado/2019.1/data/xsim/ip/noc_nps_v1_0_0"
INFO: [VRFC 10-232] The veri library search path for library "noc_nps_v1_0_0" is now "/tools/Disk_Xilinx/Vivado/2019.1/data/xsim/ip/noc_nps_v1_0_0"
INFO: [VRFC 10-233] The vhdl library search path for library "xbip_dsp48_macro_v3_0_17" is now "/tools/Disk_Xilinx/Vivado/2019.1/data/xsim/ip/xbip_dsp48_macro_v3_0_17"
INFO: [VRFC 10-232] The veri library search path for library "xbip_dsp48_macro_v3_0_17" is now "/tools/Disk_Xilinx/Vivado/2019.1/data/xsim/ip/xbip_dsp48_macro_v3_0_17"
INFO: [VRFC 10-233] The vhdl library search path for library "c_accum_v12_0_13" is now "/tools/Disk_Xilinx/Vivado/2019.1/data/xsim/ip/c_accum_v12_0_13"
INFO: [VRFC 10-232] The veri library search path for library "c_accum_v12_0_13" is now "/tools/Disk_Xilinx/Vivado/2019.1/data/xsim/ip/c_accum_v12_0_13"
INFO: [VRFC 10-233] The vhdl library search path for library "xbip_multadd_v3_0_14" is now "/tools/Disk_Xilinx/Vivado/2019.1/data/xsim/ip/xbip_multadd_v3_0_14"
INFO: [VRFC 10-232] The veri library search path for library "xbip_multadd_v3_0_14" is now "/tools/Disk_Xilinx/Vivado/2019.1/data/xsim/ip/xbip_multadd_v3_0_14"
INFO: [VRFC 10-233] The vhdl library search path for library "axi_uartlite_v2_0_23" is now "/tools/Disk_Xilinx/Vivado/2019.1/data/xsim/ip/axi_uartlite_v2_0_23"
INFO: [VRFC 10-232] The veri library search path for library "axi_uartlite_v2_0_23" is now "/tools/Disk_Xilinx/Vivado/2019.1/data/xsim/ip/axi_uartlite_v2_0_23"
INFO: [VRFC 10-233] The vhdl library search path for library "noc_nidb_v1_0_0" is now "/tools/Disk_Xilinx/Vivado/2019.1/data/xsim/ip/noc_nidb_v1_0_0"
INFO: [VRFC 10-232] The veri library search path for library "noc_nidb_v1_0_0" is now "/tools/Disk_Xilinx/Vivado/2019.1/data/xsim/ip/noc_nidb_v1_0_0"
INFO: [VRFC 10-233] The vhdl library search path for library "axi_intc_v4_1_13" is now "/tools/Disk_Xilinx/Vivado/2019.1/data/xsim/ip/axi_intc_v4_1_13"
INFO: [VRFC 10-232] The veri library search path for library "axi_intc_v4_1_13" is now "/tools/Disk_Xilinx/Vivado/2019.1/data/xsim/ip/axi_intc_v4_1_13"
INFO: [VRFC 10-233] The vhdl library search path for library "i2s_transmitter_v1_0_3" is now "/tools/Disk_Xilinx/Vivado/2019.1/data/xsim/ip/i2s_transmitter_v1_0_3"
INFO: [VRFC 10-232] The veri library search path for library "i2s_transmitter_v1_0_3" is now "/tools/Disk_Xilinx/Vivado/2019.1/data/xsim/ip/i2s_transmitter_v1_0_3"
INFO: [VRFC 10-233] The vhdl library search path for library "pc_cfr_v6_0_8" is now "/tools/Disk_Xilinx/Vivado/2019.1/data/xsim/ip/pc_cfr_v6_0_8"
INFO: [VRFC 10-232] The veri library search path for library "pc_cfr_v6_0_8" is now "/tools/Disk_Xilinx/Vivado/2019.1/data/xsim/ip/pc_cfr_v6_0_8"
INFO: [VRFC 10-233] The vhdl library search path for library "mutex_v2_1_10" is now "/tools/Disk_Xilinx/Vivado/2019.1/data/xsim/ip/mutex_v2_1_10"
INFO: [VRFC 10-232] The veri library search path for library "mutex_v2_1_10" is now "/tools/Disk_Xilinx/Vivado/2019.1/data/xsim/ip/mutex_v2_1_10"
INFO: [VRFC 10-233] The vhdl library search path for library "c_reg_fd_v12_0_6" is now "/tools/Disk_Xilinx/Vivado/2019.1/data/xsim/ip/c_reg_fd_v12_0_6"
INFO: [VRFC 10-232] The veri library search path for library "c_reg_fd_v12_0_6" is now "/tools/Disk_Xilinx/Vivado/2019.1/data/xsim/ip/c_reg_fd_v12_0_6"
INFO: [VRFC 10-233] The vhdl library search path for library "sid_v8_0_14" is now "/tools/Disk_Xilinx/Vivado/2019.1/data/xsim/ip/sid_v8_0_14"
INFO: [VRFC 10-232] The veri library search path for library "sid_v8_0_14" is now "/tools/Disk_Xilinx/Vivado/2019.1/data/xsim/ip/sid_v8_0_14"
INFO: [VRFC 10-233] The vhdl library search path for library "fir_compiler_v5_2_6" is now "/tools/Disk_Xilinx/Vivado/2019.1/data/xsim/ip/fir_compiler_v5_2_6"
INFO: [VRFC 10-232] The veri library search path for library "fir_compiler_v5_2_6" is now "/tools/Disk_Xilinx/Vivado/2019.1/data/xsim/ip/fir_compiler_v5_2_6"
INFO: [VRFC 10-233] The vhdl library search path for library "quadsgmii_v3_4_6" is now "/tools/Disk_Xilinx/Vivado/2019.1/data/xsim/ip/quadsgmii_v3_4_6"
INFO: [VRFC 10-232] The veri library search path for library "quadsgmii_v3_4_6" is now "/tools/Disk_Xilinx/Vivado/2019.1/data/xsim/ip/quadsgmii_v3_4_6"
INFO: [VRFC 10-233] The vhdl library search path for library "microblaze_v11_0_1" is now "/tools/Disk_Xilinx/Vivado/2019.1/data/xsim/ip/microblaze_v11_0_1"
INFO: [VRFC 10-232] The veri library search path for library "microblaze_v11_0_1" is now "/tools/Disk_Xilinx/Vivado/2019.1/data/xsim/ip/microblaze_v11_0_1"
INFO: [VRFC 10-233] The vhdl library search path for library "lib_bmg_v1_0_12" is now "/tools/Disk_Xilinx/Vivado/2019.1/data/xsim/ip/lib_bmg_v1_0_12"
INFO: [VRFC 10-232] The veri library search path for library "lib_bmg_v1_0_12" is now "/tools/Disk_Xilinx/Vivado/2019.1/data/xsim/ip/lib_bmg_v1_0_12"
INFO: [VRFC 10-233] The vhdl library search path for library "dds_compiler_v6_0_18" is now "/tools/Disk_Xilinx/Vivado/2019.1/data/xsim/ip/dds_compiler_v6_0_18"
INFO: [VRFC 10-232] The veri library search path for library "dds_compiler_v6_0_18" is now "/tools/Disk_Xilinx/Vivado/2019.1/data/xsim/ip/dds_compiler_v6_0_18"
INFO: [VRFC 10-233] The vhdl library search path for library "me_pl_v1_0" is now "/tools/Disk_Xilinx/Vivado/2019.1/data/xsim/ip/me_pl_v1_0"
INFO: [VRFC 10-232] The veri library search path for library "me_pl_v1_0" is now "/tools/Disk_Xilinx/Vivado/2019.1/data/xsim/ip/me_pl_v1_0"
INFO: [VRFC 10-233] The vhdl library search path for library "gtwizard_ultrascale_v1_7_6" is now "/tools/Disk_Xilinx/Vivado/2019.1/data/xsim/ip/gtwizard_ultrascale_v1_7_6"
INFO: [VRFC 10-232] The veri library search path for library "gtwizard_ultrascale_v1_7_6" is now "/tools/Disk_Xilinx/Vivado/2019.1/data/xsim/ip/gtwizard_ultrascale_v1_7_6"
INFO: [VRFC 10-233] The vhdl library search path for library "axis_clock_converter_v1_1_20" is now "/tools/Disk_Xilinx/Vivado/2019.1/data/xsim/ip/axis_clock_converter_v1_1_20"
INFO: [VRFC 10-232] The veri library search path for library "axis_clock_converter_v1_1_20" is now "/tools/Disk_Xilinx/Vivado/2019.1/data/xsim/ip/axis_clock_converter_v1_1_20"
INFO: [VRFC 10-233] The vhdl library search path for library "nvmeha_v1_0_0" is now "/tools/Disk_Xilinx/Vivado/2019.1/data/xsim/ip/nvmeha_v1_0_0"
INFO: [VRFC 10-232] The veri library search path for library "nvmeha_v1_0_0" is now "/tools/Disk_Xilinx/Vivado/2019.1/data/xsim/ip/nvmeha_v1_0_0"
INFO: [VRFC 10-233] The vhdl library search path for library "tmr_inject_v1_0_3" is now "/tools/Disk_Xilinx/Vivado/2019.1/data/xsim/ip/tmr_inject_v1_0_3"
INFO: [VRFC 10-232] The veri library search path for library "tmr_inject_v1_0_3" is now "/tools/Disk_Xilinx/Vivado/2019.1/data/xsim/ip/tmr_inject_v1_0_3"
INFO: [VRFC 10-233] The vhdl library search path for library "axi_mcdma_v1_1_0" is now "/tools/Disk_Xilinx/Vivado/2019.1/data/xsim/ip/axi_mcdma_v1_1_0"
INFO: [VRFC 10-232] The veri library search path for library "axi_mcdma_v1_1_0" is now "/tools/Disk_Xilinx/Vivado/2019.1/data/xsim/ip/axi_mcdma_v1_1_0"
INFO: [VRFC 10-233] The vhdl library search path for library "axi_hwicap_v3_0_23" is now "/tools/Disk_Xilinx/Vivado/2019.1/data/xsim/ip/axi_hwicap_v3_0_23"
INFO: [VRFC 10-232] The veri library search path for library "axi_hwicap_v3_0_23" is now "/tools/Disk_Xilinx/Vivado/2019.1/data/xsim/ip/axi_hwicap_v3_0_23"
INFO: [VRFC 10-233] The vhdl library search path for library "ieee802d3_rs_fec_v2_0_4" is now "/tools/Disk_Xilinx/Vivado/2019.1/data/xsim/ip/ieee802d3_rs_fec_v2_0_4"
INFO: [VRFC 10-232] The veri library search path for library "ieee802d3_rs_fec_v2_0_4" is now "/tools/Disk_Xilinx/Vivado/2019.1/data/xsim/ip/ieee802d3_rs_fec_v2_0_4"
INFO: [VRFC 10-233] The vhdl library search path for library "v_vid_sdi_tx_bridge_v2_0_0" is now "/tools/Disk_Xilinx/Vivado/2019.1/data/xsim/ip/v_vid_sdi_tx_bridge_v2_0_0"
INFO: [VRFC 10-232] The veri library search path for library "v_vid_sdi_tx_bridge_v2_0_0" is now "/tools/Disk_Xilinx/Vivado/2019.1/data/xsim/ip/v_vid_sdi_tx_bridge_v2_0_0"
INFO: [VRFC 10-233] The vhdl library search path for library "v_hdmi_tx_v3_0_0" is now "/tools/Disk_Xilinx/Vivado/2019.1/data/xsim/ip/v_hdmi_tx_v3_0_0"
INFO: [VRFC 10-232] The veri library search path for library "v_hdmi_tx_v3_0_0" is now "/tools/Disk_Xilinx/Vivado/2019.1/data/xsim/ip/v_hdmi_tx_v3_0_0"
INFO: [VRFC 10-233] The vhdl library search path for library "canfd_v2_0_1" is now "/tools/Disk_Xilinx/Vivado/2019.1/data/xsim/ip/canfd_v2_0_1"
INFO: [VRFC 10-232] The veri library search path for library "canfd_v2_0_1" is now "/tools/Disk_Xilinx/Vivado/2019.1/data/xsim/ip/canfd_v2_0_1"
INFO: [VRFC 10-233] The vhdl library search path for library "gig_ethernet_pcs_pma_v16_1_6" is now "/tools/Disk_Xilinx/Vivado/2019.1/data/xsim/ip/gig_ethernet_pcs_pma_v16_1_6"
INFO: [VRFC 10-232] The veri library search path for library "gig_ethernet_pcs_pma_v16_1_6" is now "/tools/Disk_Xilinx/Vivado/2019.1/data/xsim/ip/gig_ethernet_pcs_pma_v16_1_6"
INFO: [VRFC 10-233] The vhdl library search path for library "lib_pkg_v1_0_2" is now "/tools/Disk_Xilinx/Vivado/2019.1/data/xsim/ip/lib_pkg_v1_0_2"
INFO: [VRFC 10-232] The veri library search path for library "lib_pkg_v1_0_2" is now "/tools/Disk_Xilinx/Vivado/2019.1/data/xsim/ip/lib_pkg_v1_0_2"
INFO: [VRFC 10-233] The vhdl library search path for library "ibert_lib_v1_0_6" is now "/tools/Disk_Xilinx/Vivado/2019.1/data/xsim/ip/ibert_lib_v1_0_6"
INFO: [VRFC 10-232] The veri library search path for library "ibert_lib_v1_0_6" is now "/tools/Disk_Xilinx/Vivado/2019.1/data/xsim/ip/ibert_lib_v1_0_6"
INFO: [VRFC 10-233] The vhdl library search path for library "high_speed_selectio_wiz_v3_4_1" is now "/tools/Disk_Xilinx/Vivado/2019.1/data/xsim/ip/high_speed_selectio_wiz_v3_4_1"
INFO: [VRFC 10-232] The veri library search path for library "high_speed_selectio_wiz_v3_4_1" is now "/tools/Disk_Xilinx/Vivado/2019.1/data/xsim/ip/high_speed_selectio_wiz_v3_4_1"
INFO: [VRFC 10-233] The vhdl library search path for library "xbip_dsp48_addsub_v3_0_6" is now "/tools/Disk_Xilinx/Vivado/2019.1/data/xsim/ip/xbip_dsp48_addsub_v3_0_6"
INFO: [VRFC 10-232] The veri library search path for library "xbip_dsp48_addsub_v3_0_6" is now "/tools/Disk_Xilinx/Vivado/2019.1/data/xsim/ip/xbip_dsp48_addsub_v3_0_6"
INFO: [VRFC 10-233] The vhdl library search path for library "fec_5g_common_v1_0_1" is now "/tools/Disk_Xilinx/Vivado/2019.1/data/xsim/ip/fec_5g_common_v1_0_1"
INFO: [VRFC 10-232] The veri library search path for library "fec_5g_common_v1_0_1" is now "/tools/Disk_Xilinx/Vivado/2019.1/data/xsim/ip/fec_5g_common_v1_0_1"
INFO: [VRFC 10-233] The vhdl library search path for library "tmr_voter_v1_0_2" is now "/tools/Disk_Xilinx/Vivado/2019.1/data/xsim/ip/tmr_voter_v1_0_2"
INFO: [VRFC 10-232] The veri library search path for library "tmr_voter_v1_0_2" is now "/tools/Disk_Xilinx/Vivado/2019.1/data/xsim/ip/tmr_voter_v1_0_2"
INFO: [VRFC 10-233] The vhdl library search path for library "hdmi_gt_controller_v1_0_0" is now "/tools/Disk_Xilinx/Vivado/2019.1/data/xsim/ip/hdmi_gt_controller_v1_0_0"
INFO: [VRFC 10-232] The veri library search path for library "hdmi_gt_controller_v1_0_0" is now "/tools/Disk_Xilinx/Vivado/2019.1/data/xsim/ip/hdmi_gt_controller_v1_0_0"
INFO: [VRFC 10-233] The vhdl library search path for library "axi_traffic_gen_v2_0_20" is now "/tools/Disk_Xilinx/Vivado/2019.1/data/xsim/ip/axi_traffic_gen_v2_0_20"
INFO: [VRFC 10-232] The veri library search path for library "axi_traffic_gen_v2_0_20" is now "/tools/Disk_Xilinx/Vivado/2019.1/data/xsim/ip/axi_traffic_gen_v2_0_20"
INFO: [VRFC 10-233] The vhdl library search path for library "multi_channel_25g_rs_fec_v1_0_2" is now "/tools/Disk_Xilinx/Vivado/2019.1/data/xsim/ip/multi_channel_25g_rs_fec_v1_0_2"
INFO: [VRFC 10-232] The veri library search path for library "multi_channel_25g_rs_fec_v1_0_2" is now "/tools/Disk_Xilinx/Vivado/2019.1/data/xsim/ip/multi_channel_25g_rs_fec_v1_0_2"
INFO: [VRFC 10-233] The vhdl library search path for library "v_smpte_uhdsdi_v1_0_7" is now "/tools/Disk_Xilinx/Vivado/2019.1/data/xsim/ip/v_smpte_uhdsdi_v1_0_7"
INFO: [VRFC 10-232] The veri library search path for library "v_smpte_uhdsdi_v1_0_7" is now "/tools/Disk_Xilinx/Vivado/2019.1/data/xsim/ip/v_smpte_uhdsdi_v1_0_7"
INFO: [VRFC 10-233] The vhdl library search path for library "xbip_dsp48_multacc_v3_0_6" is now "/tools/Disk_Xilinx/Vivado/2019.1/data/xsim/ip/xbip_dsp48_multacc_v3_0_6"
INFO: [VRFC 10-232] The veri library search path for library "xbip_dsp48_multacc_v3_0_6" is now "/tools/Disk_Xilinx/Vivado/2019.1/data/xsim/ip/xbip_dsp48_multacc_v3_0_6"
INFO: [VRFC 10-233] The vhdl library search path for library "fit_timer_v2_0_10" is now "/tools/Disk_Xilinx/Vivado/2019.1/data/xsim/ip/fit_timer_v2_0_10"
INFO: [VRFC 10-232] The veri library search path for library "fit_timer_v2_0_10" is now "/tools/Disk_Xilinx/Vivado/2019.1/data/xsim/ip/fit_timer_v2_0_10"
INFO: [VRFC 10-233] The vhdl library search path for library "ieee802d3_rs_fec_v1_0_15" is now "/tools/Disk_Xilinx/Vivado/2019.1/data/xsim/ip/ieee802d3_rs_fec_v1_0_15"
INFO: [VRFC 10-232] The veri library search path for library "ieee802d3_rs_fec_v1_0_15" is now "/tools/Disk_Xilinx/Vivado/2019.1/data/xsim/ip/ieee802d3_rs_fec_v1_0_15"
INFO: [VRFC 10-233] The vhdl library search path for library "axis_subset_converter_v1_1_19" is now "/tools/Disk_Xilinx/Vivado/2019.1/data/xsim/ip/axis_subset_converter_v1_1_19"
INFO: [VRFC 10-232] The veri library search path for library "axis_subset_converter_v1_1_19" is now "/tools/Disk_Xilinx/Vivado/2019.1/data/xsim/ip/axis_subset_converter_v1_1_19"
INFO: [VRFC 10-233] The vhdl library search path for library "noc_nmu_v1_0_0" is now "/tools/Disk_Xilinx/Vivado/2019.1/data/xsim/ip/noc_nmu_v1_0_0"
INFO: [VRFC 10-232] The veri library search path for library "noc_nmu_v1_0_0" is now "/tools/Disk_Xilinx/Vivado/2019.1/data/xsim/ip/noc_nmu_v1_0_0"
INFO: [VRFC 10-233] The vhdl library search path for library "duc_ddc_compiler_v3_0_15" is now "/tools/Disk_Xilinx/Vivado/2019.1/data/xsim/ip/duc_ddc_compiler_v3_0_15"
INFO: [VRFC 10-232] The veri library search path for library "duc_ddc_compiler_v3_0_15" is now "/tools/Disk_Xilinx/Vivado/2019.1/data/xsim/ip/duc_ddc_compiler_v3_0_15"
INFO: [VRFC 10-233] The vhdl library search path for library "dist_mem_gen_v8_0_13" is now "/tools/Disk_Xilinx/Vivado/2019.1/data/xsim/ip/dist_mem_gen_v8_0_13"
INFO: [VRFC 10-232] The veri library search path for library "dist_mem_gen_v8_0_13" is now "/tools/Disk_Xilinx/Vivado/2019.1/data/xsim/ip/dist_mem_gen_v8_0_13"
INFO: [VRFC 10-233] The vhdl library search path for library "l_ethernet_v2_5_0" is now "/tools/Disk_Xilinx/Vivado/2019.1/data/xsim/ip/l_ethernet_v2_5_0"
INFO: [VRFC 10-232] The veri library search path for library "l_ethernet_v2_5_0" is now "/tools/Disk_Xilinx/Vivado/2019.1/data/xsim/ip/l_ethernet_v2_5_0"
INFO: [VRFC 10-233] The vhdl library search path for library "mammoth_transcode_v1_0_0" is now "/tools/Disk_Xilinx/Vivado/2019.1/data/xsim/ip/mammoth_transcode_v1_0_0"
INFO: [VRFC 10-232] The veri library search path for library "mammoth_transcode_v1_0_0" is now "/tools/Disk_Xilinx/Vivado/2019.1/data/xsim/ip/mammoth_transcode_v1_0_0"
INFO: [VRFC 10-233] The vhdl library search path for library "axi_chip2chip_v5_0_5" is now "/tools/Disk_Xilinx/Vivado/2019.1/data/xsim/ip/axi_chip2chip_v5_0_5"
INFO: [VRFC 10-232] The veri library search path for library "axi_chip2chip_v5_0_5" is now "/tools/Disk_Xilinx/Vivado/2019.1/data/xsim/ip/axi_chip2chip_v5_0_5"
INFO: [VRFC 10-233] The vhdl library search path for library "cpri_v8_10_0" is now "/tools/Disk_Xilinx/Vivado/2019.1/data/xsim/ip/cpri_v8_10_0"
INFO: [VRFC 10-232] The veri library search path for library "cpri_v8_10_0" is now "/tools/Disk_Xilinx/Vivado/2019.1/data/xsim/ip/cpri_v8_10_0"
INFO: [VRFC 10-233] The vhdl library search path for library "sim_xdma_sc_v1" is now "/tools/Disk_Xilinx/Vivado/2019.1/data/xsim/ip/sim_xdma_sc_v1"
INFO: [VRFC 10-232] The veri library search path for library "sim_xdma_sc_v1" is now "/tools/Disk_Xilinx/Vivado/2019.1/data/xsim/ip/sim_xdma_sc_v1"
INFO: [VRFC 10-233] The vhdl library search path for library "mrmac_v1_0_0" is now "/tools/Disk_Xilinx/Vivado/2019.1/data/xsim/ip/mrmac_v1_0_0"
INFO: [VRFC 10-232] The veri library search path for library "mrmac_v1_0_0" is now "/tools/Disk_Xilinx/Vivado/2019.1/data/xsim/ip/mrmac_v1_0_0"
INFO: [VRFC 10-233] The vhdl library search path for library "ethernet_1_10_25g_v2_3_0" is now "/tools/Disk_Xilinx/Vivado/2019.1/data/xsim/ip/ethernet_1_10_25g_v2_3_0"
INFO: [VRFC 10-232] The veri library search path for library "ethernet_1_10_25g_v2_3_0" is now "/tools/Disk_Xilinx/Vivado/2019.1/data/xsim/ip/ethernet_1_10_25g_v2_3_0"
INFO: [VRFC 10-233] The vhdl library search path for library "ieee802d3_25g_rs_fec_v1_0_12" is now "/tools/Disk_Xilinx/Vivado/2019.1/data/xsim/ip/ieee802d3_25g_rs_fec_v1_0_12"
INFO: [VRFC 10-232] The veri library search path for library "ieee802d3_25g_rs_fec_v1_0_12" is now "/tools/Disk_Xilinx/Vivado/2019.1/data/xsim/ip/ieee802d3_25g_rs_fec_v1_0_12"
INFO: [VRFC 10-233] The vhdl library search path for library "sem_ultra_v3_1_11" is now "/tools/Disk_Xilinx/Vivado/2019.1/data/xsim/ip/sem_ultra_v3_1_11"
INFO: [VRFC 10-232] The veri library search path for library "sem_ultra_v3_1_11" is now "/tools/Disk_Xilinx/Vivado/2019.1/data/xsim/ip/sem_ultra_v3_1_11"
INFO: [VRFC 10-233] The vhdl library search path for library "v_tpg_v8_0_1" is now "/tools/Disk_Xilinx/Vivado/2019.1/data/xsim/ip/v_tpg_v8_0_1"
INFO: [VRFC 10-232] The veri library search path for library "v_tpg_v8_0_1" is now "/tools/Disk_Xilinx/Vivado/2019.1/data/xsim/ip/v_tpg_v8_0_1"
INFO: [VRFC 10-233] The vhdl library search path for library "axi_tft_v2_0_22" is now "/tools/Disk_Xilinx/Vivado/2019.1/data/xsim/ip/axi_tft_v2_0_22"
INFO: [VRFC 10-232] The veri library search path for library "axi_tft_v2_0_22" is now "/tools/Disk_Xilinx/Vivado/2019.1/data/xsim/ip/axi_tft_v2_0_22"
INFO: [VRFC 10-233] The vhdl library search path for library "ecc_v2_0_13" is now "/tools/Disk_Xilinx/Vivado/2019.1/data/xsim/ip/ecc_v2_0_13"
INFO: [VRFC 10-232] The veri library search path for library "ecc_v2_0_13" is now "/tools/Disk_Xilinx/Vivado/2019.1/data/xsim/ip/ecc_v2_0_13"
INFO: [VRFC 10-233] The vhdl library search path for library "ieee802d3_200g_rs_fec_v1_0_6" is now "/tools/Disk_Xilinx/Vivado/2019.1/data/xsim/ip/ieee802d3_200g_rs_fec_v1_0_6"
INFO: [VRFC 10-232] The veri library search path for library "ieee802d3_200g_rs_fec_v1_0_6" is now "/tools/Disk_Xilinx/Vivado/2019.1/data/xsim/ip/ieee802d3_200g_rs_fec_v1_0_6"
INFO: [VRFC 10-233] The vhdl library search path for library "switch_core_top_v1_0_7" is now "/tools/Disk_Xilinx/Vivado/2019.1/data/xsim/ip/switch_core_top_v1_0_7"
INFO: [VRFC 10-232] The veri library search path for library "switch_core_top_v1_0_7" is now "/tools/Disk_Xilinx/Vivado/2019.1/data/xsim/ip/switch_core_top_v1_0_7"
INFO: [VRFC 10-233] The vhdl library search path for library "v_hcresampler_v1_0_13" is now "/tools/Disk_Xilinx/Vivado/2019.1/data/xsim/ip/v_hcresampler_v1_0_13"
INFO: [VRFC 10-232] The veri library search path for library "v_hcresampler_v1_0_13" is now "/tools/Disk_Xilinx/Vivado/2019.1/data/xsim/ip/v_hcresampler_v1_0_13"
INFO: [VRFC 10-233] The vhdl library search path for library "emb_fifo_gen_v1_0_1" is now "/tools/Disk_Xilinx/Vivado/2019.1/data/xsim/ip/emb_fifo_gen_v1_0_1"
INFO: [VRFC 10-232] The veri library search path for library "emb_fifo_gen_v1_0_1" is now "/tools/Disk_Xilinx/Vivado/2019.1/data/xsim/ip/emb_fifo_gen_v1_0_1"
INFO: [VRFC 10-233] The vhdl library search path for library "hdcp_v1_0_3" is now "/tools/Disk_Xilinx/Vivado/2019.1/data/xsim/ip/hdcp_v1_0_3"
INFO: [VRFC 10-232] The veri library search path for library "hdcp_v1_0_3" is now "/tools/Disk_Xilinx/Vivado/2019.1/data/xsim/ip/hdcp_v1_0_3"
INFO: [VRFC 10-233] The vhdl library search path for library "axis_data_fifo_v2_0_1" is now "/tools/Disk_Xilinx/Vivado/2019.1/data/xsim/ip/axis_data_fifo_v2_0_1"
INFO: [VRFC 10-232] The veri library search path for library "axis_data_fifo_v2_0_1" is now "/tools/Disk_Xilinx/Vivado/2019.1/data/xsim/ip/axis_data_fifo_v2_0_1"
INFO: [VRFC 10-233] The vhdl library search path for library "hdcp22_cipher_dp_v1_0_0" is now "/tools/Disk_Xilinx/Vivado/2019.1/data/xsim/ip/hdcp22_cipher_dp_v1_0_0"
INFO: [VRFC 10-232] The veri library search path for library "hdcp22_cipher_dp_v1_0_0" is now "/tools/Disk_Xilinx/Vivado/2019.1/data/xsim/ip/hdcp22_cipher_dp_v1_0_0"
INFO: [VRFC 10-233] The vhdl library search path for library "rwd_tlmmodel_v1" is now "/tools/Disk_Xilinx/Vivado/2019.1/data/xsim/ip/rwd_tlmmodel_v1"
INFO: [VRFC 10-232] The veri library search path for library "rwd_tlmmodel_v1" is now "/tools/Disk_Xilinx/Vivado/2019.1/data/xsim/ip/rwd_tlmmodel_v1"
INFO: [VRFC 10-233] The vhdl library search path for library "displayport_v8_1_1" is now "/tools/Disk_Xilinx/Vivado/2019.1/data/xsim/ip/displayport_v8_1_1"
INFO: [VRFC 10-232] The veri library search path for library "displayport_v8_1_1" is now "/tools/Disk_Xilinx/Vivado/2019.1/data/xsim/ip/displayport_v8_1_1"
INFO: [VRFC 10-233] The vhdl library search path for library "axi_mmu_v2_1_17" is now "/tools/Disk_Xilinx/Vivado/2019.1/data/xsim/ip/axi_mmu_v2_1_17"
INFO: [VRFC 10-232] The veri library search path for library "axi_mmu_v2_1_17" is now "/tools/Disk_Xilinx/Vivado/2019.1/data/xsim/ip/axi_mmu_v2_1_17"
INFO: [VRFC 10-233] The vhdl library search path for library "proc_sys_reset_v5_0_13" is now "/tools/Disk_Xilinx/Vivado/2019.1/data/xsim/ip/proc_sys_reset_v5_0_13"
INFO: [VRFC 10-232] The veri library search path for library "proc_sys_reset_v5_0_13" is now "/tools/Disk_Xilinx/Vivado/2019.1/data/xsim/ip/proc_sys_reset_v5_0_13"
INFO: [VRFC 10-233] The vhdl library search path for library "pc_cfr_v6_3_0" is now "/tools/Disk_Xilinx/Vivado/2019.1/data/xsim/ip/pc_cfr_v6_3_0"
INFO: [VRFC 10-232] The veri library search path for library "pc_cfr_v6_3_0" is now "/tools/Disk_Xilinx/Vivado/2019.1/data/xsim/ip/pc_cfr_v6_3_0"
INFO: [VRFC 10-233] The vhdl library search path for library "v_osd_v6_0_16" is now "/tools/Disk_Xilinx/Vivado/2019.1/data/xsim/ip/v_osd_v6_0_16"
INFO: [VRFC 10-232] The veri library search path for library "v_osd_v6_0_16" is now "/tools/Disk_Xilinx/Vivado/2019.1/data/xsim/ip/v_osd_v6_0_16"
INFO: [VRFC 10-233] The vhdl library search path for library "pci32_v5_0_12" is now "/tools/Disk_Xilinx/Vivado/2019.1/data/xsim/ip/pci32_v5_0_12"
INFO: [VRFC 10-232] The veri library search path for library "pci32_v5_0_12" is now "/tools/Disk_Xilinx/Vivado/2019.1/data/xsim/ip/pci32_v5_0_12"
INFO: [VRFC 10-233] The vhdl library search path for library "xfft_v9_0_17" is now "/tools/Disk_Xilinx/Vivado/2019.1/data/xsim/ip/xfft_v9_0_17"
INFO: [VRFC 10-232] The veri library search path for library "xfft_v9_0_17" is now "/tools/Disk_Xilinx/Vivado/2019.1/data/xsim/ip/xfft_v9_0_17"
INFO: [VRFC 10-233] The vhdl library search path for library "axi_cdma_v4_1_19" is now "/tools/Disk_Xilinx/Vivado/2019.1/data/xsim/ip/axi_cdma_v4_1_19"
INFO: [VRFC 10-232] The veri library search path for library "axi_cdma_v4_1_19" is now "/tools/Disk_Xilinx/Vivado/2019.1/data/xsim/ip/axi_cdma_v4_1_19"
INFO: [VRFC 10-233] The vhdl library search path for library "audio_tpg_v1_0_0" is now "/tools/Disk_Xilinx/Vivado/2019.1/data/xsim/ip/audio_tpg_v1_0_0"
INFO: [VRFC 10-232] The veri library search path for library "audio_tpg_v1_0_0" is now "/tools/Disk_Xilinx/Vivado/2019.1/data/xsim/ip/audio_tpg_v1_0_0"
INFO: [VRFC 10-233] The vhdl library search path for library "lib_fifo_v1_0_13" is now "/tools/Disk_Xilinx/Vivado/2019.1/data/xsim/ip/lib_fifo_v1_0_13"
INFO: [VRFC 10-232] The veri library search path for library "lib_fifo_v1_0_13" is now "/tools/Disk_Xilinx/Vivado/2019.1/data/xsim/ip/lib_fifo_v1_0_13"
INFO: [VRFC 10-233] The vhdl library search path for library "v_enhance_v8_0_15" is now "/tools/Disk_Xilinx/Vivado/2019.1/data/xsim/ip/v_enhance_v8_0_15"
INFO: [VRFC 10-232] The veri library search path for library "v_enhance_v8_0_15" is now "/tools/Disk_Xilinx/Vivado/2019.1/data/xsim/ip/v_enhance_v8_0_15"
INFO: [VRFC 10-233] The vhdl library search path for library "axi_clock_converter_v2_1_18" is now "/tools/Disk_Xilinx/Vivado/2019.1/data/xsim/ip/axi_clock_converter_v2_1_18"
INFO: [VRFC 10-232] The veri library search path for library "axi_clock_converter_v2_1_18" is now "/tools/Disk_Xilinx/Vivado/2019.1/data/xsim/ip/axi_clock_converter_v2_1_18"
INFO: [VRFC 10-233] The vhdl library search path for library "xsdbm_v3_0_0" is now "/tools/Disk_Xilinx/Vivado/2019.1/data/xsim/ip/xsdbm_v3_0_0"
INFO: [VRFC 10-232] The veri library search path for library "xsdbm_v3_0_0" is now "/tools/Disk_Xilinx/Vivado/2019.1/data/xsim/ip/xsdbm_v3_0_0"
INFO: [VRFC 10-233] The vhdl library search path for library "emc_common_v3_0_5" is now "/tools/Disk_Xilinx/Vivado/2019.1/data/xsim/ip/emc_common_v3_0_5"
INFO: [VRFC 10-232] The veri library search path for library "emc_common_v3_0_5" is now "/tools/Disk_Xilinx/Vivado/2019.1/data/xsim/ip/emc_common_v3_0_5"
INFO: [VRFC 10-233] The vhdl library search path for library "ethernet_1_10_25g_v2_2_2" is now "/tools/Disk_Xilinx/Vivado/2019.1/data/xsim/ip/ethernet_1_10_25g_v2_2_2"
INFO: [VRFC 10-232] The veri library search path for library "ethernet_1_10_25g_v2_2_2" is now "/tools/Disk_Xilinx/Vivado/2019.1/data/xsim/ip/ethernet_1_10_25g_v2_2_2"
INFO: [VRFC 10-233] The vhdl library search path for library "axi_mm2s_mapper_v1_1_18" is now "/tools/Disk_Xilinx/Vivado/2019.1/data/xsim/ip/axi_mm2s_mapper_v1_1_18"
INFO: [VRFC 10-232] The veri library search path for library "axi_mm2s_mapper_v1_1_18" is now "/tools/Disk_Xilinx/Vivado/2019.1/data/xsim/ip/axi_mm2s_mapper_v1_1_18"
INFO: [VRFC 10-233] The vhdl library search path for library "xfft_v7_2_9" is now "/tools/Disk_Xilinx/Vivado/2019.1/data/xsim/ip/xfft_v7_2_9"
INFO: [VRFC 10-232] The veri library search path for library "xfft_v7_2_9" is now "/tools/Disk_Xilinx/Vivado/2019.1/data/xsim/ip/xfft_v7_2_9"
INFO: [VRFC 10-233] The vhdl library search path for library "pl_fileio_v1_0_0" is now "/tools/Disk_Xilinx/Vivado/2019.1/data/xsim/ip/pl_fileio_v1_0_0"
INFO: [VRFC 10-232] The veri library search path for library "pl_fileio_v1_0_0" is now "/tools/Disk_Xilinx/Vivado/2019.1/data/xsim/ip/pl_fileio_v1_0_0"
INFO: [VRFC 10-233] The vhdl library search path for library "xxv_ethernet_v2_5_2" is now "/tools/Disk_Xilinx/Vivado/2019.1/data/xsim/ip/xxv_ethernet_v2_5_2"
INFO: [VRFC 10-232] The veri library search path for library "xxv_ethernet_v2_5_2" is now "/tools/Disk_Xilinx/Vivado/2019.1/data/xsim/ip/xxv_ethernet_v2_5_2"
INFO: [VRFC 10-233] The vhdl library search path for library "v_smpte_sdi_v3_0_8" is now "/tools/Disk_Xilinx/Vivado/2019.1/data/xsim/ip/v_smpte_sdi_v3_0_8"
INFO: [VRFC 10-232] The veri library search path for library "v_smpte_sdi_v3_0_8" is now "/tools/Disk_Xilinx/Vivado/2019.1/data/xsim/ip/v_smpte_sdi_v3_0_8"
INFO: [VRFC 10-233] The vhdl library search path for library "fir_compiler_v7_2_12" is now "/tools/Disk_Xilinx/Vivado/2019.1/data/xsim/ip/fir_compiler_v7_2_12"
INFO: [VRFC 10-232] The veri library search path for library "fir_compiler_v7_2_12" is now "/tools/Disk_Xilinx/Vivado/2019.1/data/xsim/ip/fir_compiler_v7_2_12"
INFO: [VRFC 10-233] The vhdl library search path for library "div_gen_v5_1_15" is now "/tools/Disk_Xilinx/Vivado/2019.1/data/xsim/ip/div_gen_v5_1_15"
INFO: [VRFC 10-232] The veri library search path for library "div_gen_v5_1_15" is now "/tools/Disk_Xilinx/Vivado/2019.1/data/xsim/ip/div_gen_v5_1_15"
INFO: [VRFC 10-233] The vhdl library search path for library "mdm_v3_2_16" is now "/tools/Disk_Xilinx/Vivado/2019.1/data/xsim/ip/mdm_v3_2_16"
INFO: [VRFC 10-232] The veri library search path for library "mdm_v3_2_16" is now "/tools/Disk_Xilinx/Vivado/2019.1/data/xsim/ip/mdm_v3_2_16"
INFO: [VRFC 10-233] The vhdl library search path for library "v_axi4s_remap_v1_0_11" is now "/tools/Disk_Xilinx/Vivado/2019.1/data/xsim/ip/v_axi4s_remap_v1_0_11"
INFO: [VRFC 10-232] The veri library search path for library "v_axi4s_remap_v1_0_11" is now "/tools/Disk_Xilinx/Vivado/2019.1/data/xsim/ip/v_axi4s_remap_v1_0_11"
INFO: [VRFC 10-233] The vhdl library search path for library "xlslice_v1_0_2" is now "/tools/Disk_Xilinx/Vivado/2019.1/data/xsim/ip/xlslice_v1_0_2"
INFO: [VRFC 10-232] The veri library search path for library "xlslice_v1_0_2" is now "/tools/Disk_Xilinx/Vivado/2019.1/data/xsim/ip/xlslice_v1_0_2"
INFO: [VRFC 10-233] The vhdl library search path for library "ai_pl_trig" is now "/tools/Disk_Xilinx/Vivado/2019.1/data/xsim/ip/ai_pl_trig"
INFO: [VRFC 10-232] The veri library search path for library "ai_pl_trig" is now "/tools/Disk_Xilinx/Vivado/2019.1/data/xsim/ip/ai_pl_trig"
INFO: [VRFC 10-233] The vhdl library search path for library "remote_port_sc_v4" is now "/tools/Disk_Xilinx/Vivado/2019.1/data/xsim/ip/remote_port_sc_v4"
INFO: [VRFC 10-232] The veri library search path for library "remote_port_sc_v4" is now "/tools/Disk_Xilinx/Vivado/2019.1/data/xsim/ip/remote_port_sc_v4"
INFO: [VRFC 10-233] The vhdl library search path for library "pr_axi_shutdown_manager_v1_0_1" is now "/tools/Disk_Xilinx/Vivado/2019.1/data/xsim/ip/pr_axi_shutdown_manager_v1_0_1"
INFO: [VRFC 10-232] The veri library search path for library "pr_axi_shutdown_manager_v1_0_1" is now "/tools/Disk_Xilinx/Vivado/2019.1/data/xsim/ip/pr_axi_shutdown_manager_v1_0_1"
INFO: [VRFC 10-233] The vhdl library search path for library "axi_jtag_v1_0_0" is now "/tools/Disk_Xilinx/Vivado/2019.1/data/xsim/ip/axi_jtag_v1_0_0"
INFO: [VRFC 10-232] The veri library search path for library "axi_jtag_v1_0_0" is now "/tools/Disk_Xilinx/Vivado/2019.1/data/xsim/ip/axi_jtag_v1_0_0"
INFO: [VRFC 10-233] The vhdl library search path for library "smartconnect_v1_0" is now "/tools/Disk_Xilinx/Vivado/2019.1/data/xsim/ip/smartconnect_v1_0"
INFO: [VRFC 10-232] The veri library search path for library "smartconnect_v1_0" is now "/tools/Disk_Xilinx/Vivado/2019.1/data/xsim/ip/smartconnect_v1_0"
INFO: [VRFC 10-233] The vhdl library search path for library "axi_tg_lib" is now "/tools/Disk_Xilinx/Vivado/2019.1/data/xsim/ip/axi_tg_lib"
INFO: [VRFC 10-232] The veri library search path for library "axi_tg_lib" is now "/tools/Disk_Xilinx/Vivado/2019.1/data/xsim/ip/axi_tg_lib"
INFO: [VRFC 10-233] The vhdl library search path for library "axi_dwidth_converter_v2_1_19" is now "/tools/Disk_Xilinx/Vivado/2019.1/data/xsim/ip/axi_dwidth_converter_v2_1_19"
INFO: [VRFC 10-232] The veri library search path for library "axi_dwidth_converter_v2_1_19" is now "/tools/Disk_Xilinx/Vivado/2019.1/data/xsim/ip/axi_dwidth_converter_v2_1_19"
INFO: [VRFC 10-233] The vhdl library search path for library "xlconstant_v1_1_6" is now "/tools/Disk_Xilinx/Vivado/2019.1/data/xsim/ip/xlconstant_v1_1_6"
INFO: [VRFC 10-232] The veri library search path for library "xlconstant_v1_1_6" is now "/tools/Disk_Xilinx/Vivado/2019.1/data/xsim/ip/xlconstant_v1_1_6"
INFO: [VRFC 10-233] The vhdl library search path for library "tcc_decoder_3gpplte_v3_0_6" is now "/tools/Disk_Xilinx/Vivado/2019.1/data/xsim/ip/tcc_decoder_3gpplte_v3_0_6"
INFO: [VRFC 10-232] The veri library search path for library "tcc_decoder_3gpplte_v3_0_6" is now "/tools/Disk_Xilinx/Vivado/2019.1/data/xsim/ip/tcc_decoder_3gpplte_v3_0_6"
INFO: [VRFC 10-233] The vhdl library search path for library "mdm_v3_2" is now "/tools/Disk_Xilinx/Vivado/2019.1/data/xsim/ip/mdm_v3_2"
INFO: [VRFC 10-232] The veri library search path for library "mdm_v3_2" is now "/tools/Disk_Xilinx/Vivado/2019.1/data/xsim/ip/mdm_v3_2"
INFO: [VRFC 10-233] The vhdl library search path for library "v_uhdsdi_vidgen_v1_0_1" is now "/tools/Disk_Xilinx/Vivado/2019.1/data/xsim/ip/v_uhdsdi_vidgen_v1_0_1"
INFO: [VRFC 10-232] The veri library search path for library "v_uhdsdi_vidgen_v1_0_1" is now "/tools/Disk_Xilinx/Vivado/2019.1/data/xsim/ip/v_uhdsdi_vidgen_v1_0_1"
INFO: [VRFC 10-233] The vhdl library search path for library "axi_fifo_mm_s_v4_2_1" is now "/tools/Disk_Xilinx/Vivado/2019.1/data/xsim/ip/axi_fifo_mm_s_v4_2_1"
INFO: [VRFC 10-232] The veri library search path for library "axi_fifo_mm_s_v4_2_1" is now "/tools/Disk_Xilinx/Vivado/2019.1/data/xsim/ip/axi_fifo_mm_s_v4_2_1"
INFO: [VRFC 10-233] The vhdl library search path for library "xxv_ethernet_v3_0_0" is now "/tools/Disk_Xilinx/Vivado/2019.1/data/xsim/ip/xxv_ethernet_v3_0_0"
INFO: [VRFC 10-232] The veri library search path for library "xxv_ethernet_v3_0_0" is now "/tools/Disk_Xilinx/Vivado/2019.1/data/xsim/ip/xxv_ethernet_v3_0_0"
INFO: [VRFC 10-233] The vhdl library search path for library "util_idelay_ctrl_v1_0_1" is now "/tools/Disk_Xilinx/Vivado/2019.1/data/xsim/ip/util_idelay_ctrl_v1_0_1"
INFO: [VRFC 10-232] The veri library search path for library "util_idelay_ctrl_v1_0_1" is now "/tools/Disk_Xilinx/Vivado/2019.1/data/xsim/ip/util_idelay_ctrl_v1_0_1"
INFO: [VRFC 10-233] The vhdl library search path for library "rs_toolbox_v9_0_7" is now "/tools/Disk_Xilinx/Vivado/2019.1/data/xsim/ip/rs_toolbox_v9_0_7"
INFO: [VRFC 10-232] The veri library search path for library "rs_toolbox_v9_0_7" is now "/tools/Disk_Xilinx/Vivado/2019.1/data/xsim/ip/rs_toolbox_v9_0_7"
INFO: [VRFC 10-233] The vhdl library search path for library "v_hdmi_tx_v2_0_0" is now "/tools/Disk_Xilinx/Vivado/2019.1/data/xsim/ip/v_hdmi_tx_v2_0_0"
INFO: [VRFC 10-232] The veri library search path for library "v_hdmi_tx_v2_0_0" is now "/tools/Disk_Xilinx/Vivado/2019.1/data/xsim/ip/v_hdmi_tx_v2_0_0"
INFO: [VRFC 10-233] The vhdl library search path for library "dsp_macro_v1_0_0" is now "/tools/Disk_Xilinx/Vivado/2019.1/data/xsim/ip/dsp_macro_v1_0_0"
INFO: [VRFC 10-232] The veri library search path for library "dsp_macro_v1_0_0" is now "/tools/Disk_Xilinx/Vivado/2019.1/data/xsim/ip/dsp_macro_v1_0_0"
INFO: [VRFC 10-233] The vhdl library search path for library "pc_cfr_v6_2_2" is now "/tools/Disk_Xilinx/Vivado/2019.1/data/xsim/ip/pc_cfr_v6_2_2"
INFO: [VRFC 10-232] The veri library search path for library "pc_cfr_v6_2_2" is now "/tools/Disk_Xilinx/Vivado/2019.1/data/xsim/ip/pc_cfr_v6_2_2"
INFO: [VRFC 10-233] The vhdl library search path for library "axi_timer_v2_0_21" is now "/tools/Disk_Xilinx/Vivado/2019.1/data/xsim/ip/axi_timer_v2_0_21"
INFO: [VRFC 10-232] The veri library search path for library "axi_timer_v2_0_21" is now "/tools/Disk_Xilinx/Vivado/2019.1/data/xsim/ip/axi_timer_v2_0_21"
INFO: [VRFC 10-233] The vhdl library search path for library "high_speed_selectio_wiz_v3_3_1" is now "/tools/Disk_Xilinx/Vivado/2019.1/data/xsim/ip/high_speed_selectio_wiz_v3_3_1"
INFO: [VRFC 10-232] The veri library search path for library "high_speed_selectio_wiz_v3_3_1" is now "/tools/Disk_Xilinx/Vivado/2019.1/data/xsim/ip/high_speed_selectio_wiz_v3_3_1"
INFO: [VRFC 10-233] The vhdl library search path for library "axi_sideband_util_v1_0_3" is now "/tools/Disk_Xilinx/Vivado/2019.1/data/xsim/ip/axi_sideband_util_v1_0_3"
INFO: [VRFC 10-232] The veri library search path for library "axi_sideband_util_v1_0_3" is now "/tools/Disk_Xilinx/Vivado/2019.1/data/xsim/ip/axi_sideband_util_v1_0_3"
INFO: [VRFC 10-233] The vhdl library search path for library "sim_clk_gen_v1_0_2" is now "/tools/Disk_Xilinx/Vivado/2019.1/data/xsim/ip/sim_clk_gen_v1_0_2"
INFO: [VRFC 10-232] The veri library search path for library "sim_clk_gen_v1_0_2" is now "/tools/Disk_Xilinx/Vivado/2019.1/data/xsim/ip/sim_clk_gen_v1_0_2"
INFO: [VRFC 10-233] The vhdl library search path for library "gmii_to_rgmii_v4_0_7" is now "/tools/Disk_Xilinx/Vivado/2019.1/data/xsim/ip/gmii_to_rgmii_v4_0_7"
INFO: [VRFC 10-232] The veri library search path for library "gmii_to_rgmii_v4_0_7" is now "/tools/Disk_Xilinx/Vivado/2019.1/data/xsim/ip/gmii_to_rgmii_v4_0_7"
INFO: [VRFC 10-233] The vhdl library search path for library "ieee802d3_400g_rs_fec_v1_0_6" is now "/tools/Disk_Xilinx/Vivado/2019.1/data/xsim/ip/ieee802d3_400g_rs_fec_v1_0_6"
INFO: [VRFC 10-232] The veri library search path for library "ieee802d3_400g_rs_fec_v1_0_6" is now "/tools/Disk_Xilinx/Vivado/2019.1/data/xsim/ip/ieee802d3_400g_rs_fec_v1_0_6"
INFO: [VRFC 10-233] The vhdl library search path for library "xsdbs_v1_0_2" is now "/tools/Disk_Xilinx/Vivado/2019.1/data/xsim/ip/xsdbs_v1_0_2"
INFO: [VRFC 10-232] The veri library search path for library "xsdbs_v1_0_2" is now "/tools/Disk_Xilinx/Vivado/2019.1/data/xsim/ip/xsdbs_v1_0_2"
INFO: [VRFC 10-233] The vhdl library search path for library "high_speed_selectio_wiz_v3_5_1" is now "/tools/Disk_Xilinx/Vivado/2019.1/data/xsim/ip/high_speed_selectio_wiz_v3_5_1"
INFO: [VRFC 10-232] The veri library search path for library "high_speed_selectio_wiz_v3_5_1" is now "/tools/Disk_Xilinx/Vivado/2019.1/data/xsim/ip/high_speed_selectio_wiz_v3_5_1"
INFO: [VRFC 10-233] The vhdl library search path for library "axi_msg_v1_0_5" is now "/tools/Disk_Xilinx/Vivado/2019.1/data/xsim/ip/axi_msg_v1_0_5"
INFO: [VRFC 10-232] The veri library search path for library "axi_msg_v1_0_5" is now "/tools/Disk_Xilinx/Vivado/2019.1/data/xsim/ip/axi_msg_v1_0_5"
INFO: [VRFC 10-233] The vhdl library search path for library "axi_ahblite_bridge_v3_0_16" is now "/tools/Disk_Xilinx/Vivado/2019.1/data/xsim/ip/axi_ahblite_bridge_v3_0_16"
INFO: [VRFC 10-232] The veri library search path for library "axi_ahblite_bridge_v3_0_16" is now "/tools/Disk_Xilinx/Vivado/2019.1/data/xsim/ip/axi_ahblite_bridge_v3_0_16"
INFO: [VRFC 10-233] The vhdl library search path for library "v_rgb2ycrcb_v7_1_13" is now "/tools/Disk_Xilinx/Vivado/2019.1/data/xsim/ip/v_rgb2ycrcb_v7_1_13"
INFO: [VRFC 10-232] The veri library search path for library "v_rgb2ycrcb_v7_1_13" is now "/tools/Disk_Xilinx/Vivado/2019.1/data/xsim/ip/v_rgb2ycrcb_v7_1_13"
INFO: [VRFC 10-233] The vhdl library search path for library "v_mix_v4_0_0" is now "/tools/Disk_Xilinx/Vivado/2019.1/data/xsim/ip/v_mix_v4_0_0"
INFO: [VRFC 10-232] The veri library search path for library "v_mix_v4_0_0" is now "/tools/Disk_Xilinx/Vivado/2019.1/data/xsim/ip/v_mix_v4_0_0"
INFO: [VRFC 10-233] The vhdl library search path for library "axi_ethernetlite_v3_0_17" is now "/tools/Disk_Xilinx/Vivado/2019.1/data/xsim/ip/axi_ethernetlite_v3_0_17"
INFO: [VRFC 10-232] The veri library search path for library "axi_ethernetlite_v3_0_17" is now "/tools/Disk_Xilinx/Vivado/2019.1/data/xsim/ip/axi_ethernetlite_v3_0_17"
INFO: [VRFC 10-233] The vhdl library search path for library "ieee802d3_50g_rs_fec_v2_0_0" is now "/tools/Disk_Xilinx/Vivado/2019.1/data/xsim/ip/ieee802d3_50g_rs_fec_v2_0_0"
INFO: [VRFC 10-232] The veri library search path for library "ieee802d3_50g_rs_fec_v2_0_0" is now "/tools/Disk_Xilinx/Vivado/2019.1/data/xsim/ip/ieee802d3_50g_rs_fec_v2_0_0"
INFO: [VRFC 10-233] The vhdl library search path for library "axi_uart16550_v2_0_21" is now "/tools/Disk_Xilinx/Vivado/2019.1/data/xsim/ip/axi_uart16550_v2_0_21"
INFO: [VRFC 10-232] The veri library search path for library "axi_uart16550_v2_0_21" is now "/tools/Disk_Xilinx/Vivado/2019.1/data/xsim/ip/axi_uart16550_v2_0_21"
INFO: [VRFC 10-233] The vhdl library search path for library "axi_pmon_v1_0_0" is now "/tools/Disk_Xilinx/Vivado/2019.1/data/xsim/ip/axi_pmon_v1_0_0"
INFO: [VRFC 10-232] The veri library search path for library "axi_pmon_v1_0_0" is now "/tools/Disk_Xilinx/Vivado/2019.1/data/xsim/ip/axi_pmon_v1_0_0"
INFO: [VRFC 10-233] The vhdl library search path for library "vfb_v1_0_13" is now "/tools/Disk_Xilinx/Vivado/2019.1/data/xsim/ip/vfb_v1_0_13"
INFO: [VRFC 10-232] The veri library search path for library "vfb_v1_0_13" is now "/tools/Disk_Xilinx/Vivado/2019.1/data/xsim/ip/vfb_v1_0_13"
INFO: [VRFC 10-233] The vhdl library search path for library "advanced_io_wizard_phy_v1_0_0" is now "/tools/Disk_Xilinx/Vivado/2019.1/data/xsim/ip/advanced_io_wizard_phy_v1_0_0"
INFO: [VRFC 10-232] The veri library search path for library "advanced_io_wizard_phy_v1_0_0" is now "/tools/Disk_Xilinx/Vivado/2019.1/data/xsim/ip/advanced_io_wizard_phy_v1_0_0"
INFO: [VRFC 10-233] The vhdl library search path for library "ats_switch_v1_0_2" is now "/tools/Disk_Xilinx/Vivado/2019.1/data/xsim/ip/ats_switch_v1_0_2"
INFO: [VRFC 10-232] The veri library search path for library "ats_switch_v1_0_2" is now "/tools/Disk_Xilinx/Vivado/2019.1/data/xsim/ip/ats_switch_v1_0_2"
INFO: [VRFC 10-233] The vhdl library search path for library "interrupt_control_v3_1_4" is now "/tools/Disk_Xilinx/Vivado/2019.1/data/xsim/ip/interrupt_control_v3_1_4"
INFO: [VRFC 10-232] The veri library search path for library "interrupt_control_v3_1_4" is now "/tools/Disk_Xilinx/Vivado/2019.1/data/xsim/ip/interrupt_control_v3_1_4"
INFO: [VRFC 10-233] The vhdl library search path for library "axi_dbg_hub" is now "/tools/Disk_Xilinx/Vivado/2019.1/data/xsim/ip/axi_dbg_hub"
INFO: [VRFC 10-232] The veri library search path for library "axi_dbg_hub" is now "/tools/Disk_Xilinx/Vivado/2019.1/data/xsim/ip/axi_dbg_hub"
INFO: [VRFC 10-233] The vhdl library search path for library "c_mux_bus_v12_0_6" is now "/tools/Disk_Xilinx/Vivado/2019.1/data/xsim/ip/c_mux_bus_v12_0_6"
INFO: [VRFC 10-232] The veri library search path for library "c_mux_bus_v12_0_6" is now "/tools/Disk_Xilinx/Vivado/2019.1/data/xsim/ip/c_mux_bus_v12_0_6"
INFO: [VRFC 10-233] The vhdl library search path for library "v_hdmi_rx_v2_0_0" is now "/tools/Disk_Xilinx/Vivado/2019.1/data/xsim/ip/v_hdmi_rx_v2_0_0"
INFO: [VRFC 10-232] The veri library search path for library "v_hdmi_rx_v2_0_0" is now "/tools/Disk_Xilinx/Vivado/2019.1/data/xsim/ip/v_hdmi_rx_v2_0_0"
INFO: [VRFC 10-233] The vhdl library search path for library "stm_v1_0" is now "/tools/Disk_Xilinx/Vivado/2019.1/data/xsim/ip/stm_v1_0"
INFO: [VRFC 10-232] The veri library search path for library "stm_v1_0" is now "/tools/Disk_Xilinx/Vivado/2019.1/data/xsim/ip/stm_v1_0"
INFO: [VRFC 10-233] The vhdl library search path for library "rld3_pl_v1_0_1" is now "/tools/Disk_Xilinx/Vivado/2019.1/data/xsim/ip/rld3_pl_v1_0_1"
INFO: [VRFC 10-232] The veri library search path for library "rld3_pl_v1_0_1" is now "/tools/Disk_Xilinx/Vivado/2019.1/data/xsim/ip/rld3_pl_v1_0_1"
INFO: [VRFC 10-233] The vhdl library search path for library "ltlib_v1_0_0" is now "/tools/Disk_Xilinx/Vivado/2019.1/data/xsim/ip/ltlib_v1_0_0"
INFO: [VRFC 10-232] The veri library search path for library "ltlib_v1_0_0" is now "/tools/Disk_Xilinx/Vivado/2019.1/data/xsim/ip/ltlib_v1_0_0"
INFO: [VRFC 10-233] The vhdl library search path for library "lut_buffer_v2_0_0" is now "/tools/Disk_Xilinx/Vivado/2019.1/data/xsim/ip/lut_buffer_v2_0_0"
INFO: [VRFC 10-232] The veri library search path for library "lut_buffer_v2_0_0" is now "/tools/Disk_Xilinx/Vivado/2019.1/data/xsim/ip/lut_buffer_v2_0_0"
INFO: [VRFC 10-233] The vhdl library search path for library "axi_epc_v2_0_22" is now "/tools/Disk_Xilinx/Vivado/2019.1/data/xsim/ip/axi_epc_v2_0_22"
INFO: [VRFC 10-232] The veri library search path for library "axi_epc_v2_0_22" is now "/tools/Disk_Xilinx/Vivado/2019.1/data/xsim/ip/axi_epc_v2_0_22"
INFO: [VRFC 10-233] The vhdl library search path for library "g709_rs_encoder_v2_2_6" is now "/tools/Disk_Xilinx/Vivado/2019.1/data/xsim/ip/g709_rs_encoder_v2_2_6"
INFO: [VRFC 10-232] The veri library search path for library "g709_rs_encoder_v2_2_6" is now "/tools/Disk_Xilinx/Vivado/2019.1/data/xsim/ip/g709_rs_encoder_v2_2_6"
INFO: [VRFC 10-233] The vhdl library search path for library "blk_mem_gen_v8_3_6" is now "/tools/Disk_Xilinx/Vivado/2019.1/data/xsim/ip/blk_mem_gen_v8_3_6"
INFO: [VRFC 10-232] The veri library search path for library "blk_mem_gen_v8_3_6" is now "/tools/Disk_Xilinx/Vivado/2019.1/data/xsim/ip/blk_mem_gen_v8_3_6"
INFO: [VRFC 10-233] The vhdl library search path for library "fifo_generator_v13_0_6" is now "/tools/Disk_Xilinx/Vivado/2019.1/data/xsim/ip/fifo_generator_v13_0_6"
INFO: [VRFC 10-232] The veri library search path for library "fifo_generator_v13_0_6" is now "/tools/Disk_Xilinx/Vivado/2019.1/data/xsim/ip/fifo_generator_v13_0_6"
INFO: [VRFC 10-233] The vhdl library search path for library "axi_vdma_v6_3_7" is now "/tools/Disk_Xilinx/Vivado/2019.1/data/xsim/ip/axi_vdma_v6_3_7"
INFO: [VRFC 10-232] The veri library search path for library "axi_vdma_v6_3_7" is now "/tools/Disk_Xilinx/Vivado/2019.1/data/xsim/ip/axi_vdma_v6_3_7"
INFO: [VRFC 10-233] The vhdl library search path for library "axis_data_fifo_v1_1_20" is now "/tools/Disk_Xilinx/Vivado/2019.1/data/xsim/ip/axis_data_fifo_v1_1_20"
INFO: [VRFC 10-232] The veri library search path for library "axis_data_fifo_v1_1_20" is now "/tools/Disk_Xilinx/Vivado/2019.1/data/xsim/ip/axis_data_fifo_v1_1_20"
INFO: [VRFC 10-233] The vhdl library search path for library "xilinx_vip" is now "/tools/Disk_Xilinx/Vivado/2019.1/data/xsim/ip/xilinx_vip"
INFO: [VRFC 10-232] The veri library search path for library "xilinx_vip" is now "/tools/Disk_Xilinx/Vivado/2019.1/data/xsim/ip/xilinx_vip"
INFO: [VRFC 10-233] The vhdl library search path for library "axi_ethernet_buffer_v2_0_20" is now "/tools/Disk_Xilinx/Vivado/2019.1/data/xsim/ip/axi_ethernet_buffer_v2_0_20"
INFO: [VRFC 10-232] The veri library search path for library "axi_ethernet_buffer_v2_0_20" is now "/tools/Disk_Xilinx/Vivado/2019.1/data/xsim/ip/axi_ethernet_buffer_v2_0_20"
INFO: [VRFC 10-233] The vhdl library search path for library "rs_encoder_v9_0_15" is now "/tools/Disk_Xilinx/Vivado/2019.1/data/xsim/ip/rs_encoder_v9_0_15"
INFO: [VRFC 10-232] The veri library search path for library "rs_encoder_v9_0_15" is now "/tools/Disk_Xilinx/Vivado/2019.1/data/xsim/ip/rs_encoder_v9_0_15"
INFO: [VRFC 10-233] The vhdl library search path for library "axi_infrastructure_v1_1_0" is now "/tools/Disk_Xilinx/Vivado/2019.1/data/xsim/ip/axi_infrastructure_v1_1_0"
INFO: [VRFC 10-232] The veri library search path for library "axi_infrastructure_v1_1_0" is now "/tools/Disk_Xilinx/Vivado/2019.1/data/xsim/ip/axi_infrastructure_v1_1_0"
INFO: [VRFC 10-233] The vhdl library search path for library "ta_dma_v1_0_3" is now "/tools/Disk_Xilinx/Vivado/2019.1/data/xsim/ip/ta_dma_v1_0_3"
INFO: [VRFC 10-232] The veri library search path for library "ta_dma_v1_0_3" is now "/tools/Disk_Xilinx/Vivado/2019.1/data/xsim/ip/ta_dma_v1_0_3"
INFO: [VRFC 10-233] The vhdl library search path for library "tcc_encoder_3gpp_v5_0_15" is now "/tools/Disk_Xilinx/Vivado/2019.1/data/xsim/ip/tcc_encoder_3gpp_v5_0_15"
INFO: [VRFC 10-232] The veri library search path for library "tcc_encoder_3gpp_v5_0_15" is now "/tools/Disk_Xilinx/Vivado/2019.1/data/xsim/ip/tcc_encoder_3gpp_v5_0_15"
INFO: [VRFC 10-233] The vhdl library search path for library "axi_perf_mon_v5_0_21" is now "/tools/Disk_Xilinx/Vivado/2019.1/data/xsim/ip/axi_perf_mon_v5_0_21"
INFO: [VRFC 10-232] The veri library search path for library "axi_perf_mon_v5_0_21" is now "/tools/Disk_Xilinx/Vivado/2019.1/data/xsim/ip/axi_perf_mon_v5_0_21"
INFO: [VRFC 10-233] The vhdl library search path for library "noc_sc_v1_0_0" is now "/tools/Disk_Xilinx/Vivado/2019.1/data/xsim/ip/noc_sc_v1_0_0"
INFO: [VRFC 10-232] The veri library search path for library "noc_sc_v1_0_0" is now "/tools/Disk_Xilinx/Vivado/2019.1/data/xsim/ip/noc_sc_v1_0_0"
INFO: [VRFC 10-233] The vhdl library search path for library "sim_xdma_cpp_v1" is now "/tools/Disk_Xilinx/Vivado/2019.1/data/xsim/ip/sim_xdma_cpp_v1"
INFO: [VRFC 10-232] The veri library search path for library "sim_xdma_cpp_v1" is now "/tools/Disk_Xilinx/Vivado/2019.1/data/xsim/ip/sim_xdma_cpp_v1"
INFO: [VRFC 10-233] The vhdl library search path for library "lib_cdc_v1_0_2" is now "/tools/Disk_Xilinx/Vivado/2019.1/data/xsim/ip/lib_cdc_v1_0_2"
INFO: [VRFC 10-232] The veri library search path for library "lib_cdc_v1_0_2" is now "/tools/Disk_Xilinx/Vivado/2019.1/data/xsim/ip/lib_cdc_v1_0_2"
INFO: [VRFC 10-233] The vhdl library search path for library "v_csc_v1_0_13" is now "/tools/Disk_Xilinx/Vivado/2019.1/data/xsim/ip/v_csc_v1_0_13"
INFO: [VRFC 10-232] The veri library search path for library "v_csc_v1_0_13" is now "/tools/Disk_Xilinx/Vivado/2019.1/data/xsim/ip/v_csc_v1_0_13"
INFO: [VRFC 10-233] The vhdl library search path for library "shell_utils_msp432_bsl_crc_gen_v1_0_0" is now "/tools/Disk_Xilinx/Vivado/2019.1/data/xsim/ip/shell_utils_msp432_bsl_crc_gen_v1_0_0"
INFO: [VRFC 10-232] The veri library search path for library "shell_utils_msp432_bsl_crc_gen_v1_0_0" is now "/tools/Disk_Xilinx/Vivado/2019.1/data/xsim/ip/shell_utils_msp432_bsl_crc_gen_v1_0_0"
INFO: [VRFC 10-233] The vhdl library search path for library "lte_fft_v2_0_18" is now "/tools/Disk_Xilinx/Vivado/2019.1/data/xsim/ip/lte_fft_v2_0_18"
INFO: [VRFC 10-232] The veri library search path for library "lte_fft_v2_0_18" is now "/tools/Disk_Xilinx/Vivado/2019.1/data/xsim/ip/lte_fft_v2_0_18"
INFO: [VRFC 10-233] The vhdl library search path for library "gtwizard_ultrascale_v1_6_11" is now "/tools/Disk_Xilinx/Vivado/2019.1/data/xsim/ip/gtwizard_ultrascale_v1_6_11"
INFO: [VRFC 10-232] The veri library search path for library "gtwizard_ultrascale_v1_6_11" is now "/tools/Disk_Xilinx/Vivado/2019.1/data/xsim/ip/gtwizard_ultrascale_v1_6_11"
INFO: [VRFC 10-233] The vhdl library search path for library "amm_axi_bridge_v1_0_5" is now "/tools/Disk_Xilinx/Vivado/2019.1/data/xsim/ip/amm_axi_bridge_v1_0_5"
INFO: [VRFC 10-232] The veri library search path for library "amm_axi_bridge_v1_0_5" is now "/tools/Disk_Xilinx/Vivado/2019.1/data/xsim/ip/amm_axi_bridge_v1_0_5"
INFO: [VRFC 10-233] The vhdl library search path for library "cmac_usplus_v2_6_0" is now "/tools/Disk_Xilinx/Vivado/2019.1/data/xsim/ip/cmac_usplus_v2_6_0"
INFO: [VRFC 10-232] The veri library search path for library "cmac_usplus_v2_6_0" is now "/tools/Disk_Xilinx/Vivado/2019.1/data/xsim/ip/cmac_usplus_v2_6_0"
INFO: [VRFC 10-233] The vhdl library search path for library "mii_to_rmii_v2_0_21" is now "/tools/Disk_Xilinx/Vivado/2019.1/data/xsim/ip/mii_to_rmii_v2_0_21"
INFO: [VRFC 10-232] The veri library search path for library "mii_to_rmii_v2_0_21" is now "/tools/Disk_Xilinx/Vivado/2019.1/data/xsim/ip/mii_to_rmii_v2_0_21"
INFO: [VRFC 10-233] The vhdl library search path for library "videoaxi4s_bridge_v1_0_5" is now "/tools/Disk_Xilinx/Vivado/2019.1/data/xsim/ip/videoaxi4s_bridge_v1_0_5"
INFO: [VRFC 10-232] The veri library search path for library "videoaxi4s_bridge_v1_0_5" is now "/tools/Disk_Xilinx/Vivado/2019.1/data/xsim/ip/videoaxi4s_bridge_v1_0_5"
INFO: [VRFC 10-233] The vhdl library search path for library "audio_clock_recovery_v1_0" is now "/tools/Disk_Xilinx/Vivado/2019.1/data/xsim/ip/audio_clock_recovery_v1_0"
INFO: [VRFC 10-232] The veri library search path for library "audio_clock_recovery_v1_0" is now "/tools/Disk_Xilinx/Vivado/2019.1/data/xsim/ip/audio_clock_recovery_v1_0"
INFO: [VRFC 10-233] The vhdl library search path for library "cmac_v2_4_1" is now "/tools/Disk_Xilinx/Vivado/2019.1/data/xsim/ip/cmac_v2_4_1"
INFO: [VRFC 10-232] The veri library search path for library "cmac_v2_4_1" is now "/tools/Disk_Xilinx/Vivado/2019.1/data/xsim/ip/cmac_v2_4_1"
INFO: [VRFC 10-233] The vhdl library search path for library "i2s_receiver_v1_0_3" is now "/tools/Disk_Xilinx/Vivado/2019.1/data/xsim/ip/i2s_receiver_v1_0_3"
INFO: [VRFC 10-232] The veri library search path for library "i2s_receiver_v1_0_3" is now "/tools/Disk_Xilinx/Vivado/2019.1/data/xsim/ip/i2s_receiver_v1_0_3"
INFO: [VRFC 10-233] The vhdl library search path for library "v_sdi_rx_vid_bridge_v2_0_0" is now "/tools/Disk_Xilinx/Vivado/2019.1/data/xsim/ip/v_sdi_rx_vid_bridge_v2_0_0"
INFO: [VRFC 10-232] The veri library search path for library "v_sdi_rx_vid_bridge_v2_0_0" is now "/tools/Disk_Xilinx/Vivado/2019.1/data/xsim/ip/v_sdi_rx_vid_bridge_v2_0_0"
INFO: [VRFC 10-233] The vhdl library search path for library "v_demosaic_v1_0_5" is now "/tools/Disk_Xilinx/Vivado/2019.1/data/xsim/ip/v_demosaic_v1_0_5"
INFO: [VRFC 10-232] The veri library search path for library "v_demosaic_v1_0_5" is now "/tools/Disk_Xilinx/Vivado/2019.1/data/xsim/ip/v_demosaic_v1_0_5"
INFO: [VRFC 10-233] The vhdl library search path for library "remote_port_c_v4" is now "/tools/Disk_Xilinx/Vivado/2019.1/data/xsim/ip/remote_port_c_v4"
INFO: [VRFC 10-232] The veri library search path for library "remote_port_c_v4" is now "/tools/Disk_Xilinx/Vivado/2019.1/data/xsim/ip/remote_port_c_v4"
INFO: [VRFC 10-233] The vhdl library search path for library "microblaze_v9_5_4" is now "/tools/Disk_Xilinx/Vivado/2019.1/data/xsim/ip/microblaze_v9_5_4"
INFO: [VRFC 10-232] The veri library search path for library "microblaze_v9_5_4" is now "/tools/Disk_Xilinx/Vivado/2019.1/data/xsim/ip/microblaze_v9_5_4"
INFO: [VRFC 10-233] The vhdl library search path for library "hdcp22_cipher_v1_0_3" is now "/tools/Disk_Xilinx/Vivado/2019.1/data/xsim/ip/hdcp22_cipher_v1_0_3"
INFO: [VRFC 10-232] The veri library search path for library "hdcp22_cipher_v1_0_3" is now "/tools/Disk_Xilinx/Vivado/2019.1/data/xsim/ip/hdcp22_cipher_v1_0_3"
INFO: [VRFC 10-233] The vhdl library search path for library "etrnic_v1_0_3" is now "/tools/Disk_Xilinx/Vivado/2019.1/data/xsim/ip/etrnic_v1_0_3"
INFO: [VRFC 10-232] The veri library search path for library "etrnic_v1_0_3" is now "/tools/Disk_Xilinx/Vivado/2019.1/data/xsim/ip/etrnic_v1_0_3"
INFO: [VRFC 10-233] The vhdl library search path for library "xfft_v9_1_2" is now "/tools/Disk_Xilinx/Vivado/2019.1/data/xsim/ip/xfft_v9_1_2"
INFO: [VRFC 10-232] The veri library search path for library "xfft_v9_1_2" is now "/tools/Disk_Xilinx/Vivado/2019.1/data/xsim/ip/xfft_v9_1_2"
INFO: [VRFC 10-233] The vhdl library search path for library "ddr4_pl_v1_0_2" is now "/tools/Disk_Xilinx/Vivado/2019.1/data/xsim/ip/ddr4_pl_v1_0_2"
INFO: [VRFC 10-232] The veri library search path for library "ddr4_pl_v1_0_2" is now "/tools/Disk_Xilinx/Vivado/2019.1/data/xsim/ip/ddr4_pl_v1_0_2"
INFO: [VRFC 10-233] The vhdl library search path for library "xbip_counter_v3_0_6" is now "/tools/Disk_Xilinx/Vivado/2019.1/data/xsim/ip/xbip_counter_v3_0_6"
INFO: [VRFC 10-232] The veri library search path for library "xbip_counter_v3_0_6" is now "/tools/Disk_Xilinx/Vivado/2019.1/data/xsim/ip/xbip_counter_v3_0_6"
INFO: [VRFC 10-233] The vhdl library search path for library "debug_tcp_server_v1" is now "/tools/Disk_Xilinx/Vivado/2019.1/data/xsim/ip/debug_tcp_server_v1"
INFO: [VRFC 10-232] The veri library search path for library "debug_tcp_server_v1" is now "/tools/Disk_Xilinx/Vivado/2019.1/data/xsim/ip/debug_tcp_server_v1"
INFO: [VRFC 10-233] The vhdl library search path for library "axis_protocol_checker_v2_0_3" is now "/tools/Disk_Xilinx/Vivado/2019.1/data/xsim/ip/axis_protocol_checker_v2_0_3"
INFO: [VRFC 10-232] The veri library search path for library "axis_protocol_checker_v2_0_3" is now "/tools/Disk_Xilinx/Vivado/2019.1/data/xsim/ip/axis_protocol_checker_v2_0_3"
INFO: [VRFC 10-233] The vhdl library search path for library "v_frmbuf_wr_v2_1_2" is now "/tools/Disk_Xilinx/Vivado/2019.1/data/xsim/ip/v_frmbuf_wr_v2_1_2"
INFO: [VRFC 10-232] The veri library search path for library "v_frmbuf_wr_v2_1_2" is now "/tools/Disk_Xilinx/Vivado/2019.1/data/xsim/ip/v_frmbuf_wr_v2_1_2"
INFO: [VRFC 10-233] The vhdl library search path for library "v_vid_in_axi4s_v4_0_9" is now "/tools/Disk_Xilinx/Vivado/2019.1/data/xsim/ip/v_vid_in_axi4s_v4_0_9"
INFO: [VRFC 10-232] The veri library search path for library "v_vid_in_axi4s_v4_0_9" is now "/tools/Disk_Xilinx/Vivado/2019.1/data/xsim/ip/v_vid_in_axi4s_v4_0_9"
INFO: [VRFC 10-233] The vhdl library search path for library "mipi_csi2_tx_ctrl_v1_0_4" is now "/tools/Disk_Xilinx/Vivado/2019.1/data/xsim/ip/mipi_csi2_tx_ctrl_v1_0_4"
INFO: [VRFC 10-232] The veri library search path for library "mipi_csi2_tx_ctrl_v1_0_4" is now "/tools/Disk_Xilinx/Vivado/2019.1/data/xsim/ip/mipi_csi2_tx_ctrl_v1_0_4"
INFO: [VRFC 10-233] The vhdl library search path for library "lte_dl_channel_encoder_v3_0_15" is now "/tools/Disk_Xilinx/Vivado/2019.1/data/xsim/ip/lte_dl_channel_encoder_v3_0_15"
INFO: [VRFC 10-232] The veri library search path for library "lte_dl_channel_encoder_v3_0_15" is now "/tools/Disk_Xilinx/Vivado/2019.1/data/xsim/ip/lte_dl_channel_encoder_v3_0_15"
INFO: [VRFC 10-233] The vhdl library search path for library "axi_protocol_converter_v2_1_19" is now "/tools/Disk_Xilinx/Vivado/2019.1/data/xsim/ip/axi_protocol_converter_v2_1_19"
INFO: [VRFC 10-232] The veri library search path for library "axi_protocol_converter_v2_1_19" is now "/tools/Disk_Xilinx/Vivado/2019.1/data/xsim/ip/axi_protocol_converter_v2_1_19"
INFO: [VRFC 10-233] The vhdl library search path for library "xtlm_trace_model_v1_0" is now "/tools/Disk_Xilinx/Vivado/2019.1/data/xsim/ip/xtlm_trace_model_v1_0"
INFO: [VRFC 10-232] The veri library search path for library "xtlm_trace_model_v1_0" is now "/tools/Disk_Xilinx/Vivado/2019.1/data/xsim/ip/xtlm_trace_model_v1_0"
INFO: [VRFC 10-233] The vhdl library search path for library "clk_gen_sim_v1_0_0" is now "/tools/Disk_Xilinx/Vivado/2019.1/data/xsim/ip/clk_gen_sim_v1_0_0"
INFO: [VRFC 10-232] The veri library search path for library "clk_gen_sim_v1_0_0" is now "/tools/Disk_Xilinx/Vivado/2019.1/data/xsim/ip/clk_gen_sim_v1_0_0"
INFO: [VRFC 10-233] The vhdl library search path for library "axi_tg_sc_v1_0" is now "/tools/Disk_Xilinx/Vivado/2019.1/data/xsim/ip/axi_tg_sc_v1_0"
INFO: [VRFC 10-232] The veri library search path for library "axi_tg_sc_v1_0" is now "/tools/Disk_Xilinx/Vivado/2019.1/data/xsim/ip/axi_tg_sc_v1_0"
INFO: [VRFC 10-233] The vhdl library search path for library "microblaze_v10_0_7" is now "/tools/Disk_Xilinx/Vivado/2019.1/data/xsim/ip/microblaze_v10_0_7"
INFO: [VRFC 10-232] The veri library search path for library "microblaze_v10_0_7" is now "/tools/Disk_Xilinx/Vivado/2019.1/data/xsim/ip/microblaze_v10_0_7"
INFO: [VRFC 10-233] The vhdl library search path for library "cmpy_v6_0_17" is now "/tools/Disk_Xilinx/Vivado/2019.1/data/xsim/ip/cmpy_v6_0_17"
INFO: [VRFC 10-232] The veri library search path for library "cmpy_v6_0_17" is now "/tools/Disk_Xilinx/Vivado/2019.1/data/xsim/ip/cmpy_v6_0_17"
INFO: [VRFC 10-233] The vhdl library search path for library "cmac_v2_3_5" is now "/tools/Disk_Xilinx/Vivado/2019.1/data/xsim/ip/cmac_v2_3_5"
INFO: [VRFC 10-232] The veri library search path for library "cmac_v2_3_5" is now "/tools/Disk_Xilinx/Vivado/2019.1/data/xsim/ip/cmac_v2_3_5"
INFO: [VRFC 10-233] The vhdl library search path for library "axi_timebase_wdt_v3_0_11" is now "/tools/Disk_Xilinx/Vivado/2019.1/data/xsim/ip/axi_timebase_wdt_v3_0_11"
INFO: [VRFC 10-232] The veri library search path for library "axi_timebase_wdt_v3_0_11" is now "/tools/Disk_Xilinx/Vivado/2019.1/data/xsim/ip/axi_timebase_wdt_v3_0_11"
INFO: [VRFC 10-233] The vhdl library search path for library "tcc_decoder_3gppmm_v2_0_18" is now "/tools/Disk_Xilinx/Vivado/2019.1/data/xsim/ip/tcc_decoder_3gppmm_v2_0_18"
INFO: [VRFC 10-232] The veri library search path for library "tcc_decoder_3gppmm_v2_0_18" is now "/tools/Disk_Xilinx/Vivado/2019.1/data/xsim/ip/tcc_decoder_3gppmm_v2_0_18"
INFO: [VRFC 10-233] The vhdl library search path for library "mipi_dphy_v4_1_3" is now "/tools/Disk_Xilinx/Vivado/2019.1/data/xsim/ip/mipi_dphy_v4_1_3"
INFO: [VRFC 10-232] The veri library search path for library "mipi_dphy_v4_1_3" is now "/tools/Disk_Xilinx/Vivado/2019.1/data/xsim/ip/mipi_dphy_v4_1_3"
INFO: [VRFC 10-233] The vhdl library search path for library "v_deinterlacer_v5_0_13" is now "/tools/Disk_Xilinx/Vivado/2019.1/data/xsim/ip/v_deinterlacer_v5_0_13"
INFO: [VRFC 10-232] The veri library search path for library "v_deinterlacer_v5_0_13" is now "/tools/Disk_Xilinx/Vivado/2019.1/data/xsim/ip/v_deinterlacer_v5_0_13"
INFO: [VRFC 10-233] The vhdl library search path for library "dft_v4_0_16" is now "/tools/Disk_Xilinx/Vivado/2019.1/data/xsim/ip/dft_v4_0_16"
INFO: [VRFC 10-232] The veri library search path for library "dft_v4_0_16" is now "/tools/Disk_Xilinx/Vivado/2019.1/data/xsim/ip/dft_v4_0_16"
INFO: [VRFC 10-233] The vhdl library search path for library "axi_fifo_mm_s_v4_1_16" is now "/tools/Disk_Xilinx/Vivado/2019.1/data/xsim/ip/axi_fifo_mm_s_v4_1_16"
INFO: [VRFC 10-232] The veri library search path for library "axi_fifo_mm_s_v4_1_16" is now "/tools/Disk_Xilinx/Vivado/2019.1/data/xsim/ip/axi_fifo_mm_s_v4_1_16"
INFO: [VRFC 10-233] The vhdl library search path for library "processing_system7_vip_v1_0_7" is now "/tools/Disk_Xilinx/Vivado/2019.1/data/xsim/ip/processing_system7_vip_v1_0_7"
INFO: [VRFC 10-232] The veri library search path for library "processing_system7_vip_v1_0_7" is now "/tools/Disk_Xilinx/Vivado/2019.1/data/xsim/ip/processing_system7_vip_v1_0_7"
INFO: [VRFC 10-233] The vhdl library search path for library "g975_efec_i7_v2_0_18" is now "/tools/Disk_Xilinx/Vivado/2019.1/data/xsim/ip/g975_efec_i7_v2_0_18"
INFO: [VRFC 10-232] The veri library search path for library "g975_efec_i7_v2_0_18" is now "/tools/Disk_Xilinx/Vivado/2019.1/data/xsim/ip/g975_efec_i7_v2_0_18"
INFO: [VRFC 10-233] The vhdl library search path for library "rs_decoder_v9_0_16" is now "/tools/Disk_Xilinx/Vivado/2019.1/data/xsim/ip/rs_decoder_v9_0_16"
INFO: [VRFC 10-232] The veri library search path for library "rs_decoder_v9_0_16" is now "/tools/Disk_Xilinx/Vivado/2019.1/data/xsim/ip/rs_decoder_v9_0_16"
INFO: [VRFC 10-233] The vhdl library search path for library "c_shift_ram_v12_0_13" is now "/tools/Disk_Xilinx/Vivado/2019.1/data/xsim/ip/c_shift_ram_v12_0_13"
INFO: [VRFC 10-232] The veri library search path for library "c_shift_ram_v12_0_13" is now "/tools/Disk_Xilinx/Vivado/2019.1/data/xsim/ip/c_shift_ram_v12_0_13"
INFO: [VRFC 10-233] The vhdl library search path for library "displayport_v7_0_11" is now "/tools/Disk_Xilinx/Vivado/2019.1/data/xsim/ip/displayport_v7_0_11"
INFO: [VRFC 10-232] The veri library search path for library "displayport_v7_0_11" is now "/tools/Disk_Xilinx/Vivado/2019.1/data/xsim/ip/displayport_v7_0_11"
INFO: [VRFC 10-233] The vhdl library search path for library "v_hdmi_rx_v3_0_0" is now "/tools/Disk_Xilinx/Vivado/2019.1/data/xsim/ip/v_hdmi_rx_v3_0_0"
INFO: [VRFC 10-232] The veri library search path for library "v_hdmi_rx_v3_0_0" is now "/tools/Disk_Xilinx/Vivado/2019.1/data/xsim/ip/v_hdmi_rx_v3_0_0"
INFO: [VRFC 10-233] The vhdl library search path for library "v_deinterlacer_v4_0_12" is now "/tools/Disk_Xilinx/Vivado/2019.1/data/xsim/ip/v_deinterlacer_v4_0_12"
INFO: [VRFC 10-232] The veri library search path for library "v_deinterlacer_v4_0_12" is now "/tools/Disk_Xilinx/Vivado/2019.1/data/xsim/ip/v_deinterlacer_v4_0_12"
INFO: [VRFC 10-233] The vhdl library search path for library "sem_v4_1_12" is now "/tools/Disk_Xilinx/Vivado/2019.1/data/xsim/ip/sem_v4_1_12"
INFO: [VRFC 10-232] The veri library search path for library "sem_v4_1_12" is now "/tools/Disk_Xilinx/Vivado/2019.1/data/xsim/ip/sem_v4_1_12"
INFO: [VRFC 10-233] The vhdl library search path for library "xaui_v12_3_6" is now "/tools/Disk_Xilinx/Vivado/2019.1/data/xsim/ip/xaui_v12_3_6"
INFO: [VRFC 10-232] The veri library search path for library "xaui_v12_3_6" is now "/tools/Disk_Xilinx/Vivado/2019.1/data/xsim/ip/xaui_v12_3_6"
INFO: [VRFC 10-233] The vhdl library search path for library "ten_gig_eth_mac_v15_1_7" is now "/tools/Disk_Xilinx/Vivado/2019.1/data/xsim/ip/ten_gig_eth_mac_v15_1_7"
INFO: [VRFC 10-232] The veri library search path for library "ten_gig_eth_mac_v15_1_7" is now "/tools/Disk_Xilinx/Vivado/2019.1/data/xsim/ip/ten_gig_eth_mac_v15_1_7"
INFO: [VRFC 10-233] The vhdl library search path for library "oddr_v1_0_0" is now "/tools/Disk_Xilinx/Vivado/2019.1/data/xsim/ip/oddr_v1_0_0"
INFO: [VRFC 10-232] The veri library search path for library "oddr_v1_0_0" is now "/tools/Disk_Xilinx/Vivado/2019.1/data/xsim/ip/oddr_v1_0_0"
INFO: [VRFC 10-233] The vhdl library search path for library "c_addsub_v12_0_13" is now "/tools/Disk_Xilinx/Vivado/2019.1/data/xsim/ip/c_addsub_v12_0_13"
INFO: [VRFC 10-232] The veri library search path for library "c_addsub_v12_0_13" is now "/tools/Disk_Xilinx/Vivado/2019.1/data/xsim/ip/c_addsub_v12_0_13"
INFO: [VRFC 10-233] The vhdl library search path for library "v_ccm_v6_0_15" is now "/tools/Disk_Xilinx/Vivado/2019.1/data/xsim/ip/v_ccm_v6_0_15"
INFO: [VRFC 10-232] The veri library search path for library "v_ccm_v6_0_15" is now "/tools/Disk_Xilinx/Vivado/2019.1/data/xsim/ip/v_ccm_v6_0_15"
INFO: [VRFC 10-233] The vhdl library search path for library "zynq_ultra_ps_e_vip_v1_0_5" is now "/tools/Disk_Xilinx/Vivado/2019.1/data/xsim/ip/zynq_ultra_ps_e_vip_v1_0_5"
INFO: [VRFC 10-232] The veri library search path for library "zynq_ultra_ps_e_vip_v1_0_5" is now "/tools/Disk_Xilinx/Vivado/2019.1/data/xsim/ip/zynq_ultra_ps_e_vip_v1_0_5"
INFO: [VRFC 10-233] The vhdl library search path for library "cic_compiler_v4_0_14" is now "/tools/Disk_Xilinx/Vivado/2019.1/data/xsim/ip/cic_compiler_v4_0_14"
INFO: [VRFC 10-232] The veri library search path for library "cic_compiler_v4_0_14" is now "/tools/Disk_Xilinx/Vivado/2019.1/data/xsim/ip/cic_compiler_v4_0_14"
INFO: [VRFC 10-233] The vhdl library search path for library "versal_cips_v1_0_0" is now "/tools/Disk_Xilinx/Vivado/2019.1/data/xsim/ip/versal_cips_v1_0_0"
INFO: [VRFC 10-232] The veri library search path for library "versal_cips_v1_0_0" is now "/tools/Disk_Xilinx/Vivado/2019.1/data/xsim/ip/versal_cips_v1_0_0"
INFO: [VRFC 10-233] The vhdl library search path for library "c_mux_bit_v12_0_6" is now "/tools/Disk_Xilinx/Vivado/2019.1/data/xsim/ip/c_mux_bit_v12_0_6"
INFO: [VRFC 10-232] The veri library search path for library "c_mux_bit_v12_0_6" is now "/tools/Disk_Xilinx/Vivado/2019.1/data/xsim/ip/c_mux_bit_v12_0_6"
INFO: [VRFC 10-233] The vhdl library search path for library "axi_memory_init_v1_0_0" is now "/tools/Disk_Xilinx/Vivado/2019.1/data/xsim/ip/axi_memory_init_v1_0_0"
INFO: [VRFC 10-232] The veri library search path for library "axi_memory_init_v1_0_0" is now "/tools/Disk_Xilinx/Vivado/2019.1/data/xsim/ip/axi_memory_init_v1_0_0"
INFO: [VRFC 10-233] The vhdl library search path for library "xxv_ethernet_v2_4_4" is now "/tools/Disk_Xilinx/Vivado/2019.1/data/xsim/ip/xxv_ethernet_v2_4_4"
INFO: [VRFC 10-232] The veri library search path for library "xxv_ethernet_v2_4_4" is now "/tools/Disk_Xilinx/Vivado/2019.1/data/xsim/ip/xxv_ethernet_v2_4_4"
INFO: [VRFC 10-233] The vhdl library search path for library "pr_decoupler_v1_0_7" is now "/tools/Disk_Xilinx/Vivado/2019.1/data/xsim/ip/pr_decoupler_v1_0_7"
INFO: [VRFC 10-232] The veri library search path for library "pr_decoupler_v1_0_7" is now "/tools/Disk_Xilinx/Vivado/2019.1/data/xsim/ip/pr_decoupler_v1_0_7"
INFO: [VRFC 10-233] The vhdl library search path for library "timer_sync_1588_v1_2_4" is now "/tools/Disk_Xilinx/Vivado/2019.1/data/xsim/ip/timer_sync_1588_v1_2_4"
INFO: [VRFC 10-232] The veri library search path for library "timer_sync_1588_v1_2_4" is now "/tools/Disk_Xilinx/Vivado/2019.1/data/xsim/ip/timer_sync_1588_v1_2_4"
INFO: [VRFC 10-233] The vhdl library search path for library "lte_pucch_receiver_v2_0_16" is now "/tools/Disk_Xilinx/Vivado/2019.1/data/xsim/ip/lte_pucch_receiver_v2_0_16"
INFO: [VRFC 10-232] The veri library search path for library "lte_pucch_receiver_v2_0_16" is now "/tools/Disk_Xilinx/Vivado/2019.1/data/xsim/ip/lte_pucch_receiver_v2_0_16"
INFO: [VRFC 10-233] The vhdl library search path for library "zynq_ultra_ps_e_v3_2_3" is now "/tools/Disk_Xilinx/Vivado/2019.1/data/xsim/ip/zynq_ultra_ps_e_v3_2_3"
INFO: [VRFC 10-232] The veri library search path for library "zynq_ultra_ps_e_v3_2_3" is now "/tools/Disk_Xilinx/Vivado/2019.1/data/xsim/ip/zynq_ultra_ps_e_v3_2_3"
INFO: [VRFC 10-233] The vhdl library search path for library "v_gamma_lut_v1_0_5" is now "/tools/Disk_Xilinx/Vivado/2019.1/data/xsim/ip/v_gamma_lut_v1_0_5"
INFO: [VRFC 10-232] The veri library search path for library "v_gamma_lut_v1_0_5" is now "/tools/Disk_Xilinx/Vivado/2019.1/data/xsim/ip/v_gamma_lut_v1_0_5"
INFO: [VRFC 10-233] The vhdl library search path for library "ethernet_1_10_25g_v2_0_4" is now "/tools/Disk_Xilinx/Vivado/2019.1/data/xsim/ip/ethernet_1_10_25g_v2_0_4"
INFO: [VRFC 10-232] The veri library search path for library "ethernet_1_10_25g_v2_0_4" is now "/tools/Disk_Xilinx/Vivado/2019.1/data/xsim/ip/ethernet_1_10_25g_v2_0_4"
INFO: [VRFC 10-233] The vhdl library search path for library "bs_switch_v1_0_0" is now "/tools/Disk_Xilinx/Vivado/2019.1/data/xsim/ip/bs_switch_v1_0_0"
INFO: [VRFC 10-232] The veri library search path for library "bs_switch_v1_0_0" is now "/tools/Disk_Xilinx/Vivado/2019.1/data/xsim/ip/bs_switch_v1_0_0"
INFO: [VRFC 10-233] The vhdl library search path for library "pcie_jtag_v1_0_0" is now "/tools/Disk_Xilinx/Vivado/2019.1/data/xsim/ip/pcie_jtag_v1_0_0"
INFO: [VRFC 10-232] The veri library search path for library "pcie_jtag_v1_0_0" is now "/tools/Disk_Xilinx/Vivado/2019.1/data/xsim/ip/pcie_jtag_v1_0_0"
INFO: [VRFC 10-233] The vhdl library search path for library "tcc_encoder_3gpplte_v4_0_15" is now "/tools/Disk_Xilinx/Vivado/2019.1/data/xsim/ip/tcc_encoder_3gpplte_v4_0_15"
INFO: [VRFC 10-232] The veri library search path for library "tcc_encoder_3gpplte_v4_0_15" is now "/tools/Disk_Xilinx/Vivado/2019.1/data/xsim/ip/tcc_encoder_3gpplte_v4_0_15"
INFO: [VRFC 10-233] The vhdl library search path for library "polar_v1_0_3" is now "/tools/Disk_Xilinx/Vivado/2019.1/data/xsim/ip/polar_v1_0_3"
INFO: [VRFC 10-232] The veri library search path for library "polar_v1_0_3" is now "/tools/Disk_Xilinx/Vivado/2019.1/data/xsim/ip/polar_v1_0_3"
INFO: [VRFC 10-233] The vhdl library search path for library "cmac_usplus_v2_5_1" is now "/tools/Disk_Xilinx/Vivado/2019.1/data/xsim/ip/cmac_usplus_v2_5_1"
INFO: [VRFC 10-232] The veri library search path for library "cmac_usplus_v2_5_1" is now "/tools/Disk_Xilinx/Vivado/2019.1/data/xsim/ip/cmac_usplus_v2_5_1"
INFO: [VRFC 10-233] The vhdl library search path for library "rxaui_v4_4_6" is now "/tools/Disk_Xilinx/Vivado/2019.1/data/xsim/ip/rxaui_v4_4_6"
INFO: [VRFC 10-232] The veri library search path for library "rxaui_v4_4_6" is now "/tools/Disk_Xilinx/Vivado/2019.1/data/xsim/ip/rxaui_v4_4_6"
INFO: [VRFC 10-233] The vhdl library search path for library "xbip_bram18k_v3_0_6" is now "/tools/Disk_Xilinx/Vivado/2019.1/data/xsim/ip/xbip_bram18k_v3_0_6"
INFO: [VRFC 10-232] The veri library search path for library "xbip_bram18k_v3_0_6" is now "/tools/Disk_Xilinx/Vivado/2019.1/data/xsim/ip/xbip_bram18k_v3_0_6"
INFO: [VRFC 10-233] The vhdl library search path for library "v_gamma_v7_0_15" is now "/tools/Disk_Xilinx/Vivado/2019.1/data/xsim/ip/v_gamma_v7_0_15"
INFO: [VRFC 10-232] The veri library search path for library "v_gamma_v7_0_15" is now "/tools/Disk_Xilinx/Vivado/2019.1/data/xsim/ip/v_gamma_v7_0_15"
INFO: [VRFC 10-233] The vhdl library search path for library "ernic_v1_0_1" is now "/tools/Disk_Xilinx/Vivado/2019.1/data/xsim/ip/ernic_v1_0_1"
INFO: [VRFC 10-232] The veri library search path for library "ernic_v1_0_1" is now "/tools/Disk_Xilinx/Vivado/2019.1/data/xsim/ip/ernic_v1_0_1"
INFO: [VRFC 10-233] The vhdl library search path for library "high_speed_selectio_wiz_v3_2_3" is now "/tools/Disk_Xilinx/Vivado/2019.1/data/xsim/ip/high_speed_selectio_wiz_v3_2_3"
INFO: [VRFC 10-232] The veri library search path for library "high_speed_selectio_wiz_v3_2_3" is now "/tools/Disk_Xilinx/Vivado/2019.1/data/xsim/ip/high_speed_selectio_wiz_v3_2_3"
INFO: [VRFC 10-233] The vhdl library search path for library "mailbox_v2_1_11" is now "/tools/Disk_Xilinx/Vivado/2019.1/data/xsim/ip/mailbox_v2_1_11"
INFO: [VRFC 10-232] The veri library search path for library "mailbox_v2_1_11" is now "/tools/Disk_Xilinx/Vivado/2019.1/data/xsim/ip/mailbox_v2_1_11"
INFO: [VRFC 10-233] The vhdl library search path for library "video_frame_crc_v1_0_1" is now "/tools/Disk_Xilinx/Vivado/2019.1/data/xsim/ip/video_frame_crc_v1_0_1"
INFO: [VRFC 10-232] The veri library search path for library "video_frame_crc_v1_0_1" is now "/tools/Disk_Xilinx/Vivado/2019.1/data/xsim/ip/video_frame_crc_v1_0_1"
INFO: [VRFC 10-233] The vhdl library search path for library "axi_sg_v4_1_12" is now "/tools/Disk_Xilinx/Vivado/2019.1/data/xsim/ip/axi_sg_v4_1_12"
INFO: [VRFC 10-232] The veri library search path for library "axi_sg_v4_1_12" is now "/tools/Disk_Xilinx/Vivado/2019.1/data/xsim/ip/axi_sg_v4_1_12"
INFO: [VRFC 10-233] The vhdl library search path for library "ddr4_pl_phy_v1_0_0" is now "/tools/Disk_Xilinx/Vivado/2019.1/data/xsim/ip/ddr4_pl_phy_v1_0_0"
INFO: [VRFC 10-232] The veri library search path for library "ddr4_pl_phy_v1_0_0" is now "/tools/Disk_Xilinx/Vivado/2019.1/data/xsim/ip/ddr4_pl_phy_v1_0_0"
INFO: [VRFC 10-233] The vhdl library search path for library "lmb_bram_if_cntlr_v4_0_16" is now "/tools/Disk_Xilinx/Vivado/2019.1/data/xsim/ip/lmb_bram_if_cntlr_v4_0_16"
INFO: [VRFC 10-232] The veri library search path for library "lmb_bram_if_cntlr_v4_0_16" is now "/tools/Disk_Xilinx/Vivado/2019.1/data/xsim/ip/lmb_bram_if_cntlr_v4_0_16"
INFO: [VRFC 10-233] The vhdl library search path for library "dft_v4_1_1" is now "/tools/Disk_Xilinx/Vivado/2019.1/data/xsim/ip/dft_v4_1_1"
INFO: [VRFC 10-232] The veri library search path for library "dft_v4_1_1" is now "/tools/Disk_Xilinx/Vivado/2019.1/data/xsim/ip/dft_v4_1_1"
INFO: [VRFC 10-233] The vhdl library search path for library "rld3_pl_phy_v1_0_0" is now "/tools/Disk_Xilinx/Vivado/2019.1/data/xsim/ip/rld3_pl_phy_v1_0_0"
INFO: [VRFC 10-232] The veri library search path for library "rld3_pl_phy_v1_0_0" is now "/tools/Disk_Xilinx/Vivado/2019.1/data/xsim/ip/rld3_pl_phy_v1_0_0"
INFO: [VRFC 10-233] The vhdl library search path for library "axi_utils_v2_0_6" is now "/tools/Disk_Xilinx/Vivado/2019.1/data/xsim/ip/axi_utils_v2_0_6"
INFO: [VRFC 10-232] The veri library search path for library "axi_utils_v2_0_6" is now "/tools/Disk_Xilinx/Vivado/2019.1/data/xsim/ip/axi_utils_v2_0_6"
INFO: [VRFC 10-233] The vhdl library search path for library "v_smpte_uhdsdi_rx_v1_0_0" is now "/tools/Disk_Xilinx/Vivado/2019.1/data/xsim/ip/v_smpte_uhdsdi_rx_v1_0_0"
INFO: [VRFC 10-232] The veri library search path for library "v_smpte_uhdsdi_rx_v1_0_0" is now "/tools/Disk_Xilinx/Vivado/2019.1/data/xsim/ip/v_smpte_uhdsdi_rx_v1_0_0"
INFO: [VRFC 10-233] The vhdl library search path for library "stm_v1_0_0" is now "/tools/Disk_Xilinx/Vivado/2019.1/data/xsim/ip/stm_v1_0_0"
INFO: [VRFC 10-232] The veri library search path for library "stm_v1_0_0" is now "/tools/Disk_Xilinx/Vivado/2019.1/data/xsim/ip/stm_v1_0_0"
INFO: [VRFC 10-233] The vhdl library search path for library "lmb_bram_if_cntlr_v4_0" is now "/tools/Disk_Xilinx/Vivado/2019.1/data/xsim/ip/lmb_bram_if_cntlr_v4_0"
INFO: [VRFC 10-232] The veri library search path for library "lmb_bram_if_cntlr_v4_0" is now "/tools/Disk_Xilinx/Vivado/2019.1/data/xsim/ip/lmb_bram_if_cntlr_v4_0"
INFO: [VRFC 10-233] The vhdl library search path for library "uhdsdi_gt_v1_0_3" is now "/tools/Disk_Xilinx/Vivado/2019.1/data/xsim/ip/uhdsdi_gt_v1_0_3"
INFO: [VRFC 10-232] The veri library search path for library "uhdsdi_gt_v1_0_3" is now "/tools/Disk_Xilinx/Vivado/2019.1/data/xsim/ip/uhdsdi_gt_v1_0_3"
INFO: [VRFC 10-233] The vhdl library search path for library "pc_cfr_v6_1_4" is now "/tools/Disk_Xilinx/Vivado/2019.1/data/xsim/ip/pc_cfr_v6_1_4"
INFO: [VRFC 10-232] The veri library search path for library "pc_cfr_v6_1_4" is now "/tools/Disk_Xilinx/Vivado/2019.1/data/xsim/ip/pc_cfr_v6_1_4"
INFO: [VRFC 10-233] The vhdl library search path for library "lmb_v10_v3_0_9" is now "/tools/Disk_Xilinx/Vivado/2019.1/data/xsim/ip/lmb_v10_v3_0_9"
INFO: [VRFC 10-232] The veri library search path for library "lmb_v10_v3_0_9" is now "/tools/Disk_Xilinx/Vivado/2019.1/data/xsim/ip/lmb_v10_v3_0_9"
INFO: [VRFC 10-233] The vhdl library search path for library "axis_interconnect_v1_1_17" is now "/tools/Disk_Xilinx/Vivado/2019.1/data/xsim/ip/axis_interconnect_v1_1_17"
INFO: [VRFC 10-232] The veri library search path for library "axis_interconnect_v1_1_17" is now "/tools/Disk_Xilinx/Vivado/2019.1/data/xsim/ip/axis_interconnect_v1_1_17"
INFO: [VRFC 10-233] The vhdl library search path for library "cordic_v6_0_15" is now "/tools/Disk_Xilinx/Vivado/2019.1/data/xsim/ip/cordic_v6_0_15"
INFO: [VRFC 10-232] The veri library search path for library "cordic_v6_0_15" is now "/tools/Disk_Xilinx/Vivado/2019.1/data/xsim/ip/cordic_v6_0_15"
INFO: [VRFC 10-233] The vhdl library search path for library "axis_register_slice_v1_1_19" is now "/tools/Disk_Xilinx/Vivado/2019.1/data/xsim/ip/axis_register_slice_v1_1_19"
INFO: [VRFC 10-232] The veri library search path for library "axis_register_slice_v1_1_19" is now "/tools/Disk_Xilinx/Vivado/2019.1/data/xsim/ip/axis_register_slice_v1_1_19"
INFO: [VRFC 10-233] The vhdl library search path for library "axis_switch_v1_1_19" is now "/tools/Disk_Xilinx/Vivado/2019.1/data/xsim/ip/axis_switch_v1_1_19"
INFO: [VRFC 10-232] The veri library search path for library "axis_switch_v1_1_19" is now "/tools/Disk_Xilinx/Vivado/2019.1/data/xsim/ip/axis_switch_v1_1_19"
INFO: [VRFC 10-233] The vhdl library search path for library "axi_interconnect_v1_7_16" is now "/tools/Disk_Xilinx/Vivado/2019.1/data/xsim/ip/axi_interconnect_v1_7_16"
INFO: [VRFC 10-232] The veri library search path for library "axi_interconnect_v1_7_16" is now "/tools/Disk_Xilinx/Vivado/2019.1/data/xsim/ip/axi_interconnect_v1_7_16"
INFO: [VRFC 10-233] The vhdl library search path for library "mult_gen_v12_0_15" is now "/tools/Disk_Xilinx/Vivado/2019.1/data/xsim/ip/mult_gen_v12_0_15"
INFO: [VRFC 10-232] The veri library search path for library "mult_gen_v12_0_15" is now "/tools/Disk_Xilinx/Vivado/2019.1/data/xsim/ip/mult_gen_v12_0_15"
INFO: [VRFC 10-233] The vhdl library search path for library "spdif_v2_0_21" is now "/tools/Disk_Xilinx/Vivado/2019.1/data/xsim/ip/spdif_v2_0_21"
INFO: [VRFC 10-232] The veri library search path for library "spdif_v2_0_21" is now "/tools/Disk_Xilinx/Vivado/2019.1/data/xsim/ip/spdif_v2_0_21"
INFO: [VRFC 10-233] The vhdl library search path for library "v_hscaler_v1_0_13" is now "/tools/Disk_Xilinx/Vivado/2019.1/data/xsim/ip/v_hscaler_v1_0_13"
INFO: [VRFC 10-232] The veri library search path for library "v_hscaler_v1_0_13" is now "/tools/Disk_Xilinx/Vivado/2019.1/data/xsim/ip/v_hscaler_v1_0_13"
INFO: [VRFC 10-233] The vhdl library search path for library "xbip_pipe_v3_0_6" is now "/tools/Disk_Xilinx/Vivado/2019.1/data/xsim/ip/xbip_pipe_v3_0_6"
INFO: [VRFC 10-232] The veri library search path for library "xbip_pipe_v3_0_6" is now "/tools/Disk_Xilinx/Vivado/2019.1/data/xsim/ip/xbip_pipe_v3_0_6"
INFO: [VRFC 10-233] The vhdl library search path for library "roe_framer_v2_0_0" is now "/tools/Disk_Xilinx/Vivado/2019.1/data/xsim/ip/roe_framer_v2_0_0"
INFO: [VRFC 10-232] The veri library search path for library "roe_framer_v2_0_0" is now "/tools/Disk_Xilinx/Vivado/2019.1/data/xsim/ip/roe_framer_v2_0_0"
INFO: [VRFC 10-233] The vhdl library search path for library "axi_quad_spi_v3_2_18" is now "/tools/Disk_Xilinx/Vivado/2019.1/data/xsim/ip/axi_quad_spi_v3_2_18"
INFO: [VRFC 10-232] The veri library search path for library "axi_quad_spi_v3_2_18" is now "/tools/Disk_Xilinx/Vivado/2019.1/data/xsim/ip/axi_quad_spi_v3_2_18"
INFO: [VRFC 10-233] The vhdl library search path for library "axi_bram_ctrl_v4_1_1" is now "/tools/Disk_Xilinx/Vivado/2019.1/data/xsim/ip/axi_bram_ctrl_v4_1_1"
INFO: [VRFC 10-232] The veri library search path for library "axi_bram_ctrl_v4_1_1" is now "/tools/Disk_Xilinx/Vivado/2019.1/data/xsim/ip/axi_bram_ctrl_v4_1_1"
INFO: [VRFC 10-233] The vhdl library search path for library "axi_lite_ipif_v3_0_4" is now "/tools/Disk_Xilinx/Vivado/2019.1/data/xsim/ip/axi_lite_ipif_v3_0_4"
INFO: [VRFC 10-232] The veri library search path for library "axi_lite_ipif_v3_0_4" is now "/tools/Disk_Xilinx/Vivado/2019.1/data/xsim/ip/axi_lite_ipif_v3_0_4"
INFO: [VRFC 10-233] The vhdl library search path for library "axi_protocol_checker_v2_0_5" is now "/tools/Disk_Xilinx/Vivado/2019.1/data/xsim/ip/axi_protocol_checker_v2_0_5"
INFO: [VRFC 10-232] The veri library search path for library "axi_protocol_checker_v2_0_5" is now "/tools/Disk_Xilinx/Vivado/2019.1/data/xsim/ip/axi_protocol_checker_v2_0_5"
INFO: [VRFC 10-233] The vhdl library search path for library "axi_lite_ipif_v3_0" is now "/tools/Disk_Xilinx/Vivado/2019.1/data/xsim/ip/axi_lite_ipif_v3_0"
INFO: [VRFC 10-232] The veri library search path for library "axi_lite_ipif_v3_0" is now "/tools/Disk_Xilinx/Vivado/2019.1/data/xsim/ip/axi_lite_ipif_v3_0"
INFO: [VRFC 10-233] The vhdl library search path for library "mipi_dsi_tx_ctrl_v1_0_7" is now "/tools/Disk_Xilinx/Vivado/2019.1/data/xsim/ip/mipi_dsi_tx_ctrl_v1_0_7"
INFO: [VRFC 10-232] The veri library search path for library "mipi_dsi_tx_ctrl_v1_0_7" is now "/tools/Disk_Xilinx/Vivado/2019.1/data/xsim/ip/mipi_dsi_tx_ctrl_v1_0_7"
INFO: [VRFC 10-233] The vhdl library search path for library "aie_xtlm_v1_0_0" is now "/tools/Disk_Xilinx/Vivado/2019.1/data/xsim/ip/aie_xtlm_v1_0_0"
INFO: [VRFC 10-232] The veri library search path for library "aie_xtlm_v1_0_0" is now "/tools/Disk_Xilinx/Vivado/2019.1/data/xsim/ip/aie_xtlm_v1_0_0"
INFO: [VRFC 10-233] The vhdl library search path for library "xtlm" is now "/tools/Disk_Xilinx/Vivado/2019.1/data/xsim/ip/xtlm"
INFO: [VRFC 10-232] The veri library search path for library "xtlm" is now "/tools/Disk_Xilinx/Vivado/2019.1/data/xsim/ip/xtlm"
INFO: [VRFC 10-233] The vhdl library search path for library "iomodule_v3_0" is now "/tools/Disk_Xilinx/Vivado/2019.1/data/xsim/ip/iomodule_v3_0"
INFO: [VRFC 10-232] The veri library search path for library "iomodule_v3_0" is now "/tools/Disk_Xilinx/Vivado/2019.1/data/xsim/ip/iomodule_v3_0"
INFO: [VRFC 10-233] The vhdl library search path for library "ieee802d3_clause74_fec_v1_0_4" is now "/tools/Disk_Xilinx/Vivado/2019.1/data/xsim/ip/ieee802d3_clause74_fec_v1_0_4"
INFO: [VRFC 10-232] The veri library search path for library "ieee802d3_clause74_fec_v1_0_4" is now "/tools/Disk_Xilinx/Vivado/2019.1/data/xsim/ip/ieee802d3_clause74_fec_v1_0_4"
INFO: [VRFC 10-233] The vhdl library search path for library "xlconcat_v2_1_3" is now "/tools/Disk_Xilinx/Vivado/2019.1/data/xsim/ip/xlconcat_v2_1_3"
INFO: [VRFC 10-232] The veri library search path for library "xlconcat_v2_1_3" is now "/tools/Disk_Xilinx/Vivado/2019.1/data/xsim/ip/xlconcat_v2_1_3"
INFO: [VRFC 10-233] The vhdl library search path for library "perf_axi_tg_v1_0_8" is now "/tools/Disk_Xilinx/Vivado/2019.1/data/xsim/ip/perf_axi_tg_v1_0_8"
INFO: [VRFC 10-232] The veri library search path for library "perf_axi_tg_v1_0_8" is now "/tools/Disk_Xilinx/Vivado/2019.1/data/xsim/ip/perf_axi_tg_v1_0_8"
INFO: [VRFC 10-233] The vhdl library search path for library "axi_crossbar_v2_1_20" is now "/tools/Disk_Xilinx/Vivado/2019.1/data/xsim/ip/axi_crossbar_v2_1_20"
INFO: [VRFC 10-232] The veri library search path for library "axi_crossbar_v2_1_20" is now "/tools/Disk_Xilinx/Vivado/2019.1/data/xsim/ip/axi_crossbar_v2_1_20"
INFO: [VRFC 10-233] The vhdl library search path for library "tsn_endpoint_ethernet_mac_block_v1_0_4" is now "/tools/Disk_Xilinx/Vivado/2019.1/data/xsim/ip/tsn_endpoint_ethernet_mac_block_v1_0_4"
INFO: [VRFC 10-232] The veri library search path for library "tsn_endpoint_ethernet_mac_block_v1_0_4" is now "/tools/Disk_Xilinx/Vivado/2019.1/data/xsim/ip/tsn_endpoint_ethernet_mac_block_v1_0_4"
INFO: [VRFC 10-233] The vhdl library search path for library "v_ycrcb2rgb_v7_1_13" is now "/tools/Disk_Xilinx/Vivado/2019.1/data/xsim/ip/v_ycrcb2rgb_v7_1_13"
INFO: [VRFC 10-232] The veri library search path for library "v_ycrcb2rgb_v7_1_13" is now "/tools/Disk_Xilinx/Vivado/2019.1/data/xsim/ip/v_ycrcb2rgb_v7_1_13"
INFO: [VRFC 10-233] The vhdl library search path for library "xhmc_v1_0_9" is now "/tools/Disk_Xilinx/Vivado/2019.1/data/xsim/ip/xhmc_v1_0_9"
INFO: [VRFC 10-232] The veri library search path for library "xhmc_v1_0_9" is now "/tools/Disk_Xilinx/Vivado/2019.1/data/xsim/ip/xhmc_v1_0_9"
INFO: [VRFC 10-233] The vhdl library search path for library "dp_videoaxi4s_bridge_v1_0_0" is now "/tools/Disk_Xilinx/Vivado/2019.1/data/xsim/ip/dp_videoaxi4s_bridge_v1_0_0"
INFO: [VRFC 10-232] The veri library search path for library "dp_videoaxi4s_bridge_v1_0_0" is now "/tools/Disk_Xilinx/Vivado/2019.1/data/xsim/ip/dp_videoaxi4s_bridge_v1_0_0"
INFO: [VRFC 10-233] The vhdl library search path for library "lte_ul_channel_decoder_v4_0_16" is now "/tools/Disk_Xilinx/Vivado/2019.1/data/xsim/ip/lte_ul_channel_decoder_v4_0_16"
INFO: [VRFC 10-232] The veri library search path for library "lte_ul_channel_decoder_v4_0_16" is now "/tools/Disk_Xilinx/Vivado/2019.1/data/xsim/ip/lte_ul_channel_decoder_v4_0_16"
INFO: [VRFC 10-233] The vhdl library search path for library "soft_ecc_proxy_v1_0_0" is now "/tools/Disk_Xilinx/Vivado/2019.1/data/xsim/ip/soft_ecc_proxy_v1_0_0"
INFO: [VRFC 10-232] The veri library search path for library "soft_ecc_proxy_v1_0_0" is now "/tools/Disk_Xilinx/Vivado/2019.1/data/xsim/ip/soft_ecc_proxy_v1_0_0"
INFO: [VRFC 10-233] The vhdl library search path for library "pr_bitstream_monitor_v1_0_1" is now "/tools/Disk_Xilinx/Vivado/2019.1/data/xsim/ip/pr_bitstream_monitor_v1_0_1"
INFO: [VRFC 10-232] The veri library search path for library "pr_bitstream_monitor_v1_0_1" is now "/tools/Disk_Xilinx/Vivado/2019.1/data/xsim/ip/pr_bitstream_monitor_v1_0_1"
INFO: [VRFC 10-233] The vhdl library search path for library "sync_ip" is now "/tools/Disk_Xilinx/Vivado/2019.1/data/xsim/ip/sync_ip"
INFO: [VRFC 10-232] The veri library search path for library "sync_ip" is now "/tools/Disk_Xilinx/Vivado/2019.1/data/xsim/ip/sync_ip"
INFO: [VRFC 10-233] The vhdl library search path for library "v_frmbuf_rd_v2_1_2" is now "/tools/Disk_Xilinx/Vivado/2019.1/data/xsim/ip/v_frmbuf_rd_v2_1_2"
INFO: [VRFC 10-232] The veri library search path for library "v_frmbuf_rd_v2_1_2" is now "/tools/Disk_Xilinx/Vivado/2019.1/data/xsim/ip/v_frmbuf_rd_v2_1_2"
INFO: [VRFC 10-233] The vhdl library search path for library "c_compare_v12_0_6" is now "/tools/Disk_Xilinx/Vivado/2019.1/data/xsim/ip/c_compare_v12_0_6"
INFO: [VRFC 10-232] The veri library search path for library "c_compare_v12_0_6" is now "/tools/Disk_Xilinx/Vivado/2019.1/data/xsim/ip/c_compare_v12_0_6"
INFO: [VRFC 10-233] The vhdl library search path for library "axi_mcdma_v1_0_5" is now "/tools/Disk_Xilinx/Vivado/2019.1/data/xsim/ip/axi_mcdma_v1_0_5"
INFO: [VRFC 10-232] The veri library search path for library "axi_mcdma_v1_0_5" is now "/tools/Disk_Xilinx/Vivado/2019.1/data/xsim/ip/axi_mcdma_v1_0_5"
INFO: [VRFC 10-233] The vhdl library search path for library "fc32_rs_fec_v1_0_10" is now "/tools/Disk_Xilinx/Vivado/2019.1/data/xsim/ip/fc32_rs_fec_v1_0_10"
INFO: [VRFC 10-232] The veri library search path for library "fc32_rs_fec_v1_0_10" is now "/tools/Disk_Xilinx/Vivado/2019.1/data/xsim/ip/fc32_rs_fec_v1_0_10"
INFO: [VRFC 10-233] The vhdl library search path for library "c_gate_bit_v12_0_6" is now "/tools/Disk_Xilinx/Vivado/2019.1/data/xsim/ip/c_gate_bit_v12_0_6"
INFO: [VRFC 10-232] The veri library search path for library "c_gate_bit_v12_0_6" is now "/tools/Disk_Xilinx/Vivado/2019.1/data/xsim/ip/c_gate_bit_v12_0_6"
INFO: [VRFC 10-233] The vhdl library search path for library "g709_fec_v2_4_1" is now "/tools/Disk_Xilinx/Vivado/2019.1/data/xsim/ip/g709_fec_v2_4_1"
INFO: [VRFC 10-232] The veri library search path for library "g709_fec_v2_4_1" is now "/tools/Disk_Xilinx/Vivado/2019.1/data/xsim/ip/g709_fec_v2_4_1"
INFO: [VRFC 10-233] The vhdl library search path for library "lut_buffer_v1_0_0" is now "/tools/Disk_Xilinx/Vivado/2019.1/data/xsim/ip/lut_buffer_v1_0_0"
INFO: [VRFC 10-232] The veri library search path for library "lut_buffer_v1_0_0" is now "/tools/Disk_Xilinx/Vivado/2019.1/data/xsim/ip/lut_buffer_v1_0_0"
INFO: [VRFC 10-233] The vhdl library search path for library "ai_pl" is now "/tools/Disk_Xilinx/Vivado/2019.1/data/xsim/ip/ai_pl"
INFO: [VRFC 10-232] The veri library search path for library "ai_pl" is now "/tools/Disk_Xilinx/Vivado/2019.1/data/xsim/ip/ai_pl"
INFO: [VRFC 10-233] The vhdl library search path for library "fifo_generator_v13_1_4" is now "/tools/Disk_Xilinx/Vivado/2019.1/data/xsim/ip/fifo_generator_v13_1_4"
INFO: [VRFC 10-232] The veri library search path for library "fifo_generator_v13_1_4" is now "/tools/Disk_Xilinx/Vivado/2019.1/data/xsim/ip/fifo_generator_v13_1_4"
INFO: [VRFC 10-233] The vhdl library search path for library "v_uhdsdi_audio_v1_1_0" is now "/tools/Disk_Xilinx/Vivado/2019.1/data/xsim/ip/v_uhdsdi_audio_v1_1_0"
INFO: [VRFC 10-232] The veri library search path for library "v_uhdsdi_audio_v1_1_0" is now "/tools/Disk_Xilinx/Vivado/2019.1/data/xsim/ip/v_uhdsdi_audio_v1_1_0"
INFO: [VRFC 10-233] The vhdl library search path for library "l_ethernet_v2_3_5" is now "/tools/Disk_Xilinx/Vivado/2019.1/data/xsim/ip/l_ethernet_v2_3_5"
INFO: [VRFC 10-232] The veri library search path for library "l_ethernet_v2_3_5" is now "/tools/Disk_Xilinx/Vivado/2019.1/data/xsim/ip/l_ethernet_v2_3_5"
INFO: [VRFC 10-233] The vhdl library search path for library "ethernet_1_10_25g_v2_1_3" is now "/tools/Disk_Xilinx/Vivado/2019.1/data/xsim/ip/ethernet_1_10_25g_v2_1_3"
INFO: [VRFC 10-232] The veri library search path for library "ethernet_1_10_25g_v2_1_3" is now "/tools/Disk_Xilinx/Vivado/2019.1/data/xsim/ip/ethernet_1_10_25g_v2_1_3"
INFO: [VRFC 10-233] The vhdl library search path for library "microblaze_mcs_v2_3_6" is now "/tools/Disk_Xilinx/Vivado/2019.1/data/xsim/ip/microblaze_mcs_v2_3_6"
INFO: [VRFC 10-232] The veri library search path for library "microblaze_mcs_v2_3_6" is now "/tools/Disk_Xilinx/Vivado/2019.1/data/xsim/ip/microblaze_mcs_v2_3_6"
INFO: [VRFC 10-233] The vhdl library search path for library "v_uhdsdi_audio_v2_0_1" is now "/tools/Disk_Xilinx/Vivado/2019.1/data/xsim/ip/v_uhdsdi_audio_v2_0_1"
INFO: [VRFC 10-232] The veri library search path for library "v_uhdsdi_audio_v2_0_1" is now "/tools/Disk_Xilinx/Vivado/2019.1/data/xsim/ip/v_uhdsdi_audio_v2_0_1"
INFO: [VRFC 10-233] The vhdl library search path for library "ldpc_v2_0_3" is now "/tools/Disk_Xilinx/Vivado/2019.1/data/xsim/ip/ldpc_v2_0_3"
INFO: [VRFC 10-232] The veri library search path for library "ldpc_v2_0_3" is now "/tools/Disk_Xilinx/Vivado/2019.1/data/xsim/ip/ldpc_v2_0_3"
INFO: [VRFC 10-233] The vhdl library search path for library "xbip_dsp48_mult_v3_0_6" is now "/tools/Disk_Xilinx/Vivado/2019.1/data/xsim/ip/xbip_dsp48_mult_v3_0_6"
INFO: [VRFC 10-232] The veri library search path for library "xbip_dsp48_mult_v3_0_6" is now "/tools/Disk_Xilinx/Vivado/2019.1/data/xsim/ip/xbip_dsp48_mult_v3_0_6"
INFO: [VRFC 10-233] The vhdl library search path for library "xpm" is now "/tools/Disk_Xilinx/Vivado/2019.1/data/xsim/ip/xpm"
INFO: [VRFC 10-232] The veri library search path for library "xpm" is now "/tools/Disk_Xilinx/Vivado/2019.1/data/xsim/ip/xpm"
INFO: [VRFC 10-233] The vhdl library search path for library "srio_gen2_v4_1_6" is now "/tools/Disk_Xilinx/Vivado/2019.1/data/xsim/ip/srio_gen2_v4_1_6"
INFO: [VRFC 10-232] The veri library search path for library "srio_gen2_v4_1_6" is now "/tools/Disk_Xilinx/Vivado/2019.1/data/xsim/ip/srio_gen2_v4_1_6"
INFO: [VRFC 10-233] The vhdl library search path for library "g975_efec_i4_v1_0_17" is now "/tools/Disk_Xilinx/Vivado/2019.1/data/xsim/ip/g975_efec_i4_v1_0_17"
INFO: [VRFC 10-232] The veri library search path for library "g975_efec_i4_v1_0_17" is now "/tools/Disk_Xilinx/Vivado/2019.1/data/xsim/ip/g975_efec_i4_v1_0_17"
INFO: [VRFC 10-233] The vhdl library search path for library "noc_na_v1_0_0" is now "/tools/Disk_Xilinx/Vivado/2019.1/data/xsim/ip/noc_na_v1_0_0"
INFO: [VRFC 10-232] The veri library search path for library "noc_na_v1_0_0" is now "/tools/Disk_Xilinx/Vivado/2019.1/data/xsim/ip/noc_na_v1_0_0"
INFO: [VRFC 10-233] The vhdl library search path for library "xbip_utils_v3_0_10" is now "/tools/Disk_Xilinx/Vivado/2019.1/data/xsim/ip/xbip_utils_v3_0_10"
INFO: [VRFC 10-232] The veri library search path for library "xbip_utils_v3_0_10" is now "/tools/Disk_Xilinx/Vivado/2019.1/data/xsim/ip/xbip_utils_v3_0_10"
INFO: [VRFC 10-233] The vhdl library search path for library "tmr_sem_v1_0_8" is now "/tools/Disk_Xilinx/Vivado/2019.1/data/xsim/ip/tmr_sem_v1_0_8"
INFO: [VRFC 10-232] The veri library search path for library "tmr_sem_v1_0_8" is now "/tools/Disk_Xilinx/Vivado/2019.1/data/xsim/ip/tmr_sem_v1_0_8"
INFO: [VRFC 10-233] The vhdl library search path for library "generic_baseblocks_v2_1_0" is now "/tools/Disk_Xilinx/Vivado/2019.1/data/xsim/ip/generic_baseblocks_v2_1_0"
INFO: [VRFC 10-232] The veri library search path for library "generic_baseblocks_v2_1_0" is now "/tools/Disk_Xilinx/Vivado/2019.1/data/xsim/ip/generic_baseblocks_v2_1_0"
INFO: [VRFC 10-233] The vhdl library search path for library "ten_gig_eth_pcs_pma_v6_0_15" is now "/tools/Disk_Xilinx/Vivado/2019.1/data/xsim/ip/ten_gig_eth_pcs_pma_v6_0_15"
INFO: [VRFC 10-232] The veri library search path for library "ten_gig_eth_pcs_pma_v6_0_15" is now "/tools/Disk_Xilinx/Vivado/2019.1/data/xsim/ip/ten_gig_eth_pcs_pma_v6_0_15"
INFO: [VRFC 10-233] The vhdl library search path for library "can_v5_0_22" is now "/tools/Disk_Xilinx/Vivado/2019.1/data/xsim/ip/can_v5_0_22"
INFO: [VRFC 10-232] The veri library search path for library "can_v5_0_22" is now "/tools/Disk_Xilinx/Vivado/2019.1/data/xsim/ip/can_v5_0_22"
INFO: [VRFC 10-233] The vhdl library search path for library "av_pat_gen_v1_0_0" is now "/tools/Disk_Xilinx/Vivado/2019.1/data/xsim/ip/av_pat_gen_v1_0_0"
INFO: [VRFC 10-232] The veri library search path for library "av_pat_gen_v1_0_0" is now "/tools/Disk_Xilinx/Vivado/2019.1/data/xsim/ip/av_pat_gen_v1_0_0"
INFO: [VRFC 10-233] The vhdl library search path for library "fec_5g_common_v1_1_1" is now "/tools/Disk_Xilinx/Vivado/2019.1/data/xsim/ip/fec_5g_common_v1_1_1"
INFO: [VRFC 10-232] The veri library search path for library "fec_5g_common_v1_1_1" is now "/tools/Disk_Xilinx/Vivado/2019.1/data/xsim/ip/fec_5g_common_v1_1_1"
INFO: [VRFC 10-233] The vhdl library search path for library "lmb_v10_v3_0" is now "/tools/Disk_Xilinx/Vivado/2019.1/data/xsim/ip/lmb_v10_v3_0"
INFO: [VRFC 10-232] The veri library search path for library "lmb_v10_v3_0" is now "/tools/Disk_Xilinx/Vivado/2019.1/data/xsim/ip/lmb_v10_v3_0"
INFO: [VRFC 10-233] The vhdl library search path for library "axis_dwidth_converter_v1_1_18" is now "/tools/Disk_Xilinx/Vivado/2019.1/data/xsim/ip/axis_dwidth_converter_v1_1_18"
INFO: [VRFC 10-232] The veri library search path for library "axis_dwidth_converter_v1_1_18" is now "/tools/Disk_Xilinx/Vivado/2019.1/data/xsim/ip/axis_dwidth_converter_v1_1_18"
INFO: [VRFC 10-233] The vhdl library search path for library "lte_rach_detector_v3_1_5" is now "/tools/Disk_Xilinx/Vivado/2019.1/data/xsim/ip/lte_rach_detector_v3_1_5"
INFO: [VRFC 10-232] The veri library search path for library "lte_rach_detector_v3_1_5" is now "/tools/Disk_Xilinx/Vivado/2019.1/data/xsim/ip/lte_rach_detector_v3_1_5"
INFO: [VRFC 10-233] The vhdl library search path for library "axi_iic_v2_0_22" is now "/tools/Disk_Xilinx/Vivado/2019.1/data/xsim/ip/axi_iic_v2_0_22"
INFO: [VRFC 10-232] The veri library search path for library "axi_iic_v2_0_22" is now "/tools/Disk_Xilinx/Vivado/2019.1/data/xsim/ip/axi_iic_v2_0_22"
INFO: [VRFC 10-233] The vhdl library search path for library "axi_pcie_v2_9_1" is now "/tools/Disk_Xilinx/Vivado/2019.1/data/xsim/ip/axi_pcie_v2_9_1"
INFO: [VRFC 10-232] The veri library search path for library "axi_pcie_v2_9_1" is now "/tools/Disk_Xilinx/Vivado/2019.1/data/xsim/ip/axi_pcie_v2_9_1"
INFO: [VRFC 10-233] The vhdl library search path for library "util_reduced_logic_v2_0_4" is now "/tools/Disk_Xilinx/Vivado/2019.1/data/xsim/ip/util_reduced_logic_v2_0_4"
INFO: [VRFC 10-232] The veri library search path for library "util_reduced_logic_v2_0_4" is now "/tools/Disk_Xilinx/Vivado/2019.1/data/xsim/ip/util_reduced_logic_v2_0_4"
INFO: [VRFC 10-233] The vhdl library search path for library "sim_trig_top_v1_0" is now "/tools/Disk_Xilinx/Vivado/2019.1/data/xsim/ip/sim_trig_top_v1_0"
INFO: [VRFC 10-232] The veri library search path for library "sim_trig_top_v1_0" is now "/tools/Disk_Xilinx/Vivado/2019.1/data/xsim/ip/sim_trig_top_v1_0"
INFO: [VRFC 10-233] The vhdl library search path for library "v_smpte_uhdsdi_tx_v1_0_0" is now "/tools/Disk_Xilinx/Vivado/2019.1/data/xsim/ip/v_smpte_uhdsdi_tx_v1_0_0"
INFO: [VRFC 10-232] The veri library search path for library "v_smpte_uhdsdi_tx_v1_0_0" is now "/tools/Disk_Xilinx/Vivado/2019.1/data/xsim/ip/v_smpte_uhdsdi_tx_v1_0_0"
INFO: [VRFC 10-233] The vhdl library search path for library "v_tpg_v7_0_13" is now "/tools/Disk_Xilinx/Vivado/2019.1/data/xsim/ip/v_tpg_v7_0_13"
INFO: [VRFC 10-232] The veri library search path for library "v_tpg_v7_0_13" is now "/tools/Disk_Xilinx/Vivado/2019.1/data/xsim/ip/v_tpg_v7_0_13"
INFO: [VRFC 10-233] The vhdl library search path for library "sd_fec_v1_1_3" is now "/tools/Disk_Xilinx/Vivado/2019.1/data/xsim/ip/sd_fec_v1_1_3"
INFO: [VRFC 10-232] The veri library search path for library "sd_fec_v1_1_3" is now "/tools/Disk_Xilinx/Vivado/2019.1/data/xsim/ip/sd_fec_v1_1_3"
INFO: [VRFC 10-233] The vhdl library search path for library "flexo_100g_rs_fec_v1_0_10" is now "/tools/Disk_Xilinx/Vivado/2019.1/data/xsim/ip/flexo_100g_rs_fec_v1_0_10"
INFO: [VRFC 10-232] The veri library search path for library "flexo_100g_rs_fec_v1_0_10" is now "/tools/Disk_Xilinx/Vivado/2019.1/data/xsim/ip/flexo_100g_rs_fec_v1_0_10"
INFO: [VRFC 10-233] The vhdl library search path for library "xbip_dsp48_multadd_v3_0_6" is now "/tools/Disk_Xilinx/Vivado/2019.1/data/xsim/ip/xbip_dsp48_multadd_v3_0_6"
INFO: [VRFC 10-232] The veri library search path for library "xbip_dsp48_multadd_v3_0_6" is now "/tools/Disk_Xilinx/Vivado/2019.1/data/xsim/ip/xbip_dsp48_multadd_v3_0_6"
INFO: [VRFC 10-233] The vhdl library search path for library "lib_srl_fifo_v1_0_2" is now "/tools/Disk_Xilinx/Vivado/2019.1/data/xsim/ip/lib_srl_fifo_v1_0_2"
INFO: [VRFC 10-232] The veri library search path for library "lib_srl_fifo_v1_0_2" is now "/tools/Disk_Xilinx/Vivado/2019.1/data/xsim/ip/lib_srl_fifo_v1_0_2"
INFO: [VRFC 10-233] The vhdl library search path for library "v_multi_scaler_v1_0_1" is now "/tools/Disk_Xilinx/Vivado/2019.1/data/xsim/ip/v_multi_scaler_v1_0_1"
INFO: [VRFC 10-232] The veri library search path for library "v_multi_scaler_v1_0_1" is now "/tools/Disk_Xilinx/Vivado/2019.1/data/xsim/ip/v_multi_scaler_v1_0_1"
INFO: [VRFC 10-233] The vhdl library search path for library "axis_infrastructure_v1_1_0" is now "/tools/Disk_Xilinx/Vivado/2019.1/data/xsim/ip/axis_infrastructure_v1_1_0"
INFO: [VRFC 10-232] The veri library search path for library "axis_infrastructure_v1_1_0" is now "/tools/Disk_Xilinx/Vivado/2019.1/data/xsim/ip/axis_infrastructure_v1_1_0"
INFO: [VRFC 10-233] The vhdl library search path for library "advanced_io_wizard_v1_0_0" is now "/tools/Disk_Xilinx/Vivado/2019.1/data/xsim/ip/advanced_io_wizard_v1_0_0"
INFO: [VRFC 10-232] The veri library search path for library "advanced_io_wizard_v1_0_0" is now "/tools/Disk_Xilinx/Vivado/2019.1/data/xsim/ip/advanced_io_wizard_v1_0_0"
INFO: [VRFC 10-233] The vhdl library search path for library "mipi_csi2_rx_ctrl_v1_0_8" is now "/tools/Disk_Xilinx/Vivado/2019.1/data/xsim/ip/mipi_csi2_rx_ctrl_v1_0_8"
INFO: [VRFC 10-232] The veri library search path for library "mipi_csi2_rx_ctrl_v1_0_8" is now "/tools/Disk_Xilinx/Vivado/2019.1/data/xsim/ip/mipi_csi2_rx_ctrl_v1_0_8"
INFO: [VRFC 10-233] The vhdl library search path for library "axi_pcie3_v3_0_9" is now "/tools/Disk_Xilinx/Vivado/2019.1/data/xsim/ip/axi_pcie3_v3_0_9"
INFO: [VRFC 10-232] The veri library search path for library "axi_pcie3_v3_0_9" is now "/tools/Disk_Xilinx/Vivado/2019.1/data/xsim/ip/axi_pcie3_v3_0_9"
INFO: [VRFC 10-233] The vhdl library search path for library "axi_vfifo_ctrl_v2_0_21" is now "/tools/Disk_Xilinx/Vivado/2019.1/data/xsim/ip/axi_vfifo_ctrl_v2_0_21"
INFO: [VRFC 10-232] The veri library search path for library "axi_vfifo_ctrl_v2_0_21" is now "/tools/Disk_Xilinx/Vivado/2019.1/data/xsim/ip/axi_vfifo_ctrl_v2_0_21"
INFO: [VRFC 10-233] The vhdl library search path for library "xsdbm_v2_0_0" is now "/tools/Disk_Xilinx/Vivado/2019.1/data/xsim/ip/xsdbm_v2_0_0"
INFO: [VRFC 10-232] The veri library search path for library "xsdbm_v2_0_0" is now "/tools/Disk_Xilinx/Vivado/2019.1/data/xsim/ip/xsdbm_v2_0_0"
INFO: [VRFC 10-233] The vhdl library search path for library "jesd204c_v4_1_0" is now "/tools/Disk_Xilinx/Vivado/2019.1/data/xsim/ip/jesd204c_v4_1_0"
INFO: [VRFC 10-232] The veri library search path for library "jesd204c_v4_1_0" is now "/tools/Disk_Xilinx/Vivado/2019.1/data/xsim/ip/jesd204c_v4_1_0"
INFO: [VRFC 10-233] The vhdl library search path for library "work" is now "/home/aya/HLS4ML_VS_MANUAL/src/hdl/RHEED_Gaussian/python/xsim.dir/work"
INFO: [VRFC 10-232] The veri library search path for library "work" is now "/home/aya/HLS4ML_VS_MANUAL/src/hdl/RHEED_Gaussian/python/xsim.dir/work"
Environment is set as below at post-xsim.ini-loading: 

-- Dumping Relevant Environment Variables
XILINX = /tools/Disk_Xilinx/Vivado/2019.1/ids_lite/ISE
PATH = /tools/Disk_Xilinx/Vivado/2019.1/bin:/tools/Disk_Xilinx/Vivado/2019.1/tps/lnx64/jre9.0.4/bin:/tools/Disk_Xilinx/Vivado/2019.1/ids_lite/ISE/bin/lin64:/home/aya/.vscode-server/data/User/globalStorage/github.copilot-chat/copilotCli:/home/aya/.vscode-server/cli/servers/Stable-110a328ea54b42367b803ec53ee0bf52ef26b419/server/bin/remote-cli:/home/aya/miniconda3/bin:/home/aya/miniconda3/condabin:/usr/local/sbin:/usr/local/bin:/usr/sbin:/usr/bin:/sbin:/bin:/usr/games:/usr/local/games:/snap/bin:/home/aya/.vscode-server/extensions/ms-python.debugpy-2026.6.0-linux-x64/bundled/scripts/noConfigScripts
LD_LIBRARY_PATH = /tools/Disk_Xilinx/Vivado/2019.1/lib/lnx64.o/Ubuntu:/tools/Disk_Xilinx/Vivado/2019.1/lib/lnx64.o:/tools/Disk_Xilinx/Vivado/2019.1/tps/lnx64/jre9.0.4/lib/:/tools/Disk_Xilinx/Vivado/2019.1/tps/lnx64/jre9.0.4/lib//server:/home/aya/local_libs::/tools/Disk_Xilinx/Vivado/2019.1/bin/../lnx64/tools/dot/lib
PWD = /home/aya/HLS4ML_VS_MANUAL/src/hdl/RHEED_Gaussian/python
CWD = /home/aya/HLS4ML_VS_MANUAL/src/hdl/RHEED_Gaussian/python

-- Dumping Operating System Information
sysname = Linux
release = 5.15.0-190-generic
version = #200-Ubuntu SMP Fri Aug 7 15:06:04 UTC 2026
machine = x86_64
ram (total) = 32088 MB
ram (free) = 15052 MB

-- Dumping Loaded Modules

/lib/x86_64-linux-gnu/libc.so.6
/lib/x86_64-linux-gnu/libdl.so.2
/lib/x86_64-linux-gnu/libm.so.6
/lib/x86_64-linux-gnu/libpthread.so.0
/lib/x86_64-linux-gnu/librt.so.1
/lib/x86_64-linux-gnu/libtinfo.so.5
/lib64/ld-linux-x86-64.so.2
/tools/Disk_Xilinx/Vivado/2019.1/lib/lnx64.o/Ubuntu/libgcc_s.so.1
/tools/Disk_Xilinx/Vivado/2019.1/lib/lnx64.o/Ubuntu/libgomp.so.1
/tools/Disk_Xilinx/Vivado/2019.1/lib/lnx64.o/Ubuntu/libstdc++.so.6
/tools/Disk_Xilinx/Vivado/2019.1/lib/lnx64.o/libCOIN-all.so
/tools/Disk_Xilinx/Vivado/2019.1/lib/lnx64.o/libXil_lmgr11.so
/tools/Disk_Xilinx/Vivado/2019.1/lib/lnx64.o/libboost_context.so
/tools/Disk_Xilinx/Vivado/2019.1/lib/lnx64.o/libboost_coroutine.so
/tools/Disk_Xilinx/Vivado/2019.1/lib/lnx64.o/libboost_date_time.so
/tools/Disk_Xilinx/Vivado/2019.1/lib/lnx64.o/libboost_filesystem.so
/tools/Disk_Xilinx/Vivado/2019.1/lib/lnx64.o/libboost_iostreams.so
/tools/Disk_Xilinx/Vivado/2019.1/lib/lnx64.o/libboost_program_options.so
/tools/Disk_Xilinx/Vivado/2019.1/lib/lnx64.o/libboost_regex.so
/tools/Disk_Xilinx/Vivado/2019.1/lib/lnx64.o/libboost_signals.so
/tools/Disk_Xilinx/Vivado/2019.1/lib/lnx64.o/libboost_system.so
/tools/Disk_Xilinx/Vivado/2019.1/lib/lnx64.o/libboost_thread.so
/tools/Disk_Xilinx/Vivado/2019.1/lib/lnx64.o/libboost_xilinx.so
/tools/Disk_Xilinx/Vivado/2019.1/lib/lnx64.o/libgurobi65.so
/tools/Disk_Xilinx/Vivado/2019.1/lib/lnx64.o/libhdlpsolve.so
/tools/Disk_Xilinx/Vivado/2019.1/lib/lnx64.o/libhdxml.so
/tools/Disk_Xilinx/Vivado/2019.1/lib/lnx64.o/libisl_iostreams.so
/tools/Disk_Xilinx/Vivado/2019.1/lib/lnx64.o/libisl_iosutils.so
/tools/Disk_Xilinx/Vivado/2019.1/lib/lnx64.o/libisl_sysinfo.so
/tools/Disk_Xilinx/Vivado/2019.1/lib/lnx64.o/liblmx6.0.so
/tools/Disk_Xilinx/Vivado/2019.1/lib/lnx64.o/libprotobuf.so.13
/tools/Disk_Xilinx/Vivado/2019.1/lib/lnx64.o/librdi_common.so
/tools/Disk_Xilinx/Vivado/2019.1/lib/lnx64.o/librdi_commoncwebtalk.so
/tools/Disk_Xilinx/Vivado/2019.1/lib/lnx64.o/librdi_commonversion.so
/tools/Disk_Xilinx/Vivado/2019.1/lib/lnx64.o/librdi_commonxillic.so
/tools/Disk_Xilinx/Vivado/2019.1/lib/lnx64.o/librdi_sio.so
/tools/Disk_Xilinx/Vivado/2019.1/lib/lnx64.o/librdiconfig.so
/tools/Disk_Xilinx/Vivado/2019.1/lib/lnx64.o/librdizlib.so
/tools/Disk_Xilinx/Vivado/2019.1/lib/lnx64.o/libtcl8.5.so
/tools/Disk_Xilinx/Vivado/2019.1/lib/lnx64.o/libxerces-c-3.1.so
/tools/Disk_Xilinx/Vivado/2019.1/lib/lnx64.o/libxsimverific.so
linux-vdso.so.1
-- Dumping library mapping
advanced_io_wizard_phy_v1_0_0=/tools/Disk_Xilinx/Vivado/2019.1/data/xsim/ip/advanced_io_wizard_phy_v1_0_0
advanced_io_wizard_v1_0_0=/tools/Disk_Xilinx/Vivado/2019.1/data/xsim/ip/advanced_io_wizard_v1_0_0
ahblite_axi_bridge_v3_0_14=/tools/Disk_Xilinx/Vivado/2019.1/data/xsim/ip/ahblite_axi_bridge_v3_0_14
ai_noc=/tools/Disk_Xilinx/Vivado/2019.1/data/xsim/ip/ai_noc
ai_pl=/tools/Disk_Xilinx/Vivado/2019.1/data/xsim/ip/ai_pl
ai_pl_trig=/tools/Disk_Xilinx/Vivado/2019.1/data/xsim/ip/ai_pl_trig
aie_xtlm_v1_0_0=/tools/Disk_Xilinx/Vivado/2019.1/data/xsim/ip/aie_xtlm_v1_0_0
amm_axi_bridge_v1_0_5=/tools/Disk_Xilinx/Vivado/2019.1/data/xsim/ip/amm_axi_bridge_v1_0_5
ats_switch_v1_0_2=/tools/Disk_Xilinx/Vivado/2019.1/data/xsim/ip/ats_switch_v1_0_2
audio_clock_recovery_v1_0=/tools/Disk_Xilinx/Vivado/2019.1/data/xsim/ip/audio_clock_recovery_v1_0
audio_formatter_v1_0_1=/tools/Disk_Xilinx/Vivado/2019.1/data/xsim/ip/audio_formatter_v1_0_1
audio_tpg_v1_0_0=/tools/Disk_Xilinx/Vivado/2019.1/data/xsim/ip/audio_tpg_v1_0_0
av_pat_gen_v1_0_0=/tools/Disk_Xilinx/Vivado/2019.1/data/xsim/ip/av_pat_gen_v1_0_0
axi4stream_vip_v1_1_5=/tools/Disk_Xilinx/Vivado/2019.1/data/xsim/ip/axi4stream_vip_v1_1_5
axi4svideo_bridge_v1_0_10=/tools/Disk_Xilinx/Vivado/2019.1/data/xsim/ip/axi4svideo_bridge_v1_0_10
axi_ahblite_bridge_v3_0_16=/tools/Disk_Xilinx/Vivado/2019.1/data/xsim/ip/axi_ahblite_bridge_v3_0_16
axi_amm_bridge_v1_0_9=/tools/Disk_Xilinx/Vivado/2019.1/data/xsim/ip/axi_amm_bridge_v1_0_9
axi_apb_bridge_v3_0_15=/tools/Disk_Xilinx/Vivado/2019.1/data/xsim/ip/axi_apb_bridge_v3_0_15
axi_bram_ctrl_v4_0_14=/tools/Disk_Xilinx/Vivado/2019.1/data/xsim/ip/axi_bram_ctrl_v4_0_14
axi_bram_ctrl_v4_1_1=/tools/Disk_Xilinx/Vivado/2019.1/data/xsim/ip/axi_bram_ctrl_v4_1_1
axi_cdma_v4_1_19=/tools/Disk_Xilinx/Vivado/2019.1/data/xsim/ip/axi_cdma_v4_1_19
axi_chip2chip_v5_0_5=/tools/Disk_Xilinx/Vivado/2019.1/data/xsim/ip/axi_chip2chip_v5_0_5
axi_clock_converter_v2_1_18=/tools/Disk_Xilinx/Vivado/2019.1/data/xsim/ip/axi_clock_converter_v2_1_18
axi_crossbar_v2_1_20=/tools/Disk_Xilinx/Vivado/2019.1/data/xsim/ip/axi_crossbar_v2_1_20
axi_data_fifo_v2_1_18=/tools/Disk_Xilinx/Vivado/2019.1/data/xsim/ip/axi_data_fifo_v2_1_18
axi_datamover_v5_1_21=/tools/Disk_Xilinx/Vivado/2019.1/data/xsim/ip/axi_datamover_v5_1_21
axi_dbg_hub=/tools/Disk_Xilinx/Vivado/2019.1/data/xsim/ip/axi_dbg_hub
axi_dma_v7_1_20=/tools/Disk_Xilinx/Vivado/2019.1/data/xsim/ip/axi_dma_v7_1_20
axi_dwidth_converter_v2_1_19=/tools/Disk_Xilinx/Vivado/2019.1/data/xsim/ip/axi_dwidth_converter_v2_1_19
axi_emc_v3_0_19=/tools/Disk_Xilinx/Vivado/2019.1/data/xsim/ip/axi_emc_v3_0_19
axi_epc_v2_0_22=/tools/Disk_Xilinx/Vivado/2019.1/data/xsim/ip/axi_epc_v2_0_22
axi_ethernet_buffer_v2_0_20=/tools/Disk_Xilinx/Vivado/2019.1/data/xsim/ip/axi_ethernet_buffer_v2_0_20
axi_ethernetlite_v3_0_17=/tools/Disk_Xilinx/Vivado/2019.1/data/xsim/ip/axi_ethernetlite_v3_0_17
axi_fifo_mm_s_v4_1_16=/tools/Disk_Xilinx/Vivado/2019.1/data/xsim/ip/axi_fifo_mm_s_v4_1_16
axi_fifo_mm_s_v4_2_1=/tools/Disk_Xilinx/Vivado/2019.1/data/xsim/ip/axi_fifo_mm_s_v4_2_1
axi_firewall_v1_0_7=/tools/Disk_Xilinx/Vivado/2019.1/data/xsim/ip/axi_firewall_v1_0_7
axi_gpio_v2_0_21=/tools/Disk_Xilinx/Vivado/2019.1/data/xsim/ip/axi_gpio_v2_0_21
axi_hwicap_v3_0_23=/tools/Disk_Xilinx/Vivado/2019.1/data/xsim/ip/axi_hwicap_v3_0_23
axi_iic_v2_0_22=/tools/Disk_Xilinx/Vivado/2019.1/data/xsim/ip/axi_iic_v2_0_22
axi_infrastructure_v1_1_0=/tools/Disk_Xilinx/Vivado/2019.1/data/xsim/ip/axi_infrastructure_v1_1_0
axi_intc_v4_1_13=/tools/Disk_Xilinx/Vivado/2019.1/data/xsim/ip/axi_intc_v4_1_13
axi_interconnect_v1_7_16=/tools/Disk_Xilinx/Vivado/2019.1/data/xsim/ip/axi_interconnect_v1_7_16
axi_jtag_v1_0_0=/tools/Disk_Xilinx/Vivado/2019.1/data/xsim/ip/axi_jtag_v1_0_0
axi_lite_ipif_v3_0=/tools/Disk_Xilinx/Vivado/2019.1/data/xsim/ip/axi_lite_ipif_v3_0
axi_lite_ipif_v3_0_4=/tools/Disk_Xilinx/Vivado/2019.1/data/xsim/ip/axi_lite_ipif_v3_0_4
axi_master_burst_v2_0_7=/tools/Disk_Xilinx/Vivado/2019.1/data/xsim/ip/axi_master_burst_v2_0_7
axi_mcdma_v1_0_5=/tools/Disk_Xilinx/Vivado/2019.1/data/xsim/ip/axi_mcdma_v1_0_5
axi_mcdma_v1_1_0=/tools/Disk_Xilinx/Vivado/2019.1/data/xsim/ip/axi_mcdma_v1_1_0
axi_memory_init_v1_0_0=/tools/Disk_Xilinx/Vivado/2019.1/data/xsim/ip/axi_memory_init_v1_0_0
axi_mm2s_mapper_v1_1_18=/tools/Disk_Xilinx/Vivado/2019.1/data/xsim/ip/axi_mm2s_mapper_v1_1_18
axi_mmu_v2_1_17=/tools/Disk_Xilinx/Vivado/2019.1/data/xsim/ip/axi_mmu_v2_1_17
axi_msg_v1_0_5=/tools/Disk_Xilinx/Vivado/2019.1/data/xsim/ip/axi_msg_v1_0_5
axi_pcie3_v3_0_9=/tools/Disk_Xilinx/Vivado/2019.1/data/xsim/ip/axi_pcie3_v3_0_9
axi_pcie_v2_9_1=/tools/Disk_Xilinx/Vivado/2019.1/data/xsim/ip/axi_pcie_v2_9_1
axi_perf_mon_v5_0_21=/tools/Disk_Xilinx/Vivado/2019.1/data/xsim/ip/axi_perf_mon_v5_0_21
axi_pmon_v1_0_0=/tools/Disk_Xilinx/Vivado/2019.1/data/xsim/ip/axi_pmon_v1_0_0
axi_protocol_checker_v2_0_5=/tools/Disk_Xilinx/Vivado/2019.1/data/xsim/ip/axi_protocol_checker_v2_0_5
axi_protocol_converter_v2_1_19=/tools/Disk_Xilinx/Vivado/2019.1/data/xsim/ip/axi_protocol_converter_v2_1_19
axi_quad_spi_v3_2_18=/tools/Disk_Xilinx/Vivado/2019.1/data/xsim/ip/axi_quad_spi_v3_2_18
axi_register_slice_v2_1_19=/tools/Disk_Xilinx/Vivado/2019.1/data/xsim/ip/axi_register_slice_v2_1_19
axi_sg_v4_1_12=/tools/Disk_Xilinx/Vivado/2019.1/data/xsim/ip/axi_sg_v4_1_12
axi_sideband_util_v1_0_3=/tools/Disk_Xilinx/Vivado/2019.1/data/xsim/ip/axi_sideband_util_v1_0_3
axi_tft_v2_0_22=/tools/Disk_Xilinx/Vivado/2019.1/data/xsim/ip/axi_tft_v2_0_22
axi_tg_lib=/tools/Disk_Xilinx/Vivado/2019.1/data/xsim/ip/axi_tg_lib
axi_tg_sc_v1_0=/tools/Disk_Xilinx/Vivado/2019.1/data/xsim/ip/axi_tg_sc_v1_0
axi_timebase_wdt_v3_0_11=/tools/Disk_Xilinx/Vivado/2019.1/data/xsim/ip/axi_timebase_wdt_v3_0_11
axi_timer_v2_0_21=/tools/Disk_Xilinx/Vivado/2019.1/data/xsim/ip/axi_timer_v2_0_21
axi_traffic_gen_v2_0_20=/tools/Disk_Xilinx/Vivado/2019.1/data/xsim/ip/axi_traffic_gen_v2_0_20
axi_traffic_gen_v3_0_5=/tools/Disk_Xilinx/Vivado/2019.1/data/xsim/ip/axi_traffic_gen_v3_0_5
axi_uart16550_v2_0_21=/tools/Disk_Xilinx/Vivado/2019.1/data/xsim/ip/axi_uart16550_v2_0_21
axi_uartlite_v2_0_23=/tools/Disk_Xilinx/Vivado/2019.1/data/xsim/ip/axi_uartlite_v2_0_23
axi_usb2_device_v5_0_20=/tools/Disk_Xilinx/Vivado/2019.1/data/xsim/ip/axi_usb2_device_v5_0_20
axi_utils_v2_0_6=/tools/Disk_Xilinx/Vivado/2019.1/data/xsim/ip/axi_utils_v2_0_6
axi_vdma_v6_3_7=/tools/Disk_Xilinx/Vivado/2019.1/data/xsim/ip/axi_vdma_v6_3_7
axi_vfifo_ctrl_v2_0_21=/tools/Disk_Xilinx/Vivado/2019.1/data/xsim/ip/axi_vfifo_ctrl_v2_0_21
axi_vip_v1_1_5=/tools/Disk_Xilinx/Vivado/2019.1/data/xsim/ip/axi_vip_v1_1_5
axis_accelerator_adapter_v2_1_15=/tools/Disk_Xilinx/Vivado/2019.1/data/xsim/ip/axis_accelerator_adapter_v2_1_15
axis_broadcaster_v1_1_18=/tools/Disk_Xilinx/Vivado/2019.1/data/xsim/ip/axis_broadcaster_v1_1_18
axis_clock_converter_v1_1_20=/tools/Disk_Xilinx/Vivado/2019.1/data/xsim/ip/axis_clock_converter_v1_1_20
axis_combiner_v1_1_17=/tools/Disk_Xilinx/Vivado/2019.1/data/xsim/ip/axis_combiner_v1_1_17
axis_data_fifo_v1_1_20=/tools/Disk_Xilinx/Vivado/2019.1/data/xsim/ip/axis_data_fifo_v1_1_20
axis_data_fifo_v2_0_1=/tools/Disk_Xilinx/Vivado/2019.1/data/xsim/ip/axis_data_fifo_v2_0_1
axis_dwidth_converter_v1_1_18=/tools/Disk_Xilinx/Vivado/2019.1/data/xsim/ip/axis_dwidth_converter_v1_1_18
axis_infrastructure_v1_1_0=/tools/Disk_Xilinx/Vivado/2019.1/data/xsim/ip/axis_infrastructure_v1_1_0
axis_interconnect_v1_1_17=/tools/Disk_Xilinx/Vivado/2019.1/data/xsim/ip/axis_interconnect_v1_1_17
axis_protocol_checker_v2_0_3=/tools/Disk_Xilinx/Vivado/2019.1/data/xsim/ip/axis_protocol_checker_v2_0_3
axis_register_slice_v1_1_19=/tools/Disk_Xilinx/Vivado/2019.1/data/xsim/ip/axis_register_slice_v1_1_19
axis_subset_converter_v1_1_19=/tools/Disk_Xilinx/Vivado/2019.1/data/xsim/ip/axis_subset_converter_v1_1_19
axis_switch_v1_1_19=/tools/Disk_Xilinx/Vivado/2019.1/data/xsim/ip/axis_switch_v1_1_19
axis_vio_v1_0_0=/tools/Disk_Xilinx/Vivado/2019.1/data/xsim/ip/axis_vio_v1_0_0
ba317=/tools/Disk_Xilinx/Vivado/2019.1/data/xsim/ip/ba317
blk_mem_gen_v8_3_6=/tools/Disk_Xilinx/Vivado/2019.1/data/xsim/ip/blk_mem_gen_v8_3_6
blk_mem_gen_v8_4_3=/tools/Disk_Xilinx/Vivado/2019.1/data/xsim/ip/blk_mem_gen_v8_4_3
bs_mux_v1_0_0=/tools/Disk_Xilinx/Vivado/2019.1/data/xsim/ip/bs_mux_v1_0_0
bs_switch_v1_0_0=/tools/Disk_Xilinx/Vivado/2019.1/data/xsim/ip/bs_switch_v1_0_0
bsip_v1_1_0=/tools/Disk_Xilinx/Vivado/2019.1/data/xsim/ip/bsip_v1_1_0
c_accum_v12_0_13=/tools/Disk_Xilinx/Vivado/2019.1/data/xsim/ip/c_accum_v12_0_13
c_addsub_v12_0_13=/tools/Disk_Xilinx/Vivado/2019.1/data/xsim/ip/c_addsub_v12_0_13
c_compare_v12_0_6=/tools/Disk_Xilinx/Vivado/2019.1/data/xsim/ip/c_compare_v12_0_6
c_counter_binary_v12_0_13=/tools/Disk_Xilinx/Vivado/2019.1/data/xsim/ip/c_counter_binary_v12_0_13
c_gate_bit_v12_0_6=/tools/Disk_Xilinx/Vivado/2019.1/data/xsim/ip/c_gate_bit_v12_0_6
c_mux_bit_v12_0_6=/tools/Disk_Xilinx/Vivado/2019.1/data/xsim/ip/c_mux_bit_v12_0_6
c_mux_bus_v12_0_6=/tools/Disk_Xilinx/Vivado/2019.1/data/xsim/ip/c_mux_bus_v12_0_6
c_reg_fd_v12_0_6=/tools/Disk_Xilinx/Vivado/2019.1/data/xsim/ip/c_reg_fd_v12_0_6
c_shift_ram_v12_0_13=/tools/Disk_Xilinx/Vivado/2019.1/data/xsim/ip/c_shift_ram_v12_0_13
can_v5_0_22=/tools/Disk_Xilinx/Vivado/2019.1/data/xsim/ip/can_v5_0_22
canfd_v2_0_1=/tools/Disk_Xilinx/Vivado/2019.1/data/xsim/ip/canfd_v2_0_1
cic_compiler_v4_0_14=/tools/Disk_Xilinx/Vivado/2019.1/data/xsim/ip/cic_compiler_v4_0_14
clk_gen_sim_v1_0_0=/tools/Disk_Xilinx/Vivado/2019.1/data/xsim/ip/clk_gen_sim_v1_0_0
clk_vip_v1_0_2=/tools/Disk_Xilinx/Vivado/2019.1/data/xsim/ip/clk_vip_v1_0_2
cmac_usplus_v2_4_5=/tools/Disk_Xilinx/Vivado/2019.1/data/xsim/ip/cmac_usplus_v2_4_5
cmac_usplus_v2_5_1=/tools/Disk_Xilinx/Vivado/2019.1/data/xsim/ip/cmac_usplus_v2_5_1
cmac_usplus_v2_6_0=/tools/Disk_Xilinx/Vivado/2019.1/data/xsim/ip/cmac_usplus_v2_6_0
cmac_v2_3_5=/tools/Disk_Xilinx/Vivado/2019.1/data/xsim/ip/cmac_v2_3_5
cmac_v2_4_1=/tools/Disk_Xilinx/Vivado/2019.1/data/xsim/ip/cmac_v2_4_1
cmac_v2_5_0=/tools/Disk_Xilinx/Vivado/2019.1/data/xsim/ip/cmac_v2_5_0
cmpy_v6_0_17=/tools/Disk_Xilinx/Vivado/2019.1/data/xsim/ip/cmpy_v6_0_17
common_cpp_v1_0=/tools/Disk_Xilinx/Vivado/2019.1/data/xsim/ip/common_cpp_v1_0
common_rpc_v1=/tools/Disk_Xilinx/Vivado/2019.1/data/xsim/ip/common_rpc_v1
compact_gt_v1_0_5=/tools/Disk_Xilinx/Vivado/2019.1/data/xsim/ip/compact_gt_v1_0_5
convolution_v9_0_14=/tools/Disk_Xilinx/Vivado/2019.1/data/xsim/ip/convolution_v9_0_14
cordic_v6_0_15=/tools/Disk_Xilinx/Vivado/2019.1/data/xsim/ip/cordic_v6_0_15
cpri_v8_10_0=/tools/Disk_Xilinx/Vivado/2019.1/data/xsim/ip/cpri_v8_10_0
ddr4_pl_phy_v1_0_0=/tools/Disk_Xilinx/Vivado/2019.1/data/xsim/ip/ddr4_pl_phy_v1_0_0
ddr4_pl_v1_0_2=/tools/Disk_Xilinx/Vivado/2019.1/data/xsim/ip/ddr4_pl_v1_0_2
dds_compiler_v6_0_18=/tools/Disk_Xilinx/Vivado/2019.1/data/xsim/ip/dds_compiler_v6_0_18
debug_tcp_server_v1=/tools/Disk_Xilinx/Vivado/2019.1/data/xsim/ip/debug_tcp_server_v1
dft_v4_0_16=/tools/Disk_Xilinx/Vivado/2019.1/data/xsim/ip/dft_v4_0_16
dft_v4_1_1=/tools/Disk_Xilinx/Vivado/2019.1/data/xsim/ip/dft_v4_1_1
displayport_v7_0_11=/tools/Disk_Xilinx/Vivado/2019.1/data/xsim/ip/displayport_v7_0_11
displayport_v8_1_1=/tools/Disk_Xilinx/Vivado/2019.1/data/xsim/ip/displayport_v8_1_1
displayport_v9_0_1=/tools/Disk_Xilinx/Vivado/2019.1/data/xsim/ip/displayport_v9_0_1
dist_mem_gen_v8_0_13=/tools/Disk_Xilinx/Vivado/2019.1/data/xsim/ip/dist_mem_gen_v8_0_13
div_gen_v5_1_15=/tools/Disk_Xilinx/Vivado/2019.1/data/xsim/ip/div_gen_v5_1_15
dp_videoaxi4s_bridge_v1_0_0=/tools/Disk_Xilinx/Vivado/2019.1/data/xsim/ip/dp_videoaxi4s_bridge_v1_0_0
dsp_macro_v1_0_0=/tools/Disk_Xilinx/Vivado/2019.1/data/xsim/ip/dsp_macro_v1_0_0
duc_ddc_compiler_v3_0_15=/tools/Disk_Xilinx/Vivado/2019.1/data/xsim/ip/duc_ddc_compiler_v3_0_15
ecc_v2_0_13=/tools/Disk_Xilinx/Vivado/2019.1/data/xsim/ip/ecc_v2_0_13
emb_fifo_gen_v1_0_1=/tools/Disk_Xilinx/Vivado/2019.1/data/xsim/ip/emb_fifo_gen_v1_0_1
emb_mem_gen_v1_0_1=/tools/Disk_Xilinx/Vivado/2019.1/data/xsim/ip/emb_mem_gen_v1_0_1
emc_common_v3_0_5=/tools/Disk_Xilinx/Vivado/2019.1/data/xsim/ip/emc_common_v3_0_5
ernic_v1_0_1=/tools/Disk_Xilinx/Vivado/2019.1/data/xsim/ip/ernic_v1_0_1
ethernet_1_10_25g_v2_0_4=/tools/Disk_Xilinx/Vivado/2019.1/data/xsim/ip/ethernet_1_10_25g_v2_0_4
ethernet_1_10_25g_v2_1_3=/tools/Disk_Xilinx/Vivado/2019.1/data/xsim/ip/ethernet_1_10_25g_v2_1_3
ethernet_1_10_25g_v2_2_2=/tools/Disk_Xilinx/Vivado/2019.1/data/xsim/ip/ethernet_1_10_25g_v2_2_2
ethernet_1_10_25g_v2_3_0=/tools/Disk_Xilinx/Vivado/2019.1/data/xsim/ip/ethernet_1_10_25g_v2_3_0
etrnic_v1_0_3=/tools/Disk_Xilinx/Vivado/2019.1/data/xsim/ip/etrnic_v1_0_3
etrnic_v1_1_2=/tools/Disk_Xilinx/Vivado/2019.1/data/xsim/ip/etrnic_v1_1_2
fc32_rs_fec_v1_0_10=/tools/Disk_Xilinx/Vivado/2019.1/data/xsim/ip/fc32_rs_fec_v1_0_10
fec_5g_common_v1_0_1=/tools/Disk_Xilinx/Vivado/2019.1/data/xsim/ip/fec_5g_common_v1_0_1
fec_5g_common_v1_1_1=/tools/Disk_Xilinx/Vivado/2019.1/data/xsim/ip/fec_5g_common_v1_1_1
fifo_generator_v13_0_6=/tools/Disk_Xilinx/Vivado/2019.1/data/xsim/ip/fifo_generator_v13_0_6
fifo_generator_v13_1_4=/tools/Disk_Xilinx/Vivado/2019.1/data/xsim/ip/fifo_generator_v13_1_4
fifo_generator_v13_2_4=/tools/Disk_Xilinx/Vivado/2019.1/data/xsim/ip/fifo_generator_v13_2_4
fir_compiler_v5_2_6=/tools/Disk_Xilinx/Vivado/2019.1/data/xsim/ip/fir_compiler_v5_2_6
fir_compiler_v7_2_12=/tools/Disk_Xilinx/Vivado/2019.1/data/xsim/ip/fir_compiler_v7_2_12
fit_timer_v2_0_10=/tools/Disk_Xilinx/Vivado/2019.1/data/xsim/ip/fit_timer_v2_0_10
flexo_100g_rs_fec_v1_0_10=/tools/Disk_Xilinx/Vivado/2019.1/data/xsim/ip/flexo_100g_rs_fec_v1_0_10
floating_point_v7_0_16=/tools/Disk_Xilinx/Vivado/2019.1/data/xsim/ip/floating_point_v7_0_16
floating_point_v7_1_8=/tools/Disk_Xilinx/Vivado/2019.1/data/xsim/ip/floating_point_v7_1_8
g709_fec_v2_3_5=/tools/Disk_Xilinx/Vivado/2019.1/data/xsim/ip/g709_fec_v2_3_5
g709_fec_v2_4_1=/tools/Disk_Xilinx/Vivado/2019.1/data/xsim/ip/g709_fec_v2_4_1
g709_rs_decoder_v2_2_8=/tools/Disk_Xilinx/Vivado/2019.1/data/xsim/ip/g709_rs_decoder_v2_2_8
g709_rs_encoder_v2_2_6=/tools/Disk_Xilinx/Vivado/2019.1/data/xsim/ip/g709_rs_encoder_v2_2_6
g975_efec_i4_v1_0_17=/tools/Disk_Xilinx/Vivado/2019.1/data/xsim/ip/g975_efec_i4_v1_0_17
g975_efec_i7_v2_0_18=/tools/Disk_Xilinx/Vivado/2019.1/data/xsim/ip/g975_efec_i7_v2_0_18
generic_baseblocks_v2_1_0=/tools/Disk_Xilinx/Vivado/2019.1/data/xsim/ip/generic_baseblocks_v2_1_0
gig_ethernet_pcs_pma_v16_1_6=/tools/Disk_Xilinx/Vivado/2019.1/data/xsim/ip/gig_ethernet_pcs_pma_v16_1_6
gigantic_mux=/tools/Disk_Xilinx/Vivado/2019.1/data/xsim/ip/gigantic_mux
gmii_to_rgmii_v4_0_7=/tools/Disk_Xilinx/Vivado/2019.1/data/xsim/ip/gmii_to_rgmii_v4_0_7
gtwizard_ultrascale_v1_5_4=/tools/Disk_Xilinx/Vivado/2019.1/data/xsim/ip/gtwizard_ultrascale_v1_5_4
gtwizard_ultrascale_v1_6_11=/tools/Disk_Xilinx/Vivado/2019.1/data/xsim/ip/gtwizard_ultrascale_v1_6_11
gtwizard_ultrascale_v1_7_6=/tools/Disk_Xilinx/Vivado/2019.1/data/xsim/ip/gtwizard_ultrascale_v1_7_6
hdcp22_cipher_dp_v1_0_0=/tools/Disk_Xilinx/Vivado/2019.1/data/xsim/ip/hdcp22_cipher_dp_v1_0_0
hdcp22_cipher_v1_0_3=/tools/Disk_Xilinx/Vivado/2019.1/data/xsim/ip/hdcp22_cipher_v1_0_3
hdcp22_rng_v1_0_1=/tools/Disk_Xilinx/Vivado/2019.1/data/xsim/ip/hdcp22_rng_v1_0_1
hdcp_keymngmt_blk_v1_0_0=/tools/Disk_Xilinx/Vivado/2019.1/data/xsim/ip/hdcp_keymngmt_blk_v1_0_0
hdcp_v1_0_3=/tools/Disk_Xilinx/Vivado/2019.1/data/xsim/ip/hdcp_v1_0_3
hdmi_gt_controller_v1_0_0=/tools/Disk_Xilinx/Vivado/2019.1/data/xsim/ip/hdmi_gt_controller_v1_0_0
high_speed_selectio_wiz_v3_2_3=/tools/Disk_Xilinx/Vivado/2019.1/data/xsim/ip/high_speed_selectio_wiz_v3_2_3
high_speed_selectio_wiz_v3_3_1=/tools/Disk_Xilinx/Vivado/2019.1/data/xsim/ip/high_speed_selectio_wiz_v3_3_1
high_speed_selectio_wiz_v3_4_1=/tools/Disk_Xilinx/Vivado/2019.1/data/xsim/ip/high_speed_selectio_wiz_v3_4_1
high_speed_selectio_wiz_v3_5_1=/tools/Disk_Xilinx/Vivado/2019.1/data/xsim/ip/high_speed_selectio_wiz_v3_5_1
i2s_receiver_v1_0_3=/tools/Disk_Xilinx/Vivado/2019.1/data/xsim/ip/i2s_receiver_v1_0_3
i2s_transmitter_v1_0_3=/tools/Disk_Xilinx/Vivado/2019.1/data/xsim/ip/i2s_transmitter_v1_0_3
ibert_lib_v1_0_6=/tools/Disk_Xilinx/Vivado/2019.1/data/xsim/ip/ibert_lib_v1_0_6
ieee=/tools/Disk_Xilinx/Vivado/2019.1/data/xsim/vhdl/ieee_2008
ieee802d3_200g_rs_fec_v1_0_6=/tools/Disk_Xilinx/Vivado/2019.1/data/xsim/ip/ieee802d3_200g_rs_fec_v1_0_6
ieee802d3_25g_rs_fec_v1_0_12=/tools/Disk_Xilinx/Vivado/2019.1/data/xsim/ip/ieee802d3_25g_rs_fec_v1_0_12
ieee802d3_400g_rs_fec_v1_0_6=/tools/Disk_Xilinx/Vivado/2019.1/data/xsim/ip/ieee802d3_400g_rs_fec_v1_0_6
ieee802d3_50g_rs_fec_v1_0_11=/tools/Disk_Xilinx/Vivado/2019.1/data/xsim/ip/ieee802d3_50g_rs_fec_v1_0_11
ieee802d3_50g_rs_fec_v2_0_0=/tools/Disk_Xilinx/Vivado/2019.1/data/xsim/ip/ieee802d3_50g_rs_fec_v2_0_0
ieee802d3_clause74_fec_v1_0_4=/tools/Disk_Xilinx/Vivado/2019.1/data/xsim/ip/ieee802d3_clause74_fec_v1_0_4
ieee802d3_rs_fec_v1_0_15=/tools/Disk_Xilinx/Vivado/2019.1/data/xsim/ip/ieee802d3_rs_fec_v1_0_15
ieee802d3_rs_fec_v2_0_4=/tools/Disk_Xilinx/Vivado/2019.1/data/xsim/ip/ieee802d3_rs_fec_v2_0_4
ieee_proposed=/tools/Disk_Xilinx/Vivado/2019.1/data/xsim/vhdl/ieee_proposed_2008
in_system_ibert_v1_0_9=/tools/Disk_Xilinx/Vivado/2019.1/data/xsim/ip/in_system_ibert_v1_0_9
interlaken_v2_4_3=/tools/Disk_Xilinx/Vivado/2019.1/data/xsim/ip/interlaken_v2_4_3
interrupt_control_v3_1_4=/tools/Disk_Xilinx/Vivado/2019.1/data/xsim/ip/interrupt_control_v3_1_4
iomodule_v3_0=/tools/Disk_Xilinx/Vivado/2019.1/data/xsim/ip/iomodule_v3_0
iomodule_v3_1_4=/tools/Disk_Xilinx/Vivado/2019.1/data/xsim/ip/iomodule_v3_1_4
jesd204_v7_2_6=/tools/Disk_Xilinx/Vivado/2019.1/data/xsim/ip/jesd204_v7_2_6
jesd204c_v4_1_0=/tools/Disk_Xilinx/Vivado/2019.1/data/xsim/ip/jesd204c_v4_1_0
jtag_axi=/tools/Disk_Xilinx/Vivado/2019.1/data/xsim/ip/jtag_axi
l_ethernet_v2_3_5=/tools/Disk_Xilinx/Vivado/2019.1/data/xsim/ip/l_ethernet_v2_3_5
l_ethernet_v2_4_1=/tools/Disk_Xilinx/Vivado/2019.1/data/xsim/ip/l_ethernet_v2_4_1
l_ethernet_v2_5_0=/tools/Disk_Xilinx/Vivado/2019.1/data/xsim/ip/l_ethernet_v2_5_0
ldpc_v2_0_3=/tools/Disk_Xilinx/Vivado/2019.1/data/xsim/ip/ldpc_v2_0_3
lib_bmg_v1_0_12=/tools/Disk_Xilinx/Vivado/2019.1/data/xsim/ip/lib_bmg_v1_0_12
lib_cdc_v1_0_2=/tools/Disk_Xilinx/Vivado/2019.1/data/xsim/ip/lib_cdc_v1_0_2
lib_fifo_v1_0_13=/tools/Disk_Xilinx/Vivado/2019.1/data/xsim/ip/lib_fifo_v1_0_13
lib_pkg_v1_0_2=/tools/Disk_Xilinx/Vivado/2019.1/data/xsim/ip/lib_pkg_v1_0_2
lib_srl_fifo_v1_0_2=/tools/Disk_Xilinx/Vivado/2019.1/data/xsim/ip/lib_srl_fifo_v1_0_2
lmb_bram_if_cntlr_v4_0=/tools/Disk_Xilinx/Vivado/2019.1/data/xsim/ip/lmb_bram_if_cntlr_v4_0
lmb_bram_if_cntlr_v4_0_16=/tools/Disk_Xilinx/Vivado/2019.1/data/xsim/ip/lmb_bram_if_cntlr_v4_0_16
lmb_v10_v3_0=/tools/Disk_Xilinx/Vivado/2019.1/data/xsim/ip/lmb_v10_v3_0
lmb_v10_v3_0_9=/tools/Disk_Xilinx/Vivado/2019.1/data/xsim/ip/lmb_v10_v3_0_9
lte_3gpp_channel_estimator_v2_0_16=/tools/Disk_Xilinx/Vivado/2019.1/data/xsim/ip/lte_3gpp_channel_estimator_v2_0_16
lte_3gpp_mimo_decoder_v3_0_15=/tools/Disk_Xilinx/Vivado/2019.1/data/xsim/ip/lte_3gpp_mimo_decoder_v3_0_15
lte_3gpp_mimo_encoder_v4_0_14=/tools/Disk_Xilinx/Vivado/2019.1/data/xsim/ip/lte_3gpp_mimo_encoder_v4_0_14
lte_dl_channel_encoder_v3_0_15=/tools/Disk_Xilinx/Vivado/2019.1/data/xsim/ip/lte_dl_channel_encoder_v3_0_15
lte_dl_channel_encoder_v4_0_0=/tools/Disk_Xilinx/Vivado/2019.1/data/xsim/ip/lte_dl_channel_encoder_v4_0_0
lte_fft_v2_0_18=/tools/Disk_Xilinx/Vivado/2019.1/data/xsim/ip/lte_fft_v2_0_18
lte_fft_v2_1_0=/tools/Disk_Xilinx/Vivado/2019.1/data/xsim/ip/lte_fft_v2_1_0
lte_pucch_receiver_v2_0_16=/tools/Disk_Xilinx/Vivado/2019.1/data/xsim/ip/lte_pucch_receiver_v2_0_16
lte_rach_detector_v3_1_5=/tools/Disk_Xilinx/Vivado/2019.1/data/xsim/ip/lte_rach_detector_v3_1_5
lte_ul_channel_decoder_v4_0_16=/tools/Disk_Xilinx/Vivado/2019.1/data/xsim/ip/lte_ul_channel_decoder_v4_0_16
ltlib_v1_0_0=/tools/Disk_Xilinx/Vivado/2019.1/data/xsim/ip/ltlib_v1_0_0
lut_buffer_v1_0_0=/tools/Disk_Xilinx/Vivado/2019.1/data/xsim/ip/lut_buffer_v1_0_0
lut_buffer_v2_0_0=/tools/Disk_Xilinx/Vivado/2019.1/data/xsim/ip/lut_buffer_v2_0_0
mailbox_v2_1_11=/tools/Disk_Xilinx/Vivado/2019.1/data/xsim/ip/mailbox_v2_1_11
mammoth_transcode_v1_0_0=/tools/Disk_Xilinx/Vivado/2019.1/data/xsim/ip/mammoth_transcode_v1_0_0
mdm_v3_2=/tools/Disk_Xilinx/Vivado/2019.1/data/xsim/ip/mdm_v3_2
mdm_v3_2_16=/tools/Disk_Xilinx/Vivado/2019.1/data/xsim/ip/mdm_v3_2_16
me_pl_v1_0=/tools/Disk_Xilinx/Vivado/2019.1/data/xsim/ip/me_pl_v1_0
microblaze_mcs_v2_3_6=/tools/Disk_Xilinx/Vivado/2019.1/data/xsim/ip/microblaze_mcs_v2_3_6
microblaze_v10_0_7=/tools/Disk_Xilinx/Vivado/2019.1/data/xsim/ip/microblaze_v10_0_7
microblaze_v11_0_1=/tools/Disk_Xilinx/Vivado/2019.1/data/xsim/ip/microblaze_v11_0_1
microblaze_v9_5_4=/tools/Disk_Xilinx/Vivado/2019.1/data/xsim/ip/microblaze_v9_5_4
mii_to_rmii_v2_0_21=/tools/Disk_Xilinx/Vivado/2019.1/data/xsim/ip/mii_to_rmii_v2_0_21
mipi_csi2_rx_ctrl_v1_0_8=/tools/Disk_Xilinx/Vivado/2019.1/data/xsim/ip/mipi_csi2_rx_ctrl_v1_0_8
mipi_csi2_tx_ctrl_v1_0_4=/tools/Disk_Xilinx/Vivado/2019.1/data/xsim/ip/mipi_csi2_tx_ctrl_v1_0_4
mipi_dphy_v4_1_3=/tools/Disk_Xilinx/Vivado/2019.1/data/xsim/ip/mipi_dphy_v4_1_3
mipi_dsi_tx_ctrl_v1_0_7=/tools/Disk_Xilinx/Vivado/2019.1/data/xsim/ip/mipi_dsi_tx_ctrl_v1_0_7
mrmac_v1_0_0=/tools/Disk_Xilinx/Vivado/2019.1/data/xsim/ip/mrmac_v1_0_0
mult_gen_v12_0_15=/tools/Disk_Xilinx/Vivado/2019.1/data/xsim/ip/mult_gen_v12_0_15
multi_channel_25g_rs_fec_v1_0_2=/tools/Disk_Xilinx/Vivado/2019.1/data/xsim/ip/multi_channel_25g_rs_fec_v1_0_2
mutex_v2_1_10=/tools/Disk_Xilinx/Vivado/2019.1/data/xsim/ip/mutex_v2_1_10
noc_mc_ddr4_phy_v1_0_0=/tools/Disk_Xilinx/Vivado/2019.1/data/xsim/ip/noc_mc_ddr4_phy_v1_0_0
noc_na_v1_0_0=/tools/Disk_Xilinx/Vivado/2019.1/data/xsim/ip/noc_na_v1_0_0
noc_nidb_v1_0_0=/tools/Disk_Xilinx/Vivado/2019.1/data/xsim/ip/noc_nidb_v1_0_0
noc_nmu_v1_0_0=/tools/Disk_Xilinx/Vivado/2019.1/data/xsim/ip/noc_nmu_v1_0_0
noc_nps_v1_0_0=/tools/Disk_Xilinx/Vivado/2019.1/data/xsim/ip/noc_nps_v1_0_0
noc_sc_v1_0_0=/tools/Disk_Xilinx/Vivado/2019.1/data/xsim/ip/noc_sc_v1_0_0
nvmeha_v1_0_0=/tools/Disk_Xilinx/Vivado/2019.1/data/xsim/ip/nvmeha_v1_0_0
oddr_v1_0_0=/tools/Disk_Xilinx/Vivado/2019.1/data/xsim/ip/oddr_v1_0_0
pc_cfr_v6_0_8=/tools/Disk_Xilinx/Vivado/2019.1/data/xsim/ip/pc_cfr_v6_0_8
pc_cfr_v6_1_4=/tools/Disk_Xilinx/Vivado/2019.1/data/xsim/ip/pc_cfr_v6_1_4
pc_cfr_v6_2_2=/tools/Disk_Xilinx/Vivado/2019.1/data/xsim/ip/pc_cfr_v6_2_2
pc_cfr_v6_3_0=/tools/Disk_Xilinx/Vivado/2019.1/data/xsim/ip/pc_cfr_v6_3_0
pci32_v5_0_12=/tools/Disk_Xilinx/Vivado/2019.1/data/xsim/ip/pci32_v5_0_12
pci64_v5_0_11=/tools/Disk_Xilinx/Vivado/2019.1/data/xsim/ip/pci64_v5_0_11
pcie_jtag_v1_0_0=/tools/Disk_Xilinx/Vivado/2019.1/data/xsim/ip/pcie_jtag_v1_0_0
perf_axi_tg_v1_0_8=/tools/Disk_Xilinx/Vivado/2019.1/data/xsim/ip/perf_axi_tg_v1_0_8
picxo=/tools/Disk_Xilinx/Vivado/2019.1/data/xsim/ip/picxo
pl_fileio_v1_0_0=/tools/Disk_Xilinx/Vivado/2019.1/data/xsim/ip/pl_fileio_v1_0_0
polar_v1_0_3=/tools/Disk_Xilinx/Vivado/2019.1/data/xsim/ip/polar_v1_0_3
pr_axi_shutdown_manager_v1_0_1=/tools/Disk_Xilinx/Vivado/2019.1/data/xsim/ip/pr_axi_shutdown_manager_v1_0_1
pr_bitstream_monitor_v1_0_1=/tools/Disk_Xilinx/Vivado/2019.1/data/xsim/ip/pr_bitstream_monitor_v1_0_1
pr_decoupler_v1_0_7=/tools/Disk_Xilinx/Vivado/2019.1/data/xsim/ip/pr_decoupler_v1_0_7
prc_v1_3_2=/tools/Disk_Xilinx/Vivado/2019.1/data/xsim/ip/prc_v1_3_2
proc_sys_reset_v5_0_13=/tools/Disk_Xilinx/Vivado/2019.1/data/xsim/ip/proc_sys_reset_v5_0_13
processing_system7_vip_v1_0_7=/tools/Disk_Xilinx/Vivado/2019.1/data/xsim/ip/processing_system7_vip_v1_0_7
qdma_v3_0_1=/tools/Disk_Xilinx/Vivado/2019.1/data/xsim/ip/qdma_v3_0_1
quadsgmii_v3_4_6=/tools/Disk_Xilinx/Vivado/2019.1/data/xsim/ip/quadsgmii_v3_4_6
rama_v1_1_1_lib=/tools/Disk_Xilinx/Vivado/2019.1/data/xsim/ip/rama_v1_1_1_lib
remote_port_c_v4=/tools/Disk_Xilinx/Vivado/2019.1/data/xsim/ip/remote_port_c_v4
remote_port_sc_v4=/tools/Disk_Xilinx/Vivado/2019.1/data/xsim/ip/remote_port_sc_v4
rld3_pl_phy_v1_0_0=/tools/Disk_Xilinx/Vivado/2019.1/data/xsim/ip/rld3_pl_phy_v1_0_0
rld3_pl_v1_0_1=/tools/Disk_Xilinx/Vivado/2019.1/data/xsim/ip/rld3_pl_v1_0_1
roe_framer_v2_0_0=/tools/Disk_Xilinx/Vivado/2019.1/data/xsim/ip/roe_framer_v2_0_0
rs_decoder_v9_0_16=/tools/Disk_Xilinx/Vivado/2019.1/data/xsim/ip/rs_decoder_v9_0_16
rs_encoder_v9_0_15=/tools/Disk_Xilinx/Vivado/2019.1/data/xsim/ip/rs_encoder_v9_0_15
rs_toolbox_v9_0_7=/tools/Disk_Xilinx/Vivado/2019.1/data/xsim/ip/rs_toolbox_v9_0_7
rst_vip_v1_0_3=/tools/Disk_Xilinx/Vivado/2019.1/data/xsim/ip/rst_vip_v1_0_3
rwd_tlmmodel_v1=/tools/Disk_Xilinx/Vivado/2019.1/data/xsim/ip/rwd_tlmmodel_v1
rxaui_v4_4_6=/tools/Disk_Xilinx/Vivado/2019.1/data/xsim/ip/rxaui_v4_4_6
sd_fec_v1_0_2=/tools/Disk_Xilinx/Vivado/2019.1/data/xsim/ip/sd_fec_v1_0_2
sd_fec_v1_1_3=/tools/Disk_Xilinx/Vivado/2019.1/data/xsim/ip/sd_fec_v1_1_3
secureip=/tools/Disk_Xilinx/Vivado/2019.1/data/xsim/verilog/secureip
sem_ultra_v3_1_11=/tools/Disk_Xilinx/Vivado/2019.1/data/xsim/ip/sem_ultra_v3_1_11
sem_v4_1_12=/tools/Disk_Xilinx/Vivado/2019.1/data/xsim/ip/sem_v4_1_12
shell_utils_msp432_bsl_crc_gen_v1_0_0=/tools/Disk_Xilinx/Vivado/2019.1/data/xsim/ip/shell_utils_msp432_bsl_crc_gen_v1_0_0
sid_v8_0_14=/tools/Disk_Xilinx/Vivado/2019.1/data/xsim/ip/sid_v8_0_14
sim_clk_gen_v1_0_2=/tools/Disk_Xilinx/Vivado/2019.1/data/xsim/ip/sim_clk_gen_v1_0_2
sim_rst_gen_v1_0_2=/tools/Disk_Xilinx/Vivado/2019.1/data/xsim/ip/sim_rst_gen_v1_0_2
sim_trig_top_v1_0=/tools/Disk_Xilinx/Vivado/2019.1/data/xsim/ip/sim_trig_top_v1_0
sim_xdma_cpp_v1=/tools/Disk_Xilinx/Vivado/2019.1/data/xsim/ip/sim_xdma_cpp_v1
sim_xdma_sc_v1=/tools/Disk_Xilinx/Vivado/2019.1/data/xsim/ip/sim_xdma_sc_v1
simprims_ver=/tools/Disk_Xilinx/Vivado/2019.1/data/xsim/verilog/simprims_ver
smartconnect_v1_0=/tools/Disk_Xilinx/Vivado/2019.1/data/xsim/ip/smartconnect_v1_0
soft_ecc_proxy_v1_0_0=/tools/Disk_Xilinx/Vivado/2019.1/data/xsim/ip/soft_ecc_proxy_v1_0_0
spdif_v2_0_21=/tools/Disk_Xilinx/Vivado/2019.1/data/xsim/ip/spdif_v2_0_21
srio_gen2_v4_1_6=/tools/Disk_Xilinx/Vivado/2019.1/data/xsim/ip/srio_gen2_v4_1_6
std=/tools/Disk_Xilinx/Vivado/2019.1/data/xsim/vhdl/std_2008
stm_v1_0=/tools/Disk_Xilinx/Vivado/2019.1/data/xsim/ip/stm_v1_0
stm_v1_0_0=/tools/Disk_Xilinx/Vivado/2019.1/data/xsim/ip/stm_v1_0_0
switch_core_top_v1_0_7=/tools/Disk_Xilinx/Vivado/2019.1/data/xsim/ip/switch_core_top_v1_0_7
sync_ip=/tools/Disk_Xilinx/Vivado/2019.1/data/xsim/ip/sync_ip
synopsys=/tools/Disk_Xilinx/Vivado/2019.1/data/xsim/vhdl/synopsys_2008
system_cache_v4_0_6=/tools/Disk_Xilinx/Vivado/2019.1/data/xsim/ip/system_cache_v4_0_6
ta_dma_v1_0_3=/tools/Disk_Xilinx/Vivado/2019.1/data/xsim/ip/ta_dma_v1_0_3
tcc_decoder_3gpplte_v3_0_6=/tools/Disk_Xilinx/Vivado/2019.1/data/xsim/ip/tcc_decoder_3gpplte_v3_0_6
tcc_decoder_3gppmm_v2_0_18=/tools/Disk_Xilinx/Vivado/2019.1/data/xsim/ip/tcc_decoder_3gppmm_v2_0_18
tcc_encoder_3gpp_v5_0_15=/tools/Disk_Xilinx/Vivado/2019.1/data/xsim/ip/tcc_encoder_3gpp_v5_0_15
tcc_encoder_3gpplte_v4_0_15=/tools/Disk_Xilinx/Vivado/2019.1/data/xsim/ip/tcc_encoder_3gpplte_v4_0_15
ten_gig_eth_mac_v15_1_7=/tools/Disk_Xilinx/Vivado/2019.1/data/xsim/ip/ten_gig_eth_mac_v15_1_7
ten_gig_eth_pcs_pma_v6_0_15=/tools/Disk_Xilinx/Vivado/2019.1/data/xsim/ip/ten_gig_eth_pcs_pma_v6_0_15
timer_sync_1588_v1_2_4=/tools/Disk_Xilinx/Vivado/2019.1/data/xsim/ip/timer_sync_1588_v1_2_4
tmr_comparator_v1_0_2=/tools/Disk_Xilinx/Vivado/2019.1/data/xsim/ip/tmr_comparator_v1_0_2
tmr_inject_v1_0_3=/tools/Disk_Xilinx/Vivado/2019.1/data/xsim/ip/tmr_inject_v1_0_3
tmr_manager_v1_0_4=/tools/Disk_Xilinx/Vivado/2019.1/data/xsim/ip/tmr_manager_v1_0_4
tmr_sem_v1_0_8=/tools/Disk_Xilinx/Vivado/2019.1/data/xsim/ip/tmr_sem_v1_0_8
tmr_voter_v1_0_2=/tools/Disk_Xilinx/Vivado/2019.1/data/xsim/ip/tmr_voter_v1_0_2
tri_mode_ethernet_mac_v9_0_14=/tools/Disk_Xilinx/Vivado/2019.1/data/xsim/ip/tri_mode_ethernet_mac_v9_0_14
tsn_endpoint_ethernet_mac_block_v1_0_4=/tools/Disk_Xilinx/Vivado/2019.1/data/xsim/ip/tsn_endpoint_ethernet_mac_block_v1_0_4
tsn_temac_v1_0_4=/tools/Disk_Xilinx/Vivado/2019.1/data/xsim/ip/tsn_temac_v1_0_4
uhdsdi_gt_v1_0_3=/tools/Disk_Xilinx/Vivado/2019.1/data/xsim/ip/uhdsdi_gt_v1_0_3
uhdsdi_gt_v2_0_0=/tools/Disk_Xilinx/Vivado/2019.1/data/xsim/ip/uhdsdi_gt_v2_0_0
unifast=/tools/Disk_Xilinx/Vivado/2019.1/data/xsim/vhdl/unifast
unifast_ver=/tools/Disk_Xilinx/Vivado/2019.1/data/xsim/verilog/unifast_ver
unimacro=/tools/Disk_Xilinx/Vivado/2019.1/data/xsim/vhdl/unimacro
unimacro_ver=/tools/Disk_Xilinx/Vivado/2019.1/data/xsim/verilog/unimacro_ver
unisim=/tools/Disk_Xilinx/Vivado/2019.1/data/xsim/vhdl/unisim
unisims_ver=/tools/Disk_Xilinx/Vivado/2019.1/data/xsim/verilog/unisims_ver
usxgmii_v1_0_5=/tools/Disk_Xilinx/Vivado/2019.1/data/xsim/ip/usxgmii_v1_0_5
usxgmii_v1_1_0=/tools/Disk_Xilinx/Vivado/2019.1/data/xsim/ip/usxgmii_v1_1_0
util_idelay_ctrl_v1_0_1=/tools/Disk_Xilinx/Vivado/2019.1/data/xsim/ip/util_idelay_ctrl_v1_0_1
util_reduced_logic_v2_0_4=/tools/Disk_Xilinx/Vivado/2019.1/data/xsim/ip/util_reduced_logic_v2_0_4
util_vector_logic_v2_0_1=/tools/Disk_Xilinx/Vivado/2019.1/data/xsim/ip/util_vector_logic_v2_0_1
v_axi4s_remap_v1_0_11=/tools/Disk_Xilinx/Vivado/2019.1/data/xsim/ip/v_axi4s_remap_v1_0_11
v_axi4s_vid_out_v4_0_10=/tools/Disk_Xilinx/Vivado/2019.1/data/xsim/ip/v_axi4s_vid_out_v4_0_10
v_ccm_v6_0_15=/tools/Disk_Xilinx/Vivado/2019.1/data/xsim/ip/v_ccm_v6_0_15
v_cfa_v7_0_14=/tools/Disk_Xilinx/Vivado/2019.1/data/xsim/ip/v_cfa_v7_0_14
v_cresample_v4_0_14=/tools/Disk_Xilinx/Vivado/2019.1/data/xsim/ip/v_cresample_v4_0_14
v_csc_v1_0_13=/tools/Disk_Xilinx/Vivado/2019.1/data/xsim/ip/v_csc_v1_0_13
v_deinterlacer_v4_0_12=/tools/Disk_Xilinx/Vivado/2019.1/data/xsim/ip/v_deinterlacer_v4_0_12
v_deinterlacer_v5_0_13=/tools/Disk_Xilinx/Vivado/2019.1/data/xsim/ip/v_deinterlacer_v5_0_13
v_demosaic_v1_0_5=/tools/Disk_Xilinx/Vivado/2019.1/data/xsim/ip/v_demosaic_v1_0_5
v_dual_splitter_v1_0_9=/tools/Disk_Xilinx/Vivado/2019.1/data/xsim/ip/v_dual_splitter_v1_0_9
v_enhance_v8_0_15=/tools/Disk_Xilinx/Vivado/2019.1/data/xsim/ip/v_enhance_v8_0_15
v_frmbuf_rd_v2_1_2=/tools/Disk_Xilinx/Vivado/2019.1/data/xsim/ip/v_frmbuf_rd_v2_1_2
v_frmbuf_wr_v2_1_2=/tools/Disk_Xilinx/Vivado/2019.1/data/xsim/ip/v_frmbuf_wr_v2_1_2
v_gamma_lut_v1_0_5=/tools/Disk_Xilinx/Vivado/2019.1/data/xsim/ip/v_gamma_lut_v1_0_5
v_gamma_v7_0_15=/tools/Disk_Xilinx/Vivado/2019.1/data/xsim/ip/v_gamma_v7_0_15
v_hcresampler_v1_0_13=/tools/Disk_Xilinx/Vivado/2019.1/data/xsim/ip/v_hcresampler_v1_0_13
v_hdmi_rx_v2_0_0=/tools/Disk_Xilinx/Vivado/2019.1/data/xsim/ip/v_hdmi_rx_v2_0_0
v_hdmi_rx_v3_0_0=/tools/Disk_Xilinx/Vivado/2019.1/data/xsim/ip/v_hdmi_rx_v3_0_0
v_hdmi_tx_v2_0_0=/tools/Disk_Xilinx/Vivado/2019.1/data/xsim/ip/v_hdmi_tx_v2_0_0
v_hdmi_tx_v3_0_0=/tools/Disk_Xilinx/Vivado/2019.1/data/xsim/ip/v_hdmi_tx_v3_0_0
v_hscaler_v1_0_13=/tools/Disk_Xilinx/Vivado/2019.1/data/xsim/ip/v_hscaler_v1_0_13
v_letterbox_v1_0_13=/tools/Disk_Xilinx/Vivado/2019.1/data/xsim/ip/v_letterbox_v1_0_13
v_mix_v3_0_3=/tools/Disk_Xilinx/Vivado/2019.1/data/xsim/ip/v_mix_v3_0_3
v_mix_v4_0_0=/tools/Disk_Xilinx/Vivado/2019.1/data/xsim/ip/v_mix_v4_0_0
v_multi_scaler_v1_0_1=/tools/Disk_Xilinx/Vivado/2019.1/data/xsim/ip/v_multi_scaler_v1_0_1
v_osd_v6_0_16=/tools/Disk_Xilinx/Vivado/2019.1/data/xsim/ip/v_osd_v6_0_16
v_rgb2ycrcb_v7_1_13=/tools/Disk_Xilinx/Vivado/2019.1/data/xsim/ip/v_rgb2ycrcb_v7_1_13
v_scenechange_v1_0_1=/tools/Disk_Xilinx/Vivado/2019.1/data/xsim/ip/v_scenechange_v1_0_1
v_sdi_rx_vid_bridge_v2_0_0=/tools/Disk_Xilinx/Vivado/2019.1/data/xsim/ip/v_sdi_rx_vid_bridge_v2_0_0
v_smpte_sdi_v3_0_8=/tools/Disk_Xilinx/Vivado/2019.1/data/xsim/ip/v_smpte_sdi_v3_0_8
v_smpte_uhdsdi_rx_v1_0_0=/tools/Disk_Xilinx/Vivado/2019.1/data/xsim/ip/v_smpte_uhdsdi_rx_v1_0_0
v_smpte_uhdsdi_tx_v1_0_0=/tools/Disk_Xilinx/Vivado/2019.1/data/xsim/ip/v_smpte_uhdsdi_tx_v1_0_0
v_smpte_uhdsdi_v1_0_7=/tools/Disk_Xilinx/Vivado/2019.1/data/xsim/ip/v_smpte_uhdsdi_v1_0_7
v_tc_v6_1_13=/tools/Disk_Xilinx/Vivado/2019.1/data/xsim/ip/v_tc_v6_1_13
v_tpg_v7_0_13=/tools/Disk_Xilinx/Vivado/2019.1/data/xsim/ip/v_tpg_v7_0_13
v_tpg_v8_0_1=/tools/Disk_Xilinx/Vivado/2019.1/data/xsim/ip/v_tpg_v8_0_1
v_uhdsdi_audio_v1_0_0=/tools/Disk_Xilinx/Vivado/2019.1/data/xsim/ip/v_uhdsdi_audio_v1_0_0
v_uhdsdi_audio_v1_1_0=/tools/Disk_Xilinx/Vivado/2019.1/data/xsim/ip/v_uhdsdi_audio_v1_1_0
v_uhdsdi_audio_v2_0_1=/tools/Disk_Xilinx/Vivado/2019.1/data/xsim/ip/v_uhdsdi_audio_v2_0_1
v_uhdsdi_vidgen_v1_0_1=/tools/Disk_Xilinx/Vivado/2019.1/data/xsim/ip/v_uhdsdi_vidgen_v1_0_1
v_vcresampler_v1_0_13=/tools/Disk_Xilinx/Vivado/2019.1/data/xsim/ip/v_vcresampler_v1_0_13
v_vid_in_axi4s_v4_0_9=/tools/Disk_Xilinx/Vivado/2019.1/data/xsim/ip/v_vid_in_axi4s_v4_0_9
v_vid_sdi_tx_bridge_v2_0_0=/tools/Disk_Xilinx/Vivado/2019.1/data/xsim/ip/v_vid_sdi_tx_bridge_v2_0_0
v_vscaler_v1_0_13=/tools/Disk_Xilinx/Vivado/2019.1/data/xsim/ip/v_vscaler_v1_0_13
v_ycrcb2rgb_v7_1_13=/tools/Disk_Xilinx/Vivado/2019.1/data/xsim/ip/v_ycrcb2rgb_v7_1_13
versal_cips_v1_0_0=/tools/Disk_Xilinx/Vivado/2019.1/data/xsim/ip/versal_cips_v1_0_0
vfb_v1_0_13=/tools/Disk_Xilinx/Vivado/2019.1/data/xsim/ip/vfb_v1_0_13
vid_edid_v1_0_0=/tools/Disk_Xilinx/Vivado/2019.1/data/xsim/ip/vid_edid_v1_0_0
vid_phy_controller_v2_1_5=/tools/Disk_Xilinx/Vivado/2019.1/data/xsim/ip/vid_phy_controller_v2_1_5
vid_phy_controller_v2_2_3=/tools/Disk_Xilinx/Vivado/2019.1/data/xsim/ip/vid_phy_controller_v2_2_3
video_frame_crc_v1_0_1=/tools/Disk_Xilinx/Vivado/2019.1/data/xsim/ip/video_frame_crc_v1_0_1
videoaxi4s_bridge_v1_0_5=/tools/Disk_Xilinx/Vivado/2019.1/data/xsim/ip/videoaxi4s_bridge_v1_0_5
viterbi_v9_1_11=/tools/Disk_Xilinx/Vivado/2019.1/data/xsim/ip/viterbi_v9_1_11
vl=/tools/Disk_Xilinx/Vivado/2019.1/data/xsim/vhdl/vl_2008
work=xsim.dir/work
xaui_v12_3_6=/tools/Disk_Xilinx/Vivado/2019.1/data/xsim/ip/xaui_v12_3_6
xbip_accum_v3_0_6=/tools/Disk_Xilinx/Vivado/2019.1/data/xsim/ip/xbip_accum_v3_0_6
xbip_addsub_v3_0_6=/tools/Disk_Xilinx/Vivado/2019.1/data/xsim/ip/xbip_addsub_v3_0_6
xbip_bram18k_v3_0_6=/tools/Disk_Xilinx/Vivado/2019.1/data/xsim/ip/xbip_bram18k_v3_0_6
xbip_counter_v3_0_6=/tools/Disk_Xilinx/Vivado/2019.1/data/xsim/ip/xbip_counter_v3_0_6
xbip_dsp48_acc_v3_0_6=/tools/Disk_Xilinx/Vivado/2019.1/data/xsim/ip/xbip_dsp48_acc_v3_0_6
xbip_dsp48_addsub_v3_0_6=/tools/Disk_Xilinx/Vivado/2019.1/data/xsim/ip/xbip_dsp48_addsub_v3_0_6
xbip_dsp48_macro_v3_0_17=/tools/Disk_Xilinx/Vivado/2019.1/data/xsim/ip/xbip_dsp48_macro_v3_0_17
xbip_dsp48_mult_v3_0_6=/tools/Disk_Xilinx/Vivado/2019.1/data/xsim/ip/xbip_dsp48_mult_v3_0_6
xbip_dsp48_multacc_v3_0_6=/tools/Disk_Xilinx/Vivado/2019.1/data/xsim/ip/xbip_dsp48_multacc_v3_0_6
xbip_dsp48_multadd_v3_0_6=/tools/Disk_Xilinx/Vivado/2019.1/data/xsim/ip/xbip_dsp48_multadd_v3_0_6
xbip_dsp48_wrapper_v3_0_4=/tools/Disk_Xilinx/Vivado/2019.1/data/xsim/ip/xbip_dsp48_wrapper_v3_0_4
xbip_multadd_v3_0_14=/tools/Disk_Xilinx/Vivado/2019.1/data/xsim/ip/xbip_multadd_v3_0_14
xbip_pipe_v3_0_6=/tools/Disk_Xilinx/Vivado/2019.1/data/xsim/ip/xbip_pipe_v3_0_6
xbip_utils_v3_0_10=/tools/Disk_Xilinx/Vivado/2019.1/data/xsim/ip/xbip_utils_v3_0_10
xdma_v4_1_3=/tools/Disk_Xilinx/Vivado/2019.1/data/xsim/ip/xdma_v4_1_3
xfft_v7_2_9=/tools/Disk_Xilinx/Vivado/2019.1/data/xsim/ip/xfft_v7_2_9
xfft_v9_0_17=/tools/Disk_Xilinx/Vivado/2019.1/data/xsim/ip/xfft_v9_0_17
xfft_v9_1_2=/tools/Disk_Xilinx/Vivado/2019.1/data/xsim/ip/xfft_v9_1_2
xhmc_v1_0_9=/tools/Disk_Xilinx/Vivado/2019.1/data/xsim/ip/xhmc_v1_0_9
xilinx_vip=/tools/Disk_Xilinx/Vivado/2019.1/data/xsim/ip/xilinx_vip
xlconcat_v2_1_3=/tools/Disk_Xilinx/Vivado/2019.1/data/xsim/ip/xlconcat_v2_1_3
xlconstant_v1_1_6=/tools/Disk_Xilinx/Vivado/2019.1/data/xsim/ip/xlconstant_v1_1_6
xlslice_v1_0_2=/tools/Disk_Xilinx/Vivado/2019.1/data/xsim/ip/xlslice_v1_0_2
xpm=/tools/Disk_Xilinx/Vivado/2019.1/data/xsim/ip/xpm
xsdbm_v2_0_0=/tools/Disk_Xilinx/Vivado/2019.1/data/xsim/ip/xsdbm_v2_0_0
xsdbm_v3_0_0=/tools/Disk_Xilinx/Vivado/2019.1/data/xsim/ip/xsdbm_v3_0_0
xsdbs_v1_0_2=/tools/Disk_Xilinx/Vivado/2019.1/data/xsim/ip/xsdbs_v1_0_2
xtlm=/tools/Disk_Xilinx/Vivado/2019.1/data/xsim/ip/xtlm
xtlm_simple_interconnect_v1_0=/tools/Disk_Xilinx/Vivado/2019.1/data/xsim/ip/xtlm_simple_interconnect_v1_0
xtlm_trace_model_v1_0=/tools/Disk_Xilinx/Vivado/2019.1/data/xsim/ip/xtlm_trace_model_v1_0
xxv_ethernet_v2_4_4=/tools/Disk_Xilinx/Vivado/2019.1/data/xsim/ip/xxv_ethernet_v2_4_4
xxv_ethernet_v2_5_2=/tools/Disk_Xilinx/Vivado/2019.1/data/xsim/ip/xxv_ethernet_v2_5_2
xxv_ethernet_v3_0_0=/tools/Disk_Xilinx/Vivado/2019.1/data/xsim/ip/xxv_ethernet_v3_0_0
zynq_ultra_ps_e_v3_2_3=/tools/Disk_Xilinx/Vivado/2019.1/data/xsim/ip/zynq_ultra_ps_e_v3_2_3
zynq_ultra_ps_e_v3_3_0=/tools/Disk_Xilinx/Vivado/2019.1/data/xsim/ip/zynq_ultra_ps_e_v3_3_0
zynq_ultra_ps_e_vip_v1_0_5=/tools/Disk_Xilinx/Vivado/2019.1/data/xsim/ip/zynq_ultra_ps_e_vip_v1_0_5
-- Done dumping library mapping
Starting static elaboration
INFO: [VRFC 10-3232] compiling module 'rheedGaussianWrapper_tb' [/home/aya/HLS4ML_VS_MANUAL/src/hdl/RHEED_Gaussian/handmade/sv_modules/rheedGaussianWrapper_testing/rheedGaussianWrapper_tb.sv:3]
INFO: [VRFC 10-3232] compiling module '$unit_q_dense_1_pkg_8_2_0_sv' [/home/aya/HLS4ML_VS_MANUAL/src/hdl/RHEED_Gaussian/handmade/sv_modules/all_used_modules/q_dense_1_pkg_8_2_0.sv:1]
Completed static elaboration
Starting simulation data flow analysis
INFO: [XSIM 43-4009] "spatialSum", written at line 41 in file "/home/aya/HLS4ML_VS_MANUAL/src/hdl/RHEED_Gaussian/handmade/sv_modules/all_used_modules/conv2Dsum_reuse9_multichannel.sv", has also been read in this always_comb/always_latch block and is not added to the sensitivity list.
INFO: [XSIM 43-4009] "spatialSum", written at line 41 in file "/home/aya/HLS4ML_VS_MANUAL/src/hdl/RHEED_Gaussian/handmade/sv_modules/all_used_modules/conv2Dsum_reuse9_multichannel.sv", has also been read in this always_comb/always_latch block and is not added to the sensitivity list.
INFO: [XSIM 43-4009] "spatialSum", written at line 41 in file "/home/aya/HLS4ML_VS_MANUAL/src/hdl/RHEED_Gaussian/handmade/sv_modules/all_used_modules/conv2Dsum_reuse9_multichannel.sv", has also been read in this always_comb/always_latch block and is not added to the sensitivity list.
INFO: [XSIM 43-4009] "spatialSum", written at line 41 in file "/home/aya/HLS4ML_VS_MANUAL/src/hdl/RHEED_Gaussian/handmade/sv_modules/all_used_modules/conv2Dsum_reuse9_multichannel.sv", has also been read in this always_comb/always_latch block and is not added to the sensitivity list.
INFO: [XSIM 43-4009] "spatialSum", written at line 41 in file "/home/aya/HLS4ML_VS_MANUAL/src/hdl/RHEED_Gaussian/handmade/sv_modules/all_used_modules/conv2Dsum_reuse9_multichannel.sv", has also been read in this always_comb/always_latch block and is not added to the sensitivity list.
INFO: [XSIM 43-4009] "spatialSum", written at line 41 in file "/home/aya/HLS4ML_VS_MANUAL/src/hdl/RHEED_Gaussian/handmade/sv_modules/all_used_modules/conv2Dsum_reuse9_multichannel.sv", has also been read in this always_comb/always_latch block and is not added to the sensitivity list.
INFO: [XSIM 43-4009] "spatialSum", written at line 41 in file "/home/aya/HLS4ML_VS_MANUAL/src/hdl/RHEED_Gaussian/handmade/sv_modules/all_used_modules/conv2Dsum_reuse9_multichannel.sv", has also been read in this always_comb/always_latch block and is not added to the sensitivity list.
INFO: [XSIM 43-4009] "spatialSum", written at line 41 in file "/home/aya/HLS4ML_VS_MANUAL/src/hdl/RHEED_Gaussian/handmade/sv_modules/all_used_modules/conv2Dsum_reuse9_multichannel.sv", has also been read in this always_comb/always_latch block and is not added to the sensitivity list.
INFO: [XSIM 43-4009] "spatialSum", written at line 41 in file "/home/aya/HLS4ML_VS_MANUAL/src/hdl/RHEED_Gaussian/handmade/sv_modules/all_used_modules/conv2Dsum_reuse9_multichannel.sv", has also been read in this always_comb/always_latch block and is not added to the sensitivity list.
INFO: [XSIM 43-4009] "spatialSum", written at line 41 in file "/home/aya/HLS4ML_VS_MANUAL/src/hdl/RHEED_Gaussian/handmade/sv_modules/all_used_modules/conv2Dsum_reuse9_multichannel.sv", has also been read in this always_comb/always_latch block and is not added to the sensitivity list.
INFO: [XSIM 43-4009] "spatialSum", written at line 41 in file "/home/aya/HLS4ML_VS_MANUAL/src/hdl/RHEED_Gaussian/handmade/sv_modules/all_used_modules/conv2Dsum_reuse9_multichannel.sv", has also been read in this always_comb/always_latch block and is not added to the sensitivity list.
INFO: [XSIM 43-4009] "spatialSum", written at line 41 in file "/home/aya/HLS4ML_VS_MANUAL/src/hdl/RHEED_Gaussian/handmade/sv_modules/all_used_modules/conv2Dsum_reuse9_multichannel.sv", has also been read in this always_comb/always_latch block and is not added to the sensitivity list.
INFO: [XSIM 43-4009] "spatialSum", written at line 41 in file "/home/aya/HLS4ML_VS_MANUAL/src/hdl/RHEED_Gaussian/handmade/sv_modules/all_used_modules/conv2Dsum_reuse9_multichannel.sv", has also been read in this always_comb/always_latch block and is not added to the sensitivity list.
INFO: [XSIM 43-4009] "spatialSum", written at line 41 in file "/home/aya/HLS4ML_VS_MANUAL/src/hdl/RHEED_Gaussian/handmade/sv_modules/all_used_modules/conv2Dsum_reuse9_multichannel.sv", has also been read in this always_comb/always_latch block and is not added to the sensitivity list.
INFO: [XSIM 43-4009] "spatialSum", written at line 41 in file "/home/aya/HLS4ML_VS_MANUAL/src/hdl/RHEED_Gaussian/handmade/sv_modules/all_used_modules/conv2Dsum_reuse9_multichannel.sv", has also been read in this always_comb/always_latch block and is not added to the sensitivity list.
INFO: [XSIM 43-4009] "spatialSum", written at line 41 in file "/home/aya/HLS4ML_VS_MANUAL/src/hdl/RHEED_Gaussian/handmade/sv_modules/all_used_modules/conv2Dsum_reuse9_multichannel.sv", has also been read in this always_comb/always_latch block and is not added to the sensitivity list.
INFO: [XSIM 43-4009] "spatialSum", written at line 41 in file "/home/aya/HLS4ML_VS_MANUAL/src/hdl/RHEED_Gaussian/handmade/sv_modules/all_used_modules/conv2Dsum_reuse9_multichannel.sv", has also been read in this always_comb/always_latch block and is not added to the sensitivity list.
INFO: [XSIM 43-4009] "spatialSum", written at line 41 in file "/home/aya/HLS4ML_VS_MANUAL/src/hdl/RHEED_Gaussian/handmade/sv_modules/all_used_modules/conv2Dsum_reuse9_multichannel.sv", has also been read in this always_comb/always_latch block and is not added to the sensitivity list.
INFO: [XSIM 43-4009] "spatialSum", written at line 41 in file "/home/aya/HLS4ML_VS_MANUAL/src/hdl/RHEED_Gaussian/handmade/sv_modules/all_used_modules/conv2Dsum_reuse9_multichannel.sv", has also been read in this always_comb/always_latch block and is not added to the sensitivity list.
INFO: [XSIM 43-4009] "spatialSum", written at line 41 in file "/home/aya/HLS4ML_VS_MANUAL/src/hdl/RHEED_Gaussian/handmade/sv_modules/all_used_modules/conv2Dsum_reuse9_multichannel.sv", has also been read in this always_comb/always_latch block and is not added to the sensitivity list.
INFO: [XSIM 43-4009] "spatialSum", written at line 41 in file "/home/aya/HLS4ML_VS_MANUAL/src/hdl/RHEED_Gaussian/handmade/sv_modules/all_used_modules/conv2Dsum_reuse9_multichannel.sv", has also been read in this always_comb/always_latch block and is not added to the sensitivity list.
INFO: [XSIM 43-4009] "spatialSum", written at line 41 in file "/home/aya/HLS4ML_VS_MANUAL/src/hdl/RHEED_Gaussian/handmade/sv_modules/all_used_modules/conv2Dsum_reuse9_multichannel.sv", has also been read in this always_comb/always_latch block and is not added to the sensitivity list.
INFO: [XSIM 43-4009] "spatialSum", written at line 41 in file "/home/aya/HLS4ML_VS_MANUAL/src/hdl/RHEED_Gaussian/handmade/sv_modules/all_used_modules/conv2Dsum_reuse9_multichannel.sv", has also been read in this always_comb/always_latch block and is not added to the sensitivity list.
INFO: [XSIM 43-4009] "spatialSum", written at line 41 in file "/home/aya/HLS4ML_VS_MANUAL/src/hdl/RHEED_Gaussian/handmade/sv_modules/all_used_modules/conv2Dsum_reuse9_multichannel.sv", has also been read in this always_comb/always_latch block and is not added to the sensitivity list.
INFO: [XSIM 43-4009] "data_out_tmp", written at line 101 in file "/home/aya/HLS4ML_VS_MANUAL/src/hdl/RHEED_Gaussian/handmade/sv_modules/all_used_modules/shift_add_with_mult.sv", has also been read in this always_comb/always_latch block and is not added to the sensitivity list.
INFO: [XSIM 43-4009] "data_out_tmp", written at line 101 in file "/home/aya/HLS4ML_VS_MANUAL/src/hdl/RHEED_Gaussian/handmade/sv_modules/all_used_modules/shift_add_with_mult.sv", has also been read in this always_comb/always_latch block and is not added to the sensitivity list.
INFO: [XSIM 43-4009] "data_out_tmp", written at line 101 in file "/home/aya/HLS4ML_VS_MANUAL/src/hdl/RHEED_Gaussian/handmade/sv_modules/all_used_modules/shift_add_with_mult.sv", has also been read in this always_comb/always_latch block and is not added to the sensitivity list.
INFO: [XSIM 43-4009] "data_out_tmp", written at line 101 in file "/home/aya/HLS4ML_VS_MANUAL/src/hdl/RHEED_Gaussian/handmade/sv_modules/all_used_modules/shift_add_with_mult.sv", has also been read in this always_comb/always_latch block and is not added to the sensitivity list.
INFO: [XSIM 43-4009] "data_out_tmp", written at line 101 in file "/home/aya/HLS4ML_VS_MANUAL/src/hdl/RHEED_Gaussian/handmade/sv_modules/all_used_modules/shift_add_with_mult.sv", has also been read in this always_comb/always_latch block and is not added to the sensitivity list.
INFO: [XSIM 43-4009] "data_out_tmp", written at line 101 in file "/home/aya/HLS4ML_VS_MANUAL/src/hdl/RHEED_Gaussian/handmade/sv_modules/all_used_modules/shift_add_with_mult.sv", has also been read in this always_comb/always_latch block and is not added to the sensitivity list.
INFO: [XSIM 43-4009] "data_out_tmp", written at line 101 in file "/home/aya/HLS4ML_VS_MANUAL/src/hdl/RHEED_Gaussian/handmade/sv_modules/all_used_modules/shift_add_with_mult.sv", has also been read in this always_comb/always_latch block and is not added to the sensitivity list.
INFO: [XSIM 43-4009] "data_out_tmp", written at line 101 in file "/home/aya/HLS4ML_VS_MANUAL/src/hdl/RHEED_Gaussian/handmade/sv_modules/all_used_modules/shift_add_with_mult.sv", has also been read in this always_comb/always_latch block and is not added to the sensitivity list.
INFO: [XSIM 43-4009] "data_out_tmp", written at line 101 in file "/home/aya/HLS4ML_VS_MANUAL/src/hdl/RHEED_Gaussian/handmade/sv_modules/all_used_modules/shift_add_with_mult.sv", has also been read in this always_comb/always_latch block and is not added to the sensitivity list.
INFO: [XSIM 43-4009] "data_out_tmp", written at line 101 in file "/home/aya/HLS4ML_VS_MANUAL/src/hdl/RHEED_Gaussian/handmade/sv_modules/all_used_modules/shift_add_with_mult.sv", has also been read in this always_comb/always_latch block and is not added to the sensitivity list.
INFO: [XSIM 43-4009] "data_out_tmp", written at line 101 in file "/home/aya/HLS4ML_VS_MANUAL/src/hdl/RHEED_Gaussian/handmade/sv_modules/all_used_modules/shift_add_with_mult.sv", has also been read in this always_comb/always_latch block and is not added to the sensitivity list.
INFO: [XSIM 43-4009] "data_out_tmp", written at line 101 in file "/home/aya/HLS4ML_VS_MANUAL/src/hdl/RHEED_Gaussian/handmade/sv_modules/all_used_modules/shift_add_with_mult.sv", has also been read in this always_comb/always_latch block and is not added to the sensitivity list.
INFO: [XSIM 43-4009] "data_out_tmp", written at line 101 in file "/home/aya/HLS4ML_VS_MANUAL/src/hdl/RHEED_Gaussian/handmade/sv_modules/all_used_modules/shift_add_with_mult.sv", has also been read in this always_comb/always_latch block and is not added to the sensitivity list.
INFO: [XSIM 43-4009] "data_out_tmp", written at line 101 in file "/home/aya/HLS4ML_VS_MANUAL/src/hdl/RHEED_Gaussian/handmade/sv_modules/all_used_modules/shift_add_with_mult.sv", has also been read in this always_comb/always_latch block and is not added to the sensitivity list.
INFO: [XSIM 43-4009] "data_out_tmp", written at line 101 in file "/home/aya/HLS4ML_VS_MANUAL/src/hdl/RHEED_Gaussian/handmade/sv_modules/all_used_modules/shift_add_with_mult.sv", has also been read in this always_comb/always_latch block and is not added to the sensitivity list.
INFO: [XSIM 43-4009] "data_out_tmp", written at line 101 in file "/home/aya/HLS4ML_VS_MANUAL/src/hdl/RHEED_Gaussian/handmade/sv_modules/all_used_modules/shift_add_with_mult.sv", has also been read in this always_comb/always_latch block and is not added to the sensitivity list.
INFO: [XSIM 43-4009] "data_out_tmp", written at line 101 in file "/home/aya/HLS4ML_VS_MANUAL/src/hdl/RHEED_Gaussian/handmade/sv_modules/all_used_modules/shift_add_with_mult.sv", has also been read in this always_comb/always_latch block and is not added to the sensitivity list.
INFO: [XSIM 43-4009] "data_out_tmp", written at line 101 in file "/home/aya/HLS4ML_VS_MANUAL/src/hdl/RHEED_Gaussian/handmade/sv_modules/all_used_modules/shift_add_with_mult.sv", has also been read in this always_comb/always_latch block and is not added to the sensitivity list.
INFO: [XSIM 43-4009] "data_out_tmp", written at line 101 in file "/home/aya/HLS4ML_VS_MANUAL/src/hdl/RHEED_Gaussian/handmade/sv_modules/all_used_modules/shift_add_with_mult.sv", has also been read in this always_comb/always_latch block and is not added to the sensitivity list.
INFO: [XSIM 43-4009] "data_out_tmp", written at line 101 in file "/home/aya/HLS4ML_VS_MANUAL/src/hdl/RHEED_Gaussian/handmade/sv_modules/all_used_modules/shift_add_with_mult.sv", has also been read in this always_comb/always_latch block and is not added to the sensitivity list.
INFO: [XSIM 43-4009] "data_out_tmp", written at line 101 in file "/home/aya/HLS4ML_VS_MANUAL/src/hdl/RHEED_Gaussian/handmade/sv_modules/all_used_modules/shift_add_with_mult.sv", has also been read in this always_comb/always_latch block and is not added to the sensitivity list.
INFO: [XSIM 43-4009] "data_out_tmp", written at line 101 in file "/home/aya/HLS4ML_VS_MANUAL/src/hdl/RHEED_Gaussian/handmade/sv_modules/all_used_modules/shift_add_with_mult.sv", has also been read in this always_comb/always_latch block and is not added to the sensitivity list.
INFO: [XSIM 43-4009] "data_out_tmp", written at line 101 in file "/home/aya/HLS4ML_VS_MANUAL/src/hdl/RHEED_Gaussian/handmade/sv_modules/all_used_modules/shift_add_with_mult.sv", has also been read in this always_comb/always_latch block and is not added to the sensitivity list.
INFO: [XSIM 43-4009] "data_out_tmp", written at line 101 in file "/home/aya/HLS4ML_VS_MANUAL/src/hdl/RHEED_Gaussian/handmade/sv_modules/all_used_modules/shift_add_with_mult.sv", has also been read in this always_comb/always_latch block and is not added to the sensitivity list.
INFO: [XSIM 43-4009] "data_out_tmp", written at line 101 in file "/home/aya/HLS4ML_VS_MANUAL/src/hdl/RHEED_Gaussian/handmade/sv_modules/all_used_modules/shift_add_with_mult.sv", has also been read in this always_comb/always_latch block and is not added to the sensitivity list.
INFO: [XSIM 43-4009] "data_out_tmp", written at line 101 in file "/home/aya/HLS4ML_VS_MANUAL/src/hdl/RHEED_Gaussian/handmade/sv_modules/all_used_modules/shift_add_with_mult.sv", has also been read in this always_comb/always_latch block and is not added to the sensitivity list.
INFO: [XSIM 43-4009] "data_out_tmp", written at line 101 in file "/home/aya/HLS4ML_VS_MANUAL/src/hdl/RHEED_Gaussian/handmade/sv_modules/all_used_modules/shift_add_with_mult.sv", has also been read in this always_comb/always_latch block and is not added to the sensitivity list.
INFO: [XSIM 43-4009] "data_out_tmp", written at line 101 in file "/home/aya/HLS4ML_VS_MANUAL/src/hdl/RHEED_Gaussian/handmade/sv_modules/all_used_modules/shift_add_with_mult.sv", has also been read in this always_comb/always_latch block and is not added to the sensitivity list.
INFO: [XSIM 43-4009] "data_out_tmp", written at line 101 in file "/home/aya/HLS4ML_VS_MANUAL/src/hdl/RHEED_Gaussian/handmade/sv_modules/all_used_modules/shift_add_with_mult.sv", has also been read in this always_comb/always_latch block and is not added to the sensitivity list.
INFO: [XSIM 43-4009] "data_out_tmp", written at line 101 in file "/home/aya/HLS4ML_VS_MANUAL/src/hdl/RHEED_Gaussian/handmade/sv_modules/all_used_modules/shift_add_with_mult.sv", has also been read in this always_comb/always_latch block and is not added to the sensitivity list.
INFO: [XSIM 43-4009] "data_out_tmp", written at line 101 in file "/home/aya/HLS4ML_VS_MANUAL/src/hdl/RHEED_Gaussian/handmade/sv_modules/all_used_modules/shift_add_with_mult.sv", has also been read in this always_comb/always_latch block and is not added to the sensitivity list.
INFO: [XSIM 43-4009] "data_out_tmp", written at line 101 in file "/home/aya/HLS4ML_VS_MANUAL/src/hdl/RHEED_Gaussian/handmade/sv_modules/all_used_modules/shift_add_with_mult.sv", has also been read in this always_comb/always_latch block and is not added to the sensitivity list.
INFO: [XSIM 43-4009] "data_out_tmp", written at line 101 in file "/home/aya/HLS4ML_VS_MANUAL/src/hdl/RHEED_Gaussian/handmade/sv_modules/all_used_modules/shift_add_with_mult.sv", has also been read in this always_comb/always_latch block and is not added to the sensitivity list.
INFO: [XSIM 43-4009] "data_out_tmp", written at line 101 in file "/home/aya/HLS4ML_VS_MANUAL/src/hdl/RHEED_Gaussian/handmade/sv_modules/all_used_modules/shift_add_with_mult.sv", has also been read in this always_comb/always_latch block and is not added to the sensitivity list.
INFO: [XSIM 43-4009] "data_out_tmp", written at line 101 in file "/home/aya/HLS4ML_VS_MANUAL/src/hdl/RHEED_Gaussian/handmade/sv_modules/all_used_modules/shift_add_with_mult.sv", has also been read in this always_comb/always_latch block and is not added to the sensitivity list.
INFO: [XSIM 43-4009] "data_out_tmp", written at line 101 in file "/home/aya/HLS4ML_VS_MANUAL/src/hdl/RHEED_Gaussian/handmade/sv_modules/all_used_modules/shift_add_with_mult.sv", has also been read in this always_comb/always_latch block and is not added to the sensitivity list.
INFO: [XSIM 43-4009] "data_out_tmp", written at line 101 in file "/home/aya/HLS4ML_VS_MANUAL/src/hdl/RHEED_Gaussian/handmade/sv_modules/all_used_modules/shift_add_with_mult.sv", has also been read in this always_comb/always_latch block and is not added to the sensitivity list.
INFO: [XSIM 43-4009] "data_out_tmp", written at line 101 in file "/home/aya/HLS4ML_VS_MANUAL/src/hdl/RHEED_Gaussian/handmade/sv_modules/all_used_modules/shift_add_with_mult.sv", has also been read in this always_comb/always_latch block and is not added to the sensitivity list.
INFO: [XSIM 43-4009] "data_out_tmp", written at line 101 in file "/home/aya/HLS4ML_VS_MANUAL/src/hdl/RHEED_Gaussian/handmade/sv_modules/all_used_modules/shift_add_with_mult.sv", has also been read in this always_comb/always_latch block and is not added to the sensitivity list.
INFO: [XSIM 43-4009] "data_out_tmp", written at line 101 in file "/home/aya/HLS4ML_VS_MANUAL/src/hdl/RHEED_Gaussian/handmade/sv_modules/all_used_modules/shift_add_with_mult.sv", has also been read in this always_comb/always_latch block and is not added to the sensitivity list.
INFO: [XSIM 43-4009] "data_out_tmp", written at line 101 in file "/home/aya/HLS4ML_VS_MANUAL/src/hdl/RHEED_Gaussian/handmade/sv_modules/all_used_modules/shift_add_with_mult.sv", has also been read in this always_comb/always_latch block and is not added to the sensitivity list.
INFO: [XSIM 43-4009] "data_out_tmp", written at line 101 in file "/home/aya/HLS4ML_VS_MANUAL/src/hdl/RHEED_Gaussian/handmade/sv_modules/all_used_modules/shift_add_with_mult.sv", has also been read in this always_comb/always_latch block and is not added to the sensitivity list.
INFO: [XSIM 43-4009] "data_out_tmp", written at line 101 in file "/home/aya/HLS4ML_VS_MANUAL/src/hdl/RHEED_Gaussian/handmade/sv_modules/all_used_modules/shift_add_with_mult.sv", has also been read in this always_comb/always_latch block and is not added to the sensitivity list.
INFO: [XSIM 43-4009] "data_out_tmp", written at line 101 in file "/home/aya/HLS4ML_VS_MANUAL/src/hdl/RHEED_Gaussian/handmade/sv_modules/all_used_modules/shift_add_with_mult.sv", has also been read in this always_comb/always_latch block and is not added to the sensitivity list.
INFO: [XSIM 43-4009] "data_out_tmp", written at line 101 in file "/home/aya/HLS4ML_VS_MANUAL/src/hdl/RHEED_Gaussian/handmade/sv_modules/all_used_modules/shift_add_with_mult.sv", has also been read in this always_comb/always_latch block and is not added to the sensitivity list.
INFO: [XSIM 43-4009] "data_out_tmp", written at line 101 in file "/home/aya/HLS4ML_VS_MANUAL/src/hdl/RHEED_Gaussian/handmade/sv_modules/all_used_modules/shift_add_with_mult.sv", has also been read in this always_comb/always_latch block and is not added to the sensitivity list.
INFO: [XSIM 43-4009] "data_out_tmp", written at line 101 in file "/home/aya/HLS4ML_VS_MANUAL/src/hdl/RHEED_Gaussian/handmade/sv_modules/all_used_modules/shift_add_with_mult.sv", has also been read in this always_comb/always_latch block and is not added to the sensitivity list.
INFO: [XSIM 43-4009] "data_out_tmp", written at line 101 in file "/home/aya/HLS4ML_VS_MANUAL/src/hdl/RHEED_Gaussian/handmade/sv_modules/all_used_modules/shift_add_with_mult.sv", has also been read in this always_comb/always_latch block and is not added to the sensitivity list.
INFO: [XSIM 43-4009] "data_out_tmp", written at line 101 in file "/home/aya/HLS4ML_VS_MANUAL/src/hdl/RHEED_Gaussian/handmade/sv_modules/all_used_modules/shift_add_with_mult.sv", has also been read in this always_comb/always_latch block and is not added to the sensitivity list.
INFO: [XSIM 43-4009] "data_out_tmp", written at line 101 in file "/home/aya/HLS4ML_VS_MANUAL/src/hdl/RHEED_Gaussian/handmade/sv_modules/all_used_modules/shift_add_with_mult.sv", has also been read in this always_comb/always_latch block and is not added to the sensitivity list.
INFO: [XSIM 43-4009] "data_out_tmp", written at line 101 in file "/home/aya/HLS4ML_VS_MANUAL/src/hdl/RHEED_Gaussian/handmade/sv_modules/all_used_modules/shift_add_with_mult.sv", has also been read in this always_comb/always_latch block and is not added to the sensitivity list.
INFO: [XSIM 43-4009] "data_out_tmp", written at line 101 in file "/home/aya/HLS4ML_VS_MANUAL/src/hdl/RHEED_Gaussian/handmade/sv_modules/all_used_modules/shift_add_with_mult.sv", has also been read in this always_comb/always_latch block and is not added to the sensitivity list.
INFO: [XSIM 43-4009] "data_out_tmp", written at line 101 in file "/home/aya/HLS4ML_VS_MANUAL/src/hdl/RHEED_Gaussian/handmade/sv_modules/all_used_modules/shift_add_with_mult.sv", has also been read in this always_comb/always_latch block and is not added to the sensitivity list.
INFO: [XSIM 43-4009] "data_out_tmp", written at line 101 in file "/home/aya/HLS4ML_VS_MANUAL/src/hdl/RHEED_Gaussian/handmade/sv_modules/all_used_modules/shift_add_with_mult.sv", has also been read in this always_comb/always_latch block and is not added to the sensitivity list.
INFO: [XSIM 43-4009] "data_out_tmp", written at line 101 in file "/home/aya/HLS4ML_VS_MANUAL/src/hdl/RHEED_Gaussian/handmade/sv_modules/all_used_modules/shift_add_with_mult.sv", has also been read in this always_comb/always_latch block and is not added to the sensitivity list.
INFO: [XSIM 43-4009] "data_out_tmp", written at line 101 in file "/home/aya/HLS4ML_VS_MANUAL/src/hdl/RHEED_Gaussian/handmade/sv_modules/all_used_modules/shift_add_with_mult.sv", has also been read in this always_comb/always_latch block and is not added to the sensitivity list.
INFO: [XSIM 43-4009] "data_out_tmp", written at line 101 in file "/home/aya/HLS4ML_VS_MANUAL/src/hdl/RHEED_Gaussian/handmade/sv_modules/all_used_modules/shift_add_with_mult.sv", has also been read in this always_comb/always_latch block and is not added to the sensitivity list.
INFO: [XSIM 43-4009] "data_out_tmp", written at line 101 in file "/home/aya/HLS4ML_VS_MANUAL/src/hdl/RHEED_Gaussian/handmade/sv_modules/all_used_modules/shift_add_with_mult.sv", has also been read in this always_comb/always_latch block and is not added to the sensitivity list.
INFO: [XSIM 43-4009] "data_out_tmp", written at line 101 in file "/home/aya/HLS4ML_VS_MANUAL/src/hdl/RHEED_Gaussian/handmade/sv_modules/all_used_modules/shift_add_with_mult.sv", has also been read in this always_comb/always_latch block and is not added to the sensitivity list.
INFO: [XSIM 43-4009] "data_out_tmp", written at line 101 in file "/home/aya/HLS4ML_VS_MANUAL/src/hdl/RHEED_Gaussian/handmade/sv_modules/all_used_modules/shift_add_with_mult.sv", has also been read in this always_comb/always_latch block and is not added to the sensitivity list.
INFO: [XSIM 43-4009] "data_out_tmp", written at line 101 in file "/home/aya/HLS4ML_VS_MANUAL/src/hdl/RHEED_Gaussian/handmade/sv_modules/all_used_modules/shift_add_with_mult.sv", has also been read in this always_comb/always_latch block and is not added to the sensitivity list.
INFO: [XSIM 43-4009] "data_out_tmp", written at line 101 in file "/home/aya/HLS4ML_VS_MANUAL/src/hdl/RHEED_Gaussian/handmade/sv_modules/all_used_modules/shift_add_with_mult.sv", has also been read in this always_comb/always_latch block and is not added to the sensitivity list.
INFO: [XSIM 43-4009] "data_out_tmp", written at line 101 in file "/home/aya/HLS4ML_VS_MANUAL/src/hdl/RHEED_Gaussian/handmade/sv_modules/all_used_modules/shift_add_with_mult.sv", has also been read in this always_comb/always_latch block and is not added to the sensitivity list.
INFO: [XSIM 43-4009] "data_out_tmp", written at line 101 in file "/home/aya/HLS4ML_VS_MANUAL/src/hdl/RHEED_Gaussian/handmade/sv_modules/all_used_modules/shift_add_with_mult.sv", has also been read in this always_comb/always_latch block and is not added to the sensitivity list.
INFO: [XSIM 43-4009] "data_out_tmp", written at line 101 in file "/home/aya/HLS4ML_VS_MANUAL/src/hdl/RHEED_Gaussian/handmade/sv_modules/all_used_modules/shift_add_with_mult.sv", has also been read in this always_comb/always_latch block and is not added to the sensitivity list.
INFO: [XSIM 43-4009] "data_out_tmp", written at line 101 in file "/home/aya/HLS4ML_VS_MANUAL/src/hdl/RHEED_Gaussian/handmade/sv_modules/all_used_modules/shift_add_with_mult.sv", has also been read in this always_comb/always_latch block and is not added to the sensitivity list.
INFO: [XSIM 43-4009] "data_out_tmp", written at line 101 in file "/home/aya/HLS4ML_VS_MANUAL/src/hdl/RHEED_Gaussian/handmade/sv_modules/all_used_modules/shift_add_with_mult.sv", has also been read in this always_comb/always_latch block and is not added to the sensitivity list.
INFO: [XSIM 43-4009] "data_out_tmp", written at line 101 in file "/home/aya/HLS4ML_VS_MANUAL/src/hdl/RHEED_Gaussian/handmade/sv_modules/all_used_modules/shift_add_with_mult.sv", has also been read in this always_comb/always_latch block and is not added to the sensitivity list.
INFO: [XSIM 43-4009] "data_out_tmp", written at line 101 in file "/home/aya/HLS4ML_VS_MANUAL/src/hdl/RHEED_Gaussian/handmade/sv_modules/all_used_modules/shift_add_with_mult.sv", has also been read in this always_comb/always_latch block and is not added to the sensitivity list.
INFO: [XSIM 43-4009] "data_out_tmp", written at line 101 in file "/home/aya/HLS4ML_VS_MANUAL/src/hdl/RHEED_Gaussian/handmade/sv_modules/all_used_modules/shift_add_with_mult.sv", has also been read in this always_comb/always_latch block and is not added to the sensitivity list.
INFO: [XSIM 43-4009] "data_out_tmp", written at line 101 in file "/home/aya/HLS4ML_VS_MANUAL/src/hdl/RHEED_Gaussian/handmade/sv_modules/all_used_modules/shift_add_with_mult.sv", has also been read in this always_comb/always_latch block and is not added to the sensitivity list.
INFO: [XSIM 43-4009] "data_out_tmp", written at line 101 in file "/home/aya/HLS4ML_VS_MANUAL/src/hdl/RHEED_Gaussian/handmade/sv_modules/all_used_modules/shift_add_with_mult.sv", has also been read in this always_comb/always_latch block and is not added to the sensitivity list.
INFO: [XSIM 43-4009] "data_out_tmp", written at line 101 in file "/home/aya/HLS4ML_VS_MANUAL/src/hdl/RHEED_Gaussian/handmade/sv_modules/all_used_modules/shift_add_with_mult.sv", has also been read in this always_comb/always_latch block and is not added to the sensitivity list.
INFO: [XSIM 43-4009] "data_out_tmp", written at line 101 in file "/home/aya/HLS4ML_VS_MANUAL/src/hdl/RHEED_Gaussian/handmade/sv_modules/all_used_modules/shift_add_with_mult.sv", has also been read in this always_comb/always_latch block and is not added to the sensitivity list.
INFO: [XSIM 43-4009] "data_out_tmp", written at line 101 in file "/home/aya/HLS4ML_VS_MANUAL/src/hdl/RHEED_Gaussian/handmade/sv_modules/all_used_modules/shift_add_with_mult.sv", has also been read in this always_comb/always_latch block and is not added to the sensitivity list.
INFO: [XSIM 43-4009] "data_out_tmp", written at line 101 in file "/home/aya/HLS4ML_VS_MANUAL/src/hdl/RHEED_Gaussian/handmade/sv_modules/all_used_modules/shift_add_with_mult.sv", has also been read in this always_comb/always_latch block and is not added to the sensitivity list.
INFO: [XSIM 43-4009] "data_out_tmp", written at line 101 in file "/home/aya/HLS4ML_VS_MANUAL/src/hdl/RHEED_Gaussian/handmade/sv_modules/all_used_modules/shift_add_with_mult.sv", has also been read in this always_comb/always_latch block and is not added to the sensitivity list.
INFO: [XSIM 43-4009] "data_out_tmp", written at line 101 in file "/home/aya/HLS4ML_VS_MANUAL/src/hdl/RHEED_Gaussian/handmade/sv_modules/all_used_modules/shift_add_with_mult.sv", has also been read in this always_comb/always_latch block and is not added to the sensitivity list.
INFO: [XSIM 43-4009] "data_out_tmp", written at line 101 in file "/home/aya/HLS4ML_VS_MANUAL/src/hdl/RHEED_Gaussian/handmade/sv_modules/all_used_modules/shift_add_with_mult.sv", has also been read in this always_comb/always_latch block and is not added to the sensitivity list.
INFO: [XSIM 43-4009] "data_out_tmp", written at line 101 in file "/home/aya/HLS4ML_VS_MANUAL/src/hdl/RHEED_Gaussian/handmade/sv_modules/all_used_modules/shift_add_with_mult.sv", has also been read in this always_comb/always_latch block and is not added to the sensitivity list.
INFO: [XSIM 43-4009] "data_out_tmp", written at line 101 in file "/home/aya/HLS4ML_VS_MANUAL/src/hdl/RHEED_Gaussian/handmade/sv_modules/all_used_modules/shift_add_with_mult.sv", has also been read in this always_comb/always_latch block and is not added to the sensitivity list.
INFO: [XSIM 43-4009] "data_out_tmp", written at line 101 in file "/home/aya/HLS4ML_VS_MANUAL/src/hdl/RHEED_Gaussian/handmade/sv_modules/all_used_modules/shift_add_with_mult.sv", has also been read in this always_comb/always_latch block and is not added to the sensitivity list.
INFO: [XSIM 43-4009] "data_out_tmp", written at line 101 in file "/home/aya/HLS4ML_VS_MANUAL/src/hdl/RHEED_Gaussian/handmade/sv_modules/all_used_modules/shift_add_with_mult.sv", has also been read in this always_comb/always_latch block and is not added to the sensitivity list.
INFO: [XSIM 43-4009] "data_out_tmp", written at line 101 in file "/home/aya/HLS4ML_VS_MANUAL/src/hdl/RHEED_Gaussian/handmade/sv_modules/all_used_modules/shift_add_with_mult.sv", has also been read in this always_comb/always_latch block and is not added to the sensitivity list.
INFO: [XSIM 43-4009] "data_out_tmp", written at line 101 in file "/home/aya/HLS4ML_VS_MANUAL/src/hdl/RHEED_Gaussian/handmade/sv_modules/all_used_modules/shift_add_with_mult.sv", has also been read in this always_comb/always_latch block and is not added to the sensitivity list.
INFO: [XSIM 43-4009] "data_out_tmp", written at line 101 in file "/home/aya/HLS4ML_VS_MANUAL/src/hdl/RHEED_Gaussian/handmade/sv_modules/all_used_modules/shift_add_with_mult.sv", has also been read in this always_comb/always_latch block and is not added to the sensitivity list.
INFO: [XSIM 43-4009] "data_out_tmp", written at line 101 in file "/home/aya/HLS4ML_VS_MANUAL/src/hdl/RHEED_Gaussian/handmade/sv_modules/all_used_modules/shift_add_with_mult.sv", has also been read in this always_comb/always_latch block and is not added to the sensitivity list.
INFO: [XSIM 43-4009] "data_out_tmp", written at line 101 in file "/home/aya/HLS4ML_VS_MANUAL/src/hdl/RHEED_Gaussian/handmade/sv_modules/all_used_modules/shift_add_with_mult.sv", has also been read in this always_comb/always_latch block and is not added to the sensitivity list.
INFO: [XSIM 43-4009] "data_out_tmp", written at line 101 in file "/home/aya/HLS4ML_VS_MANUAL/src/hdl/RHEED_Gaussian/handmade/sv_modules/all_used_modules/shift_add_with_mult.sv", has also been read in this always_comb/always_latch block and is not added to the sensitivity list.
INFO: [XSIM 43-4009] "data_out_tmp", written at line 101 in file "/home/aya/HLS4ML_VS_MANUAL/src/hdl/RHEED_Gaussian/handmade/sv_modules/all_used_modules/shift_add_with_mult.sv", has also been read in this always_comb/always_latch block and is not added to the sensitivity list.
INFO: [XSIM 43-4009] "data_out_tmp", written at line 101 in file "/home/aya/HLS4ML_VS_MANUAL/src/hdl/RHEED_Gaussian/handmade/sv_modules/all_used_modules/shift_add_with_mult.sv", has also been read in this always_comb/always_latch block and is not added to the sensitivity list.
INFO: [XSIM 43-4009] "data_out_tmp", written at line 101 in file "/home/aya/HLS4ML_VS_MANUAL/src/hdl/RHEED_Gaussian/handmade/sv_modules/all_used_modules/shift_add_with_mult.sv", has also been read in this always_comb/always_latch block and is not added to the sensitivity list.
INFO: [XSIM 43-4009] "data_out_tmp", written at line 101 in file "/home/aya/HLS4ML_VS_MANUAL/src/hdl/RHEED_Gaussian/handmade/sv_modules/all_used_modules/shift_add_with_mult.sv", has also been read in this always_comb/always_latch block and is not added to the sensitivity list.
INFO: [XSIM 43-4009] "data_out_tmp", written at line 101 in file "/home/aya/HLS4ML_VS_MANUAL/src/hdl/RHEED_Gaussian/handmade/sv_modules/all_used_modules/shift_add_with_mult.sv", has also been read in this always_comb/always_latch block and is not added to the sensitivity list.
INFO: [XSIM 43-4009] "data_out_tmp", written at line 101 in file "/home/aya/HLS4ML_VS_MANUAL/src/hdl/RHEED_Gaussian/handmade/sv_modules/all_used_modules/shift_add_with_mult.sv", has also been read in this always_comb/always_latch block and is not added to the sensitivity list.
INFO: [XSIM 43-4009] "data_out_tmp", written at line 101 in file "/home/aya/HLS4ML_VS_MANUAL/src/hdl/RHEED_Gaussian/handmade/sv_modules/all_used_modules/shift_add_with_mult.sv", has also been read in this always_comb/always_latch block and is not added to the sensitivity list.
INFO: [XSIM 43-4009] "data_out_tmp", written at line 101 in file "/home/aya/HLS4ML_VS_MANUAL/src/hdl/RHEED_Gaussian/handmade/sv_modules/all_used_modules/shift_add_with_mult.sv", has also been read in this always_comb/always_latch block and is not added to the sensitivity list.
INFO: [XSIM 43-4009] "data_out_tmp", written at line 101 in file "/home/aya/HLS4ML_VS_MANUAL/src/hdl/RHEED_Gaussian/handmade/sv_modules/all_used_modules/shift_add_with_mult.sv", has also been read in this always_comb/always_latch block and is not added to the sensitivity list.
INFO: [XSIM 43-4009] "data_out_tmp", written at line 101 in file "/home/aya/HLS4ML_VS_MANUAL/src/hdl/RHEED_Gaussian/handmade/sv_modules/all_used_modules/shift_add_with_mult.sv", has also been read in this always_comb/always_latch block and is not added to the sensitivity list.
INFO: [XSIM 43-4009] "data_out_tmp", written at line 101 in file "/home/aya/HLS4ML_VS_MANUAL/src/hdl/RHEED_Gaussian/handmade/sv_modules/all_used_modules/shift_add_with_mult.sv", has also been read in this always_comb/always_latch block and is not added to the sensitivity list.
INFO: [XSIM 43-4009] "data_out_tmp", written at line 101 in file "/home/aya/HLS4ML_VS_MANUAL/src/hdl/RHEED_Gaussian/handmade/sv_modules/all_used_modules/shift_add_with_mult.sv", has also been read in this always_comb/always_latch block and is not added to the sensitivity list.
INFO: [XSIM 43-4009] "data_out_tmp", written at line 101 in file "/home/aya/HLS4ML_VS_MANUAL/src/hdl/RHEED_Gaussian/handmade/sv_modules/all_used_modules/shift_add_with_mult.sv", has also been read in this always_comb/always_latch block and is not added to the sensitivity list.
INFO: [XSIM 43-4009] "data_out_tmp", written at line 101 in file "/home/aya/HLS4ML_VS_MANUAL/src/hdl/RHEED_Gaussian/handmade/sv_modules/all_used_modules/shift_add_with_mult.sv", has also been read in this always_comb/always_latch block and is not added to the sensitivity list.
INFO: [XSIM 43-4009] "data_out_tmp", written at line 101 in file "/home/aya/HLS4ML_VS_MANUAL/src/hdl/RHEED_Gaussian/handmade/sv_modules/all_used_modules/shift_add_with_mult.sv", has also been read in this always_comb/always_latch block and is not added to the sensitivity list.
INFO: [XSIM 43-4009] "data_out_tmp", written at line 101 in file "/home/aya/HLS4ML_VS_MANUAL/src/hdl/RHEED_Gaussian/handmade/sv_modules/all_used_modules/shift_add_with_mult.sv", has also been read in this always_comb/always_latch block and is not added to the sensitivity list.
INFO: [XSIM 43-4009] "data_out_tmp", written at line 101 in file "/home/aya/HLS4ML_VS_MANUAL/src/hdl/RHEED_Gaussian/handmade/sv_modules/all_used_modules/shift_add_with_mult.sv", has also been read in this always_comb/always_latch block and is not added to the sensitivity list.
INFO: [XSIM 43-4009] "data_out_tmp", written at line 101 in file "/home/aya/HLS4ML_VS_MANUAL/src/hdl/RHEED_Gaussian/handmade/sv_modules/all_used_modules/shift_add_with_mult.sv", has also been read in this always_comb/always_latch block and is not added to the sensitivity list.
INFO: [XSIM 43-4009] "data_out_tmp", written at line 101 in file "/home/aya/HLS4ML_VS_MANUAL/src/hdl/RHEED_Gaussian/handmade/sv_modules/all_used_modules/shift_add_with_mult.sv", has also been read in this always_comb/always_latch block and is not added to the sensitivity list.
INFO: [XSIM 43-4009] "data_out_tmp", written at line 101 in file "/home/aya/HLS4ML_VS_MANUAL/src/hdl/RHEED_Gaussian/handmade/sv_modules/all_used_modules/shift_add_with_mult.sv", has also been read in this always_comb/always_latch block and is not added to the sensitivity list.
INFO: [XSIM 43-4009] "data_out_tmp", written at line 101 in file "/home/aya/HLS4ML_VS_MANUAL/src/hdl/RHEED_Gaussian/handmade/sv_modules/all_used_modules/shift_add_with_mult.sv", has also been read in this always_comb/always_latch block and is not added to the sensitivity list.
INFO: [XSIM 43-4009] "data_out_tmp", written at line 101 in file "/home/aya/HLS4ML_VS_MANUAL/src/hdl/RHEED_Gaussian/handmade/sv_modules/all_used_modules/shift_add_with_mult.sv", has also been read in this always_comb/always_latch block and is not added to the sensitivity list.
INFO: [XSIM 43-4009] "data_out_tmp", written at line 101 in file "/home/aya/HLS4ML_VS_MANUAL/src/hdl/RHEED_Gaussian/handmade/sv_modules/all_used_modules/shift_add_with_mult.sv", has also been read in this always_comb/always_latch block and is not added to the sensitivity list.
INFO: [XSIM 43-4009] "data_out_tmp", written at line 101 in file "/home/aya/HLS4ML_VS_MANUAL/src/hdl/RHEED_Gaussian/handmade/sv_modules/all_used_modules/shift_add_with_mult.sv", has also been read in this always_comb/always_latch block and is not added to the sensitivity list.
INFO: [XSIM 43-4009] "data_out_tmp", written at line 101 in file "/home/aya/HLS4ML_VS_MANUAL/src/hdl/RHEED_Gaussian/handmade/sv_modules/all_used_modules/shift_add_with_mult.sv", has also been read in this always_comb/always_latch block and is not added to the sensitivity list.
INFO: [XSIM 43-4009] "data_out_tmp", written at line 101 in file "/home/aya/HLS4ML_VS_MANUAL/src/hdl/RHEED_Gaussian/handmade/sv_modules/all_used_modules/shift_add_with_mult.sv", has also been read in this always_comb/always_latch block and is not added to the sensitivity list.
INFO: [XSIM 43-4009] "data_out_tmp", written at line 101 in file "/home/aya/HLS4ML_VS_MANUAL/src/hdl/RHEED_Gaussian/handmade/sv_modules/all_used_modules/shift_add_with_mult.sv", has also been read in this always_comb/always_latch block and is not added to the sensitivity list.
INFO: [XSIM 43-4009] "data_out_tmp", written at line 101 in file "/home/aya/HLS4ML_VS_MANUAL/src/hdl/RHEED_Gaussian/handmade/sv_modules/all_used_modules/shift_add_with_mult.sv", has also been read in this always_comb/always_latch block and is not added to the sensitivity list.
INFO: [XSIM 43-4009] "data_out_tmp", written at line 101 in file "/home/aya/HLS4ML_VS_MANUAL/src/hdl/RHEED_Gaussian/handmade/sv_modules/all_used_modules/shift_add_with_mult.sv", has also been read in this always_comb/always_latch block and is not added to the sensitivity list.
INFO: [XSIM 43-4009] "data_out_tmp", written at line 101 in file "/home/aya/HLS4ML_VS_MANUAL/src/hdl/RHEED_Gaussian/handmade/sv_modules/all_used_modules/shift_add_with_mult.sv", has also been read in this always_comb/always_latch block and is not added to the sensitivity list.
INFO: [XSIM 43-4009] "data_out_tmp", written at line 101 in file "/home/aya/HLS4ML_VS_MANUAL/src/hdl/RHEED_Gaussian/handmade/sv_modules/all_used_modules/shift_add_with_mult.sv", has also been read in this always_comb/always_latch block and is not added to the sensitivity list.
INFO: [XSIM 43-4009] "data_out_tmp", written at line 101 in file "/home/aya/HLS4ML_VS_MANUAL/src/hdl/RHEED_Gaussian/handmade/sv_modules/all_used_modules/shift_add_with_mult.sv", has also been read in this always_comb/always_latch block and is not added to the sensitivity list.
INFO: [XSIM 43-4009] "data_out_tmp", written at line 101 in file "/home/aya/HLS4ML_VS_MANUAL/src/hdl/RHEED_Gaussian/handmade/sv_modules/all_used_modules/shift_add_with_mult.sv", has also been read in this always_comb/always_latch block and is not added to the sensitivity list.
INFO: [XSIM 43-4009] "data_out_tmp", written at line 101 in file "/home/aya/HLS4ML_VS_MANUAL/src/hdl/RHEED_Gaussian/handmade/sv_modules/all_used_modules/shift_add_with_mult.sv", has also been read in this always_comb/always_latch block and is not added to the sensitivity list.
INFO: [XSIM 43-4009] "data_out_tmp", written at line 101 in file "/home/aya/HLS4ML_VS_MANUAL/src/hdl/RHEED_Gaussian/handmade/sv_modules/all_used_modules/shift_add_with_mult.sv", has also been read in this always_comb/always_latch block and is not added to the sensitivity list.
INFO: [XSIM 43-4009] "data_out_tmp", written at line 101 in file "/home/aya/HLS4ML_VS_MANUAL/src/hdl/RHEED_Gaussian/handmade/sv_modules/all_used_modules/shift_add_with_mult.sv", has also been read in this always_comb/always_latch block and is not added to the sensitivity list.
INFO: [XSIM 43-4009] "data_out_tmp", written at line 101 in file "/home/aya/HLS4ML_VS_MANUAL/src/hdl/RHEED_Gaussian/handmade/sv_modules/all_used_modules/shift_add_with_mult.sv", has also been read in this always_comb/always_latch block and is not added to the sensitivity list.
INFO: [XSIM 43-4009] "data_out_tmp", written at line 101 in file "/home/aya/HLS4ML_VS_MANUAL/src/hdl/RHEED_Gaussian/handmade/sv_modules/all_used_modules/shift_add_with_mult.sv", has also been read in this always_comb/always_latch block and is not added to the sensitivity list.
INFO: [XSIM 43-4009] "data_out_tmp", written at line 101 in file "/home/aya/HLS4ML_VS_MANUAL/src/hdl/RHEED_Gaussian/handmade/sv_modules/all_used_modules/shift_add_with_mult.sv", has also been read in this always_comb/always_latch block and is not added to the sensitivity list.
INFO: [XSIM 43-4009] "data_out_tmp", written at line 101 in file "/home/aya/HLS4ML_VS_MANUAL/src/hdl/RHEED_Gaussian/handmade/sv_modules/all_used_modules/shift_add_with_mult.sv", has also been read in this always_comb/always_latch block and is not added to the sensitivity list.
INFO: [XSIM 43-4009] "data_out_tmp", written at line 101 in file "/home/aya/HLS4ML_VS_MANUAL/src/hdl/RHEED_Gaussian/handmade/sv_modules/all_used_modules/shift_add_with_mult.sv", has also been read in this always_comb/always_latch block and is not added to the sensitivity list.
INFO: [XSIM 43-4009] "data_out_tmp", written at line 101 in file "/home/aya/HLS4ML_VS_MANUAL/src/hdl/RHEED_Gaussian/handmade/sv_modules/all_used_modules/shift_add_with_mult.sv", has also been read in this always_comb/always_latch block and is not added to the sensitivity list.
INFO: [XSIM 43-4009] "data_out_tmp", written at line 101 in file "/home/aya/HLS4ML_VS_MANUAL/src/hdl/RHEED_Gaussian/handmade/sv_modules/all_used_modules/shift_add_with_mult.sv", has also been read in this always_comb/always_latch block and is not added to the sensitivity list.
INFO: [XSIM 43-4009] "data_out_tmp", written at line 101 in file "/home/aya/HLS4ML_VS_MANUAL/src/hdl/RHEED_Gaussian/handmade/sv_modules/all_used_modules/shift_add_with_mult.sv", has also been read in this always_comb/always_latch block and is not added to the sensitivity list.
INFO: [XSIM 43-4009] "data_out_tmp", written at line 101 in file "/home/aya/HLS4ML_VS_MANUAL/src/hdl/RHEED_Gaussian/handmade/sv_modules/all_used_modules/shift_add_with_mult.sv", has also been read in this always_comb/always_latch block and is not added to the sensitivity list.
INFO: [XSIM 43-4009] "data_out_tmp", written at line 101 in file "/home/aya/HLS4ML_VS_MANUAL/src/hdl/RHEED_Gaussian/handmade/sv_modules/all_used_modules/shift_add_with_mult.sv", has also been read in this always_comb/always_latch block and is not added to the sensitivity list.
INFO: [XSIM 43-4009] "data_out_tmp", written at line 101 in file "/home/aya/HLS4ML_VS_MANUAL/src/hdl/RHEED_Gaussian/handmade/sv_modules/all_used_modules/shift_add_with_mult.sv", has also been read in this always_comb/always_latch block and is not added to the sensitivity list.
INFO: [XSIM 43-4009] "data_out_tmp", written at line 101 in file "/home/aya/HLS4ML_VS_MANUAL/src/hdl/RHEED_Gaussian/handmade/sv_modules/all_used_modules/shift_add_with_mult.sv", has also been read in this always_comb/always_latch block and is not added to the sensitivity list.
INFO: [XSIM 43-4009] "data_out_tmp", written at line 101 in file "/home/aya/HLS4ML_VS_MANUAL/src/hdl/RHEED_Gaussian/handmade/sv_modules/all_used_modules/shift_add_with_mult.sv", has also been read in this always_comb/always_latch block and is not added to the sensitivity list.
INFO: [XSIM 43-4009] "data_out_tmp", written at line 101 in file "/home/aya/HLS4ML_VS_MANUAL/src/hdl/RHEED_Gaussian/handmade/sv_modules/all_used_modules/shift_add_with_mult.sv", has also been read in this always_comb/always_latch block and is not added to the sensitivity list.
INFO: [XSIM 43-4009] "data_out_tmp", written at line 101 in file "/home/aya/HLS4ML_VS_MANUAL/src/hdl/RHEED_Gaussian/handmade/sv_modules/all_used_modules/shift_add_with_mult.sv", has also been read in this always_comb/always_latch block and is not added to the sensitivity list.
INFO: [XSIM 43-4009] "data_out_tmp", written at line 101 in file "/home/aya/HLS4ML_VS_MANUAL/src/hdl/RHEED_Gaussian/handmade/sv_modules/all_used_modules/shift_add_with_mult.sv", has also been read in this always_comb/always_latch block and is not added to the sensitivity list.
INFO: [XSIM 43-4009] "data_out_tmp", written at line 101 in file "/home/aya/HLS4ML_VS_MANUAL/src/hdl/RHEED_Gaussian/handmade/sv_modules/all_used_modules/shift_add_with_mult.sv", has also been read in this always_comb/always_latch block and is not added to the sensitivity list.
INFO: [XSIM 43-4009] "data_out_tmp", written at line 101 in file "/home/aya/HLS4ML_VS_MANUAL/src/hdl/RHEED_Gaussian/handmade/sv_modules/all_used_modules/shift_add_with_mult.sv", has also been read in this always_comb/always_latch block and is not added to the sensitivity list.
INFO: [XSIM 43-4009] "data_out_tmp", written at line 101 in file "/home/aya/HLS4ML_VS_MANUAL/src/hdl/RHEED_Gaussian/handmade/sv_modules/all_used_modules/shift_add_with_mult.sv", has also been read in this always_comb/always_latch block and is not added to the sensitivity list.
INFO: [XSIM 43-4009] "data_out_tmp", written at line 101 in file "/home/aya/HLS4ML_VS_MANUAL/src/hdl/RHEED_Gaussian/handmade/sv_modules/all_used_modules/shift_add_with_mult.sv", has also been read in this always_comb/always_latch block and is not added to the sensitivity list.
INFO: [XSIM 43-4009] "data_out_tmp", written at line 101 in file "/home/aya/HLS4ML_VS_MANUAL/src/hdl/RHEED_Gaussian/handmade/sv_modules/all_used_modules/shift_add_with_mult.sv", has also been read in this always_comb/always_latch block and is not added to the sensitivity list.
INFO: [XSIM 43-4009] "data_out_tmp", written at line 101 in file "/home/aya/HLS4ML_VS_MANUAL/src/hdl/RHEED_Gaussian/handmade/sv_modules/all_used_modules/shift_add_with_mult.sv", has also been read in this always_comb/always_latch block and is not added to the sensitivity list.
INFO: [XSIM 43-4009] "data_out_tmp", written at line 101 in file "/home/aya/HLS4ML_VS_MANUAL/src/hdl/RHEED_Gaussian/handmade/sv_modules/all_used_modules/shift_add_with_mult.sv", has also been read in this always_comb/always_latch block and is not added to the sensitivity list.
INFO: [XSIM 43-4009] "data_out_tmp", written at line 101 in file "/home/aya/HLS4ML_VS_MANUAL/src/hdl/RHEED_Gaussian/handmade/sv_modules/all_used_modules/shift_add_with_mult.sv", has also been read in this always_comb/always_latch block and is not added to the sensitivity list.
INFO: [XSIM 43-4009] "data_out_tmp", written at line 101 in file "/home/aya/HLS4ML_VS_MANUAL/src/hdl/RHEED_Gaussian/handmade/sv_modules/all_used_modules/shift_add_with_mult.sv", has also been read in this always_comb/always_latch block and is not added to the sensitivity list.
INFO: [XSIM 43-4009] "data_out_tmp", written at line 101 in file "/home/aya/HLS4ML_VS_MANUAL/src/hdl/RHEED_Gaussian/handmade/sv_modules/all_used_modules/shift_add_with_mult.sv", has also been read in this always_comb/always_latch block and is not added to the sensitivity list.
INFO: [XSIM 43-4009] "data_out_tmp", written at line 101 in file "/home/aya/HLS4ML_VS_MANUAL/src/hdl/RHEED_Gaussian/handmade/sv_modules/all_used_modules/shift_add_with_mult.sv", has also been read in this always_comb/always_latch block and is not added to the sensitivity list.
INFO: [XSIM 43-4009] "data_out_tmp", written at line 101 in file "/home/aya/HLS4ML_VS_MANUAL/src/hdl/RHEED_Gaussian/handmade/sv_modules/all_used_modules/shift_add_with_mult.sv", has also been read in this always_comb/always_latch block and is not added to the sensitivity list.
INFO: [XSIM 43-4009] "data_out_tmp", written at line 101 in file "/home/aya/HLS4ML_VS_MANUAL/src/hdl/RHEED_Gaussian/handmade/sv_modules/all_used_modules/shift_add_with_mult.sv", has also been read in this always_comb/always_latch block and is not added to the sensitivity list.
INFO: [XSIM 43-4009] "data_out_tmp", written at line 101 in file "/home/aya/HLS4ML_VS_MANUAL/src/hdl/RHEED_Gaussian/handmade/sv_modules/all_used_modules/shift_add_with_mult.sv", has also been read in this always_comb/always_latch block and is not added to the sensitivity list.
INFO: [XSIM 43-4009] "data_out_tmp", written at line 101 in file "/home/aya/HLS4ML_VS_MANUAL/src/hdl/RHEED_Gaussian/handmade/sv_modules/all_used_modules/shift_add_with_mult.sv", has also been read in this always_comb/always_latch block and is not added to the sensitivity list.
INFO: [XSIM 43-4009] "data_out_tmp", written at line 101 in file "/home/aya/HLS4ML_VS_MANUAL/src/hdl/RHEED_Gaussian/handmade/sv_modules/all_used_modules/shift_add_with_mult.sv", has also been read in this always_comb/always_latch block and is not added to the sensitivity list.
INFO: [XSIM 43-4009] "data_out_tmp", written at line 101 in file "/home/aya/HLS4ML_VS_MANUAL/src/hdl/RHEED_Gaussian/handmade/sv_modules/all_used_modules/shift_add_with_mult.sv", has also been read in this always_comb/always_latch block and is not added to the sensitivity list.
INFO: [XSIM 43-4009] "data_out_tmp", written at line 101 in file "/home/aya/HLS4ML_VS_MANUAL/src/hdl/RHEED_Gaussian/handmade/sv_modules/all_used_modules/shift_add_with_mult.sv", has also been read in this always_comb/always_latch block and is not added to the sensitivity list.
INFO: [XSIM 43-4009] "data_out_tmp", written at line 101 in file "/home/aya/HLS4ML_VS_MANUAL/src/hdl/RHEED_Gaussian/handmade/sv_modules/all_used_modules/shift_add_with_mult.sv", has also been read in this always_comb/always_latch block and is not added to the sensitivity list.
INFO: [XSIM 43-4009] "data_out_tmp", written at line 101 in file "/home/aya/HLS4ML_VS_MANUAL/src/hdl/RHEED_Gaussian/handmade/sv_modules/all_used_modules/shift_add_with_mult.sv", has also been read in this always_comb/always_latch block and is not added to the sensitivity list.
INFO: [XSIM 43-4009] "data_out_tmp", written at line 101 in file "/home/aya/HLS4ML_VS_MANUAL/src/hdl/RHEED_Gaussian/handmade/sv_modules/all_used_modules/shift_add_with_mult.sv", has also been read in this always_comb/always_latch block and is not added to the sensitivity list.
INFO: [XSIM 43-4009] "data_out_tmp", written at line 101 in file "/home/aya/HLS4ML_VS_MANUAL/src/hdl/RHEED_Gaussian/handmade/sv_modules/all_used_modules/shift_add_with_mult.sv", has also been read in this always_comb/always_latch block and is not added to the sensitivity list.
INFO: [XSIM 43-4009] "data_out_tmp", written at line 101 in file "/home/aya/HLS4ML_VS_MANUAL/src/hdl/RHEED_Gaussian/handmade/sv_modules/all_used_modules/shift_add_with_mult.sv", has also been read in this always_comb/always_latch block and is not added to the sensitivity list.
INFO: [XSIM 43-4009] "data_out_tmp", written at line 101 in file "/home/aya/HLS4ML_VS_MANUAL/src/hdl/RHEED_Gaussian/handmade/sv_modules/all_used_modules/shift_add_with_mult.sv", has also been read in this always_comb/always_latch block and is not added to the sensitivity list.
INFO: [XSIM 43-4009] "data_out_tmp", written at line 101 in file "/home/aya/HLS4ML_VS_MANUAL/src/hdl/RHEED_Gaussian/handmade/sv_modules/all_used_modules/shift_add_with_mult.sv", has also been read in this always_comb/always_latch block and is not added to the sensitivity list.
INFO: [XSIM 43-4009] "data_out_tmp", written at line 101 in file "/home/aya/HLS4ML_VS_MANUAL/src/hdl/RHEED_Gaussian/handmade/sv_modules/all_used_modules/shift_add_with_mult.sv", has also been read in this always_comb/always_latch block and is not added to the sensitivity list.
INFO: [XSIM 43-4009] "data_out_tmp", written at line 101 in file "/home/aya/HLS4ML_VS_MANUAL/src/hdl/RHEED_Gaussian/handmade/sv_modules/all_used_modules/shift_add_with_mult.sv", has also been read in this always_comb/always_latch block and is not added to the sensitivity list.
INFO: [XSIM 43-4009] "data_out_tmp", written at line 101 in file "/home/aya/HLS4ML_VS_MANUAL/src/hdl/RHEED_Gaussian/handmade/sv_modules/all_used_modules/shift_add_with_mult.sv", has also been read in this always_comb/always_latch block and is not added to the sensitivity list.
INFO: [XSIM 43-4009] "data_out_tmp", written at line 101 in file "/home/aya/HLS4ML_VS_MANUAL/src/hdl/RHEED_Gaussian/handmade/sv_modules/all_used_modules/shift_add_with_mult.sv", has also been read in this always_comb/always_latch block and is not added to the sensitivity list.
INFO: [XSIM 43-4009] "data_out_tmp", written at line 101 in file "/home/aya/HLS4ML_VS_MANUAL/src/hdl/RHEED_Gaussian/handmade/sv_modules/all_used_modules/shift_add_with_mult.sv", has also been read in this always_comb/always_latch block and is not added to the sensitivity list.
INFO: [XSIM 43-4009] "data_out_tmp", written at line 101 in file "/home/aya/HLS4ML_VS_MANUAL/src/hdl/RHEED_Gaussian/handmade/sv_modules/all_used_modules/shift_add_with_mult.sv", has also been read in this always_comb/always_latch block and is not added to the sensitivity list.
INFO: [XSIM 43-4009] "data_out_tmp", written at line 101 in file "/home/aya/HLS4ML_VS_MANUAL/src/hdl/RHEED_Gaussian/handmade/sv_modules/all_used_modules/shift_add_with_mult.sv", has also been read in this always_comb/always_latch block and is not added to the sensitivity list.
INFO: [XSIM 43-4009] "data_out_tmp", written at line 101 in file "/home/aya/HLS4ML_VS_MANUAL/src/hdl/RHEED_Gaussian/handmade/sv_modules/all_used_modules/shift_add_with_mult.sv", has also been read in this always_comb/always_latch block and is not added to the sensitivity list.
INFO: [XSIM 43-4009] "data_out_tmp", written at line 101 in file "/home/aya/HLS4ML_VS_MANUAL/src/hdl/RHEED_Gaussian/handmade/sv_modules/all_used_modules/shift_add_with_mult.sv", has also been read in this always_comb/always_latch block and is not added to the sensitivity list.
INFO: [XSIM 43-4009] "data_out_tmp", written at line 101 in file "/home/aya/HLS4ML_VS_MANUAL/src/hdl/RHEED_Gaussian/handmade/sv_modules/all_used_modules/shift_add_with_mult.sv", has also been read in this always_comb/always_latch block and is not added to the sensitivity list.
INFO: [XSIM 43-4009] "data_out_tmp", written at line 101 in file "/home/aya/HLS4ML_VS_MANUAL/src/hdl/RHEED_Gaussian/handmade/sv_modules/all_used_modules/shift_add_with_mult.sv", has also been read in this always_comb/always_latch block and is not added to the sensitivity list.
INFO: [XSIM 43-4009] "data_out_tmp", written at line 101 in file "/home/aya/HLS4ML_VS_MANUAL/src/hdl/RHEED_Gaussian/handmade/sv_modules/all_used_modules/shift_add_with_mult.sv", has also been read in this always_comb/always_latch block and is not added to the sensitivity list.
INFO: [XSIM 43-4009] "data_out_tmp", written at line 101 in file "/home/aya/HLS4ML_VS_MANUAL/src/hdl/RHEED_Gaussian/handmade/sv_modules/all_used_modules/shift_add_with_mult.sv", has also been read in this always_comb/always_latch block and is not added to the sensitivity list.
INFO: [XSIM 43-4009] "data_out_tmp", written at line 101 in file "/home/aya/HLS4ML_VS_MANUAL/src/hdl/RHEED_Gaussian/handmade/sv_modules/all_used_modules/shift_add_with_mult.sv", has also been read in this always_comb/always_latch block and is not added to the sensitivity list.
INFO: [XSIM 43-4009] "data_out_tmp", written at line 101 in file "/home/aya/HLS4ML_VS_MANUAL/src/hdl/RHEED_Gaussian/handmade/sv_modules/all_used_modules/shift_add_with_mult.sv", has also been read in this always_comb/always_latch block and is not added to the sensitivity list.
INFO: [XSIM 43-4009] "data_out_tmp", written at line 101 in file "/home/aya/HLS4ML_VS_MANUAL/src/hdl/RHEED_Gaussian/handmade/sv_modules/all_used_modules/shift_add_with_mult.sv", has also been read in this always_comb/always_latch block and is not added to the sensitivity list.
INFO: [XSIM 43-4009] "data_out_tmp", written at line 101 in file "/home/aya/HLS4ML_VS_MANUAL/src/hdl/RHEED_Gaussian/handmade/sv_modules/all_used_modules/shift_add_with_mult.sv", has also been read in this always_comb/always_latch block and is not added to the sensitivity list.
INFO: [XSIM 43-4009] "data_out_tmp", written at line 101 in file "/home/aya/HLS4ML_VS_MANUAL/src/hdl/RHEED_Gaussian/handmade/sv_modules/all_used_modules/shift_add_with_mult.sv", has also been read in this always_comb/always_latch block and is not added to the sensitivity list.
INFO: [XSIM 43-4009] "data_out_tmp", written at line 101 in file "/home/aya/HLS4ML_VS_MANUAL/src/hdl/RHEED_Gaussian/handmade/sv_modules/all_used_modules/shift_add_with_mult.sv", has also been read in this always_comb/always_latch block and is not added to the sensitivity list.
INFO: [XSIM 43-4009] "data_out_tmp", written at line 101 in file "/home/aya/HLS4ML_VS_MANUAL/src/hdl/RHEED_Gaussian/handmade/sv_modules/all_used_modules/shift_add_with_mult.sv", has also been read in this always_comb/always_latch block and is not added to the sensitivity list.
INFO: [XSIM 43-4009] "data_out_tmp", written at line 101 in file "/home/aya/HLS4ML_VS_MANUAL/src/hdl/RHEED_Gaussian/handmade/sv_modules/all_used_modules/shift_add_with_mult.sv", has also been read in this always_comb/always_latch block and is not added to the sensitivity list.
INFO: [XSIM 43-4009] "data_out_tmp", written at line 101 in file "/home/aya/HLS4ML_VS_MANUAL/src/hdl/RHEED_Gaussian/handmade/sv_modules/all_used_modules/shift_add_with_mult.sv", has also been read in this always_comb/always_latch block and is not added to the sensitivity list.
INFO: [XSIM 43-4009] "data_out_tmp", written at line 101 in file "/home/aya/HLS4ML_VS_MANUAL/src/hdl/RHEED_Gaussian/handmade/sv_modules/all_used_modules/shift_add_with_mult.sv", has also been read in this always_comb/always_latch block and is not added to the sensitivity list.
INFO: [XSIM 43-4009] "data_out_tmp", written at line 101 in file "/home/aya/HLS4ML_VS_MANUAL/src/hdl/RHEED_Gaussian/handmade/sv_modules/all_used_modules/shift_add_with_mult.sv", has also been read in this always_comb/always_latch block and is not added to the sensitivity list.
INFO: [XSIM 43-4009] "data_out_tmp", written at line 101 in file "/home/aya/HLS4ML_VS_MANUAL/src/hdl/RHEED_Gaussian/handmade/sv_modules/all_used_modules/shift_add_with_mult.sv", has also been read in this always_comb/always_latch block and is not added to the sensitivity list.
INFO: [XSIM 43-4009] "data_out_tmp", written at line 101 in file "/home/aya/HLS4ML_VS_MANUAL/src/hdl/RHEED_Gaussian/handmade/sv_modules/all_used_modules/shift_add_with_mult.sv", has also been read in this always_comb/always_latch block and is not added to the sensitivity list.
INFO: [XSIM 43-4009] "data_out_tmp", written at line 101 in file "/home/aya/HLS4ML_VS_MANUAL/src/hdl/RHEED_Gaussian/handmade/sv_modules/all_used_modules/shift_add_with_mult.sv", has also been read in this always_comb/always_latch block and is not added to the sensitivity list.
INFO: [XSIM 43-4009] "data_out_tmp", written at line 101 in file "/home/aya/HLS4ML_VS_MANUAL/src/hdl/RHEED_Gaussian/handmade/sv_modules/all_used_modules/shift_add_with_mult.sv", has also been read in this always_comb/always_latch block and is not added to the sensitivity list.
INFO: [XSIM 43-4009] "data_out_tmp", written at line 101 in file "/home/aya/HLS4ML_VS_MANUAL/src/hdl/RHEED_Gaussian/handmade/sv_modules/all_used_modules/shift_add_with_mult.sv", has also been read in this always_comb/always_latch block and is not added to the sensitivity list.
INFO: [XSIM 43-4009] "data_out_tmp", written at line 101 in file "/home/aya/HLS4ML_VS_MANUAL/src/hdl/RHEED_Gaussian/handmade/sv_modules/all_used_modules/shift_add_with_mult.sv", has also been read in this always_comb/always_latch block and is not added to the sensitivity list.
INFO: [XSIM 43-4009] "data_out_tmp", written at line 101 in file "/home/aya/HLS4ML_VS_MANUAL/src/hdl/RHEED_Gaussian/handmade/sv_modules/all_used_modules/shift_add_with_mult.sv", has also been read in this always_comb/always_latch block and is not added to the sensitivity list.
INFO: [XSIM 43-4009] "data_out_tmp", written at line 101 in file "/home/aya/HLS4ML_VS_MANUAL/src/hdl/RHEED_Gaussian/handmade/sv_modules/all_used_modules/shift_add_with_mult.sv", has also been read in this always_comb/always_latch block and is not added to the sensitivity list.
INFO: [XSIM 43-4009] "data_out_tmp", written at line 101 in file "/home/aya/HLS4ML_VS_MANUAL/src/hdl/RHEED_Gaussian/handmade/sv_modules/all_used_modules/shift_add_with_mult.sv", has also been read in this always_comb/always_latch block and is not added to the sensitivity list.
INFO: [XSIM 43-4009] "data_out_tmp", written at line 101 in file "/home/aya/HLS4ML_VS_MANUAL/src/hdl/RHEED_Gaussian/handmade/sv_modules/all_used_modules/shift_add_with_mult.sv", has also been read in this always_comb/always_latch block and is not added to the sensitivity list.
INFO: [XSIM 43-4009] "data_out_tmp", written at line 101 in file "/home/aya/HLS4ML_VS_MANUAL/src/hdl/RHEED_Gaussian/handmade/sv_modules/all_used_modules/shift_add_with_mult.sv", has also been read in this always_comb/always_latch block and is not added to the sensitivity list.
INFO: [XSIM 43-4009] "data_out_tmp", written at line 101 in file "/home/aya/HLS4ML_VS_MANUAL/src/hdl/RHEED_Gaussian/handmade/sv_modules/all_used_modules/shift_add_with_mult.sv", has also been read in this always_comb/always_latch block and is not added to the sensitivity list.
INFO: [XSIM 43-4009] "data_out_tmp", written at line 101 in file "/home/aya/HLS4ML_VS_MANUAL/src/hdl/RHEED_Gaussian/handmade/sv_modules/all_used_modules/shift_add_with_mult.sv", has also been read in this always_comb/always_latch block and is not added to the sensitivity list.
INFO: [XSIM 43-4009] "data_out_tmp", written at line 101 in file "/home/aya/HLS4ML_VS_MANUAL/src/hdl/RHEED_Gaussian/handmade/sv_modules/all_used_modules/shift_add_with_mult.sv", has also been read in this always_comb/always_latch block and is not added to the sensitivity list.
INFO: [XSIM 43-4009] "data_out_tmp", written at line 101 in file "/home/aya/HLS4ML_VS_MANUAL/src/hdl/RHEED_Gaussian/handmade/sv_modules/all_used_modules/shift_add_with_mult.sv", has also been read in this always_comb/always_latch block and is not added to the sensitivity list.
INFO: [XSIM 43-4009] "data_out_tmp", written at line 101 in file "/home/aya/HLS4ML_VS_MANUAL/src/hdl/RHEED_Gaussian/handmade/sv_modules/all_used_modules/shift_add_with_mult.sv", has also been read in this always_comb/always_latch block and is not added to the sensitivity list.
INFO: [XSIM 43-4009] "data_out_tmp", written at line 101 in file "/home/aya/HLS4ML_VS_MANUAL/src/hdl/RHEED_Gaussian/handmade/sv_modules/all_used_modules/shift_add_with_mult.sv", has also been read in this always_comb/always_latch block and is not added to the sensitivity list.
INFO: [XSIM 43-4009] "data_out_tmp", written at line 101 in file "/home/aya/HLS4ML_VS_MANUAL/src/hdl/RHEED_Gaussian/handmade/sv_modules/all_used_modules/shift_add_with_mult.sv", has also been read in this always_comb/always_latch block and is not added to the sensitivity list.
INFO: [XSIM 43-4009] "data_out_tmp", written at line 101 in file "/home/aya/HLS4ML_VS_MANUAL/src/hdl/RHEED_Gaussian/handmade/sv_modules/all_used_modules/shift_add_with_mult.sv", has also been read in this always_comb/always_latch block and is not added to the sensitivity list.
INFO: [XSIM 43-4009] "data_out_tmp", written at line 101 in file "/home/aya/HLS4ML_VS_MANUAL/src/hdl/RHEED_Gaussian/handmade/sv_modules/all_used_modules/shift_add_with_mult.sv", has also been read in this always_comb/always_latch block and is not added to the sensitivity list.
INFO: [XSIM 43-4009] "data_out_tmp", written at line 101 in file "/home/aya/HLS4ML_VS_MANUAL/src/hdl/RHEED_Gaussian/handmade/sv_modules/all_used_modules/shift_add_with_mult.sv", has also been read in this always_comb/always_latch block and is not added to the sensitivity list.
INFO: [XSIM 43-4009] "data_out_tmp", written at line 101 in file "/home/aya/HLS4ML_VS_MANUAL/src/hdl/RHEED_Gaussian/handmade/sv_modules/all_used_modules/shift_add_with_mult.sv", has also been read in this always_comb/always_latch block and is not added to the sensitivity list.
INFO: [XSIM 43-4009] "data_out_tmp", written at line 101 in file "/home/aya/HLS4ML_VS_MANUAL/src/hdl/RHEED_Gaussian/handmade/sv_modules/all_used_modules/shift_add_with_mult.sv", has also been read in this always_comb/always_latch block and is not added to the sensitivity list.
INFO: [XSIM 43-4009] "data_out_tmp", written at line 101 in file "/home/aya/HLS4ML_VS_MANUAL/src/hdl/RHEED_Gaussian/handmade/sv_modules/all_used_modules/shift_add_with_mult.sv", has also been read in this always_comb/always_latch block and is not added to the sensitivity list.
INFO: [XSIM 43-4009] "data_out_tmp", written at line 101 in file "/home/aya/HLS4ML_VS_MANUAL/src/hdl/RHEED_Gaussian/handmade/sv_modules/all_used_modules/shift_add_with_mult.sv", has also been read in this always_comb/always_latch block and is not added to the sensitivity list.
INFO: [XSIM 43-4009] "data_out_tmp", written at line 101 in file "/home/aya/HLS4ML_VS_MANUAL/src/hdl/RHEED_Gaussian/handmade/sv_modules/all_used_modules/shift_add_with_mult.sv", has also been read in this always_comb/always_latch block and is not added to the sensitivity list.
INFO: [XSIM 43-4009] "data_out_tmp", written at line 101 in file "/home/aya/HLS4ML_VS_MANUAL/src/hdl/RHEED_Gaussian/handmade/sv_modules/all_used_modules/shift_add_with_mult.sv", has also been read in this always_comb/always_latch block and is not added to the sensitivity list.
INFO: [XSIM 43-4009] "data_out_tmp", written at line 101 in file "/home/aya/HLS4ML_VS_MANUAL/src/hdl/RHEED_Gaussian/handmade/sv_modules/all_used_modules/shift_add_with_mult.sv", has also been read in this always_comb/always_latch block and is not added to the sensitivity list.
INFO: [XSIM 43-4009] "data_out_tmp", written at line 101 in file "/home/aya/HLS4ML_VS_MANUAL/src/hdl/RHEED_Gaussian/handmade/sv_modules/all_used_modules/shift_add_with_mult.sv", has also been read in this always_comb/always_latch block and is not added to the sensitivity list.
INFO: [XSIM 43-4009] "data_out_tmp", written at line 101 in file "/home/aya/HLS4ML_VS_MANUAL/src/hdl/RHEED_Gaussian/handmade/sv_modules/all_used_modules/shift_add_with_mult.sv", has also been read in this always_comb/always_latch block and is not added to the sensitivity list.
INFO: [XSIM 43-4009] "data_out_tmp", written at line 101 in file "/home/aya/HLS4ML_VS_MANUAL/src/hdl/RHEED_Gaussian/handmade/sv_modules/all_used_modules/shift_add_with_mult.sv", has also been read in this always_comb/always_latch block and is not added to the sensitivity list.
INFO: [XSIM 43-4009] "data_out_tmp", written at line 101 in file "/home/aya/HLS4ML_VS_MANUAL/src/hdl/RHEED_Gaussian/handmade/sv_modules/all_used_modules/shift_add_with_mult.sv", has also been read in this always_comb/always_latch block and is not added to the sensitivity list.
INFO: [XSIM 43-4009] "data_out_tmp", written at line 101 in file "/home/aya/HLS4ML_VS_MANUAL/src/hdl/RHEED_Gaussian/handmade/sv_modules/all_used_modules/shift_add_with_mult.sv", has also been read in this always_comb/always_latch block and is not added to the sensitivity list.
INFO: [XSIM 43-4009] "data_out_tmp", written at line 101 in file "/home/aya/HLS4ML_VS_MANUAL/src/hdl/RHEED_Gaussian/handmade/sv_modules/all_used_modules/shift_add_with_mult.sv", has also been read in this always_comb/always_latch block and is not added to the sensitivity list.
INFO: [XSIM 43-4009] "data_out_tmp", written at line 101 in file "/home/aya/HLS4ML_VS_MANUAL/src/hdl/RHEED_Gaussian/handmade/sv_modules/all_used_modules/shift_add_with_mult.sv", has also been read in this always_comb/always_latch block and is not added to the sensitivity list.
INFO: [XSIM 43-4009] "data_out_tmp", written at line 101 in file "/home/aya/HLS4ML_VS_MANUAL/src/hdl/RHEED_Gaussian/handmade/sv_modules/all_used_modules/shift_add_with_mult.sv", has also been read in this always_comb/always_latch block and is not added to the sensitivity list.
INFO: [XSIM 43-4009] "data_out_tmp", written at line 101 in file "/home/aya/HLS4ML_VS_MANUAL/src/hdl/RHEED_Gaussian/handmade/sv_modules/all_used_modules/shift_add_with_mult.sv", has also been read in this always_comb/always_latch block and is not added to the sensitivity list.
INFO: [XSIM 43-4009] "data_out_tmp", written at line 101 in file "/home/aya/HLS4ML_VS_MANUAL/src/hdl/RHEED_Gaussian/handmade/sv_modules/all_used_modules/shift_add_with_mult.sv", has also been read in this always_comb/always_latch block and is not added to the sensitivity list.
INFO: [XSIM 43-4009] "data_out_tmp", written at line 101 in file "/home/aya/HLS4ML_VS_MANUAL/src/hdl/RHEED_Gaussian/handmade/sv_modules/all_used_modules/shift_add_with_mult.sv", has also been read in this always_comb/always_latch block and is not added to the sensitivity list.
INFO: [XSIM 43-4009] "data_out_tmp", written at line 101 in file "/home/aya/HLS4ML_VS_MANUAL/src/hdl/RHEED_Gaussian/handmade/sv_modules/all_used_modules/shift_add_with_mult.sv", has also been read in this always_comb/always_latch block and is not added to the sensitivity list.
INFO: [XSIM 43-4009] "data_out_tmp", written at line 101 in file "/home/aya/HLS4ML_VS_MANUAL/src/hdl/RHEED_Gaussian/handmade/sv_modules/all_used_modules/shift_add_with_mult.sv", has also been read in this always_comb/always_latch block and is not added to the sensitivity list.
INFO: [XSIM 43-4009] "data_out_tmp", written at line 101 in file "/home/aya/HLS4ML_VS_MANUAL/src/hdl/RHEED_Gaussian/handmade/sv_modules/all_used_modules/shift_add_with_mult.sv", has also been read in this always_comb/always_latch block and is not added to the sensitivity list.
INFO: [XSIM 43-4009] "data_out_tmp", written at line 101 in file "/home/aya/HLS4ML_VS_MANUAL/src/hdl/RHEED_Gaussian/handmade/sv_modules/all_used_modules/shift_add_with_mult.sv", has also been read in this always_comb/always_latch block and is not added to the sensitivity list.
INFO: [XSIM 43-4009] "data_out_tmp", written at line 101 in file "/home/aya/HLS4ML_VS_MANUAL/src/hdl/RHEED_Gaussian/handmade/sv_modules/all_used_modules/shift_add_with_mult.sv", has also been read in this always_comb/always_latch block and is not added to the sensitivity list.
INFO: [XSIM 43-4009] "data_out_tmp", written at line 101 in file "/home/aya/HLS4ML_VS_MANUAL/src/hdl/RHEED_Gaussian/handmade/sv_modules/all_used_modules/shift_add_with_mult.sv", has also been read in this always_comb/always_latch block and is not added to the sensitivity list.
INFO: [XSIM 43-4009] "data_out_tmp", written at line 101 in file "/home/aya/HLS4ML_VS_MANUAL/src/hdl/RHEED_Gaussian/handmade/sv_modules/all_used_modules/shift_add_with_mult.sv", has also been read in this always_comb/always_latch block and is not added to the sensitivity list.
INFO: [XSIM 43-4009] "data_out_tmp", written at line 101 in file "/home/aya/HLS4ML_VS_MANUAL/src/hdl/RHEED_Gaussian/handmade/sv_modules/all_used_modules/shift_add_with_mult.sv", has also been read in this always_comb/always_latch block and is not added to the sensitivity list.
INFO: [XSIM 43-4009] "data_out_tmp", written at line 101 in file "/home/aya/HLS4ML_VS_MANUAL/src/hdl/RHEED_Gaussian/handmade/sv_modules/all_used_modules/shift_add_with_mult.sv", has also been read in this always_comb/always_latch block and is not added to the sensitivity list.
INFO: [XSIM 43-4009] "data_out_tmp", written at line 101 in file "/home/aya/HLS4ML_VS_MANUAL/src/hdl/RHEED_Gaussian/handmade/sv_modules/all_used_modules/shift_add_with_mult.sv", has also been read in this always_comb/always_latch block and is not added to the sensitivity list.
INFO: [XSIM 43-4009] "data_out_tmp", written at line 101 in file "/home/aya/HLS4ML_VS_MANUAL/src/hdl/RHEED_Gaussian/handmade/sv_modules/all_used_modules/shift_add_with_mult.sv", has also been read in this always_comb/always_latch block and is not added to the sensitivity list.
INFO: [XSIM 43-4009] "data_out_tmp", written at line 101 in file "/home/aya/HLS4ML_VS_MANUAL/src/hdl/RHEED_Gaussian/handmade/sv_modules/all_used_modules/shift_add_with_mult.sv", has also been read in this always_comb/always_latch block and is not added to the sensitivity list.
INFO: [XSIM 43-4009] "data_out_tmp", written at line 101 in file "/home/aya/HLS4ML_VS_MANUAL/src/hdl/RHEED_Gaussian/handmade/sv_modules/all_used_modules/shift_add_with_mult.sv", has also been read in this always_comb/always_latch block and is not added to the sensitivity list.
INFO: [XSIM 43-4009] "data_out_tmp", written at line 101 in file "/home/aya/HLS4ML_VS_MANUAL/src/hdl/RHEED_Gaussian/handmade/sv_modules/all_used_modules/shift_add_with_mult.sv", has also been read in this always_comb/always_latch block and is not added to the sensitivity list.
INFO: [XSIM 43-4009] "data_out_tmp", written at line 101 in file "/home/aya/HLS4ML_VS_MANUAL/src/hdl/RHEED_Gaussian/handmade/sv_modules/all_used_modules/shift_add_with_mult.sv", has also been read in this always_comb/always_latch block and is not added to the sensitivity list.
INFO: [XSIM 43-4009] "data_out_tmp", written at line 101 in file "/home/aya/HLS4ML_VS_MANUAL/src/hdl/RHEED_Gaussian/handmade/sv_modules/all_used_modules/shift_add_with_mult.sv", has also been read in this always_comb/always_latch block and is not added to the sensitivity list.
INFO: [XSIM 43-4009] "data_out_tmp", written at line 101 in file "/home/aya/HLS4ML_VS_MANUAL/src/hdl/RHEED_Gaussian/handmade/sv_modules/all_used_modules/shift_add_with_mult.sv", has also been read in this always_comb/always_latch block and is not added to the sensitivity list.
INFO: [XSIM 43-4009] "data_out_tmp", written at line 101 in file "/home/aya/HLS4ML_VS_MANUAL/src/hdl/RHEED_Gaussian/handmade/sv_modules/all_used_modules/shift_add_with_mult.sv", has also been read in this always_comb/always_latch block and is not added to the sensitivity list.
INFO: [XSIM 43-4009] "data_out_tmp", written at line 101 in file "/home/aya/HLS4ML_VS_MANUAL/src/hdl/RHEED_Gaussian/handmade/sv_modules/all_used_modules/shift_add_with_mult.sv", has also been read in this always_comb/always_latch block and is not added to the sensitivity list.
INFO: [XSIM 43-4009] "data_out_tmp", written at line 101 in file "/home/aya/HLS4ML_VS_MANUAL/src/hdl/RHEED_Gaussian/handmade/sv_modules/all_used_modules/shift_add_with_mult.sv", has also been read in this always_comb/always_latch block and is not added to the sensitivity list.
INFO: [XSIM 43-4009] "data_out_tmp", written at line 101 in file "/home/aya/HLS4ML_VS_MANUAL/src/hdl/RHEED_Gaussian/handmade/sv_modules/all_used_modules/shift_add_with_mult.sv", has also been read in this always_comb/always_latch block and is not added to the sensitivity list.
INFO: [XSIM 43-4009] "data_out_tmp", written at line 101 in file "/home/aya/HLS4ML_VS_MANUAL/src/hdl/RHEED_Gaussian/handmade/sv_modules/all_used_modules/shift_add_with_mult.sv", has also been read in this always_comb/always_latch block and is not added to the sensitivity list.
INFO: [XSIM 43-4009] "data_out_tmp", written at line 101 in file "/home/aya/HLS4ML_VS_MANUAL/src/hdl/RHEED_Gaussian/handmade/sv_modules/all_used_modules/shift_add_with_mult.sv", has also been read in this always_comb/always_latch block and is not added to the sensitivity list.
INFO: [XSIM 43-4009] "data_out_tmp", written at line 101 in file "/home/aya/HLS4ML_VS_MANUAL/src/hdl/RHEED_Gaussian/handmade/sv_modules/all_used_modules/shift_add_with_mult.sv", has also been read in this always_comb/always_latch block and is not added to the sensitivity list.
INFO: [XSIM 43-4009] "data_out_tmp", written at line 101 in file "/home/aya/HLS4ML_VS_MANUAL/src/hdl/RHEED_Gaussian/handmade/sv_modules/all_used_modules/shift_add_with_mult.sv", has also been read in this always_comb/always_latch block and is not added to the sensitivity list.
INFO: [XSIM 43-4009] "data_out_tmp", written at line 101 in file "/home/aya/HLS4ML_VS_MANUAL/src/hdl/RHEED_Gaussian/handmade/sv_modules/all_used_modules/shift_add_with_mult.sv", has also been read in this always_comb/always_latch block and is not added to the sensitivity list.
INFO: [XSIM 43-4009] "data_out_tmp", written at line 101 in file "/home/aya/HLS4ML_VS_MANUAL/src/hdl/RHEED_Gaussian/handmade/sv_modules/all_used_modules/shift_add_with_mult.sv", has also been read in this always_comb/always_latch block and is not added to the sensitivity list.
INFO: [XSIM 43-4009] "data_out_tmp", written at line 101 in file "/home/aya/HLS4ML_VS_MANUAL/src/hdl/RHEED_Gaussian/handmade/sv_modules/all_used_modules/shift_add_with_mult.sv", has also been read in this always_comb/always_latch block and is not added to the sensitivity list.
INFO: [XSIM 43-4009] "data_out_tmp", written at line 101 in file "/home/aya/HLS4ML_VS_MANUAL/src/hdl/RHEED_Gaussian/handmade/sv_modules/all_used_modules/shift_add_with_mult.sv", has also been read in this always_comb/always_latch block and is not added to the sensitivity list.
INFO: [XSIM 43-4009] "data_out_tmp", written at line 101 in file "/home/aya/HLS4ML_VS_MANUAL/src/hdl/RHEED_Gaussian/handmade/sv_modules/all_used_modules/shift_add_with_mult.sv", has also been read in this always_comb/always_latch block and is not added to the sensitivity list.
INFO: [XSIM 43-4009] "data_out_tmp", written at line 101 in file "/home/aya/HLS4ML_VS_MANUAL/src/hdl/RHEED_Gaussian/handmade/sv_modules/all_used_modules/shift_add_with_mult.sv", has also been read in this always_comb/always_latch block and is not added to the sensitivity list.
INFO: [XSIM 43-4009] "data_out_tmp", written at line 101 in file "/home/aya/HLS4ML_VS_MANUAL/src/hdl/RHEED_Gaussian/handmade/sv_modules/all_used_modules/shift_add_with_mult.sv", has also been read in this always_comb/always_latch block and is not added to the sensitivity list.
INFO: [XSIM 43-4009] "data_out_tmp", written at line 101 in file "/home/aya/HLS4ML_VS_MANUAL/src/hdl/RHEED_Gaussian/handmade/sv_modules/all_used_modules/shift_add_with_mult.sv", has also been read in this always_comb/always_latch block and is not added to the sensitivity list.
INFO: [XSIM 43-4009] "data_out_tmp", written at line 101 in file "/home/aya/HLS4ML_VS_MANUAL/src/hdl/RHEED_Gaussian/handmade/sv_modules/all_used_modules/shift_add_with_mult.sv", has also been read in this always_comb/always_latch block and is not added to the sensitivity list.
INFO: [XSIM 43-4009] "data_out_tmp", written at line 101 in file "/home/aya/HLS4ML_VS_MANUAL/src/hdl/RHEED_Gaussian/handmade/sv_modules/all_used_modules/shift_add_with_mult.sv", has also been read in this always_comb/always_latch block and is not added to the sensitivity list.
INFO: [XSIM 43-4009] "data_out_tmp", written at line 101 in file "/home/aya/HLS4ML_VS_MANUAL/src/hdl/RHEED_Gaussian/handmade/sv_modules/all_used_modules/shift_add_with_mult.sv", has also been read in this always_comb/always_latch block and is not added to the sensitivity list.
INFO: [XSIM 43-4009] "data_out_tmp", written at line 101 in file "/home/aya/HLS4ML_VS_MANUAL/src/hdl/RHEED_Gaussian/handmade/sv_modules/all_used_modules/shift_add_with_mult.sv", has also been read in this always_comb/always_latch block and is not added to the sensitivity list.
INFO: [XSIM 43-4009] "data_out_tmp", written at line 101 in file "/home/aya/HLS4ML_VS_MANUAL/src/hdl/RHEED_Gaussian/handmade/sv_modules/all_used_modules/shift_add_with_mult.sv", has also been read in this always_comb/always_latch block and is not added to the sensitivity list.
INFO: [XSIM 43-4009] "data_out_tmp", written at line 101 in file "/home/aya/HLS4ML_VS_MANUAL/src/hdl/RHEED_Gaussian/handmade/sv_modules/all_used_modules/shift_add_with_mult.sv", has also been read in this always_comb/always_latch block and is not added to the sensitivity list.
INFO: [XSIM 43-4009] "data_out_tmp", written at line 101 in file "/home/aya/HLS4ML_VS_MANUAL/src/hdl/RHEED_Gaussian/handmade/sv_modules/all_used_modules/shift_add_with_mult.sv", has also been read in this always_comb/always_latch block and is not added to the sensitivity list.
INFO: [XSIM 43-4009] "data_out_tmp", written at line 101 in file "/home/aya/HLS4ML_VS_MANUAL/src/hdl/RHEED_Gaussian/handmade/sv_modules/all_used_modules/shift_add_with_mult.sv", has also been read in this always_comb/always_latch block and is not added to the sensitivity list.
INFO: [XSIM 43-4009] "data_out_tmp", written at line 101 in file "/home/aya/HLS4ML_VS_MANUAL/src/hdl/RHEED_Gaussian/handmade/sv_modules/all_used_modules/shift_add_with_mult.sv", has also been read in this always_comb/always_latch block and is not added to the sensitivity list.
INFO: [XSIM 43-4009] "data_out_tmp", written at line 101 in file "/home/aya/HLS4ML_VS_MANUAL/src/hdl/RHEED_Gaussian/handmade/sv_modules/all_used_modules/shift_add_with_mult.sv", has also been read in this always_comb/always_latch block and is not added to the sensitivity list.
INFO: [XSIM 43-4009] "data_out_tmp", written at line 101 in file "/home/aya/HLS4ML_VS_MANUAL/src/hdl/RHEED_Gaussian/handmade/sv_modules/all_used_modules/shift_add_with_mult.sv", has also been read in this always_comb/always_latch block and is not added to the sensitivity list.
INFO: [XSIM 43-4009] "data_out_tmp", written at line 101 in file "/home/aya/HLS4ML_VS_MANUAL/src/hdl/RHEED_Gaussian/handmade/sv_modules/all_used_modules/shift_add_with_mult.sv", has also been read in this always_comb/always_latch block and is not added to the sensitivity list.
INFO: [XSIM 43-4009] "data_out_tmp", written at line 101 in file "/home/aya/HLS4ML_VS_MANUAL/src/hdl/RHEED_Gaussian/handmade/sv_modules/all_used_modules/shift_add_with_mult.sv", has also been read in this always_comb/always_latch block and is not added to the sensitivity list.
INFO: [XSIM 43-4009] "data_out_tmp", written at line 101 in file "/home/aya/HLS4ML_VS_MANUAL/src/hdl/RHEED_Gaussian/handmade/sv_modules/all_used_modules/shift_add_with_mult.sv", has also been read in this always_comb/always_latch block and is not added to the sensitivity list.
INFO: [XSIM 43-4009] "data_out_tmp", written at line 101 in file "/home/aya/HLS4ML_VS_MANUAL/src/hdl/RHEED_Gaussian/handmade/sv_modules/all_used_modules/shift_add_with_mult.sv", has also been read in this always_comb/always_latch block and is not added to the sensitivity list.
INFO: [XSIM 43-4009] "data_out_tmp", written at line 101 in file "/home/aya/HLS4ML_VS_MANUAL/src/hdl/RHEED_Gaussian/handmade/sv_modules/all_used_modules/shift_add_with_mult.sv", has also been read in this always_comb/always_latch block and is not added to the sensitivity list.
INFO: [XSIM 43-4009] "data_out_tmp", written at line 101 in file "/home/aya/HLS4ML_VS_MANUAL/src/hdl/RHEED_Gaussian/handmade/sv_modules/all_used_modules/shift_add_with_mult.sv", has also been read in this always_comb/always_latch block and is not added to the sensitivity list.
INFO: [XSIM 43-4009] "data_out_tmp", written at line 101 in file "/home/aya/HLS4ML_VS_MANUAL/src/hdl/RHEED_Gaussian/handmade/sv_modules/all_used_modules/shift_add_with_mult.sv", has also been read in this always_comb/always_latch block and is not added to the sensitivity list.
INFO: [XSIM 43-4009] "data_out_tmp", written at line 101 in file "/home/aya/HLS4ML_VS_MANUAL/src/hdl/RHEED_Gaussian/handmade/sv_modules/all_used_modules/shift_add_with_mult.sv", has also been read in this always_comb/always_latch block and is not added to the sensitivity list.
INFO: [XSIM 43-4009] "data_out_tmp", written at line 101 in file "/home/aya/HLS4ML_VS_MANUAL/src/hdl/RHEED_Gaussian/handmade/sv_modules/all_used_modules/shift_add_with_mult.sv", has also been read in this always_comb/always_latch block and is not added to the sensitivity list.
INFO: [XSIM 43-4009] "data_out_tmp", written at line 101 in file "/home/aya/HLS4ML_VS_MANUAL/src/hdl/RHEED_Gaussian/handmade/sv_modules/all_used_modules/shift_add_with_mult.sv", has also been read in this always_comb/always_latch block and is not added to the sensitivity list.
INFO: [XSIM 43-4009] "data_out_tmp", written at line 101 in file "/home/aya/HLS4ML_VS_MANUAL/src/hdl/RHEED_Gaussian/handmade/sv_modules/all_used_modules/shift_add_with_mult.sv", has also been read in this always_comb/always_latch block and is not added to the sensitivity list.
INFO: [XSIM 43-4009] "data_out_tmp", written at line 101 in file "/home/aya/HLS4ML_VS_MANUAL/src/hdl/RHEED_Gaussian/handmade/sv_modules/all_used_modules/shift_add_with_mult.sv", has also been read in this always_comb/always_latch block and is not added to the sensitivity list.
INFO: [XSIM 43-4009] "data_out_tmp", written at line 101 in file "/home/aya/HLS4ML_VS_MANUAL/src/hdl/RHEED_Gaussian/handmade/sv_modules/all_used_modules/shift_add_with_mult.sv", has also been read in this always_comb/always_latch block and is not added to the sensitivity list.
INFO: [XSIM 43-4009] "data_out_tmp", written at line 101 in file "/home/aya/HLS4ML_VS_MANUAL/src/hdl/RHEED_Gaussian/handmade/sv_modules/all_used_modules/shift_add_with_mult.sv", has also been read in this always_comb/always_latch block and is not added to the sensitivity list.
INFO: [XSIM 43-4009] "data_out_tmp", written at line 101 in file "/home/aya/HLS4ML_VS_MANUAL/src/hdl/RHEED_Gaussian/handmade/sv_modules/all_used_modules/shift_add_with_mult.sv", has also been read in this always_comb/always_latch block and is not added to the sensitivity list.
INFO: [XSIM 43-4009] "data_out_tmp", written at line 101 in file "/home/aya/HLS4ML_VS_MANUAL/src/hdl/RHEED_Gaussian/handmade/sv_modules/all_used_modules/shift_add_with_mult.sv", has also been read in this always_comb/always_latch block and is not added to the sensitivity list.
INFO: [XSIM 43-4009] "data_out_tmp", written at line 101 in file "/home/aya/HLS4ML_VS_MANUAL/src/hdl/RHEED_Gaussian/handmade/sv_modules/all_used_modules/shift_add_with_mult.sv", has also been read in this always_comb/always_latch block and is not added to the sensitivity list.
INFO: [XSIM 43-4009] "data_out_tmp", written at line 101 in file "/home/aya/HLS4ML_VS_MANUAL/src/hdl/RHEED_Gaussian/handmade/sv_modules/all_used_modules/shift_add_with_mult.sv", has also been read in this always_comb/always_latch block and is not added to the sensitivity list.
INFO: [XSIM 43-4009] "data_out_tmp", written at line 101 in file "/home/aya/HLS4ML_VS_MANUAL/src/hdl/RHEED_Gaussian/handmade/sv_modules/all_used_modules/shift_add_with_mult.sv", has also been read in this always_comb/always_latch block and is not added to the sensitivity list.
INFO: [XSIM 43-4009] "data_out_tmp", written at line 101 in file "/home/aya/HLS4ML_VS_MANUAL/src/hdl/RHEED_Gaussian/handmade/sv_modules/all_used_modules/shift_add_with_mult.sv", has also been read in this always_comb/always_latch block and is not added to the sensitivity list.
INFO: [XSIM 43-4009] "data_out_tmp", written at line 101 in file "/home/aya/HLS4ML_VS_MANUAL/src/hdl/RHEED_Gaussian/handmade/sv_modules/all_used_modules/shift_add_with_mult.sv", has also been read in this always_comb/always_latch block and is not added to the sensitivity list.
INFO: [XSIM 43-4009] "data_out_tmp", written at line 101 in file "/home/aya/HLS4ML_VS_MANUAL/src/hdl/RHEED_Gaussian/handmade/sv_modules/all_used_modules/shift_add_with_mult.sv", has also been read in this always_comb/always_latch block and is not added to the sensitivity list.
INFO: [XSIM 43-4009] "data_out_tmp", written at line 101 in file "/home/aya/HLS4ML_VS_MANUAL/src/hdl/RHEED_Gaussian/handmade/sv_modules/all_used_modules/shift_add_with_mult.sv", has also been read in this always_comb/always_latch block and is not added to the sensitivity list.
INFO: [XSIM 43-4009] "data_out_tmp", written at line 101 in file "/home/aya/HLS4ML_VS_MANUAL/src/hdl/RHEED_Gaussian/handmade/sv_modules/all_used_modules/shift_add_with_mult.sv", has also been read in this always_comb/always_latch block and is not added to the sensitivity list.
INFO: [XSIM 43-4009] "data_out_tmp", written at line 101 in file "/home/aya/HLS4ML_VS_MANUAL/src/hdl/RHEED_Gaussian/handmade/sv_modules/all_used_modules/shift_add_with_mult.sv", has also been read in this always_comb/always_latch block and is not added to the sensitivity list.
INFO: [XSIM 43-4009] "data_out_tmp", written at line 101 in file "/home/aya/HLS4ML_VS_MANUAL/src/hdl/RHEED_Gaussian/handmade/sv_modules/all_used_modules/shift_add_with_mult.sv", has also been read in this always_comb/always_latch block and is not added to the sensitivity list.
INFO: [XSIM 43-4009] "data_out_tmp", written at line 101 in file "/home/aya/HLS4ML_VS_MANUAL/src/hdl/RHEED_Gaussian/handmade/sv_modules/all_used_modules/shift_add_with_mult.sv", has also been read in this always_comb/always_latch block and is not added to the sensitivity list.
INFO: [XSIM 43-4009] "data_out_tmp", written at line 101 in file "/home/aya/HLS4ML_VS_MANUAL/src/hdl/RHEED_Gaussian/handmade/sv_modules/all_used_modules/shift_add_with_mult.sv", has also been read in this always_comb/always_latch block and is not added to the sensitivity list.
INFO: [XSIM 43-4009] "data_out_tmp", written at line 101 in file "/home/aya/HLS4ML_VS_MANUAL/src/hdl/RHEED_Gaussian/handmade/sv_modules/all_used_modules/shift_add_with_mult.sv", has also been read in this always_comb/always_latch block and is not added to the sensitivity list.
INFO: [XSIM 43-4009] "data_out_tmp", written at line 101 in file "/home/aya/HLS4ML_VS_MANUAL/src/hdl/RHEED_Gaussian/handmade/sv_modules/all_used_modules/shift_add_with_mult.sv", has also been read in this always_comb/always_latch block and is not added to the sensitivity list.
INFO: [XSIM 43-4009] "data_out_tmp", written at line 101 in file "/home/aya/HLS4ML_VS_MANUAL/src/hdl/RHEED_Gaussian/handmade/sv_modules/all_used_modules/shift_add_with_mult.sv", has also been read in this always_comb/always_latch block and is not added to the sensitivity list.
INFO: [XSIM 43-4009] "data_out_tmp", written at line 101 in file "/home/aya/HLS4ML_VS_MANUAL/src/hdl/RHEED_Gaussian/handmade/sv_modules/all_used_modules/shift_add_with_mult.sv", has also been read in this always_comb/always_latch block and is not added to the sensitivity list.
INFO: [XSIM 43-4009] "data_out_tmp", written at line 101 in file "/home/aya/HLS4ML_VS_MANUAL/src/hdl/RHEED_Gaussian/handmade/sv_modules/all_used_modules/shift_add_with_mult.sv", has also been read in this always_comb/always_latch block and is not added to the sensitivity list.
INFO: [XSIM 43-4009] "data_out_tmp", written at line 101 in file "/home/aya/HLS4ML_VS_MANUAL/src/hdl/RHEED_Gaussian/handmade/sv_modules/all_used_modules/shift_add_with_mult.sv", has also been read in this always_comb/always_latch block and is not added to the sensitivity list.
INFO: [XSIM 43-4009] "data_out_tmp", written at line 101 in file "/home/aya/HLS4ML_VS_MANUAL/src/hdl/RHEED_Gaussian/handmade/sv_modules/all_used_modules/shift_add_with_mult.sv", has also been read in this always_comb/always_latch block and is not added to the sensitivity list.
INFO: [XSIM 43-4009] "data_out_tmp", written at line 101 in file "/home/aya/HLS4ML_VS_MANUAL/src/hdl/RHEED_Gaussian/handmade/sv_modules/all_used_modules/shift_add_with_mult.sv", has also been read in this always_comb/always_latch block and is not added to the sensitivity list.
INFO: [XSIM 43-4009] "data_out_tmp", written at line 101 in file "/home/aya/HLS4ML_VS_MANUAL/src/hdl/RHEED_Gaussian/handmade/sv_modules/all_used_modules/shift_add_with_mult.sv", has also been read in this always_comb/always_latch block and is not added to the sensitivity list.
INFO: [XSIM 43-4009] "data_out_tmp", written at line 101 in file "/home/aya/HLS4ML_VS_MANUAL/src/hdl/RHEED_Gaussian/handmade/sv_modules/all_used_modules/shift_add_with_mult.sv", has also been read in this always_comb/always_latch block and is not added to the sensitivity list.
INFO: [XSIM 43-4009] "data_out_tmp", written at line 101 in file "/home/aya/HLS4ML_VS_MANUAL/src/hdl/RHEED_Gaussian/handmade/sv_modules/all_used_modules/shift_add_with_mult.sv", has also been read in this always_comb/always_latch block and is not added to the sensitivity list.
INFO: [XSIM 43-4009] "data_out_tmp", written at line 101 in file "/home/aya/HLS4ML_VS_MANUAL/src/hdl/RHEED_Gaussian/handmade/sv_modules/all_used_modules/shift_add_with_mult.sv", has also been read in this always_comb/always_latch block and is not added to the sensitivity list.
INFO: [XSIM 43-4009] "data_out_tmp", written at line 101 in file "/home/aya/HLS4ML_VS_MANUAL/src/hdl/RHEED_Gaussian/handmade/sv_modules/all_used_modules/shift_add_with_mult.sv", has also been read in this always_comb/always_latch block and is not added to the sensitivity list.
INFO: [XSIM 43-4009] "data_out_tmp", written at line 101 in file "/home/aya/HLS4ML_VS_MANUAL/src/hdl/RHEED_Gaussian/handmade/sv_modules/all_used_modules/shift_add_with_mult.sv", has also been read in this always_comb/always_latch block and is not added to the sensitivity list.
INFO: [XSIM 43-4009] "data_out_tmp", written at line 101 in file "/home/aya/HLS4ML_VS_MANUAL/src/hdl/RHEED_Gaussian/handmade/sv_modules/all_used_modules/shift_add_with_mult.sv", has also been read in this always_comb/always_latch block and is not added to the sensitivity list.
INFO: [XSIM 43-4009] "data_out_tmp", written at line 101 in file "/home/aya/HLS4ML_VS_MANUAL/src/hdl/RHEED_Gaussian/handmade/sv_modules/all_used_modules/shift_add_with_mult.sv", has also been read in this always_comb/always_latch block and is not added to the sensitivity list.
INFO: [XSIM 43-4009] "data_out_tmp", written at line 101 in file "/home/aya/HLS4ML_VS_MANUAL/src/hdl/RHEED_Gaussian/handmade/sv_modules/all_used_modules/shift_add_with_mult.sv", has also been read in this always_comb/always_latch block and is not added to the sensitivity list.
INFO: [XSIM 43-4009] "data_out_tmp", written at line 101 in file "/home/aya/HLS4ML_VS_MANUAL/src/hdl/RHEED_Gaussian/handmade/sv_modules/all_used_modules/shift_add_with_mult.sv", has also been read in this always_comb/always_latch block and is not added to the sensitivity list.
INFO: [XSIM 43-4009] "data_out_tmp", written at line 101 in file "/home/aya/HLS4ML_VS_MANUAL/src/hdl/RHEED_Gaussian/handmade/sv_modules/all_used_modules/shift_add_with_mult.sv", has also been read in this always_comb/always_latch block and is not added to the sensitivity list.
INFO: [XSIM 43-4009] "data_out_tmp", written at line 101 in file "/home/aya/HLS4ML_VS_MANUAL/src/hdl/RHEED_Gaussian/handmade/sv_modules/all_used_modules/shift_add_with_mult.sv", has also been read in this always_comb/always_latch block and is not added to the sensitivity list.
INFO: [XSIM 43-4009] "data_out_tmp", written at line 101 in file "/home/aya/HLS4ML_VS_MANUAL/src/hdl/RHEED_Gaussian/handmade/sv_modules/all_used_modules/shift_add_with_mult.sv", has also been read in this always_comb/always_latch block and is not added to the sensitivity list.
INFO: [XSIM 43-4009] "data_out_tmp", written at line 101 in file "/home/aya/HLS4ML_VS_MANUAL/src/hdl/RHEED_Gaussian/handmade/sv_modules/all_used_modules/shift_add_with_mult.sv", has also been read in this always_comb/always_latch block and is not added to the sensitivity list.
INFO: [XSIM 43-4009] "data_out_tmp", written at line 101 in file "/home/aya/HLS4ML_VS_MANUAL/src/hdl/RHEED_Gaussian/handmade/sv_modules/all_used_modules/shift_add_with_mult.sv", has also been read in this always_comb/always_latch block and is not added to the sensitivity list.
INFO: [XSIM 43-4009] "data_out_tmp", written at line 101 in file "/home/aya/HLS4ML_VS_MANUAL/src/hdl/RHEED_Gaussian/handmade/sv_modules/all_used_modules/shift_add_with_mult.sv", has also been read in this always_comb/always_latch block and is not added to the sensitivity list.
INFO: [XSIM 43-4009] "data_out_tmp", written at line 101 in file "/home/aya/HLS4ML_VS_MANUAL/src/hdl/RHEED_Gaussian/handmade/sv_modules/all_used_modules/shift_add_with_mult.sv", has also been read in this always_comb/always_latch block and is not added to the sensitivity list.
INFO: [XSIM 43-4009] "data_out_tmp", written at line 101 in file "/home/aya/HLS4ML_VS_MANUAL/src/hdl/RHEED_Gaussian/handmade/sv_modules/all_used_modules/shift_add_with_mult.sv", has also been read in this always_comb/always_latch block and is not added to the sensitivity list.
INFO: [XSIM 43-4009] "data_out_tmp", written at line 101 in file "/home/aya/HLS4ML_VS_MANUAL/src/hdl/RHEED_Gaussian/handmade/sv_modules/all_used_modules/shift_add_with_mult.sv", has also been read in this always_comb/always_latch block and is not added to the sensitivity list.
INFO: [XSIM 43-4009] "data_out_tmp", written at line 101 in file "/home/aya/HLS4ML_VS_MANUAL/src/hdl/RHEED_Gaussian/handmade/sv_modules/all_used_modules/shift_add_with_mult.sv", has also been read in this always_comb/always_latch block and is not added to the sensitivity list.
INFO: [XSIM 43-4009] "data_out_tmp", written at line 101 in file "/home/aya/HLS4ML_VS_MANUAL/src/hdl/RHEED_Gaussian/handmade/sv_modules/all_used_modules/shift_add_with_mult.sv", has also been read in this always_comb/always_latch block and is not added to the sensitivity list.
INFO: [XSIM 43-4009] "data_out_tmp", written at line 101 in file "/home/aya/HLS4ML_VS_MANUAL/src/hdl/RHEED_Gaussian/handmade/sv_modules/all_used_modules/shift_add_with_mult.sv", has also been read in this always_comb/always_latch block and is not added to the sensitivity list.
INFO: [XSIM 43-4009] "data_out_tmp", written at line 101 in file "/home/aya/HLS4ML_VS_MANUAL/src/hdl/RHEED_Gaussian/handmade/sv_modules/all_used_modules/shift_add_with_mult.sv", has also been read in this always_comb/always_latch block and is not added to the sensitivity list.
INFO: [XSIM 43-4009] "data_out_tmp", written at line 101 in file "/home/aya/HLS4ML_VS_MANUAL/src/hdl/RHEED_Gaussian/handmade/sv_modules/all_used_modules/shift_add_with_mult.sv", has also been read in this always_comb/always_latch block and is not added to the sensitivity list.
INFO: [XSIM 43-4009] "data_out_tmp", written at line 101 in file "/home/aya/HLS4ML_VS_MANUAL/src/hdl/RHEED_Gaussian/handmade/sv_modules/all_used_modules/shift_add_with_mult.sv", has also been read in this always_comb/always_latch block and is not added to the sensitivity list.
INFO: [XSIM 43-4009] "data_out_tmp", written at line 101 in file "/home/aya/HLS4ML_VS_MANUAL/src/hdl/RHEED_Gaussian/handmade/sv_modules/all_used_modules/shift_add_with_mult.sv", has also been read in this always_comb/always_latch block and is not added to the sensitivity list.
INFO: [XSIM 43-4009] "data_out_tmp", written at line 101 in file "/home/aya/HLS4ML_VS_MANUAL/src/hdl/RHEED_Gaussian/handmade/sv_modules/all_used_modules/shift_add_with_mult.sv", has also been read in this always_comb/always_latch block and is not added to the sensitivity list.
INFO: [XSIM 43-4009] "data_out_tmp", written at line 101 in file "/home/aya/HLS4ML_VS_MANUAL/src/hdl/RHEED_Gaussian/handmade/sv_modules/all_used_modules/shift_add_with_mult.sv", has also been read in this always_comb/always_latch block and is not added to the sensitivity list.
INFO: [XSIM 43-4009] "data_out_tmp", written at line 101 in file "/home/aya/HLS4ML_VS_MANUAL/src/hdl/RHEED_Gaussian/handmade/sv_modules/all_used_modules/shift_add_with_mult.sv", has also been read in this always_comb/always_latch block and is not added to the sensitivity list.
INFO: [XSIM 43-4009] "data_out_tmp", written at line 101 in file "/home/aya/HLS4ML_VS_MANUAL/src/hdl/RHEED_Gaussian/handmade/sv_modules/all_used_modules/shift_add_with_mult.sv", has also been read in this always_comb/always_latch block and is not added to the sensitivity list.
INFO: [XSIM 43-4009] "data_out_tmp", written at line 101 in file "/home/aya/HLS4ML_VS_MANUAL/src/hdl/RHEED_Gaussian/handmade/sv_modules/all_used_modules/shift_add_with_mult.sv", has also been read in this always_comb/always_latch block and is not added to the sensitivity list.
INFO: [XSIM 43-4009] "data_out_tmp", written at line 101 in file "/home/aya/HLS4ML_VS_MANUAL/src/hdl/RHEED_Gaussian/handmade/sv_modules/all_used_modules/shift_add_with_mult.sv", has also been read in this always_comb/always_latch block and is not added to the sensitivity list.
INFO: [XSIM 43-4009] "data_out_tmp", written at line 101 in file "/home/aya/HLS4ML_VS_MANUAL/src/hdl/RHEED_Gaussian/handmade/sv_modules/all_used_modules/shift_add_with_mult.sv", has also been read in this always_comb/always_latch block and is not added to the sensitivity list.
INFO: [XSIM 43-4009] "data_out_tmp", written at line 101 in file "/home/aya/HLS4ML_VS_MANUAL/src/hdl/RHEED_Gaussian/handmade/sv_modules/all_used_modules/shift_add_with_mult.sv", has also been read in this always_comb/always_latch block and is not added to the sensitivity list.
INFO: [XSIM 43-4009] "data_out_tmp", written at line 101 in file "/home/aya/HLS4ML_VS_MANUAL/src/hdl/RHEED_Gaussian/handmade/sv_modules/all_used_modules/shift_add_with_mult.sv", has also been read in this always_comb/always_latch block and is not added to the sensitivity list.
INFO: [XSIM 43-4009] "data_out_tmp", written at line 101 in file "/home/aya/HLS4ML_VS_MANUAL/src/hdl/RHEED_Gaussian/handmade/sv_modules/all_used_modules/shift_add_with_mult.sv", has also been read in this always_comb/always_latch block and is not added to the sensitivity list.
INFO: [XSIM 43-4009] "data_out_tmp", written at line 101 in file "/home/aya/HLS4ML_VS_MANUAL/src/hdl/RHEED_Gaussian/handmade/sv_modules/all_used_modules/shift_add_with_mult.sv", has also been read in this always_comb/always_latch block and is not added to the sensitivity list.
INFO: [XSIM 43-4009] "data_out_tmp", written at line 101 in file "/home/aya/HLS4ML_VS_MANUAL/src/hdl/RHEED_Gaussian/handmade/sv_modules/all_used_modules/shift_add_with_mult.sv", has also been read in this always_comb/always_latch block and is not added to the sensitivity list.
INFO: [XSIM 43-4009] "data_out_tmp", written at line 101 in file "/home/aya/HLS4ML_VS_MANUAL/src/hdl/RHEED_Gaussian/handmade/sv_modules/all_used_modules/shift_add_with_mult.sv", has also been read in this always_comb/always_latch block and is not added to the sensitivity list.
INFO: [XSIM 43-4009] "data_out_tmp", written at line 101 in file "/home/aya/HLS4ML_VS_MANUAL/src/hdl/RHEED_Gaussian/handmade/sv_modules/all_used_modules/shift_add_with_mult.sv", has also been read in this always_comb/always_latch block and is not added to the sensitivity list.
INFO: [XSIM 43-4009] "data_out_tmp", written at line 101 in file "/home/aya/HLS4ML_VS_MANUAL/src/hdl/RHEED_Gaussian/handmade/sv_modules/all_used_modules/shift_add_with_mult.sv", has also been read in this always_comb/always_latch block and is not added to the sensitivity list.
Completed simulation data flow analysis
SDG Object Count: 46164, SDG Object Memory Usage: 6717 KB.
Time Resolution for simulation is 1ps
Compiling package work.q_conv2d_batchnorm_0_8_1
Compiling package work.q_conv2d_batchnorm_1_0_8_2
Compiling package work.q_conv2d_batchnorm_2_0_8_2
Compiling package work.q_dense_0_8_2
Compiling package work.q_dense_1_0_8_2
Compiling package work.q_dense_2_0_8_2
Compiling module work.conv2dFIFO_enabled(inputWidth=48...
Compiling module work.conv2Dwindow_reuse9_multichannel...
Compiling module work.conv2Dsum_reuse9_multichannel(bi...
Compiling module work.conv2Dsum_reuse9_multichannel(bi...
Compiling module work.conv2Dsum_reuse9_multichannel(bi...
Compiling module work.conv2Dsum_reuse9_multichannel(bi...
Compiling module work.conv2Dsum_reuse9_multichannel(bi...
Compiling module work.conv2Dsum_reuse9_multichannel(bi...
Compiling module work.conv2d_output_with_relu_reuse9_m...
Compiling module work.FIFO(inputWidth=46,bitWidth=8)
Compiling module work.MaxPool2D(inputWidth=46,bitWidth...
Compiling module work.FIFO(inputWidth=23,bitWidth=8)
Compiling module work.MaxPool2D(inputWidth=23,bitWidth...
Compiling module work.conv2dFIFO_enabled(inputWidth=11...
Compiling module work.conv2Dwindow_reuse9_multichannel...
Compiling module work.conv2Dsum_reuse9_multichannel(in...
Compiling module work.conv2Dsum_reuse9_multichannel(in...
Compiling module work.conv2Dsum_reuse9_multichannel(in...
Compiling module work.conv2Dsum_reuse9_multichannel(in...
Compiling module work.conv2Dsum_reuse9_multichannel(in...
Compiling module work.conv2Dsum_reuse9_multichannel(in...
Compiling module work.conv2Dsum_reuse9_multichannel(in...
Compiling module work.conv2Dsum_reuse9_multichannel(in...
Compiling module work.conv2d_output_with_relu_reuse9_m...
Compiling module work.FIFO(inputWidth=9,bitWidth=8)
Compiling module work.MaxPool2D(inputWidth=9,bitWidth=...
Compiling module work.conv2dFIFO_enabled(inputWidth=4)
Compiling module work.conv2Dwindow_reuse9_multichannel...
Compiling module work.conv2Dsum_reuse9_multichannel(in...
Compiling module work.conv2Dsum_reuse9_multichannel(in...
Compiling module work.conv2Dsum_reuse9_multichannel(in...
Compiling module work.conv2Dsum_reuse9_multichannel(in...
Compiling module work.conv2Dsum_reuse9_multichannel(in...
Compiling module work.conv2Dsum_reuse9_multichannel(in...
Compiling module work.conv2Dsum_reuse9_multichannel(in...
Compiling module work.conv2Dsum_reuse9_multichannel(in...
Compiling module work.conv2Dsum_reuse9_multichannel(in...
Compiling module work.conv2Dsum_reuse9_multichannel(in...
Compiling module work.conv2d_output_with_relu_reuse9_m...
Compiling module work.FIFO(inputWidth=2,bitWidth=8)
Compiling module work.MaxPool2D(inputWidth=2,bitWidth=...
Compiling module work.flatten(bitWidth=8)
Compiling module work.shift_add_with_mult(WEIGHT=8'sb0...
Compiling module work.shift_add_with_mult(WEIGHT=8'sb1...
Compiling module work.shift_add_with_mult(WEIGHT=8'sb0...
Compiling module work.shift_add_with_mult(WEIGHT=8'sb0...
Compiling module work.shift_add_with_mult(WEIGHT=8'sb1...
Compiling module work.shift_add_with_mult(WEIGHT=8'sb1...
Compiling module work.shift_add_with_mult(WEIGHT=8'sb0...
Compiling module work.shift_add_with_mult(WEIGHT=8'sb1...
Compiling module work.shift_add_with_mult(WEIGHT=8'sb0...
Compiling module work.adderTree_1D(N=5,WIDTH=8,INPUT_S...
Compiling module work.sumOneColumnParameterized_dense0...
Compiling module work.shift_add_with_mult(WEIGHT=8'sb1...
Compiling module work.shift_add_with_mult(WEIGHT=8'sb0...
Compiling module work.shift_add_with_mult(WEIGHT=8'sb0...
Compiling module work.shift_add_with_mult(WEIGHT=8'sb1...
Compiling module work.shift_add_with_mult(WEIGHT=8'sb1...
Compiling module work.shift_add_with_mult(WEIGHT=8'sb0...
Compiling module work.shift_add_with_mult(WEIGHT=8'sb0...
Compiling module work.shift_add_with_mult(WEIGHT=8'sb0...
Compiling module work.shift_add_with_mult(WEIGHT=8'sb1...
Compiling module work.sumOneColumnParameterized_dense0...
Compiling module work.shift_add_with_mult(WEIGHT=8'sb0...
Compiling module work.shift_add_with_mult(WEIGHT=8'sb1...
Compiling module work.shift_add_with_mult(WEIGHT=8'sb0...
Compiling module work.shift_add_with_mult(WEIGHT=8'sb1...
Compiling module work.shift_add_with_mult(WEIGHT=8'sb0...
Compiling module work.sumOneColumnParameterized_dense0...
Compiling module work.shift_add_with_mult(WEIGHT=8'sb0...
Compiling module work.shift_add_with_mult(WEIGHT=8'sb1...
Compiling module work.shift_add_with_mult(WEIGHT=8'sb0...
Compiling module work.shift_add_with_mult(WEIGHT=8'sb1...
Compiling module work.shift_add_with_mult(WEIGHT=8'sb0...
Compiling module work.shift_add_with_mult(WEIGHT=8'sb0...
Compiling module work.shift_add_with_mult(WEIGHT=8'sb0...
Compiling module work.sumOneColumnParameterized_dense0...
Compiling module work.shift_add_with_mult(WEIGHT=8'sb0...
Compiling module work.shift_add_with_mult(WEIGHT=8'sb0...
Compiling module work.sumOneColumnParameterized_dense0...
Compiling module work.shift_add_with_mult(WEIGHT=8'sb1...
Compiling module work.shift_add_with_mult(WEIGHT=8'sb0...
Compiling module work.shift_add_with_mult(WEIGHT=8'sb1...
Compiling module work.sumOneColumnParameterized_dense0...
Compiling module work.shift_add_with_mult(WEIGHT=8'sb1...
Compiling module work.shift_add_with_mult(WEIGHT=8'sb1...
Compiling module work.shift_add_with_mult(WEIGHT=8'sb1...
Compiling module work.shift_add_with_mult(WEIGHT=8'sb1...
Compiling module work.sumOneColumnParameterized_dense0...
Compiling module work.shift_add_with_mult(WEIGHT=8'sb1...
Compiling module work.shift_add_with_mult(WEIGHT=8'sb0...
Compiling module work.shift_add_with_mult(WEIGHT=8'sb1...
Compiling module work.sumOneColumnParameterized_dense0...
Compiling module work.shift_add_with_mult(WEIGHT=8'sb1...
Compiling module work.shift_add_with_mult(WEIGHT=8'sb1...
Compiling module work.shift_add_with_mult(WEIGHT=8'sb1...
Compiling module work.shift_add_with_mult(WEIGHT=8'sb1...
Compiling module work.sumOneColumnParameterized_dense0...
Compiling module work.shift_add_with_mult(WEIGHT=8'sb1...
Compiling module work.shift_add_with_mult(WEIGHT=8'sb1...
Compiling module work.sumOneColumnParameterized_dense0...
Compiling module work.shift_add_with_mult(WEIGHT=8'sb0...
Compiling module work.sumOneColumnParameterized_dense0...
Compiling module work.shift_add_with_mult(WEIGHT=8'sb0...
Compiling module work.sumOneColumnParameterized_dense0...
Compiling module work.shift_add_with_mult(WEIGHT=8'sb0...
Compiling module work.shift_add_with_mult(WEIGHT=8'sb1...
Compiling module work.sumOneColumnParameterized_dense0...
Compiling module work.shift_add_with_mult(WEIGHT=8'sb1...
Compiling module work.sumOneColumnParameterized_dense0...
Compiling module work.shift_add_with_mult(WEIGHT=8'sb0...
Compiling module work.shift_add_with_mult(WEIGHT=8'sb1...
Compiling module work.sumOneColumnParameterized_dense0...
Compiling module work.denseLatencyWithControl_dense0(W...
Compiling module work.reluActivationLayer(WIDTH=8,SIZE...
Compiling module work.adderTree_1D(N=5,WIDTH=8,INPUT_S...
Compiling module work.sumOneColumnParameterized_dense1...
Compiling module work.shift_add_with_mult(WEIGHT=8'sb0...
Compiling module work.shift_add_with_mult(WEIGHT=8'sb0...
Compiling module work.sumOneColumnParameterized_dense1...
Compiling module work.shift_add_with_mult(WEIGHT=8'sb0...
Compiling module work.sumOneColumnParameterized_dense1...
Compiling module work.shift_add_with_mult(WEIGHT=8'sb1...
Compiling module work.sumOneColumnParameterized_dense1...
Compiling module work.shift_add_with_mult(WEIGHT=8'sb1...
Compiling module work.shift_add_with_mult(WEIGHT=8'sb1...
Compiling module work.sumOneColumnParameterized_dense1...
Compiling module work.sumOneColumnParameterized_dense1...
Compiling module work.sumOneColumnParameterized_dense1...
Compiling module work.sumOneColumnParameterized_dense1...
Compiling module work.sumOneColumnParameterized_dense1...
Compiling module work.sumOneColumnParameterized_dense1...
Compiling module work.denseLatencyWithControl_dense1(W...
Compiling module work.reluActivationLayer(WIDTH=8,SIZE...
Compiling module work.sumOneColumnParameterized_dense2...
Compiling module work.sumOneColumnParameterized_dense2...
Compiling module work.sumOneColumnParameterized_dense2...
Compiling module work.sumOneColumnParameterized_dense2...
Compiling module work.sumOneColumnParameterized_dense2...
Compiling module work.denseLatencyWithControl_dense2(W...
Compiling module work.rheedGaussianWrapper_default
Compiling module work.rheedGaussianWrapper_tb
/tools/Disk_Xilinx/Vivado/2019.1/data/../tps/llvm/3.1/lnx64.o/bin/clang  -fPIC -c -std=gnu89 -nobuiltininc -nostdinc++ -w  -Wl,--unresolved-symbols=ignore-in-object-files -fbracket-depth=1048576 -I/tools/Disk_Xilinx/Vivado/2019.1/data/../tps/llvm/3.1/lnx64.o/bin/../lib/clang/3.1/include -fPIC -m64  -I"/tools/Disk_Xilinx/Vivado/2019.1/data/xsim/include" "xsim.dir/sim_snapshot/obj/xsim_2.c" -O0 -sim -o "xsim.dir/sim_snapshot/obj/xsim_2.lnx64.o" -DXILINX_SIMULATOR
Linking with command:
/usr/bin/gcc -Wa,-W  -O -fPIC  -m64  -Wl,--no-as-needed  -Wl,--unresolved-symbols=ignore-all  -o "xsim.dir/sim_snapshot/xsimk"   "xsim.dir/sim_snapshot/obj/xsim_0.lnx64.o" "xsim.dir/sim_snapshot/obj/xsim_1.lnx64.o" "xsim.dir/sim_snapshot/obj/xsim_2.lnx64.o" -L"/tools/Disk_Xilinx/Vivado/2019.1/lib/lnx64.o" -lrdi_simulator_kernel  
Built simulation snapshot sim_snapshot
