Bits, Slice LUTs, Slice Registers, Block RAM Tile, DSPs, Bonded IOB, Timing, Accuracy
4, 1.80, 0.85, 0.00, 0.14, 10.35, 0.793,  0.19992168674698796
7, 6.33, 2.25, 0.00, 0.14, 17.76, 0.458, 0.42003614457831323
10, 13.47, 4.22, 0.00, 0.14, 25.18, 0.259, 0.6648012048192771
13, 21.60, 6.03, 0.00, 10.11, 32.59, 0.235, 0.7615602409638554
16, 27.46, 6.86, 0.00, 27.78, 40.00, 0.037, 0.7650722891566265
19, 30.03, 6.94, 0.00, 50.19, 47.41, 0.142, 0.7652831325301205
22, 34.16, 7.06, 0.00, 68.03, 54.82, 0.160, 0.7653313253012048
25, 36.67, 7.20, 0.00, 80.78, 62.24, 0.925, 0.201289156626506
