Width, Accuracy
"4_2", 0.5275
"7_3", 0.5275
"10_4", 0.5275
"13_5", 0.81125
"16_6", 0.84
"19_7", 0.83625
"22_8", 0.8375
"25_9", 0.8425
