Width, Accuracy
"4_2", 0.5110220440881763
"7_3", 0.5110220440881763
"10_4", 0.5110220440881763
"13_5", 0.5110220440881763
"16_6", 0.5110220440881763
"19_7", 0.5110220440881763
"16_6", 0.5110220440881763
"16_6", 0.5110220440881763
"16_6", 0.5110220440881763
"16_6", 0.5110220440881763
"16_6", 0.5110220440881763
