Bits, Slice LUTs, Slice Registers, Block RAM Tile, DSPs, Bonded IOB, Timing, Accuracy
4, 0.01, 0.01, 0.02, 0.00, 1.20, 8.980, 0.5110220440881763
7, 0.03, 0.02, 0.02, 0.00, 1.56, 8.220, 0.5110220440881763
10, 0.17, 0.07, 0.02, 0.00, 1.92, 7.442, 0.5110220440881763
13, 0.13, 0.09, 0.02, 1.39, 2.28, 6.520, 0.5110220440881763
16, 0.21, 0.12, 0.02, 1.85, 2.64, 6.142, 0.5110220440881763
19, 0.47, 0.24, 0.02, 3.29, 16.71, 4.115, 0.5110220440881763
16, 1.23, 0.27, 0.02, 6.40, 14.18, 2.283, 0.5110220440881763
16, 1.23, 0.27, 0.02, 6.40, 14.18, 2.283, 0.5110220440881763
16, 6.29, 1.33, 0.02, 8.14, 14.18, 2.326, 0.5110220440881763
