

================================================================
== Vivado HLS Report for 'dense_wrapper_ap_ufixed_8_2_5_3_0_ap_fixed_8_3_5_3_0_config15_s'
================================================================
* Date:           Tue Sep 22 06:02:56 2026

* Version:        2019.1 (Build 2552052 on Fri May 24 15:28:33 MDT 2019)
* Project:        myproject_prj
* Solution:       solution1
* Product family: kintexu
* Target device:  xcku035-fbva676-2-e


================================================================
== Performance Estimates
================================================================
+ Timing (ns): 
    * Summary: 
    +--------+-------+----------+------------+
    |  Clock | Target| Estimated| Uncertainty|
    +--------+-------+----------+------------+
    |ap_clk  |   5.00|     3.859|        0.62|
    +--------+-------+----------+------------+

+ Latency (clock cycles): 
    * Summary: 
    +-----+-----+-----+-----+---------------------------------------------+
    |  Latency  |  Interval |                   Pipeline                  |
    | min | max | min | max |                     Type                    |
    +-----+-----+-----+-----+---------------------------------------------+
    |   11|   12|   10|   10| loop rewind(delay=0 initiation interval(s)) |
    +-----+-----+-----+-----+---------------------------------------------+

    + Detail: 
        * Instance: 
        N/A

        * Loop: 
        +-------------+-----+-----+----------+-----------+-----------+------+----------+
        |             |  Latency  | Iteration|  Initiation Interval  | Trip |          |
        |  Loop Name  | min | max |  Latency |  achieved |   target  | Count| Pipelined|
        +-------------+-----+-----+----------+-----------+-----------+------+----------+
        |- ReuseLoop  |   11|   11|         3|          1|          1|    10|    yes   |
        +-------------+-----+-----+----------+-----------+-----------+------+----------+



================================================================
== Utilization Estimates
================================================================
* Summary: 
+-----------------+---------+-------+--------+--------+-----+
|       Name      | BRAM_18K| DSP48E|   FF   |   LUT  | URAM|
+-----------------+---------+-------+--------+--------+-----+
|DSP              |        -|      -|       -|       -|    -|
|Expression       |        -|      0|       0|    1274|    -|
|FIFO             |        -|      -|       -|       -|    -|
|Instance         |        -|      -|       0|      53|    -|
|Memory           |        4|      -|       0|       0|    -|
|Multiplexer      |        -|      -|       -|     702|    -|
|Register         |        -|      -|     741|       -|    -|
+-----------------+---------+-------+--------+--------+-----+
|Total            |        4|      0|     741|    2029|    0|
+-----------------+---------+-------+--------+--------+-----+
|Available        |     1080|   1700|  406256|  203128|    0|
+-----------------+---------+-------+--------+--------+-----+
|Utilization (%)  |    ~0   |      0|   ~0   |   ~0   |    0|
+-----------------+---------+-------+--------+--------+-----+

+ Detail: 
    * Instance: 
    +------------------------------+-------------------------+---------+-------+---+----+-----+
    |           Instance           |          Module         | BRAM_18K| DSP48E| FF| LUT| URAM|
    +------------------------------+-------------------------+---------+-------+---+----+-----+
    |myproject_mux_104_8_1_1_U677  |myproject_mux_104_8_1_1  |        0|      0|  0|  53|    0|
    +------------------------------+-------------------------+---------+-------+---+----+-----+
    |Total                         |                         |        0|      0|  0|  53|    0|
    +------------------------------+-------------------------+---------+-------+---+----+-----+

    * DSP48E: 
    N/A

    * Memory: 
    +---------+-----------------------------------------------------------------------+---------+---+----+-----+------+-----+------+-------------+
    |  Memory |                                 Module                                | BRAM_18K| FF| LUT| URAM| Words| Bits| Banks| W*Bits*Banks|
    +---------+-----------------------------------------------------------------------+---------+---+----+-----+------+-----+------+-------------+
    |w15_V_U  |dense_wrapper_ap_ufixed_8_2_5_3_0_ap_fixed_8_3_5_3_0_config15_s_w15_V  |        4|  0|   0|    0|    10|  118|     1|         1180|
    +---------+-----------------------------------------------------------------------+---------+---+----+-----+------+-----+------+-------------+
    |Total    |                                                                       |        4|  0|   0|    0|    10|  118|     1|         1180|
    +---------+-----------------------------------------------------------------------+---------+---+----+-----+------+-----+------+-------------+

    * FIFO: 
    N/A

    * Expression: 
    +--------------------------+----------+-------+---+----+------------+------------+
    |       Variable Name      | Operation| DSP48E| FF| LUT| Bitwidth P0| Bitwidth P1|
    +--------------------------+----------+-------+---+----+------------+------------+
    |mul_ln1118_14_fu_974_p2   |     *    |      0|  0|  40|           8|           8|
    |mul_ln1118_15_fu_1023_p2  |     *    |      0|  0|  40|           8|           8|
    |mul_ln1118_16_fu_1072_p2  |     *    |      0|  0|  40|           8|           8|
    |mul_ln1118_17_fu_1121_p2  |     *    |      0|  0|  40|           8|           8|
    |mul_ln1118_18_fu_1170_p2  |     *    |      0|  0|  40|           8|           8|
    |mul_ln1118_19_fu_1219_p2  |     *    |      0|  0|  40|           8|           8|
    |mul_ln1118_20_fu_1268_p2  |     *    |      0|  0|  40|           8|           8|
    |mul_ln1118_21_fu_1317_p2  |     *    |      0|  0|  40|           8|           8|
    |mul_ln1118_22_fu_1366_p2  |     *    |      0|  0|  40|           8|           8|
    |mul_ln1118_23_fu_1415_p2  |     *    |      0|  0|  40|           8|           8|
    |mul_ln1118_24_fu_1464_p2  |     *    |      0|  0|  40|           8|           8|
    |mul_ln1118_25_fu_1513_p2  |     *    |      0|  0|  40|           8|           8|
    |mul_ln1118_26_fu_1562_p2  |     *    |      0|  0|  40|           8|           8|
    |mul_ln1118_27_fu_1614_p2  |     *    |      0|  0|  40|           6|           8|
    |mul_ln1118_fu_925_p2      |     *    |      0|  0|  40|           8|           8|
    |acc_0_V_fu_959_p2         |     +    |      0|  0|  23|          16|          16|
    |acc_10_V_fu_1449_p2       |     +    |      0|  0|  23|          16|          16|
    |acc_11_V_fu_1498_p2       |     +    |      0|  0|  23|          16|          16|
    |acc_12_V_fu_1547_p2       |     +    |      0|  0|  23|          16|          16|
    |acc_13_V_fu_1596_p2       |     +    |      0|  0|  23|          16|          16|
    |acc_14_V_fu_1638_p2       |     +    |      0|  0|  23|          16|          16|
    |acc_1_V_fu_1008_p2        |     +    |      0|  0|  23|          16|          16|
    |acc_2_V_fu_1057_p2        |     +    |      0|  0|  23|          16|          16|
    |acc_3_V_fu_1106_p2        |     +    |      0|  0|  23|          16|          16|
    |acc_4_V_fu_1155_p2        |     +    |      0|  0|  23|          16|          16|
    |acc_5_V_fu_1204_p2        |     +    |      0|  0|  23|          16|          16|
    |acc_6_V_fu_1253_p2        |     +    |      0|  0|  23|          16|          16|
    |acc_7_V_fu_1302_p2        |     +    |      0|  0|  23|          16|          16|
    |acc_8_V_fu_1351_p2        |     +    |      0|  0|  23|          16|          16|
    |acc_9_V_fu_1400_p2        |     +    |      0|  0|  23|          16|          16|
    |add_ln703_16_fu_965_p2    |     +    |      0|  0|  20|          13|          13|
    |add_ln703_17_fu_1014_p2   |     +    |      0|  0|  20|          13|          13|
    |add_ln703_18_fu_1063_p2   |     +    |      0|  0|  20|          13|          13|
    |add_ln703_19_fu_1112_p2   |     +    |      0|  0|  20|          13|          13|
    |add_ln703_20_fu_1161_p2   |     +    |      0|  0|  20|          13|          13|
    |add_ln703_21_fu_1210_p2   |     +    |      0|  0|  20|          13|          13|
    |add_ln703_22_fu_1259_p2   |     +    |      0|  0|  20|          13|          13|
    |add_ln703_23_fu_1308_p2   |     +    |      0|  0|  20|          13|          13|
    |add_ln703_24_fu_1357_p2   |     +    |      0|  0|  20|          13|          13|
    |add_ln703_25_fu_1406_p2   |     +    |      0|  0|  20|          13|          13|
    |add_ln703_26_fu_1455_p2   |     +    |      0|  0|  20|          13|          13|
    |add_ln703_27_fu_1504_p2   |     +    |      0|  0|  20|          13|          13|
    |add_ln703_28_fu_1553_p2   |     +    |      0|  0|  20|          13|          13|
    |add_ln703_29_fu_1602_p2   |     +    |      0|  0|  20|          13|          13|
    |add_ln703_30_fu_1644_p2   |     +    |      0|  0|  20|          13|          13|
    |w_index_fu_737_p2         |     +    |      0|  0|  12|           1|           4|
    |ap_condition_256          |    and   |      0|  0|   2|           1|           1|
    |ap_condition_262          |    and   |      0|  0|   2|           1|           1|
    |ap_condition_40           |    and   |      0|  0|   2|           1|           1|
    |icmp_ln46_fu_743_p2       |   icmp   |      0|  0|   9|           4|           4|
    |ap_enable_pp0             |    xor   |      0|  0|   2|           1|           2|
    +--------------------------+----------+-------+---+----+------------+------------+
    |Total                     |          |      0|  0|1274|         562|         568|
    +--------------------------+----------+-------+---+----+------------+------------+

    * Multiplexer: 
    +--------------------------------------------------+----+-----------+-----+-----------+
    |                       Name                       | LUT| Input Size| Bits| Total Bits|
    +--------------------------------------------------+----+-----------+-----+-----------+
    |acc_V_0_05_reg_718                                |   9|          2|   16|         32|
    |acc_V_10_015_reg_578                              |   9|          2|   16|         32|
    |acc_V_11_016_reg_564                              |   9|          2|   16|         32|
    |acc_V_12_017_reg_550                              |   9|          2|   16|         32|
    |acc_V_13_018_reg_536                              |   9|          2|   16|         32|
    |acc_V_14_019_reg_522                              |   9|          2|   16|         32|
    |acc_V_1_06_reg_704                                |   9|          2|   16|         32|
    |acc_V_2_07_reg_690                                |   9|          2|   16|         32|
    |acc_V_3_08_reg_676                                |   9|          2|   16|         32|
    |acc_V_4_09_reg_662                                |   9|          2|   16|         32|
    |acc_V_5_010_reg_648                               |   9|          2|   16|         32|
    |acc_V_6_011_reg_634                               |   9|          2|   16|         32|
    |acc_V_7_012_reg_620                               |   9|          2|   16|         32|
    |acc_V_8_013_reg_606                               |   9|          2|   16|         32|
    |acc_V_9_014_reg_592                               |   9|          2|   16|         32|
    |ap_NS_fsm                                         |  15|          3|    1|          3|
    |ap_enable_reg_pp0_iter1                           |   9|          2|    1|          2|
    |ap_enable_reg_pp0_iter2                           |   9|          2|    1|          2|
    |ap_phi_mux_data_0_V_read36_phi_phi_fu_406_p4      |   9|          2|    8|         16|
    |ap_phi_mux_data_0_V_read36_rewind_phi_fu_266_p6   |   9|          2|    8|         16|
    |ap_phi_mux_data_1_V_read37_phi_phi_fu_418_p4      |   9|          2|    8|         16|
    |ap_phi_mux_data_1_V_read37_rewind_phi_fu_280_p6   |   9|          2|    8|         16|
    |ap_phi_mux_data_2_V_read38_phi_phi_fu_430_p4      |   9|          2|    8|         16|
    |ap_phi_mux_data_2_V_read38_rewind_phi_fu_294_p6   |   9|          2|    8|         16|
    |ap_phi_mux_data_3_V_read39_phi_phi_fu_442_p4      |   9|          2|    8|         16|
    |ap_phi_mux_data_3_V_read39_rewind_phi_fu_308_p6   |   9|          2|    8|         16|
    |ap_phi_mux_data_4_V_read40_phi_phi_fu_454_p4      |   9|          2|    8|         16|
    |ap_phi_mux_data_4_V_read40_rewind_phi_fu_322_p6   |   9|          2|    8|         16|
    |ap_phi_mux_data_5_V_read41_phi_phi_fu_466_p4      |   9|          2|    8|         16|
    |ap_phi_mux_data_5_V_read41_rewind_phi_fu_336_p6   |   9|          2|    8|         16|
    |ap_phi_mux_data_6_V_read42_phi_phi_fu_478_p4      |   9|          2|    8|         16|
    |ap_phi_mux_data_6_V_read42_rewind_phi_fu_350_p6   |   9|          2|    8|         16|
    |ap_phi_mux_data_7_V_read43_phi_phi_fu_490_p4      |   9|          2|    8|         16|
    |ap_phi_mux_data_7_V_read43_rewind_phi_fu_364_p6   |   9|          2|    8|         16|
    |ap_phi_mux_data_8_V_read44_phi_phi_fu_502_p4      |   9|          2|    8|         16|
    |ap_phi_mux_data_8_V_read44_rewind_phi_fu_378_p6   |   9|          2|    8|         16|
    |ap_phi_mux_data_9_V_read45_phi_phi_fu_514_p4      |   9|          2|    8|         16|
    |ap_phi_mux_data_9_V_read45_rewind_phi_fu_392_p6   |   9|          2|    8|         16|
    |ap_phi_mux_do_init_phi_fu_235_p6                  |  15|          3|    1|          3|
    |ap_phi_mux_w_index35_phi_fu_251_p6                |  15|          3|    4|         12|
    |ap_phi_reg_pp0_iter1_data_0_V_read36_phi_reg_402  |   9|          2|    8|         16|
    |ap_phi_reg_pp0_iter1_data_1_V_read37_phi_reg_414  |   9|          2|    8|         16|
    |ap_phi_reg_pp0_iter1_data_2_V_read38_phi_reg_426  |   9|          2|    8|         16|
    |ap_phi_reg_pp0_iter1_data_3_V_read39_phi_reg_438  |   9|          2|    8|         16|
    |ap_phi_reg_pp0_iter1_data_4_V_read40_phi_reg_450  |   9|          2|    8|         16|
    |ap_phi_reg_pp0_iter1_data_5_V_read41_phi_reg_462  |   9|          2|    8|         16|
    |ap_phi_reg_pp0_iter1_data_6_V_read42_phi_reg_474  |   9|          2|    8|         16|
    |ap_phi_reg_pp0_iter1_data_7_V_read43_phi_reg_486  |   9|          2|    8|         16|
    |ap_phi_reg_pp0_iter1_data_8_V_read44_phi_reg_498  |   9|          2|    8|         16|
    |ap_phi_reg_pp0_iter1_data_9_V_read45_phi_reg_510  |   9|          2|    8|         16|
    |ap_return_0                                       |   9|          2|    8|         16|
    |ap_return_1                                       |   9|          2|    8|         16|
    |ap_return_10                                      |   9|          2|    8|         16|
    |ap_return_11                                      |   9|          2|    8|         16|
    |ap_return_12                                      |   9|          2|    8|         16|
    |ap_return_13                                      |   9|          2|    8|         16|
    |ap_return_14                                      |   9|          2|    8|         16|
    |ap_return_2                                       |   9|          2|    8|         16|
    |ap_return_3                                       |   9|          2|    8|         16|
    |ap_return_4                                       |   9|          2|    8|         16|
    |ap_return_5                                       |   9|          2|    8|         16|
    |ap_return_6                                       |   9|          2|    8|         16|
    |ap_return_7                                       |   9|          2|    8|         16|
    |ap_return_8                                       |   9|          2|    8|         16|
    |ap_return_9                                       |   9|          2|    8|         16|
    |data_0_V_read36_phi_reg_402                       |   9|          2|    8|         16|
    |data_1_V_read37_phi_reg_414                       |   9|          2|    8|         16|
    |data_2_V_read38_phi_reg_426                       |   9|          2|    8|         16|
    |data_3_V_read39_phi_reg_438                       |   9|          2|    8|         16|
    |data_4_V_read40_phi_reg_450                       |   9|          2|    8|         16|
    |data_5_V_read41_phi_reg_462                       |   9|          2|    8|         16|
    |data_6_V_read42_phi_reg_474                       |   9|          2|    8|         16|
    |data_7_V_read43_phi_reg_486                       |   9|          2|    8|         16|
    |data_8_V_read44_phi_reg_498                       |   9|          2|    8|         16|
    |data_9_V_read45_phi_reg_510                       |   9|          2|    8|         16|
    |w_index35_reg_247                                 |   9|          2|    4|          8|
    +--------------------------------------------------+----+-----------+-----+-----------+
    |Total                                             | 702|        155|  692|       1390|
    +--------------------------------------------------+----+-----------+-----+-----------+

    * Register: 
    +--------------------------------------------------+----+----+-----+-----------+
    |                       Name                       | FF | LUT| Bits| Const Bits|
    +--------------------------------------------------+----+----+-----+-----------+
    |acc_V_0_05_reg_718                                |  16|   0|   16|          0|
    |acc_V_10_015_reg_578                              |  16|   0|   16|          0|
    |acc_V_11_016_reg_564                              |  16|   0|   16|          0|
    |acc_V_12_017_reg_550                              |  16|   0|   16|          0|
    |acc_V_13_018_reg_536                              |  16|   0|   16|          0|
    |acc_V_14_019_reg_522                              |  16|   0|   16|          0|
    |acc_V_1_06_reg_704                                |  16|   0|   16|          0|
    |acc_V_2_07_reg_690                                |  16|   0|   16|          0|
    |acc_V_3_08_reg_676                                |  16|   0|   16|          0|
    |acc_V_4_09_reg_662                                |  16|   0|   16|          0|
    |acc_V_5_010_reg_648                               |  16|   0|   16|          0|
    |acc_V_6_011_reg_634                               |  16|   0|   16|          0|
    |acc_V_7_012_reg_620                               |  16|   0|   16|          0|
    |acc_V_8_013_reg_606                               |  16|   0|   16|          0|
    |acc_V_9_014_reg_592                               |  16|   0|   16|          0|
    |ap_CS_fsm                                         |   2|   0|    2|          0|
    |ap_enable_reg_pp0_iter1                           |   1|   0|    1|          0|
    |ap_enable_reg_pp0_iter2                           |   1|   0|    1|          0|
    |ap_phi_reg_pp0_iter1_data_0_V_read36_phi_reg_402  |   8|   0|    8|          0|
    |ap_phi_reg_pp0_iter1_data_1_V_read37_phi_reg_414  |   8|   0|    8|          0|
    |ap_phi_reg_pp0_iter1_data_2_V_read38_phi_reg_426  |   8|   0|    8|          0|
    |ap_phi_reg_pp0_iter1_data_3_V_read39_phi_reg_438  |   8|   0|    8|          0|
    |ap_phi_reg_pp0_iter1_data_4_V_read40_phi_reg_450  |   8|   0|    8|          0|
    |ap_phi_reg_pp0_iter1_data_5_V_read41_phi_reg_462  |   8|   0|    8|          0|
    |ap_phi_reg_pp0_iter1_data_6_V_read42_phi_reg_474  |   8|   0|    8|          0|
    |ap_phi_reg_pp0_iter1_data_7_V_read43_phi_reg_486  |   8|   0|    8|          0|
    |ap_phi_reg_pp0_iter1_data_8_V_read44_phi_reg_498  |   8|   0|    8|          0|
    |ap_phi_reg_pp0_iter1_data_9_V_read45_phi_reg_510  |   8|   0|    8|          0|
    |ap_return_0_preg                                  |   8|   0|    8|          0|
    |ap_return_10_preg                                 |   8|   0|    8|          0|
    |ap_return_11_preg                                 |   8|   0|    8|          0|
    |ap_return_12_preg                                 |   8|   0|    8|          0|
    |ap_return_13_preg                                 |   8|   0|    8|          0|
    |ap_return_14_preg                                 |   8|   0|    8|          0|
    |ap_return_1_preg                                  |   8|   0|    8|          0|
    |ap_return_2_preg                                  |   8|   0|    8|          0|
    |ap_return_3_preg                                  |   8|   0|    8|          0|
    |ap_return_4_preg                                  |   8|   0|    8|          0|
    |ap_return_5_preg                                  |   8|   0|    8|          0|
    |ap_return_6_preg                                  |   8|   0|    8|          0|
    |ap_return_7_preg                                  |   8|   0|    8|          0|
    |ap_return_8_preg                                  |   8|   0|    8|          0|
    |ap_return_9_preg                                  |   8|   0|    8|          0|
    |data_0_V_read36_phi_reg_402                       |   8|   0|    8|          0|
    |data_0_V_read36_rewind_reg_262                    |   8|   0|    8|          0|
    |data_1_V_read37_phi_reg_414                       |   8|   0|    8|          0|
    |data_1_V_read37_rewind_reg_276                    |   8|   0|    8|          0|
    |data_2_V_read38_phi_reg_426                       |   8|   0|    8|          0|
    |data_2_V_read38_rewind_reg_290                    |   8|   0|    8|          0|
    |data_3_V_read39_phi_reg_438                       |   8|   0|    8|          0|
    |data_3_V_read39_rewind_reg_304                    |   8|   0|    8|          0|
    |data_4_V_read40_phi_reg_450                       |   8|   0|    8|          0|
    |data_4_V_read40_rewind_reg_318                    |   8|   0|    8|          0|
    |data_5_V_read41_phi_reg_462                       |   8|   0|    8|          0|
    |data_5_V_read41_rewind_reg_332                    |   8|   0|    8|          0|
    |data_6_V_read42_phi_reg_474                       |   8|   0|    8|          0|
    |data_6_V_read42_rewind_reg_346                    |   8|   0|    8|          0|
    |data_7_V_read43_phi_reg_486                       |   8|   0|    8|          0|
    |data_7_V_read43_rewind_reg_360                    |   8|   0|    8|          0|
    |data_8_V_read44_phi_reg_498                       |   8|   0|    8|          0|
    |data_8_V_read44_rewind_reg_374                    |   8|   0|    8|          0|
    |data_9_V_read45_phi_reg_510                       |   8|   0|    8|          0|
    |data_9_V_read45_rewind_reg_388                    |   8|   0|    8|          0|
    |do_init_reg_231                                   |   1|   0|    1|          0|
    |icmp_ln46_reg_1954                                |   1|   0|    1|          0|
    |icmp_ln46_reg_1954_pp0_iter1_reg                  |   1|   0|    1|          0|
    |tmp_15_reg_1969                                   |   8|   0|    8|          0|
    |tmp_16_reg_1974                                   |   8|   0|    8|          0|
    |tmp_17_reg_1979                                   |   8|   0|    8|          0|
    |tmp_18_reg_1984                                   |   8|   0|    8|          0|
    |tmp_19_reg_1989                                   |   8|   0|    8|          0|
    |tmp_20_reg_1994                                   |   8|   0|    8|          0|
    |tmp_21_reg_1999                                   |   8|   0|    8|          0|
    |tmp_22_reg_2004                                   |   8|   0|    8|          0|
    |tmp_23_reg_2009                                   |   8|   0|    8|          0|
    |tmp_24_reg_2014                                   |   8|   0|    8|          0|
    |tmp_25_reg_2019                                   |   8|   0|    8|          0|
    |tmp_26_reg_2024                                   |   8|   0|    8|          0|
    |tmp_27_reg_2029                                   |   8|   0|    8|          0|
    |tmp_28_reg_1958                                   |   8|   0|    8|          0|
    |tmp_29_reg_2034                                   |   6|   0|    6|          0|
    |trunc_ln59_reg_1964                               |   8|   0|    8|          0|
    |w_index35_reg_247                                 |   4|   0|    4|          0|
    |w_index_reg_1949                                  |   4|   0|    4|          0|
    +--------------------------------------------------+----+----+-----+-----------+
    |Total                                             | 741|   0|  741|          0|
    +--------------------------------------------------+----+----+-----+-----------+



================================================================
== Interface
================================================================
* Summary: 
+---------------+-----+-----+------------+----------------------------------------------------------------------------+--------------+
|   RTL Ports   | Dir | Bits|  Protocol  |                                Source Object                               |    C Type    |
+---------------+-----+-----+------------+----------------------------------------------------------------------------+--------------+
|ap_clk         |  in |    1| ap_ctrl_hs | dense_wrapper<ap_ufixed<8, 2, 5, 3, 0>, ap_fixed<8, 3, 5, 3, 0>, config15> | return value |
|ap_rst         |  in |    1| ap_ctrl_hs | dense_wrapper<ap_ufixed<8, 2, 5, 3, 0>, ap_fixed<8, 3, 5, 3, 0>, config15> | return value |
|ap_start       |  in |    1| ap_ctrl_hs | dense_wrapper<ap_ufixed<8, 2, 5, 3, 0>, ap_fixed<8, 3, 5, 3, 0>, config15> | return value |
|ap_done        | out |    1| ap_ctrl_hs | dense_wrapper<ap_ufixed<8, 2, 5, 3, 0>, ap_fixed<8, 3, 5, 3, 0>, config15> | return value |
|ap_idle        | out |    1| ap_ctrl_hs | dense_wrapper<ap_ufixed<8, 2, 5, 3, 0>, ap_fixed<8, 3, 5, 3, 0>, config15> | return value |
|ap_ready       | out |    1| ap_ctrl_hs | dense_wrapper<ap_ufixed<8, 2, 5, 3, 0>, ap_fixed<8, 3, 5, 3, 0>, config15> | return value |
|ap_return_0    | out |    8| ap_ctrl_hs | dense_wrapper<ap_ufixed<8, 2, 5, 3, 0>, ap_fixed<8, 3, 5, 3, 0>, config15> | return value |
|ap_return_1    | out |    8| ap_ctrl_hs | dense_wrapper<ap_ufixed<8, 2, 5, 3, 0>, ap_fixed<8, 3, 5, 3, 0>, config15> | return value |
|ap_return_2    | out |    8| ap_ctrl_hs | dense_wrapper<ap_ufixed<8, 2, 5, 3, 0>, ap_fixed<8, 3, 5, 3, 0>, config15> | return value |
|ap_return_3    | out |    8| ap_ctrl_hs | dense_wrapper<ap_ufixed<8, 2, 5, 3, 0>, ap_fixed<8, 3, 5, 3, 0>, config15> | return value |
|ap_return_4    | out |    8| ap_ctrl_hs | dense_wrapper<ap_ufixed<8, 2, 5, 3, 0>, ap_fixed<8, 3, 5, 3, 0>, config15> | return value |
|ap_return_5    | out |    8| ap_ctrl_hs | dense_wrapper<ap_ufixed<8, 2, 5, 3, 0>, ap_fixed<8, 3, 5, 3, 0>, config15> | return value |
|ap_return_6    | out |    8| ap_ctrl_hs | dense_wrapper<ap_ufixed<8, 2, 5, 3, 0>, ap_fixed<8, 3, 5, 3, 0>, config15> | return value |
|ap_return_7    | out |    8| ap_ctrl_hs | dense_wrapper<ap_ufixed<8, 2, 5, 3, 0>, ap_fixed<8, 3, 5, 3, 0>, config15> | return value |
|ap_return_8    | out |    8| ap_ctrl_hs | dense_wrapper<ap_ufixed<8, 2, 5, 3, 0>, ap_fixed<8, 3, 5, 3, 0>, config15> | return value |
|ap_return_9    | out |    8| ap_ctrl_hs | dense_wrapper<ap_ufixed<8, 2, 5, 3, 0>, ap_fixed<8, 3, 5, 3, 0>, config15> | return value |
|ap_return_10   | out |    8| ap_ctrl_hs | dense_wrapper<ap_ufixed<8, 2, 5, 3, 0>, ap_fixed<8, 3, 5, 3, 0>, config15> | return value |
|ap_return_11   | out |    8| ap_ctrl_hs | dense_wrapper<ap_ufixed<8, 2, 5, 3, 0>, ap_fixed<8, 3, 5, 3, 0>, config15> | return value |
|ap_return_12   | out |    8| ap_ctrl_hs | dense_wrapper<ap_ufixed<8, 2, 5, 3, 0>, ap_fixed<8, 3, 5, 3, 0>, config15> | return value |
|ap_return_13   | out |    8| ap_ctrl_hs | dense_wrapper<ap_ufixed<8, 2, 5, 3, 0>, ap_fixed<8, 3, 5, 3, 0>, config15> | return value |
|ap_return_14   | out |    8| ap_ctrl_hs | dense_wrapper<ap_ufixed<8, 2, 5, 3, 0>, ap_fixed<8, 3, 5, 3, 0>, config15> | return value |
|data_0_V_read  |  in |    8|   ap_none  |                                data_0_V_read                               |    scalar    |
|data_1_V_read  |  in |    8|   ap_none  |                                data_1_V_read                               |    scalar    |
|data_2_V_read  |  in |    8|   ap_none  |                                data_2_V_read                               |    scalar    |
|data_3_V_read  |  in |    8|   ap_none  |                                data_3_V_read                               |    scalar    |
|data_4_V_read  |  in |    8|   ap_none  |                                data_4_V_read                               |    scalar    |
|data_5_V_read  |  in |    8|   ap_none  |                                data_5_V_read                               |    scalar    |
|data_6_V_read  |  in |    8|   ap_none  |                                data_6_V_read                               |    scalar    |
|data_7_V_read  |  in |    8|   ap_none  |                                data_7_V_read                               |    scalar    |
|data_8_V_read  |  in |    8|   ap_none  |                                data_8_V_read                               |    scalar    |
|data_9_V_read  |  in |    8|   ap_none  |                                data_9_V_read                               |    scalar    |
+---------------+-----+-----+------------+----------------------------------------------------------------------------+--------------+

============================================================
+ Verbose Summary: Synthesis Manager
============================================================
InlineROM: 1
ExposeGlobal: 0
============================================================
+ Verbose Summary: CDFG Model
============================================================
IsTopModel: 0
ResetActiveHigh: 1
IsCombinational: 2
IsDatapathOnly: 2
HasWiredReturn: 1
HasMFsm: 0
HasVarLatency: 1
IsPipeline: 0
IsRtlPipelined: 0
IsInstanceOverlapped: 0
IsDontTouch: 0
HasImplIP: 0
IsGatedGlobalClock: 0

+ Individual pipeline summary: 
  * Pipeline-0: initiation interval (II) = 1, depth = 3


============================================================
+ Verbose Summary: Schedule
============================================================
* Number of FSM states : 4
* Pipeline : 1
  Pipeline-0 : II = 1, D = 3, States = { 2 3 4 }
* Dataflow Pipeline: 0

* FSM state transitions: 
1 --> 2 
2 --> 3 
3 --> 4 
4 --> 2 

* FSM state operations: 

State 1 <SV = 0> <Delay = 0.83>
ST_1 : Operation 5 [1/1] (0.00ns)   --->   "%tmp = call i32 (...)* @_ssdm_op_SpecRegionBegin([13 x i8]* @p_str64)" [firmware/nnet_utils/nnet_dense_resource.h:32->firmware/nnet_utils/nnet_dense.h:65->firmware/nnet_utils/nnet_dense_stream.h:20]   --->   Operation 5 'specregionbegin' 'tmp' <Predicate = true> <Delay = 0.00>
ST_1 : Operation 6 [1/1] (0.83ns)   --->   "br label %rewind_header" [firmware/nnet_utils/nnet_dense_resource.h:46->firmware/nnet_utils/nnet_dense.h:65->firmware/nnet_utils/nnet_dense_stream.h:20]   --->   Operation 6 'br' <Predicate = true> <Delay = 0.83>

State 2 <SV = 1> <Delay = 1.77>
ST_2 : Operation 7 [1/1] (0.00ns)   --->   "%do_init = phi i1 [ true, %hls_label_37_begin ], [ false, %ReuseLoop ], [ true, %"cast<ap_ufixed<8, 2, 5, 3, 0>, ap_fixed<8, 3, 5, 3, 0>, config15>.exit.0" ]"   --->   Operation 7 'phi' 'do_init' <Predicate = true> <Delay = 0.00>
ST_2 : Operation 8 [1/1] (0.00ns)   --->   "%w_index35 = phi i4 [ 0, %hls_label_37_begin ], [ %w_index, %ReuseLoop ], [ 0, %"cast<ap_ufixed<8, 2, 5, 3, 0>, ap_fixed<8, 3, 5, 3, 0>, config15>.exit.0" ]"   --->   Operation 8 'phi' 'w_index35' <Predicate = true> <Delay = 0.00>
ST_2 : Operation 9 [1/1] (0.00ns)   --->   "%data_9_V_read_3 = call i8 @_ssdm_op_Read.ap_auto.i8(i8 %data_9_V_read)" [firmware/nnet_utils/nnet_dense_stream.h:13]   --->   Operation 9 'read' 'data_9_V_read_3' <Predicate = (do_init)> <Delay = 0.00>
ST_2 : Operation 10 [1/1] (0.00ns)   --->   "%data_8_V_read_3 = call i8 @_ssdm_op_Read.ap_auto.i8(i8 %data_8_V_read)" [firmware/nnet_utils/nnet_dense_stream.h:13]   --->   Operation 10 'read' 'data_8_V_read_3' <Predicate = (do_init)> <Delay = 0.00>
ST_2 : Operation 11 [1/1] (0.00ns)   --->   "%data_7_V_read_3 = call i8 @_ssdm_op_Read.ap_auto.i8(i8 %data_7_V_read)" [firmware/nnet_utils/nnet_dense_stream.h:13]   --->   Operation 11 'read' 'data_7_V_read_3' <Predicate = (do_init)> <Delay = 0.00>
ST_2 : Operation 12 [1/1] (0.00ns)   --->   "%data_6_V_read42 = call i8 @_ssdm_op_Read.ap_auto.i8(i8 %data_6_V_read)" [firmware/nnet_utils/nnet_dense_stream.h:13]   --->   Operation 12 'read' 'data_6_V_read42' <Predicate = (do_init)> <Delay = 0.00>
ST_2 : Operation 13 [1/1] (0.00ns)   --->   "%data_5_V_read41 = call i8 @_ssdm_op_Read.ap_auto.i8(i8 %data_5_V_read)" [firmware/nnet_utils/nnet_dense_stream.h:13]   --->   Operation 13 'read' 'data_5_V_read41' <Predicate = (do_init)> <Delay = 0.00>
ST_2 : Operation 14 [1/1] (0.00ns)   --->   "%data_4_V_read_3 = call i8 @_ssdm_op_Read.ap_auto.i8(i8 %data_4_V_read)" [firmware/nnet_utils/nnet_dense_stream.h:13]   --->   Operation 14 'read' 'data_4_V_read_3' <Predicate = (do_init)> <Delay = 0.00>
ST_2 : Operation 15 [1/1] (0.00ns)   --->   "%data_3_V_read_3 = call i8 @_ssdm_op_Read.ap_auto.i8(i8 %data_3_V_read)" [firmware/nnet_utils/nnet_dense_stream.h:13]   --->   Operation 15 'read' 'data_3_V_read_3' <Predicate = (do_init)> <Delay = 0.00>
ST_2 : Operation 16 [1/1] (0.00ns)   --->   "%data_2_V_read_3 = call i8 @_ssdm_op_Read.ap_auto.i8(i8 %data_2_V_read)" [firmware/nnet_utils/nnet_dense_stream.h:13]   --->   Operation 16 'read' 'data_2_V_read_3' <Predicate = (do_init)> <Delay = 0.00>
ST_2 : Operation 17 [1/1] (0.00ns)   --->   "%data_1_V_read_3 = call i8 @_ssdm_op_Read.ap_auto.i8(i8 %data_1_V_read)" [firmware/nnet_utils/nnet_dense_stream.h:13]   --->   Operation 17 'read' 'data_1_V_read_3' <Predicate = (do_init)> <Delay = 0.00>
ST_2 : Operation 18 [1/1] (0.00ns)   --->   "%data_0_V_read_3 = call i8 @_ssdm_op_Read.ap_auto.i8(i8 %data_0_V_read)" [firmware/nnet_utils/nnet_dense_stream.h:13]   --->   Operation 18 'read' 'data_0_V_read_3' <Predicate = (do_init)> <Delay = 0.00>
ST_2 : Operation 19 [1/1] (0.00ns)   --->   "call void (...)* @_ssdm_op_SpecMemCore([10 x i118]* @w15_V, [1 x i8]* @p_str17, [12 x i8]* @p_str50, [1 x i8]* @p_str17, i32 -1, [1 x i8]* @p_str17, [1 x i8]* @p_str17, [1 x i8]* @p_str17, [1 x i8]* @p_str17, [1 x i8]* @p_str17)"   --->   Operation 19 'specmemcore' <Predicate = (do_init)> <Delay = 0.00>
ST_2 : Operation 20 [1/1] (0.00ns)   --->   "%empty_232 = call i32 (...)* @_ssdm_op_SpecRegionEnd([13 x i8]* @p_str64, i32 %tmp)" [firmware/nnet_utils/nnet_dense_resource.h:34->firmware/nnet_utils/nnet_dense.h:65->firmware/nnet_utils/nnet_dense_stream.h:20]   --->   Operation 20 'specregionend' 'empty_232' <Predicate = (do_init)> <Delay = 0.00>
ST_2 : Operation 21 [1/1] (0.83ns)   --->   "br label %ReuseLoop" [firmware/nnet_utils/nnet_dense_resource.h:46->firmware/nnet_utils/nnet_dense.h:65->firmware/nnet_utils/nnet_dense_stream.h:20]   --->   Operation 21 'br' <Predicate = (do_init)> <Delay = 0.83>
ST_2 : Operation 22 [1/1] (0.00ns)   --->   "%zext_ln59 = zext i4 %w_index35 to i64" [firmware/nnet_utils/nnet_dense_resource.h:59->firmware/nnet_utils/nnet_dense.h:65->firmware/nnet_utils/nnet_dense_stream.h:20]   --->   Operation 22 'zext' 'zext_ln59' <Predicate = true> <Delay = 0.00>
ST_2 : Operation 23 [1/1] (0.00ns)   --->   "%w15_V_addr = getelementptr [10 x i118]* @w15_V, i64 0, i64 %zext_ln59" [firmware/nnet_utils/nnet_dense_resource.h:59->firmware/nnet_utils/nnet_dense.h:65->firmware/nnet_utils/nnet_dense_stream.h:20]   --->   Operation 23 'getelementptr' 'w15_V_addr' <Predicate = true> <Delay = 0.00>
ST_2 : Operation 24 [2/2] (1.77ns)   --->   "%w15_V_load = load i118* %w15_V_addr, align 16" [firmware/nnet_utils/nnet_dense_resource.h:59->firmware/nnet_utils/nnet_dense.h:65->firmware/nnet_utils/nnet_dense_stream.h:20]   --->   Operation 24 'load' 'w15_V_load' <Predicate = true> <Delay = 1.77> <Core = "ROM_nP_BRAM">   --->   Core 55 'ROM_nP_BRAM' <Latency = 1> <II = 1> <Delay = 1.77> <Storage> <Opcode : 'load'> <Ports = 0> <Width = 118> <Depth = 10> <ROM>
ST_2 : Operation 25 [1/1] (0.94ns)   --->   "%w_index = add i4 1, %w_index35" [firmware/nnet_utils/nnet_dense_resource.h:46->firmware/nnet_utils/nnet_dense.h:65->firmware/nnet_utils/nnet_dense_stream.h:20]   --->   Operation 25 'add' 'w_index' <Predicate = true> <Delay = 0.94> <Core = "AddSub">   --->   Core 14 'AddSub' <Latency = 0> <II = 1> <Delay = 0.94> <FuncUnit> <Opcode : 'add' 'sub'> <InPorts = 2> <OutPorts = 1>
ST_2 : Operation 26 [1/1] (0.90ns)   --->   "%icmp_ln46 = icmp eq i4 %w_index35, -7" [firmware/nnet_utils/nnet_dense_resource.h:46->firmware/nnet_utils/nnet_dense.h:65->firmware/nnet_utils/nnet_dense_stream.h:20]   --->   Operation 26 'icmp' 'icmp_ln46' <Predicate = true> <Delay = 0.90> <Core = "Cmp">   --->   Core 25 'Cmp' <Latency = 0> <II = 1> <Delay = 0.90> <FuncUnit> <Opcode : 'icmp'> <InPorts = 2> <OutPorts = 1>
ST_2 : Operation 27 [1/1] (0.00ns)   --->   "br i1 %icmp_ln46, label %"cast<ap_ufixed<8, 2, 5, 3, 0>, ap_fixed<8, 3, 5, 3, 0>, config15>.exit.0", label %rewind_header" [firmware/nnet_utils/nnet_dense_resource.h:46->firmware/nnet_utils/nnet_dense.h:65->firmware/nnet_utils/nnet_dense_stream.h:20]   --->   Operation 27 'br' <Predicate = true> <Delay = 0.00>
ST_2 : Operation 28 [1/1] (0.00ns)   --->   "br label %rewind_header" [firmware/nnet_utils/nnet_dense_stream.h:21]   --->   Operation 28 'br' <Predicate = (icmp_ln46)> <Delay = 0.00>

State 3 <SV = 2> <Delay = 1.77>
ST_3 : Operation 29 [1/1] (0.00ns)   --->   "%data_0_V_read36_rewind = phi i8 [ undef, %hls_label_37_begin ], [ %data_0_V_read36_phi, %ReuseLoop ], [ undef, %"cast<ap_ufixed<8, 2, 5, 3, 0>, ap_fixed<8, 3, 5, 3, 0>, config15>.exit.0" ]" [firmware/nnet_utils/nnet_dense_stream.h:13]   --->   Operation 29 'phi' 'data_0_V_read36_rewind' <Predicate = true> <Delay = 0.00>
ST_3 : Operation 30 [1/1] (0.00ns)   --->   "%data_1_V_read37_rewind = phi i8 [ undef, %hls_label_37_begin ], [ %data_1_V_read37_phi, %ReuseLoop ], [ undef, %"cast<ap_ufixed<8, 2, 5, 3, 0>, ap_fixed<8, 3, 5, 3, 0>, config15>.exit.0" ]" [firmware/nnet_utils/nnet_dense_stream.h:13]   --->   Operation 30 'phi' 'data_1_V_read37_rewind' <Predicate = true> <Delay = 0.00>
ST_3 : Operation 31 [1/1] (0.00ns)   --->   "%data_2_V_read38_rewind = phi i8 [ undef, %hls_label_37_begin ], [ %data_2_V_read38_phi, %ReuseLoop ], [ undef, %"cast<ap_ufixed<8, 2, 5, 3, 0>, ap_fixed<8, 3, 5, 3, 0>, config15>.exit.0" ]" [firmware/nnet_utils/nnet_dense_stream.h:13]   --->   Operation 31 'phi' 'data_2_V_read38_rewind' <Predicate = true> <Delay = 0.00>
ST_3 : Operation 32 [1/1] (0.00ns)   --->   "%data_3_V_read39_rewind = phi i8 [ undef, %hls_label_37_begin ], [ %data_3_V_read39_phi, %ReuseLoop ], [ undef, %"cast<ap_ufixed<8, 2, 5, 3, 0>, ap_fixed<8, 3, 5, 3, 0>, config15>.exit.0" ]" [firmware/nnet_utils/nnet_dense_stream.h:13]   --->   Operation 32 'phi' 'data_3_V_read39_rewind' <Predicate = true> <Delay = 0.00>
ST_3 : Operation 33 [1/1] (0.00ns)   --->   "%data_4_V_read40_rewind = phi i8 [ undef, %hls_label_37_begin ], [ %data_4_V_read40_phi, %ReuseLoop ], [ undef, %"cast<ap_ufixed<8, 2, 5, 3, 0>, ap_fixed<8, 3, 5, 3, 0>, config15>.exit.0" ]" [firmware/nnet_utils/nnet_dense_stream.h:13]   --->   Operation 33 'phi' 'data_4_V_read40_rewind' <Predicate = true> <Delay = 0.00>
ST_3 : Operation 34 [1/1] (0.00ns)   --->   "%data_5_V_read41_rewind = phi i8 [ undef, %hls_label_37_begin ], [ %data_5_V_read41_phi, %ReuseLoop ], [ undef, %"cast<ap_ufixed<8, 2, 5, 3, 0>, ap_fixed<8, 3, 5, 3, 0>, config15>.exit.0" ]" [firmware/nnet_utils/nnet_dense_stream.h:13]   --->   Operation 34 'phi' 'data_5_V_read41_rewind' <Predicate = true> <Delay = 0.00>
ST_3 : Operation 35 [1/1] (0.00ns)   --->   "%data_6_V_read42_rewind = phi i8 [ undef, %hls_label_37_begin ], [ %data_6_V_read42_phi, %ReuseLoop ], [ undef, %"cast<ap_ufixed<8, 2, 5, 3, 0>, ap_fixed<8, 3, 5, 3, 0>, config15>.exit.0" ]" [firmware/nnet_utils/nnet_dense_stream.h:13]   --->   Operation 35 'phi' 'data_6_V_read42_rewind' <Predicate = true> <Delay = 0.00>
ST_3 : Operation 36 [1/1] (0.00ns)   --->   "%data_7_V_read43_rewind = phi i8 [ undef, %hls_label_37_begin ], [ %data_7_V_read43_phi, %ReuseLoop ], [ undef, %"cast<ap_ufixed<8, 2, 5, 3, 0>, ap_fixed<8, 3, 5, 3, 0>, config15>.exit.0" ]" [firmware/nnet_utils/nnet_dense_stream.h:13]   --->   Operation 36 'phi' 'data_7_V_read43_rewind' <Predicate = true> <Delay = 0.00>
ST_3 : Operation 37 [1/1] (0.00ns)   --->   "%data_8_V_read44_rewind = phi i8 [ undef, %hls_label_37_begin ], [ %data_8_V_read44_phi, %ReuseLoop ], [ undef, %"cast<ap_ufixed<8, 2, 5, 3, 0>, ap_fixed<8, 3, 5, 3, 0>, config15>.exit.0" ]" [firmware/nnet_utils/nnet_dense_stream.h:13]   --->   Operation 37 'phi' 'data_8_V_read44_rewind' <Predicate = true> <Delay = 0.00>
ST_3 : Operation 38 [1/1] (0.00ns)   --->   "%data_9_V_read45_rewind = phi i8 [ undef, %hls_label_37_begin ], [ %data_9_V_read45_phi, %ReuseLoop ], [ undef, %"cast<ap_ufixed<8, 2, 5, 3, 0>, ap_fixed<8, 3, 5, 3, 0>, config15>.exit.0" ]" [firmware/nnet_utils/nnet_dense_stream.h:13]   --->   Operation 38 'phi' 'data_9_V_read45_rewind' <Predicate = true> <Delay = 0.00>
ST_3 : Operation 39 [1/1] (0.83ns)   --->   "br i1 %do_init, label %hls_label_37_end, label %ReuseLoop"   --->   Operation 39 'br' <Predicate = true> <Delay = 0.83>
ST_3 : Operation 40 [1/1] (0.00ns)   --->   "%data_0_V_read36_phi = phi i8 [ %data_0_V_read_3, %hls_label_37_end ], [ %data_0_V_read36_rewind, %rewind_header ]" [firmware/nnet_utils/nnet_dense_stream.h:13]   --->   Operation 40 'phi' 'data_0_V_read36_phi' <Predicate = true> <Delay = 0.00>
ST_3 : Operation 41 [1/1] (0.00ns)   --->   "%data_1_V_read37_phi = phi i8 [ %data_1_V_read_3, %hls_label_37_end ], [ %data_1_V_read37_rewind, %rewind_header ]" [firmware/nnet_utils/nnet_dense_stream.h:13]   --->   Operation 41 'phi' 'data_1_V_read37_phi' <Predicate = true> <Delay = 0.00>
ST_3 : Operation 42 [1/1] (0.00ns)   --->   "%data_2_V_read38_phi = phi i8 [ %data_2_V_read_3, %hls_label_37_end ], [ %data_2_V_read38_rewind, %rewind_header ]" [firmware/nnet_utils/nnet_dense_stream.h:13]   --->   Operation 42 'phi' 'data_2_V_read38_phi' <Predicate = true> <Delay = 0.00>
ST_3 : Operation 43 [1/1] (0.00ns)   --->   "%data_3_V_read39_phi = phi i8 [ %data_3_V_read_3, %hls_label_37_end ], [ %data_3_V_read39_rewind, %rewind_header ]" [firmware/nnet_utils/nnet_dense_stream.h:13]   --->   Operation 43 'phi' 'data_3_V_read39_phi' <Predicate = true> <Delay = 0.00>
ST_3 : Operation 44 [1/1] (0.00ns)   --->   "%data_4_V_read40_phi = phi i8 [ %data_4_V_read_3, %hls_label_37_end ], [ %data_4_V_read40_rewind, %rewind_header ]" [firmware/nnet_utils/nnet_dense_stream.h:13]   --->   Operation 44 'phi' 'data_4_V_read40_phi' <Predicate = true> <Delay = 0.00>
ST_3 : Operation 45 [1/1] (0.00ns)   --->   "%data_5_V_read41_phi = phi i8 [ %data_5_V_read41, %hls_label_37_end ], [ %data_5_V_read41_rewind, %rewind_header ]" [firmware/nnet_utils/nnet_dense_stream.h:13]   --->   Operation 45 'phi' 'data_5_V_read41_phi' <Predicate = true> <Delay = 0.00>
ST_3 : Operation 46 [1/1] (0.00ns)   --->   "%data_6_V_read42_phi = phi i8 [ %data_6_V_read42, %hls_label_37_end ], [ %data_6_V_read42_rewind, %rewind_header ]" [firmware/nnet_utils/nnet_dense_stream.h:13]   --->   Operation 46 'phi' 'data_6_V_read42_phi' <Predicate = true> <Delay = 0.00>
ST_3 : Operation 47 [1/1] (0.00ns)   --->   "%data_7_V_read43_phi = phi i8 [ %data_7_V_read_3, %hls_label_37_end ], [ %data_7_V_read43_rewind, %rewind_header ]" [firmware/nnet_utils/nnet_dense_stream.h:13]   --->   Operation 47 'phi' 'data_7_V_read43_phi' <Predicate = true> <Delay = 0.00>
ST_3 : Operation 48 [1/1] (0.00ns)   --->   "%data_8_V_read44_phi = phi i8 [ %data_8_V_read_3, %hls_label_37_end ], [ %data_8_V_read44_rewind, %rewind_header ]" [firmware/nnet_utils/nnet_dense_stream.h:13]   --->   Operation 48 'phi' 'data_8_V_read44_phi' <Predicate = true> <Delay = 0.00>
ST_3 : Operation 49 [1/1] (0.00ns)   --->   "%data_9_V_read45_phi = phi i8 [ %data_9_V_read_3, %hls_label_37_end ], [ %data_9_V_read45_rewind, %rewind_header ]" [firmware/nnet_utils/nnet_dense_stream.h:13]   --->   Operation 49 'phi' 'data_9_V_read45_phi' <Predicate = true> <Delay = 0.00>
ST_3 : Operation 50 [1/1] (0.87ns)   --->   "%tmp_28 = call i8 @_ssdm_op_Mux.ap_auto.10i8.i4(i8 %data_0_V_read36_phi, i8 %data_1_V_read37_phi, i8 %data_2_V_read38_phi, i8 %data_3_V_read39_phi, i8 %data_4_V_read40_phi, i8 %data_5_V_read41_phi, i8 %data_6_V_read42_phi, i8 %data_7_V_read43_phi, i8 %data_8_V_read44_phi, i8 %data_9_V_read45_phi, i4 %w_index35)" [firmware/nnet_utils/nnet_dense_resource.h:59->firmware/nnet_utils/nnet_dense.h:65->firmware/nnet_utils/nnet_dense_stream.h:20]   --->   Operation 50 'mux' 'tmp_28' <Predicate = true> <Delay = 0.87> <Core = "MuxnS">   --->   Core 31 'MuxnS' <Latency = 0> <II = 1> <Delay = 0.87> <FuncUnit> <Opcode : 'mux'> <InPorts = 2> <OutPorts = 1>
ST_3 : Operation 51 [1/2] (1.77ns)   --->   "%w15_V_load = load i118* %w15_V_addr, align 16" [firmware/nnet_utils/nnet_dense_resource.h:59->firmware/nnet_utils/nnet_dense.h:65->firmware/nnet_utils/nnet_dense_stream.h:20]   --->   Operation 51 'load' 'w15_V_load' <Predicate = true> <Delay = 1.77> <Core = "ROM_nP_BRAM">   --->   Core 55 'ROM_nP_BRAM' <Latency = 1> <II = 1> <Delay = 1.77> <Storage> <Opcode : 'load'> <Ports = 0> <Width = 118> <Depth = 10> <ROM>
ST_3 : Operation 52 [1/1] (0.00ns)   --->   "%trunc_ln59 = trunc i118 %w15_V_load to i8" [firmware/nnet_utils/nnet_dense_resource.h:59->firmware/nnet_utils/nnet_dense.h:65->firmware/nnet_utils/nnet_dense_stream.h:20]   --->   Operation 52 'trunc' 'trunc_ln59' <Predicate = true> <Delay = 0.00>
ST_3 : Operation 53 [1/1] (0.00ns)   --->   "%tmp_15 = call i8 @_ssdm_op_PartSelect.i8.i118.i32.i32(i118 %w15_V_load, i32 8, i32 15)" [firmware/nnet_utils/nnet_dense_resource.h:59->firmware/nnet_utils/nnet_dense.h:65->firmware/nnet_utils/nnet_dense_stream.h:20]   --->   Operation 53 'partselect' 'tmp_15' <Predicate = true> <Delay = 0.00>
ST_3 : Operation 54 [1/1] (0.00ns)   --->   "%tmp_16 = call i8 @_ssdm_op_PartSelect.i8.i118.i32.i32(i118 %w15_V_load, i32 16, i32 23)" [firmware/nnet_utils/nnet_dense_resource.h:59->firmware/nnet_utils/nnet_dense.h:65->firmware/nnet_utils/nnet_dense_stream.h:20]   --->   Operation 54 'partselect' 'tmp_16' <Predicate = true> <Delay = 0.00>
ST_3 : Operation 55 [1/1] (0.00ns)   --->   "%tmp_17 = call i8 @_ssdm_op_PartSelect.i8.i118.i32.i32(i118 %w15_V_load, i32 24, i32 31)" [firmware/nnet_utils/nnet_dense_resource.h:59->firmware/nnet_utils/nnet_dense.h:65->firmware/nnet_utils/nnet_dense_stream.h:20]   --->   Operation 55 'partselect' 'tmp_17' <Predicate = true> <Delay = 0.00>
ST_3 : Operation 56 [1/1] (0.00ns)   --->   "%tmp_18 = call i8 @_ssdm_op_PartSelect.i8.i118.i32.i32(i118 %w15_V_load, i32 32, i32 39)" [firmware/nnet_utils/nnet_dense_resource.h:59->firmware/nnet_utils/nnet_dense.h:65->firmware/nnet_utils/nnet_dense_stream.h:20]   --->   Operation 56 'partselect' 'tmp_18' <Predicate = true> <Delay = 0.00>
ST_3 : Operation 57 [1/1] (0.00ns)   --->   "%tmp_19 = call i8 @_ssdm_op_PartSelect.i8.i118.i32.i32(i118 %w15_V_load, i32 40, i32 47)" [firmware/nnet_utils/nnet_dense_resource.h:59->firmware/nnet_utils/nnet_dense.h:65->firmware/nnet_utils/nnet_dense_stream.h:20]   --->   Operation 57 'partselect' 'tmp_19' <Predicate = true> <Delay = 0.00>
ST_3 : Operation 58 [1/1] (0.00ns)   --->   "%tmp_20 = call i8 @_ssdm_op_PartSelect.i8.i118.i32.i32(i118 %w15_V_load, i32 48, i32 55)" [firmware/nnet_utils/nnet_dense_resource.h:59->firmware/nnet_utils/nnet_dense.h:65->firmware/nnet_utils/nnet_dense_stream.h:20]   --->   Operation 58 'partselect' 'tmp_20' <Predicate = true> <Delay = 0.00>
ST_3 : Operation 59 [1/1] (0.00ns)   --->   "%tmp_21 = call i8 @_ssdm_op_PartSelect.i8.i118.i32.i32(i118 %w15_V_load, i32 56, i32 63)" [firmware/nnet_utils/nnet_dense_resource.h:59->firmware/nnet_utils/nnet_dense.h:65->firmware/nnet_utils/nnet_dense_stream.h:20]   --->   Operation 59 'partselect' 'tmp_21' <Predicate = true> <Delay = 0.00>
ST_3 : Operation 60 [1/1] (0.00ns)   --->   "%tmp_22 = call i8 @_ssdm_op_PartSelect.i8.i118.i32.i32(i118 %w15_V_load, i32 64, i32 71)" [firmware/nnet_utils/nnet_dense_resource.h:59->firmware/nnet_utils/nnet_dense.h:65->firmware/nnet_utils/nnet_dense_stream.h:20]   --->   Operation 60 'partselect' 'tmp_22' <Predicate = true> <Delay = 0.00>
ST_3 : Operation 61 [1/1] (0.00ns)   --->   "%tmp_23 = call i8 @_ssdm_op_PartSelect.i8.i118.i32.i32(i118 %w15_V_load, i32 72, i32 79)" [firmware/nnet_utils/nnet_dense_resource.h:59->firmware/nnet_utils/nnet_dense.h:65->firmware/nnet_utils/nnet_dense_stream.h:20]   --->   Operation 61 'partselect' 'tmp_23' <Predicate = true> <Delay = 0.00>
ST_3 : Operation 62 [1/1] (0.00ns)   --->   "%tmp_24 = call i8 @_ssdm_op_PartSelect.i8.i118.i32.i32(i118 %w15_V_load, i32 80, i32 87)" [firmware/nnet_utils/nnet_dense_resource.h:59->firmware/nnet_utils/nnet_dense.h:65->firmware/nnet_utils/nnet_dense_stream.h:20]   --->   Operation 62 'partselect' 'tmp_24' <Predicate = true> <Delay = 0.00>
ST_3 : Operation 63 [1/1] (0.00ns)   --->   "%tmp_25 = call i8 @_ssdm_op_PartSelect.i8.i118.i32.i32(i118 %w15_V_load, i32 88, i32 95)" [firmware/nnet_utils/nnet_dense_resource.h:59->firmware/nnet_utils/nnet_dense.h:65->firmware/nnet_utils/nnet_dense_stream.h:20]   --->   Operation 63 'partselect' 'tmp_25' <Predicate = true> <Delay = 0.00>
ST_3 : Operation 64 [1/1] (0.00ns)   --->   "%tmp_26 = call i8 @_ssdm_op_PartSelect.i8.i118.i32.i32(i118 %w15_V_load, i32 96, i32 103)" [firmware/nnet_utils/nnet_dense_resource.h:59->firmware/nnet_utils/nnet_dense.h:65->firmware/nnet_utils/nnet_dense_stream.h:20]   --->   Operation 64 'partselect' 'tmp_26' <Predicate = true> <Delay = 0.00>
ST_3 : Operation 65 [1/1] (0.00ns)   --->   "%tmp_27 = call i8 @_ssdm_op_PartSelect.i8.i118.i32.i32(i118 %w15_V_load, i32 104, i32 111)" [firmware/nnet_utils/nnet_dense_resource.h:59->firmware/nnet_utils/nnet_dense.h:65->firmware/nnet_utils/nnet_dense_stream.h:20]   --->   Operation 65 'partselect' 'tmp_27' <Predicate = true> <Delay = 0.00>
ST_3 : Operation 66 [1/1] (0.00ns)   --->   "%tmp_29 = call i6 @_ssdm_op_PartSelect.i6.i118.i32.i32(i118 %w15_V_load, i32 112, i32 117)" [firmware/nnet_utils/nnet_dense_resource.h:59->firmware/nnet_utils/nnet_dense.h:65->firmware/nnet_utils/nnet_dense_stream.h:20]   --->   Operation 66 'partselect' 'tmp_29' <Predicate = true> <Delay = 0.00>

State 4 <SV = 3> <Delay = 3.85>
ST_4 : Operation 67 [1/1] (0.00ns)   --->   "%acc_V_14_019 = phi i16 [ 0, %hls_label_37_begin ], [ %acc_14_V, %ReuseLoop ], [ 0, %"cast<ap_ufixed<8, 2, 5, 3, 0>, ap_fixed<8, 3, 5, 3, 0>, config15>.exit.0" ]"   --->   Operation 67 'phi' 'acc_V_14_019' <Predicate = true> <Delay = 0.00>
ST_4 : Operation 68 [1/1] (0.00ns)   --->   "%acc_V_13_018 = phi i16 [ 0, %hls_label_37_begin ], [ %acc_13_V, %ReuseLoop ], [ 0, %"cast<ap_ufixed<8, 2, 5, 3, 0>, ap_fixed<8, 3, 5, 3, 0>, config15>.exit.0" ]"   --->   Operation 68 'phi' 'acc_V_13_018' <Predicate = true> <Delay = 0.00>
ST_4 : Operation 69 [1/1] (0.00ns)   --->   "%acc_V_12_017 = phi i16 [ -64, %hls_label_37_begin ], [ %acc_12_V, %ReuseLoop ], [ -64, %"cast<ap_ufixed<8, 2, 5, 3, 0>, ap_fixed<8, 3, 5, 3, 0>, config15>.exit.0" ]"   --->   Operation 69 'phi' 'acc_V_12_017' <Predicate = true> <Delay = 0.00>
ST_4 : Operation 70 [1/1] (0.00ns)   --->   "%acc_V_11_016 = phi i16 [ -64, %hls_label_37_begin ], [ %acc_11_V, %ReuseLoop ], [ -64, %"cast<ap_ufixed<8, 2, 5, 3, 0>, ap_fixed<8, 3, 5, 3, 0>, config15>.exit.0" ]"   --->   Operation 70 'phi' 'acc_V_11_016' <Predicate = true> <Delay = 0.00>
ST_4 : Operation 71 [1/1] (0.00ns)   --->   "%acc_V_10_015 = phi i16 [ 0, %hls_label_37_begin ], [ %acc_10_V, %ReuseLoop ], [ 0, %"cast<ap_ufixed<8, 2, 5, 3, 0>, ap_fixed<8, 3, 5, 3, 0>, config15>.exit.0" ]"   --->   Operation 71 'phi' 'acc_V_10_015' <Predicate = true> <Delay = 0.00>
ST_4 : Operation 72 [1/1] (0.00ns)   --->   "%acc_V_9_014 = phi i16 [ 0, %hls_label_37_begin ], [ %acc_9_V, %ReuseLoop ], [ 0, %"cast<ap_ufixed<8, 2, 5, 3, 0>, ap_fixed<8, 3, 5, 3, 0>, config15>.exit.0" ]"   --->   Operation 72 'phi' 'acc_V_9_014' <Predicate = true> <Delay = 0.00>
ST_4 : Operation 73 [1/1] (0.00ns)   --->   "%acc_V_8_013 = phi i16 [ -64, %hls_label_37_begin ], [ %acc_8_V, %ReuseLoop ], [ -64, %"cast<ap_ufixed<8, 2, 5, 3, 0>, ap_fixed<8, 3, 5, 3, 0>, config15>.exit.0" ]"   --->   Operation 73 'phi' 'acc_V_8_013' <Predicate = true> <Delay = 0.00>
ST_4 : Operation 74 [1/1] (0.00ns)   --->   "%acc_V_7_012 = phi i16 [ -64, %hls_label_37_begin ], [ %acc_7_V, %ReuseLoop ], [ -64, %"cast<ap_ufixed<8, 2, 5, 3, 0>, ap_fixed<8, 3, 5, 3, 0>, config15>.exit.0" ]"   --->   Operation 74 'phi' 'acc_V_7_012' <Predicate = true> <Delay = 0.00>
ST_4 : Operation 75 [1/1] (0.00ns)   --->   "%acc_V_6_011 = phi i16 [ -352, %hls_label_37_begin ], [ %acc_6_V, %ReuseLoop ], [ -352, %"cast<ap_ufixed<8, 2, 5, 3, 0>, ap_fixed<8, 3, 5, 3, 0>, config15>.exit.0" ]"   --->   Operation 75 'phi' 'acc_V_6_011' <Predicate = true> <Delay = 0.00>
ST_4 : Operation 76 [1/1] (0.00ns)   --->   "%acc_V_5_010 = phi i16 [ -32, %hls_label_37_begin ], [ %acc_5_V, %ReuseLoop ], [ -32, %"cast<ap_ufixed<8, 2, 5, 3, 0>, ap_fixed<8, 3, 5, 3, 0>, config15>.exit.0" ]"   --->   Operation 76 'phi' 'acc_V_5_010' <Predicate = true> <Delay = 0.00>
ST_4 : Operation 77 [1/1] (0.00ns)   --->   "%acc_V_4_09 = phi i16 [ 0, %hls_label_37_begin ], [ %acc_4_V, %ReuseLoop ], [ 0, %"cast<ap_ufixed<8, 2, 5, 3, 0>, ap_fixed<8, 3, 5, 3, 0>, config15>.exit.0" ]"   --->   Operation 77 'phi' 'acc_V_4_09' <Predicate = true> <Delay = 0.00>
ST_4 : Operation 78 [1/1] (0.00ns)   --->   "%acc_V_3_08 = phi i16 [ -224, %hls_label_37_begin ], [ %acc_3_V, %ReuseLoop ], [ -224, %"cast<ap_ufixed<8, 2, 5, 3, 0>, ap_fixed<8, 3, 5, 3, 0>, config15>.exit.0" ]"   --->   Operation 78 'phi' 'acc_V_3_08' <Predicate = true> <Delay = 0.00>
ST_4 : Operation 79 [1/1] (0.00ns)   --->   "%acc_V_2_07 = phi i16 [ 32, %hls_label_37_begin ], [ %acc_2_V, %ReuseLoop ], [ 32, %"cast<ap_ufixed<8, 2, 5, 3, 0>, ap_fixed<8, 3, 5, 3, 0>, config15>.exit.0" ]"   --->   Operation 79 'phi' 'acc_V_2_07' <Predicate = true> <Delay = 0.00>
ST_4 : Operation 80 [1/1] (0.00ns)   --->   "%acc_V_1_06 = phi i16 [ -288, %hls_label_37_begin ], [ %acc_1_V, %ReuseLoop ], [ -288, %"cast<ap_ufixed<8, 2, 5, 3, 0>, ap_fixed<8, 3, 5, 3, 0>, config15>.exit.0" ]"   --->   Operation 80 'phi' 'acc_V_1_06' <Predicate = true> <Delay = 0.00>
ST_4 : Operation 81 [1/1] (0.00ns)   --->   "%acc_V_0_05 = phi i16 [ -64, %hls_label_37_begin ], [ %acc_0_V, %ReuseLoop ], [ -64, %"cast<ap_ufixed<8, 2, 5, 3, 0>, ap_fixed<8, 3, 5, 3, 0>, config15>.exit.0" ]"   --->   Operation 81 'phi' 'acc_V_0_05' <Predicate = true> <Delay = 0.00>
ST_4 : Operation 82 [1/1] (0.00ns)   --->   "call void (...)* @_ssdm_op_SpecLoopName([10 x i8]* @p_str52) nounwind" [firmware/nnet_utils/nnet_dense_resource.h:46->firmware/nnet_utils/nnet_dense.h:65->firmware/nnet_utils/nnet_dense_stream.h:20]   --->   Operation 82 'specloopname' <Predicate = true> <Delay = 0.00>
ST_4 : Operation 83 [1/1] (0.00ns)   --->   "%tmp_s = call i32 (...)* @_ssdm_op_SpecRegionBegin([10 x i8]* @p_str52)" [firmware/nnet_utils/nnet_dense_resource.h:46->firmware/nnet_utils/nnet_dense.h:65->firmware/nnet_utils/nnet_dense_stream.h:20]   --->   Operation 83 'specregionbegin' 'tmp_s' <Predicate = true> <Delay = 0.00>
ST_4 : Operation 84 [1/1] (0.00ns)   --->   "call void (...)* @_ssdm_op_SpecPipeline(i32 1, i32 1, i32 1, i32 0, [1 x i8]* @p_str17) nounwind" [firmware/nnet_utils/nnet_dense_resource.h:47->firmware/nnet_utils/nnet_dense.h:65->firmware/nnet_utils/nnet_dense_stream.h:20]   --->   Operation 84 'specpipeline' <Predicate = true> <Delay = 0.00>
ST_4 : Operation 85 [1/1] (0.00ns)   --->   "%zext_ln1116 = zext i8 %tmp_28 to i16" [firmware/nnet_utils/nnet_mult.h:73->firmware/nnet_utils/nnet_dense_resource.h:59->firmware/nnet_utils/nnet_dense.h:65->firmware/nnet_utils/nnet_dense_stream.h:20]   --->   Operation 85 'zext' 'zext_ln1116' <Predicate = true> <Delay = 0.00>
ST_4 : Operation 86 [1/1] (0.00ns)   --->   "%sext_ln1118 = sext i8 %trunc_ln59 to i16" [firmware/nnet_utils/nnet_mult.h:73->firmware/nnet_utils/nnet_dense_resource.h:59->firmware/nnet_utils/nnet_dense.h:65->firmware/nnet_utils/nnet_dense_stream.h:20]   --->   Operation 86 'sext' 'sext_ln1118' <Predicate = true> <Delay = 0.00>
ST_4 : Operation 87 [1/1] (2.44ns)   --->   "%mul_ln1118 = mul i16 %zext_ln1116, %sext_ln1118" [firmware/nnet_utils/nnet_mult.h:73->firmware/nnet_utils/nnet_dense_resource.h:59->firmware/nnet_utils/nnet_dense.h:65->firmware/nnet_utils/nnet_dense_stream.h:20]   --->   Operation 87 'mul' 'mul_ln1118' <Predicate = true> <Delay = 2.44> <Core = "Mul">   --->   Core 16 'Mul' <Latency = 0> <II = 1> <Delay = 2.44> <FuncUnit> <Opcode : 'mul'> <InPorts = 2> <OutPorts = 1>
ST_4 : Operation 88 [1/1] (0.00ns)   --->   "%trunc_ln = call i15 @_ssdm_op_PartSelect.i15.i16.i32.i32(i16 %mul_ln1118, i32 1, i32 15)" [firmware/nnet_utils/nnet_dense_resource.h:59->firmware/nnet_utils/nnet_dense.h:65->firmware/nnet_utils/nnet_dense_stream.h:20]   --->   Operation 88 'partselect' 'trunc_ln' <Predicate = true> <Delay = 0.00>
ST_4 : Operation 89 [1/1] (0.00ns)   --->   "%sext_ln708 = sext i15 %trunc_ln to i16" [firmware/nnet_utils/nnet_dense_resource.h:59->firmware/nnet_utils/nnet_dense.h:65->firmware/nnet_utils/nnet_dense_stream.h:20]   --->   Operation 89 'sext' 'sext_ln708' <Predicate = true> <Delay = 0.00>
ST_4 : Operation 90 [1/1] (0.00ns)   --->   "%trunc_ln703_s = call i13 @_ssdm_op_PartSelect.i13.i16.i32.i32(i16 %mul_ln1118, i32 1, i32 13)" [firmware/nnet_utils/nnet_dense_resource.h:59->firmware/nnet_utils/nnet_dense.h:65->firmware/nnet_utils/nnet_dense_stream.h:20]   --->   Operation 90 'partselect' 'trunc_ln703_s' <Predicate = true> <Delay = 0.00>
ST_4 : Operation 91 [1/1] (0.00ns)   --->   "%trunc_ln703 = trunc i16 %acc_V_0_05 to i13" [firmware/nnet_utils/nnet_dense_resource.h:59->firmware/nnet_utils/nnet_dense.h:65->firmware/nnet_utils/nnet_dense_stream.h:20]   --->   Operation 91 'trunc' 'trunc_ln703' <Predicate = true> <Delay = 0.00>
ST_4 : Operation 92 [1/1] (1.41ns)   --->   "%acc_0_V = add i16 %acc_V_0_05, %sext_ln708" [firmware/nnet_utils/nnet_dense_resource.h:59->firmware/nnet_utils/nnet_dense.h:65->firmware/nnet_utils/nnet_dense_stream.h:20]   --->   Operation 92 'add' 'acc_0_V' <Predicate = true> <Delay = 1.41> <Core = "AddSub">   --->   Core 14 'AddSub' <Latency = 0> <II = 1> <Delay = 0.94> <FuncUnit> <Opcode : 'add' 'sub'> <InPorts = 2> <OutPorts = 1>
ST_4 : Operation 93 [1/1] (1.36ns)   --->   "%add_ln703_16 = add i13 %trunc_ln703, %trunc_ln703_s" [firmware/nnet_utils/nnet_dense_resource.h:59->firmware/nnet_utils/nnet_dense.h:65->firmware/nnet_utils/nnet_dense_stream.h:20]   --->   Operation 93 'add' 'add_ln703_16' <Predicate = true> <Delay = 1.36> <Core = "AddSub">   --->   Core 14 'AddSub' <Latency = 0> <II = 1> <Delay = 0.94> <FuncUnit> <Opcode : 'add' 'sub'> <InPorts = 2> <OutPorts = 1>
ST_4 : Operation 94 [1/1] (0.00ns)   --->   "%sext_ln1118_1 = sext i8 %tmp_15 to i16" [firmware/nnet_utils/nnet_mult.h:73->firmware/nnet_utils/nnet_dense_resource.h:59->firmware/nnet_utils/nnet_dense.h:65->firmware/nnet_utils/nnet_dense_stream.h:20]   --->   Operation 94 'sext' 'sext_ln1118_1' <Predicate = true> <Delay = 0.00>
ST_4 : Operation 95 [1/1] (2.44ns)   --->   "%mul_ln1118_14 = mul i16 %zext_ln1116, %sext_ln1118_1" [firmware/nnet_utils/nnet_mult.h:73->firmware/nnet_utils/nnet_dense_resource.h:59->firmware/nnet_utils/nnet_dense.h:65->firmware/nnet_utils/nnet_dense_stream.h:20]   --->   Operation 95 'mul' 'mul_ln1118_14' <Predicate = true> <Delay = 2.44> <Core = "Mul">   --->   Core 16 'Mul' <Latency = 0> <II = 1> <Delay = 2.44> <FuncUnit> <Opcode : 'mul'> <InPorts = 2> <OutPorts = 1>
ST_4 : Operation 96 [1/1] (0.00ns)   --->   "%trunc_ln708_s = call i15 @_ssdm_op_PartSelect.i15.i16.i32.i32(i16 %mul_ln1118_14, i32 1, i32 15)" [firmware/nnet_utils/nnet_dense_resource.h:59->firmware/nnet_utils/nnet_dense.h:65->firmware/nnet_utils/nnet_dense_stream.h:20]   --->   Operation 96 'partselect' 'trunc_ln708_s' <Predicate = true> <Delay = 0.00>
ST_4 : Operation 97 [1/1] (0.00ns)   --->   "%sext_ln708_14 = sext i15 %trunc_ln708_s to i16" [firmware/nnet_utils/nnet_dense_resource.h:59->firmware/nnet_utils/nnet_dense.h:65->firmware/nnet_utils/nnet_dense_stream.h:20]   --->   Operation 97 'sext' 'sext_ln708_14' <Predicate = true> <Delay = 0.00>
ST_4 : Operation 98 [1/1] (0.00ns)   --->   "%trunc_ln5 = call i13 @_ssdm_op_PartSelect.i13.i16.i32.i32(i16 %mul_ln1118_14, i32 1, i32 13)" [firmware/nnet_utils/nnet_dense_resource.h:59->firmware/nnet_utils/nnet_dense.h:65->firmware/nnet_utils/nnet_dense_stream.h:20]   --->   Operation 98 'partselect' 'trunc_ln5' <Predicate = true> <Delay = 0.00>
ST_4 : Operation 99 [1/1] (0.00ns)   --->   "%trunc_ln703_21 = trunc i16 %acc_V_1_06 to i13" [firmware/nnet_utils/nnet_dense_resource.h:59->firmware/nnet_utils/nnet_dense.h:65->firmware/nnet_utils/nnet_dense_stream.h:20]   --->   Operation 99 'trunc' 'trunc_ln703_21' <Predicate = true> <Delay = 0.00>
ST_4 : Operation 100 [1/1] (1.41ns)   --->   "%acc_1_V = add i16 %acc_V_1_06, %sext_ln708_14" [firmware/nnet_utils/nnet_dense_resource.h:59->firmware/nnet_utils/nnet_dense.h:65->firmware/nnet_utils/nnet_dense_stream.h:20]   --->   Operation 100 'add' 'acc_1_V' <Predicate = true> <Delay = 1.41> <Core = "AddSub">   --->   Core 14 'AddSub' <Latency = 0> <II = 1> <Delay = 0.94> <FuncUnit> <Opcode : 'add' 'sub'> <InPorts = 2> <OutPorts = 1>
ST_4 : Operation 101 [1/1] (1.36ns)   --->   "%add_ln703_17 = add i13 %trunc_ln703_21, %trunc_ln5" [firmware/nnet_utils/nnet_dense_resource.h:59->firmware/nnet_utils/nnet_dense.h:65->firmware/nnet_utils/nnet_dense_stream.h:20]   --->   Operation 101 'add' 'add_ln703_17' <Predicate = true> <Delay = 1.36> <Core = "AddSub">   --->   Core 14 'AddSub' <Latency = 0> <II = 1> <Delay = 0.94> <FuncUnit> <Opcode : 'add' 'sub'> <InPorts = 2> <OutPorts = 1>
ST_4 : Operation 102 [1/1] (0.00ns)   --->   "%sext_ln1118_2 = sext i8 %tmp_16 to i16" [firmware/nnet_utils/nnet_mult.h:73->firmware/nnet_utils/nnet_dense_resource.h:59->firmware/nnet_utils/nnet_dense.h:65->firmware/nnet_utils/nnet_dense_stream.h:20]   --->   Operation 102 'sext' 'sext_ln1118_2' <Predicate = true> <Delay = 0.00>
ST_4 : Operation 103 [1/1] (2.44ns)   --->   "%mul_ln1118_15 = mul i16 %zext_ln1116, %sext_ln1118_2" [firmware/nnet_utils/nnet_mult.h:73->firmware/nnet_utils/nnet_dense_resource.h:59->firmware/nnet_utils/nnet_dense.h:65->firmware/nnet_utils/nnet_dense_stream.h:20]   --->   Operation 103 'mul' 'mul_ln1118_15' <Predicate = true> <Delay = 2.44> <Core = "Mul">   --->   Core 16 'Mul' <Latency = 0> <II = 1> <Delay = 2.44> <FuncUnit> <Opcode : 'mul'> <InPorts = 2> <OutPorts = 1>
ST_4 : Operation 104 [1/1] (0.00ns)   --->   "%trunc_ln708_25 = call i15 @_ssdm_op_PartSelect.i15.i16.i32.i32(i16 %mul_ln1118_15, i32 1, i32 15)" [firmware/nnet_utils/nnet_dense_resource.h:59->firmware/nnet_utils/nnet_dense.h:65->firmware/nnet_utils/nnet_dense_stream.h:20]   --->   Operation 104 'partselect' 'trunc_ln708_25' <Predicate = true> <Delay = 0.00>
ST_4 : Operation 105 [1/1] (0.00ns)   --->   "%sext_ln708_15 = sext i15 %trunc_ln708_25 to i16" [firmware/nnet_utils/nnet_dense_resource.h:59->firmware/nnet_utils/nnet_dense.h:65->firmware/nnet_utils/nnet_dense_stream.h:20]   --->   Operation 105 'sext' 'sext_ln708_15' <Predicate = true> <Delay = 0.00>
ST_4 : Operation 106 [1/1] (0.00ns)   --->   "%trunc_ln703_5 = call i13 @_ssdm_op_PartSelect.i13.i16.i32.i32(i16 %mul_ln1118_15, i32 1, i32 13)" [firmware/nnet_utils/nnet_dense_resource.h:59->firmware/nnet_utils/nnet_dense.h:65->firmware/nnet_utils/nnet_dense_stream.h:20]   --->   Operation 106 'partselect' 'trunc_ln703_5' <Predicate = true> <Delay = 0.00>
ST_4 : Operation 107 [1/1] (0.00ns)   --->   "%trunc_ln703_22 = trunc i16 %acc_V_2_07 to i13" [firmware/nnet_utils/nnet_dense_resource.h:59->firmware/nnet_utils/nnet_dense.h:65->firmware/nnet_utils/nnet_dense_stream.h:20]   --->   Operation 107 'trunc' 'trunc_ln703_22' <Predicate = true> <Delay = 0.00>
ST_4 : Operation 108 [1/1] (1.41ns)   --->   "%acc_2_V = add i16 %acc_V_2_07, %sext_ln708_15" [firmware/nnet_utils/nnet_dense_resource.h:59->firmware/nnet_utils/nnet_dense.h:65->firmware/nnet_utils/nnet_dense_stream.h:20]   --->   Operation 108 'add' 'acc_2_V' <Predicate = true> <Delay = 1.41> <Core = "AddSub">   --->   Core 14 'AddSub' <Latency = 0> <II = 1> <Delay = 0.94> <FuncUnit> <Opcode : 'add' 'sub'> <InPorts = 2> <OutPorts = 1>
ST_4 : Operation 109 [1/1] (1.36ns)   --->   "%add_ln703_18 = add i13 %trunc_ln703_22, %trunc_ln703_5" [firmware/nnet_utils/nnet_dense_resource.h:59->firmware/nnet_utils/nnet_dense.h:65->firmware/nnet_utils/nnet_dense_stream.h:20]   --->   Operation 109 'add' 'add_ln703_18' <Predicate = true> <Delay = 1.36> <Core = "AddSub">   --->   Core 14 'AddSub' <Latency = 0> <II = 1> <Delay = 0.94> <FuncUnit> <Opcode : 'add' 'sub'> <InPorts = 2> <OutPorts = 1>
ST_4 : Operation 110 [1/1] (0.00ns)   --->   "%sext_ln1118_3 = sext i8 %tmp_17 to i16" [firmware/nnet_utils/nnet_mult.h:73->firmware/nnet_utils/nnet_dense_resource.h:59->firmware/nnet_utils/nnet_dense.h:65->firmware/nnet_utils/nnet_dense_stream.h:20]   --->   Operation 110 'sext' 'sext_ln1118_3' <Predicate = true> <Delay = 0.00>
ST_4 : Operation 111 [1/1] (2.44ns)   --->   "%mul_ln1118_16 = mul i16 %zext_ln1116, %sext_ln1118_3" [firmware/nnet_utils/nnet_mult.h:73->firmware/nnet_utils/nnet_dense_resource.h:59->firmware/nnet_utils/nnet_dense.h:65->firmware/nnet_utils/nnet_dense_stream.h:20]   --->   Operation 111 'mul' 'mul_ln1118_16' <Predicate = true> <Delay = 2.44> <Core = "Mul">   --->   Core 16 'Mul' <Latency = 0> <II = 1> <Delay = 2.44> <FuncUnit> <Opcode : 'mul'> <InPorts = 2> <OutPorts = 1>
ST_4 : Operation 112 [1/1] (0.00ns)   --->   "%trunc_ln708_26 = call i15 @_ssdm_op_PartSelect.i15.i16.i32.i32(i16 %mul_ln1118_16, i32 1, i32 15)" [firmware/nnet_utils/nnet_dense_resource.h:59->firmware/nnet_utils/nnet_dense.h:65->firmware/nnet_utils/nnet_dense_stream.h:20]   --->   Operation 112 'partselect' 'trunc_ln708_26' <Predicate = true> <Delay = 0.00>
ST_4 : Operation 113 [1/1] (0.00ns)   --->   "%sext_ln708_16 = sext i15 %trunc_ln708_26 to i16" [firmware/nnet_utils/nnet_dense_resource.h:59->firmware/nnet_utils/nnet_dense.h:65->firmware/nnet_utils/nnet_dense_stream.h:20]   --->   Operation 113 'sext' 'sext_ln708_16' <Predicate = true> <Delay = 0.00>
ST_4 : Operation 114 [1/1] (0.00ns)   --->   "%trunc_ln703_6 = call i13 @_ssdm_op_PartSelect.i13.i16.i32.i32(i16 %mul_ln1118_16, i32 1, i32 13)" [firmware/nnet_utils/nnet_dense_resource.h:59->firmware/nnet_utils/nnet_dense.h:65->firmware/nnet_utils/nnet_dense_stream.h:20]   --->   Operation 114 'partselect' 'trunc_ln703_6' <Predicate = true> <Delay = 0.00>
ST_4 : Operation 115 [1/1] (0.00ns)   --->   "%trunc_ln703_23 = trunc i16 %acc_V_3_08 to i13" [firmware/nnet_utils/nnet_dense_resource.h:59->firmware/nnet_utils/nnet_dense.h:65->firmware/nnet_utils/nnet_dense_stream.h:20]   --->   Operation 115 'trunc' 'trunc_ln703_23' <Predicate = true> <Delay = 0.00>
ST_4 : Operation 116 [1/1] (1.41ns)   --->   "%acc_3_V = add i16 %acc_V_3_08, %sext_ln708_16" [firmware/nnet_utils/nnet_dense_resource.h:59->firmware/nnet_utils/nnet_dense.h:65->firmware/nnet_utils/nnet_dense_stream.h:20]   --->   Operation 116 'add' 'acc_3_V' <Predicate = true> <Delay = 1.41> <Core = "AddSub">   --->   Core 14 'AddSub' <Latency = 0> <II = 1> <Delay = 0.94> <FuncUnit> <Opcode : 'add' 'sub'> <InPorts = 2> <OutPorts = 1>
ST_4 : Operation 117 [1/1] (1.36ns)   --->   "%add_ln703_19 = add i13 %trunc_ln703_23, %trunc_ln703_6" [firmware/nnet_utils/nnet_dense_resource.h:59->firmware/nnet_utils/nnet_dense.h:65->firmware/nnet_utils/nnet_dense_stream.h:20]   --->   Operation 117 'add' 'add_ln703_19' <Predicate = true> <Delay = 1.36> <Core = "AddSub">   --->   Core 14 'AddSub' <Latency = 0> <II = 1> <Delay = 0.94> <FuncUnit> <Opcode : 'add' 'sub'> <InPorts = 2> <OutPorts = 1>
ST_4 : Operation 118 [1/1] (0.00ns)   --->   "%sext_ln1118_4 = sext i8 %tmp_18 to i16" [firmware/nnet_utils/nnet_mult.h:73->firmware/nnet_utils/nnet_dense_resource.h:59->firmware/nnet_utils/nnet_dense.h:65->firmware/nnet_utils/nnet_dense_stream.h:20]   --->   Operation 118 'sext' 'sext_ln1118_4' <Predicate = true> <Delay = 0.00>
ST_4 : Operation 119 [1/1] (2.44ns)   --->   "%mul_ln1118_17 = mul i16 %zext_ln1116, %sext_ln1118_4" [firmware/nnet_utils/nnet_mult.h:73->firmware/nnet_utils/nnet_dense_resource.h:59->firmware/nnet_utils/nnet_dense.h:65->firmware/nnet_utils/nnet_dense_stream.h:20]   --->   Operation 119 'mul' 'mul_ln1118_17' <Predicate = true> <Delay = 2.44> <Core = "Mul">   --->   Core 16 'Mul' <Latency = 0> <II = 1> <Delay = 2.44> <FuncUnit> <Opcode : 'mul'> <InPorts = 2> <OutPorts = 1>
ST_4 : Operation 120 [1/1] (0.00ns)   --->   "%trunc_ln708_27 = call i15 @_ssdm_op_PartSelect.i15.i16.i32.i32(i16 %mul_ln1118_17, i32 1, i32 15)" [firmware/nnet_utils/nnet_dense_resource.h:59->firmware/nnet_utils/nnet_dense.h:65->firmware/nnet_utils/nnet_dense_stream.h:20]   --->   Operation 120 'partselect' 'trunc_ln708_27' <Predicate = true> <Delay = 0.00>
ST_4 : Operation 121 [1/1] (0.00ns)   --->   "%sext_ln708_17 = sext i15 %trunc_ln708_27 to i16" [firmware/nnet_utils/nnet_dense_resource.h:59->firmware/nnet_utils/nnet_dense.h:65->firmware/nnet_utils/nnet_dense_stream.h:20]   --->   Operation 121 'sext' 'sext_ln708_17' <Predicate = true> <Delay = 0.00>
ST_4 : Operation 122 [1/1] (0.00ns)   --->   "%trunc_ln703_7 = call i13 @_ssdm_op_PartSelect.i13.i16.i32.i32(i16 %mul_ln1118_17, i32 1, i32 13)" [firmware/nnet_utils/nnet_dense_resource.h:59->firmware/nnet_utils/nnet_dense.h:65->firmware/nnet_utils/nnet_dense_stream.h:20]   --->   Operation 122 'partselect' 'trunc_ln703_7' <Predicate = true> <Delay = 0.00>
ST_4 : Operation 123 [1/1] (0.00ns)   --->   "%trunc_ln703_24 = trunc i16 %acc_V_4_09 to i13" [firmware/nnet_utils/nnet_dense_resource.h:59->firmware/nnet_utils/nnet_dense.h:65->firmware/nnet_utils/nnet_dense_stream.h:20]   --->   Operation 123 'trunc' 'trunc_ln703_24' <Predicate = true> <Delay = 0.00>
ST_4 : Operation 124 [1/1] (1.41ns)   --->   "%acc_4_V = add i16 %acc_V_4_09, %sext_ln708_17" [firmware/nnet_utils/nnet_dense_resource.h:59->firmware/nnet_utils/nnet_dense.h:65->firmware/nnet_utils/nnet_dense_stream.h:20]   --->   Operation 124 'add' 'acc_4_V' <Predicate = true> <Delay = 1.41> <Core = "AddSub">   --->   Core 14 'AddSub' <Latency = 0> <II = 1> <Delay = 0.94> <FuncUnit> <Opcode : 'add' 'sub'> <InPorts = 2> <OutPorts = 1>
ST_4 : Operation 125 [1/1] (1.36ns)   --->   "%add_ln703_20 = add i13 %trunc_ln703_24, %trunc_ln703_7" [firmware/nnet_utils/nnet_dense_resource.h:59->firmware/nnet_utils/nnet_dense.h:65->firmware/nnet_utils/nnet_dense_stream.h:20]   --->   Operation 125 'add' 'add_ln703_20' <Predicate = true> <Delay = 1.36> <Core = "AddSub">   --->   Core 14 'AddSub' <Latency = 0> <II = 1> <Delay = 0.94> <FuncUnit> <Opcode : 'add' 'sub'> <InPorts = 2> <OutPorts = 1>
ST_4 : Operation 126 [1/1] (0.00ns)   --->   "%sext_ln1118_5 = sext i8 %tmp_19 to i16" [firmware/nnet_utils/nnet_mult.h:73->firmware/nnet_utils/nnet_dense_resource.h:59->firmware/nnet_utils/nnet_dense.h:65->firmware/nnet_utils/nnet_dense_stream.h:20]   --->   Operation 126 'sext' 'sext_ln1118_5' <Predicate = true> <Delay = 0.00>
ST_4 : Operation 127 [1/1] (2.44ns)   --->   "%mul_ln1118_18 = mul i16 %zext_ln1116, %sext_ln1118_5" [firmware/nnet_utils/nnet_mult.h:73->firmware/nnet_utils/nnet_dense_resource.h:59->firmware/nnet_utils/nnet_dense.h:65->firmware/nnet_utils/nnet_dense_stream.h:20]   --->   Operation 127 'mul' 'mul_ln1118_18' <Predicate = true> <Delay = 2.44> <Core = "Mul">   --->   Core 16 'Mul' <Latency = 0> <II = 1> <Delay = 2.44> <FuncUnit> <Opcode : 'mul'> <InPorts = 2> <OutPorts = 1>
ST_4 : Operation 128 [1/1] (0.00ns)   --->   "%trunc_ln708_28 = call i15 @_ssdm_op_PartSelect.i15.i16.i32.i32(i16 %mul_ln1118_18, i32 1, i32 15)" [firmware/nnet_utils/nnet_dense_resource.h:59->firmware/nnet_utils/nnet_dense.h:65->firmware/nnet_utils/nnet_dense_stream.h:20]   --->   Operation 128 'partselect' 'trunc_ln708_28' <Predicate = true> <Delay = 0.00>
ST_4 : Operation 129 [1/1] (0.00ns)   --->   "%sext_ln708_18 = sext i15 %trunc_ln708_28 to i16" [firmware/nnet_utils/nnet_dense_resource.h:59->firmware/nnet_utils/nnet_dense.h:65->firmware/nnet_utils/nnet_dense_stream.h:20]   --->   Operation 129 'sext' 'sext_ln708_18' <Predicate = true> <Delay = 0.00>
ST_4 : Operation 130 [1/1] (0.00ns)   --->   "%trunc_ln703_8 = call i13 @_ssdm_op_PartSelect.i13.i16.i32.i32(i16 %mul_ln1118_18, i32 1, i32 13)" [firmware/nnet_utils/nnet_dense_resource.h:59->firmware/nnet_utils/nnet_dense.h:65->firmware/nnet_utils/nnet_dense_stream.h:20]   --->   Operation 130 'partselect' 'trunc_ln703_8' <Predicate = true> <Delay = 0.00>
ST_4 : Operation 131 [1/1] (0.00ns)   --->   "%trunc_ln703_25 = trunc i16 %acc_V_5_010 to i13" [firmware/nnet_utils/nnet_dense_resource.h:59->firmware/nnet_utils/nnet_dense.h:65->firmware/nnet_utils/nnet_dense_stream.h:20]   --->   Operation 131 'trunc' 'trunc_ln703_25' <Predicate = true> <Delay = 0.00>
ST_4 : Operation 132 [1/1] (1.41ns)   --->   "%acc_5_V = add i16 %acc_V_5_010, %sext_ln708_18" [firmware/nnet_utils/nnet_dense_resource.h:59->firmware/nnet_utils/nnet_dense.h:65->firmware/nnet_utils/nnet_dense_stream.h:20]   --->   Operation 132 'add' 'acc_5_V' <Predicate = true> <Delay = 1.41> <Core = "AddSub">   --->   Core 14 'AddSub' <Latency = 0> <II = 1> <Delay = 0.94> <FuncUnit> <Opcode : 'add' 'sub'> <InPorts = 2> <OutPorts = 1>
ST_4 : Operation 133 [1/1] (1.36ns)   --->   "%add_ln703_21 = add i13 %trunc_ln703_25, %trunc_ln703_8" [firmware/nnet_utils/nnet_dense_resource.h:59->firmware/nnet_utils/nnet_dense.h:65->firmware/nnet_utils/nnet_dense_stream.h:20]   --->   Operation 133 'add' 'add_ln703_21' <Predicate = true> <Delay = 1.36> <Core = "AddSub">   --->   Core 14 'AddSub' <Latency = 0> <II = 1> <Delay = 0.94> <FuncUnit> <Opcode : 'add' 'sub'> <InPorts = 2> <OutPorts = 1>
ST_4 : Operation 134 [1/1] (0.00ns)   --->   "%sext_ln1118_6 = sext i8 %tmp_20 to i16" [firmware/nnet_utils/nnet_mult.h:73->firmware/nnet_utils/nnet_dense_resource.h:59->firmware/nnet_utils/nnet_dense.h:65->firmware/nnet_utils/nnet_dense_stream.h:20]   --->   Operation 134 'sext' 'sext_ln1118_6' <Predicate = true> <Delay = 0.00>
ST_4 : Operation 135 [1/1] (2.44ns)   --->   "%mul_ln1118_19 = mul i16 %zext_ln1116, %sext_ln1118_6" [firmware/nnet_utils/nnet_mult.h:73->firmware/nnet_utils/nnet_dense_resource.h:59->firmware/nnet_utils/nnet_dense.h:65->firmware/nnet_utils/nnet_dense_stream.h:20]   --->   Operation 135 'mul' 'mul_ln1118_19' <Predicate = true> <Delay = 2.44> <Core = "Mul">   --->   Core 16 'Mul' <Latency = 0> <II = 1> <Delay = 2.44> <FuncUnit> <Opcode : 'mul'> <InPorts = 2> <OutPorts = 1>
ST_4 : Operation 136 [1/1] (0.00ns)   --->   "%trunc_ln708_29 = call i15 @_ssdm_op_PartSelect.i15.i16.i32.i32(i16 %mul_ln1118_19, i32 1, i32 15)" [firmware/nnet_utils/nnet_dense_resource.h:59->firmware/nnet_utils/nnet_dense.h:65->firmware/nnet_utils/nnet_dense_stream.h:20]   --->   Operation 136 'partselect' 'trunc_ln708_29' <Predicate = true> <Delay = 0.00>
ST_4 : Operation 137 [1/1] (0.00ns)   --->   "%sext_ln708_19 = sext i15 %trunc_ln708_29 to i16" [firmware/nnet_utils/nnet_dense_resource.h:59->firmware/nnet_utils/nnet_dense.h:65->firmware/nnet_utils/nnet_dense_stream.h:20]   --->   Operation 137 'sext' 'sext_ln708_19' <Predicate = true> <Delay = 0.00>
ST_4 : Operation 138 [1/1] (0.00ns)   --->   "%trunc_ln703_9 = call i13 @_ssdm_op_PartSelect.i13.i16.i32.i32(i16 %mul_ln1118_19, i32 1, i32 13)" [firmware/nnet_utils/nnet_dense_resource.h:59->firmware/nnet_utils/nnet_dense.h:65->firmware/nnet_utils/nnet_dense_stream.h:20]   --->   Operation 138 'partselect' 'trunc_ln703_9' <Predicate = true> <Delay = 0.00>
ST_4 : Operation 139 [1/1] (0.00ns)   --->   "%trunc_ln703_26 = trunc i16 %acc_V_6_011 to i13" [firmware/nnet_utils/nnet_dense_resource.h:59->firmware/nnet_utils/nnet_dense.h:65->firmware/nnet_utils/nnet_dense_stream.h:20]   --->   Operation 139 'trunc' 'trunc_ln703_26' <Predicate = true> <Delay = 0.00>
ST_4 : Operation 140 [1/1] (1.41ns)   --->   "%acc_6_V = add i16 %acc_V_6_011, %sext_ln708_19" [firmware/nnet_utils/nnet_dense_resource.h:59->firmware/nnet_utils/nnet_dense.h:65->firmware/nnet_utils/nnet_dense_stream.h:20]   --->   Operation 140 'add' 'acc_6_V' <Predicate = true> <Delay = 1.41> <Core = "AddSub">   --->   Core 14 'AddSub' <Latency = 0> <II = 1> <Delay = 0.94> <FuncUnit> <Opcode : 'add' 'sub'> <InPorts = 2> <OutPorts = 1>
ST_4 : Operation 141 [1/1] (1.36ns)   --->   "%add_ln703_22 = add i13 %trunc_ln703_26, %trunc_ln703_9" [firmware/nnet_utils/nnet_dense_resource.h:59->firmware/nnet_utils/nnet_dense.h:65->firmware/nnet_utils/nnet_dense_stream.h:20]   --->   Operation 141 'add' 'add_ln703_22' <Predicate = true> <Delay = 1.36> <Core = "AddSub">   --->   Core 14 'AddSub' <Latency = 0> <II = 1> <Delay = 0.94> <FuncUnit> <Opcode : 'add' 'sub'> <InPorts = 2> <OutPorts = 1>
ST_4 : Operation 142 [1/1] (0.00ns)   --->   "%sext_ln1118_7 = sext i8 %tmp_21 to i16" [firmware/nnet_utils/nnet_mult.h:73->firmware/nnet_utils/nnet_dense_resource.h:59->firmware/nnet_utils/nnet_dense.h:65->firmware/nnet_utils/nnet_dense_stream.h:20]   --->   Operation 142 'sext' 'sext_ln1118_7' <Predicate = true> <Delay = 0.00>
ST_4 : Operation 143 [1/1] (2.44ns)   --->   "%mul_ln1118_20 = mul i16 %zext_ln1116, %sext_ln1118_7" [firmware/nnet_utils/nnet_mult.h:73->firmware/nnet_utils/nnet_dense_resource.h:59->firmware/nnet_utils/nnet_dense.h:65->firmware/nnet_utils/nnet_dense_stream.h:20]   --->   Operation 143 'mul' 'mul_ln1118_20' <Predicate = true> <Delay = 2.44> <Core = "Mul">   --->   Core 16 'Mul' <Latency = 0> <II = 1> <Delay = 2.44> <FuncUnit> <Opcode : 'mul'> <InPorts = 2> <OutPorts = 1>
ST_4 : Operation 144 [1/1] (0.00ns)   --->   "%trunc_ln708_30 = call i15 @_ssdm_op_PartSelect.i15.i16.i32.i32(i16 %mul_ln1118_20, i32 1, i32 15)" [firmware/nnet_utils/nnet_dense_resource.h:59->firmware/nnet_utils/nnet_dense.h:65->firmware/nnet_utils/nnet_dense_stream.h:20]   --->   Operation 144 'partselect' 'trunc_ln708_30' <Predicate = true> <Delay = 0.00>
ST_4 : Operation 145 [1/1] (0.00ns)   --->   "%sext_ln708_20 = sext i15 %trunc_ln708_30 to i16" [firmware/nnet_utils/nnet_dense_resource.h:59->firmware/nnet_utils/nnet_dense.h:65->firmware/nnet_utils/nnet_dense_stream.h:20]   --->   Operation 145 'sext' 'sext_ln708_20' <Predicate = true> <Delay = 0.00>
ST_4 : Operation 146 [1/1] (0.00ns)   --->   "%trunc_ln703_10 = call i13 @_ssdm_op_PartSelect.i13.i16.i32.i32(i16 %mul_ln1118_20, i32 1, i32 13)" [firmware/nnet_utils/nnet_dense_resource.h:59->firmware/nnet_utils/nnet_dense.h:65->firmware/nnet_utils/nnet_dense_stream.h:20]   --->   Operation 146 'partselect' 'trunc_ln703_10' <Predicate = true> <Delay = 0.00>
ST_4 : Operation 147 [1/1] (0.00ns)   --->   "%trunc_ln703_27 = trunc i16 %acc_V_7_012 to i13" [firmware/nnet_utils/nnet_dense_resource.h:59->firmware/nnet_utils/nnet_dense.h:65->firmware/nnet_utils/nnet_dense_stream.h:20]   --->   Operation 147 'trunc' 'trunc_ln703_27' <Predicate = true> <Delay = 0.00>
ST_4 : Operation 148 [1/1] (1.41ns)   --->   "%acc_7_V = add i16 %acc_V_7_012, %sext_ln708_20" [firmware/nnet_utils/nnet_dense_resource.h:59->firmware/nnet_utils/nnet_dense.h:65->firmware/nnet_utils/nnet_dense_stream.h:20]   --->   Operation 148 'add' 'acc_7_V' <Predicate = true> <Delay = 1.41> <Core = "AddSub">   --->   Core 14 'AddSub' <Latency = 0> <II = 1> <Delay = 0.94> <FuncUnit> <Opcode : 'add' 'sub'> <InPorts = 2> <OutPorts = 1>
ST_4 : Operation 149 [1/1] (1.36ns)   --->   "%add_ln703_23 = add i13 %trunc_ln703_27, %trunc_ln703_10" [firmware/nnet_utils/nnet_dense_resource.h:59->firmware/nnet_utils/nnet_dense.h:65->firmware/nnet_utils/nnet_dense_stream.h:20]   --->   Operation 149 'add' 'add_ln703_23' <Predicate = true> <Delay = 1.36> <Core = "AddSub">   --->   Core 14 'AddSub' <Latency = 0> <II = 1> <Delay = 0.94> <FuncUnit> <Opcode : 'add' 'sub'> <InPorts = 2> <OutPorts = 1>
ST_4 : Operation 150 [1/1] (0.00ns)   --->   "%sext_ln1118_8 = sext i8 %tmp_22 to i16" [firmware/nnet_utils/nnet_mult.h:73->firmware/nnet_utils/nnet_dense_resource.h:59->firmware/nnet_utils/nnet_dense.h:65->firmware/nnet_utils/nnet_dense_stream.h:20]   --->   Operation 150 'sext' 'sext_ln1118_8' <Predicate = true> <Delay = 0.00>
ST_4 : Operation 151 [1/1] (2.44ns)   --->   "%mul_ln1118_21 = mul i16 %zext_ln1116, %sext_ln1118_8" [firmware/nnet_utils/nnet_mult.h:73->firmware/nnet_utils/nnet_dense_resource.h:59->firmware/nnet_utils/nnet_dense.h:65->firmware/nnet_utils/nnet_dense_stream.h:20]   --->   Operation 151 'mul' 'mul_ln1118_21' <Predicate = true> <Delay = 2.44> <Core = "Mul">   --->   Core 16 'Mul' <Latency = 0> <II = 1> <Delay = 2.44> <FuncUnit> <Opcode : 'mul'> <InPorts = 2> <OutPorts = 1>
ST_4 : Operation 152 [1/1] (0.00ns)   --->   "%trunc_ln708_31 = call i15 @_ssdm_op_PartSelect.i15.i16.i32.i32(i16 %mul_ln1118_21, i32 1, i32 15)" [firmware/nnet_utils/nnet_dense_resource.h:59->firmware/nnet_utils/nnet_dense.h:65->firmware/nnet_utils/nnet_dense_stream.h:20]   --->   Operation 152 'partselect' 'trunc_ln708_31' <Predicate = true> <Delay = 0.00>
ST_4 : Operation 153 [1/1] (0.00ns)   --->   "%sext_ln708_21 = sext i15 %trunc_ln708_31 to i16" [firmware/nnet_utils/nnet_dense_resource.h:59->firmware/nnet_utils/nnet_dense.h:65->firmware/nnet_utils/nnet_dense_stream.h:20]   --->   Operation 153 'sext' 'sext_ln708_21' <Predicate = true> <Delay = 0.00>
ST_4 : Operation 154 [1/1] (0.00ns)   --->   "%trunc_ln703_11 = call i13 @_ssdm_op_PartSelect.i13.i16.i32.i32(i16 %mul_ln1118_21, i32 1, i32 13)" [firmware/nnet_utils/nnet_dense_resource.h:59->firmware/nnet_utils/nnet_dense.h:65->firmware/nnet_utils/nnet_dense_stream.h:20]   --->   Operation 154 'partselect' 'trunc_ln703_11' <Predicate = true> <Delay = 0.00>
ST_4 : Operation 155 [1/1] (0.00ns)   --->   "%trunc_ln703_28 = trunc i16 %acc_V_8_013 to i13" [firmware/nnet_utils/nnet_dense_resource.h:59->firmware/nnet_utils/nnet_dense.h:65->firmware/nnet_utils/nnet_dense_stream.h:20]   --->   Operation 155 'trunc' 'trunc_ln703_28' <Predicate = true> <Delay = 0.00>
ST_4 : Operation 156 [1/1] (1.41ns)   --->   "%acc_8_V = add i16 %acc_V_8_013, %sext_ln708_21" [firmware/nnet_utils/nnet_dense_resource.h:59->firmware/nnet_utils/nnet_dense.h:65->firmware/nnet_utils/nnet_dense_stream.h:20]   --->   Operation 156 'add' 'acc_8_V' <Predicate = true> <Delay = 1.41> <Core = "AddSub">   --->   Core 14 'AddSub' <Latency = 0> <II = 1> <Delay = 0.94> <FuncUnit> <Opcode : 'add' 'sub'> <InPorts = 2> <OutPorts = 1>
ST_4 : Operation 157 [1/1] (1.36ns)   --->   "%add_ln703_24 = add i13 %trunc_ln703_28, %trunc_ln703_11" [firmware/nnet_utils/nnet_dense_resource.h:59->firmware/nnet_utils/nnet_dense.h:65->firmware/nnet_utils/nnet_dense_stream.h:20]   --->   Operation 157 'add' 'add_ln703_24' <Predicate = true> <Delay = 1.36> <Core = "AddSub">   --->   Core 14 'AddSub' <Latency = 0> <II = 1> <Delay = 0.94> <FuncUnit> <Opcode : 'add' 'sub'> <InPorts = 2> <OutPorts = 1>
ST_4 : Operation 158 [1/1] (0.00ns)   --->   "%sext_ln1118_9 = sext i8 %tmp_23 to i16" [firmware/nnet_utils/nnet_mult.h:73->firmware/nnet_utils/nnet_dense_resource.h:59->firmware/nnet_utils/nnet_dense.h:65->firmware/nnet_utils/nnet_dense_stream.h:20]   --->   Operation 158 'sext' 'sext_ln1118_9' <Predicate = true> <Delay = 0.00>
ST_4 : Operation 159 [1/1] (2.44ns)   --->   "%mul_ln1118_22 = mul i16 %zext_ln1116, %sext_ln1118_9" [firmware/nnet_utils/nnet_mult.h:73->firmware/nnet_utils/nnet_dense_resource.h:59->firmware/nnet_utils/nnet_dense.h:65->firmware/nnet_utils/nnet_dense_stream.h:20]   --->   Operation 159 'mul' 'mul_ln1118_22' <Predicate = true> <Delay = 2.44> <Core = "Mul">   --->   Core 16 'Mul' <Latency = 0> <II = 1> <Delay = 2.44> <FuncUnit> <Opcode : 'mul'> <InPorts = 2> <OutPorts = 1>
ST_4 : Operation 160 [1/1] (0.00ns)   --->   "%trunc_ln708_32 = call i15 @_ssdm_op_PartSelect.i15.i16.i32.i32(i16 %mul_ln1118_22, i32 1, i32 15)" [firmware/nnet_utils/nnet_dense_resource.h:59->firmware/nnet_utils/nnet_dense.h:65->firmware/nnet_utils/nnet_dense_stream.h:20]   --->   Operation 160 'partselect' 'trunc_ln708_32' <Predicate = true> <Delay = 0.00>
ST_4 : Operation 161 [1/1] (0.00ns)   --->   "%sext_ln708_22 = sext i15 %trunc_ln708_32 to i16" [firmware/nnet_utils/nnet_dense_resource.h:59->firmware/nnet_utils/nnet_dense.h:65->firmware/nnet_utils/nnet_dense_stream.h:20]   --->   Operation 161 'sext' 'sext_ln708_22' <Predicate = true> <Delay = 0.00>
ST_4 : Operation 162 [1/1] (0.00ns)   --->   "%trunc_ln703_12 = call i13 @_ssdm_op_PartSelect.i13.i16.i32.i32(i16 %mul_ln1118_22, i32 1, i32 13)" [firmware/nnet_utils/nnet_dense_resource.h:59->firmware/nnet_utils/nnet_dense.h:65->firmware/nnet_utils/nnet_dense_stream.h:20]   --->   Operation 162 'partselect' 'trunc_ln703_12' <Predicate = true> <Delay = 0.00>
ST_4 : Operation 163 [1/1] (0.00ns)   --->   "%trunc_ln703_29 = trunc i16 %acc_V_9_014 to i13" [firmware/nnet_utils/nnet_dense_resource.h:59->firmware/nnet_utils/nnet_dense.h:65->firmware/nnet_utils/nnet_dense_stream.h:20]   --->   Operation 163 'trunc' 'trunc_ln703_29' <Predicate = true> <Delay = 0.00>
ST_4 : Operation 164 [1/1] (1.41ns)   --->   "%acc_9_V = add i16 %acc_V_9_014, %sext_ln708_22" [firmware/nnet_utils/nnet_dense_resource.h:59->firmware/nnet_utils/nnet_dense.h:65->firmware/nnet_utils/nnet_dense_stream.h:20]   --->   Operation 164 'add' 'acc_9_V' <Predicate = true> <Delay = 1.41> <Core = "AddSub">   --->   Core 14 'AddSub' <Latency = 0> <II = 1> <Delay = 0.94> <FuncUnit> <Opcode : 'add' 'sub'> <InPorts = 2> <OutPorts = 1>
ST_4 : Operation 165 [1/1] (1.36ns)   --->   "%add_ln703_25 = add i13 %trunc_ln703_29, %trunc_ln703_12" [firmware/nnet_utils/nnet_dense_resource.h:59->firmware/nnet_utils/nnet_dense.h:65->firmware/nnet_utils/nnet_dense_stream.h:20]   --->   Operation 165 'add' 'add_ln703_25' <Predicate = true> <Delay = 1.36> <Core = "AddSub">   --->   Core 14 'AddSub' <Latency = 0> <II = 1> <Delay = 0.94> <FuncUnit> <Opcode : 'add' 'sub'> <InPorts = 2> <OutPorts = 1>
ST_4 : Operation 166 [1/1] (0.00ns)   --->   "%sext_ln1118_10 = sext i8 %tmp_24 to i16" [firmware/nnet_utils/nnet_mult.h:73->firmware/nnet_utils/nnet_dense_resource.h:59->firmware/nnet_utils/nnet_dense.h:65->firmware/nnet_utils/nnet_dense_stream.h:20]   --->   Operation 166 'sext' 'sext_ln1118_10' <Predicate = true> <Delay = 0.00>
ST_4 : Operation 167 [1/1] (2.44ns)   --->   "%mul_ln1118_23 = mul i16 %zext_ln1116, %sext_ln1118_10" [firmware/nnet_utils/nnet_mult.h:73->firmware/nnet_utils/nnet_dense_resource.h:59->firmware/nnet_utils/nnet_dense.h:65->firmware/nnet_utils/nnet_dense_stream.h:20]   --->   Operation 167 'mul' 'mul_ln1118_23' <Predicate = true> <Delay = 2.44> <Core = "Mul">   --->   Core 16 'Mul' <Latency = 0> <II = 1> <Delay = 2.44> <FuncUnit> <Opcode : 'mul'> <InPorts = 2> <OutPorts = 1>
ST_4 : Operation 168 [1/1] (0.00ns)   --->   "%trunc_ln708_33 = call i15 @_ssdm_op_PartSelect.i15.i16.i32.i32(i16 %mul_ln1118_23, i32 1, i32 15)" [firmware/nnet_utils/nnet_dense_resource.h:59->firmware/nnet_utils/nnet_dense.h:65->firmware/nnet_utils/nnet_dense_stream.h:20]   --->   Operation 168 'partselect' 'trunc_ln708_33' <Predicate = true> <Delay = 0.00>
ST_4 : Operation 169 [1/1] (0.00ns)   --->   "%sext_ln708_23 = sext i15 %trunc_ln708_33 to i16" [firmware/nnet_utils/nnet_dense_resource.h:59->firmware/nnet_utils/nnet_dense.h:65->firmware/nnet_utils/nnet_dense_stream.h:20]   --->   Operation 169 'sext' 'sext_ln708_23' <Predicate = true> <Delay = 0.00>
ST_4 : Operation 170 [1/1] (0.00ns)   --->   "%trunc_ln703_13 = call i13 @_ssdm_op_PartSelect.i13.i16.i32.i32(i16 %mul_ln1118_23, i32 1, i32 13)" [firmware/nnet_utils/nnet_dense_resource.h:59->firmware/nnet_utils/nnet_dense.h:65->firmware/nnet_utils/nnet_dense_stream.h:20]   --->   Operation 170 'partselect' 'trunc_ln703_13' <Predicate = true> <Delay = 0.00>
ST_4 : Operation 171 [1/1] (0.00ns)   --->   "%trunc_ln703_30 = trunc i16 %acc_V_10_015 to i13" [firmware/nnet_utils/nnet_dense_resource.h:59->firmware/nnet_utils/nnet_dense.h:65->firmware/nnet_utils/nnet_dense_stream.h:20]   --->   Operation 171 'trunc' 'trunc_ln703_30' <Predicate = true> <Delay = 0.00>
ST_4 : Operation 172 [1/1] (1.41ns)   --->   "%acc_10_V = add i16 %acc_V_10_015, %sext_ln708_23" [firmware/nnet_utils/nnet_dense_resource.h:59->firmware/nnet_utils/nnet_dense.h:65->firmware/nnet_utils/nnet_dense_stream.h:20]   --->   Operation 172 'add' 'acc_10_V' <Predicate = true> <Delay = 1.41> <Core = "AddSub">   --->   Core 14 'AddSub' <Latency = 0> <II = 1> <Delay = 0.94> <FuncUnit> <Opcode : 'add' 'sub'> <InPorts = 2> <OutPorts = 1>
ST_4 : Operation 173 [1/1] (1.36ns)   --->   "%add_ln703_26 = add i13 %trunc_ln703_30, %trunc_ln703_13" [firmware/nnet_utils/nnet_dense_resource.h:59->firmware/nnet_utils/nnet_dense.h:65->firmware/nnet_utils/nnet_dense_stream.h:20]   --->   Operation 173 'add' 'add_ln703_26' <Predicate = true> <Delay = 1.36> <Core = "AddSub">   --->   Core 14 'AddSub' <Latency = 0> <II = 1> <Delay = 0.94> <FuncUnit> <Opcode : 'add' 'sub'> <InPorts = 2> <OutPorts = 1>
ST_4 : Operation 174 [1/1] (0.00ns)   --->   "%sext_ln1118_11 = sext i8 %tmp_25 to i16" [firmware/nnet_utils/nnet_mult.h:73->firmware/nnet_utils/nnet_dense_resource.h:59->firmware/nnet_utils/nnet_dense.h:65->firmware/nnet_utils/nnet_dense_stream.h:20]   --->   Operation 174 'sext' 'sext_ln1118_11' <Predicate = true> <Delay = 0.00>
ST_4 : Operation 175 [1/1] (2.44ns)   --->   "%mul_ln1118_24 = mul i16 %zext_ln1116, %sext_ln1118_11" [firmware/nnet_utils/nnet_mult.h:73->firmware/nnet_utils/nnet_dense_resource.h:59->firmware/nnet_utils/nnet_dense.h:65->firmware/nnet_utils/nnet_dense_stream.h:20]   --->   Operation 175 'mul' 'mul_ln1118_24' <Predicate = true> <Delay = 2.44> <Core = "Mul">   --->   Core 16 'Mul' <Latency = 0> <II = 1> <Delay = 2.44> <FuncUnit> <Opcode : 'mul'> <InPorts = 2> <OutPorts = 1>
ST_4 : Operation 176 [1/1] (0.00ns)   --->   "%trunc_ln708_34 = call i15 @_ssdm_op_PartSelect.i15.i16.i32.i32(i16 %mul_ln1118_24, i32 1, i32 15)" [firmware/nnet_utils/nnet_dense_resource.h:59->firmware/nnet_utils/nnet_dense.h:65->firmware/nnet_utils/nnet_dense_stream.h:20]   --->   Operation 176 'partselect' 'trunc_ln708_34' <Predicate = true> <Delay = 0.00>
ST_4 : Operation 177 [1/1] (0.00ns)   --->   "%sext_ln708_24 = sext i15 %trunc_ln708_34 to i16" [firmware/nnet_utils/nnet_dense_resource.h:59->firmware/nnet_utils/nnet_dense.h:65->firmware/nnet_utils/nnet_dense_stream.h:20]   --->   Operation 177 'sext' 'sext_ln708_24' <Predicate = true> <Delay = 0.00>
ST_4 : Operation 178 [1/1] (0.00ns)   --->   "%trunc_ln703_14 = call i13 @_ssdm_op_PartSelect.i13.i16.i32.i32(i16 %mul_ln1118_24, i32 1, i32 13)" [firmware/nnet_utils/nnet_dense_resource.h:59->firmware/nnet_utils/nnet_dense.h:65->firmware/nnet_utils/nnet_dense_stream.h:20]   --->   Operation 178 'partselect' 'trunc_ln703_14' <Predicate = true> <Delay = 0.00>
ST_4 : Operation 179 [1/1] (0.00ns)   --->   "%trunc_ln703_31 = trunc i16 %acc_V_11_016 to i13" [firmware/nnet_utils/nnet_dense_resource.h:59->firmware/nnet_utils/nnet_dense.h:65->firmware/nnet_utils/nnet_dense_stream.h:20]   --->   Operation 179 'trunc' 'trunc_ln703_31' <Predicate = true> <Delay = 0.00>
ST_4 : Operation 180 [1/1] (1.41ns)   --->   "%acc_11_V = add i16 %acc_V_11_016, %sext_ln708_24" [firmware/nnet_utils/nnet_dense_resource.h:59->firmware/nnet_utils/nnet_dense.h:65->firmware/nnet_utils/nnet_dense_stream.h:20]   --->   Operation 180 'add' 'acc_11_V' <Predicate = true> <Delay = 1.41> <Core = "AddSub">   --->   Core 14 'AddSub' <Latency = 0> <II = 1> <Delay = 0.94> <FuncUnit> <Opcode : 'add' 'sub'> <InPorts = 2> <OutPorts = 1>
ST_4 : Operation 181 [1/1] (1.36ns)   --->   "%add_ln703_27 = add i13 %trunc_ln703_31, %trunc_ln703_14" [firmware/nnet_utils/nnet_dense_resource.h:59->firmware/nnet_utils/nnet_dense.h:65->firmware/nnet_utils/nnet_dense_stream.h:20]   --->   Operation 181 'add' 'add_ln703_27' <Predicate = true> <Delay = 1.36> <Core = "AddSub">   --->   Core 14 'AddSub' <Latency = 0> <II = 1> <Delay = 0.94> <FuncUnit> <Opcode : 'add' 'sub'> <InPorts = 2> <OutPorts = 1>
ST_4 : Operation 182 [1/1] (0.00ns)   --->   "%sext_ln1118_12 = sext i8 %tmp_26 to i16" [firmware/nnet_utils/nnet_mult.h:73->firmware/nnet_utils/nnet_dense_resource.h:59->firmware/nnet_utils/nnet_dense.h:65->firmware/nnet_utils/nnet_dense_stream.h:20]   --->   Operation 182 'sext' 'sext_ln1118_12' <Predicate = true> <Delay = 0.00>
ST_4 : Operation 183 [1/1] (2.44ns)   --->   "%mul_ln1118_25 = mul i16 %zext_ln1116, %sext_ln1118_12" [firmware/nnet_utils/nnet_mult.h:73->firmware/nnet_utils/nnet_dense_resource.h:59->firmware/nnet_utils/nnet_dense.h:65->firmware/nnet_utils/nnet_dense_stream.h:20]   --->   Operation 183 'mul' 'mul_ln1118_25' <Predicate = true> <Delay = 2.44> <Core = "Mul">   --->   Core 16 'Mul' <Latency = 0> <II = 1> <Delay = 2.44> <FuncUnit> <Opcode : 'mul'> <InPorts = 2> <OutPorts = 1>
ST_4 : Operation 184 [1/1] (0.00ns)   --->   "%trunc_ln708_35 = call i15 @_ssdm_op_PartSelect.i15.i16.i32.i32(i16 %mul_ln1118_25, i32 1, i32 15)" [firmware/nnet_utils/nnet_dense_resource.h:59->firmware/nnet_utils/nnet_dense.h:65->firmware/nnet_utils/nnet_dense_stream.h:20]   --->   Operation 184 'partselect' 'trunc_ln708_35' <Predicate = true> <Delay = 0.00>
ST_4 : Operation 185 [1/1] (0.00ns)   --->   "%sext_ln708_25 = sext i15 %trunc_ln708_35 to i16" [firmware/nnet_utils/nnet_dense_resource.h:59->firmware/nnet_utils/nnet_dense.h:65->firmware/nnet_utils/nnet_dense_stream.h:20]   --->   Operation 185 'sext' 'sext_ln708_25' <Predicate = true> <Delay = 0.00>
ST_4 : Operation 186 [1/1] (0.00ns)   --->   "%trunc_ln703_15 = call i13 @_ssdm_op_PartSelect.i13.i16.i32.i32(i16 %mul_ln1118_25, i32 1, i32 13)" [firmware/nnet_utils/nnet_dense_resource.h:59->firmware/nnet_utils/nnet_dense.h:65->firmware/nnet_utils/nnet_dense_stream.h:20]   --->   Operation 186 'partselect' 'trunc_ln703_15' <Predicate = true> <Delay = 0.00>
ST_4 : Operation 187 [1/1] (0.00ns)   --->   "%trunc_ln703_32 = trunc i16 %acc_V_12_017 to i13" [firmware/nnet_utils/nnet_dense_resource.h:59->firmware/nnet_utils/nnet_dense.h:65->firmware/nnet_utils/nnet_dense_stream.h:20]   --->   Operation 187 'trunc' 'trunc_ln703_32' <Predicate = true> <Delay = 0.00>
ST_4 : Operation 188 [1/1] (1.41ns)   --->   "%acc_12_V = add i16 %acc_V_12_017, %sext_ln708_25" [firmware/nnet_utils/nnet_dense_resource.h:59->firmware/nnet_utils/nnet_dense.h:65->firmware/nnet_utils/nnet_dense_stream.h:20]   --->   Operation 188 'add' 'acc_12_V' <Predicate = true> <Delay = 1.41> <Core = "AddSub">   --->   Core 14 'AddSub' <Latency = 0> <II = 1> <Delay = 0.94> <FuncUnit> <Opcode : 'add' 'sub'> <InPorts = 2> <OutPorts = 1>
ST_4 : Operation 189 [1/1] (1.36ns)   --->   "%add_ln703_28 = add i13 %trunc_ln703_32, %trunc_ln703_15" [firmware/nnet_utils/nnet_dense_resource.h:59->firmware/nnet_utils/nnet_dense.h:65->firmware/nnet_utils/nnet_dense_stream.h:20]   --->   Operation 189 'add' 'add_ln703_28' <Predicate = true> <Delay = 1.36> <Core = "AddSub">   --->   Core 14 'AddSub' <Latency = 0> <II = 1> <Delay = 0.94> <FuncUnit> <Opcode : 'add' 'sub'> <InPorts = 2> <OutPorts = 1>
ST_4 : Operation 190 [1/1] (0.00ns)   --->   "%sext_ln1118_13 = sext i8 %tmp_27 to i16" [firmware/nnet_utils/nnet_mult.h:73->firmware/nnet_utils/nnet_dense_resource.h:59->firmware/nnet_utils/nnet_dense.h:65->firmware/nnet_utils/nnet_dense_stream.h:20]   --->   Operation 190 'sext' 'sext_ln1118_13' <Predicate = true> <Delay = 0.00>
ST_4 : Operation 191 [1/1] (2.44ns)   --->   "%mul_ln1118_26 = mul i16 %zext_ln1116, %sext_ln1118_13" [firmware/nnet_utils/nnet_mult.h:73->firmware/nnet_utils/nnet_dense_resource.h:59->firmware/nnet_utils/nnet_dense.h:65->firmware/nnet_utils/nnet_dense_stream.h:20]   --->   Operation 191 'mul' 'mul_ln1118_26' <Predicate = true> <Delay = 2.44> <Core = "Mul">   --->   Core 16 'Mul' <Latency = 0> <II = 1> <Delay = 2.44> <FuncUnit> <Opcode : 'mul'> <InPorts = 2> <OutPorts = 1>
ST_4 : Operation 192 [1/1] (0.00ns)   --->   "%trunc_ln708_36 = call i15 @_ssdm_op_PartSelect.i15.i16.i32.i32(i16 %mul_ln1118_26, i32 1, i32 15)" [firmware/nnet_utils/nnet_dense_resource.h:59->firmware/nnet_utils/nnet_dense.h:65->firmware/nnet_utils/nnet_dense_stream.h:20]   --->   Operation 192 'partselect' 'trunc_ln708_36' <Predicate = true> <Delay = 0.00>
ST_4 : Operation 193 [1/1] (0.00ns)   --->   "%sext_ln708_26 = sext i15 %trunc_ln708_36 to i16" [firmware/nnet_utils/nnet_dense_resource.h:59->firmware/nnet_utils/nnet_dense.h:65->firmware/nnet_utils/nnet_dense_stream.h:20]   --->   Operation 193 'sext' 'sext_ln708_26' <Predicate = true> <Delay = 0.00>
ST_4 : Operation 194 [1/1] (0.00ns)   --->   "%trunc_ln703_16 = call i13 @_ssdm_op_PartSelect.i13.i16.i32.i32(i16 %mul_ln1118_26, i32 1, i32 13)" [firmware/nnet_utils/nnet_dense_resource.h:59->firmware/nnet_utils/nnet_dense.h:65->firmware/nnet_utils/nnet_dense_stream.h:20]   --->   Operation 194 'partselect' 'trunc_ln703_16' <Predicate = true> <Delay = 0.00>
ST_4 : Operation 195 [1/1] (0.00ns)   --->   "%trunc_ln703_33 = trunc i16 %acc_V_13_018 to i13" [firmware/nnet_utils/nnet_dense_resource.h:59->firmware/nnet_utils/nnet_dense.h:65->firmware/nnet_utils/nnet_dense_stream.h:20]   --->   Operation 195 'trunc' 'trunc_ln703_33' <Predicate = true> <Delay = 0.00>
ST_4 : Operation 196 [1/1] (1.41ns)   --->   "%acc_13_V = add i16 %acc_V_13_018, %sext_ln708_26" [firmware/nnet_utils/nnet_dense_resource.h:59->firmware/nnet_utils/nnet_dense.h:65->firmware/nnet_utils/nnet_dense_stream.h:20]   --->   Operation 196 'add' 'acc_13_V' <Predicate = true> <Delay = 1.41> <Core = "AddSub">   --->   Core 14 'AddSub' <Latency = 0> <II = 1> <Delay = 0.94> <FuncUnit> <Opcode : 'add' 'sub'> <InPorts = 2> <OutPorts = 1>
ST_4 : Operation 197 [1/1] (1.36ns)   --->   "%add_ln703_29 = add i13 %trunc_ln703_33, %trunc_ln703_16" [firmware/nnet_utils/nnet_dense_resource.h:59->firmware/nnet_utils/nnet_dense.h:65->firmware/nnet_utils/nnet_dense_stream.h:20]   --->   Operation 197 'add' 'add_ln703_29' <Predicate = true> <Delay = 1.36> <Core = "AddSub">   --->   Core 14 'AddSub' <Latency = 0> <II = 1> <Delay = 0.94> <FuncUnit> <Opcode : 'add' 'sub'> <InPorts = 2> <OutPorts = 1>
ST_4 : Operation 198 [1/1] (0.00ns)   --->   "%zext_ln1118 = zext i8 %tmp_28 to i14" [firmware/nnet_utils/nnet_mult.h:73->firmware/nnet_utils/nnet_dense_resource.h:59->firmware/nnet_utils/nnet_dense.h:65->firmware/nnet_utils/nnet_dense_stream.h:20]   --->   Operation 198 'zext' 'zext_ln1118' <Predicate = true> <Delay = 0.00>
ST_4 : Operation 199 [1/1] (0.00ns)   --->   "%sext_ln1118_14 = sext i6 %tmp_29 to i14" [firmware/nnet_utils/nnet_mult.h:73->firmware/nnet_utils/nnet_dense_resource.h:59->firmware/nnet_utils/nnet_dense.h:65->firmware/nnet_utils/nnet_dense_stream.h:20]   --->   Operation 199 'sext' 'sext_ln1118_14' <Predicate = true> <Delay = 0.00>
ST_4 : Operation 200 [1/1] (2.44ns)   --->   "%mul_ln1118_27 = mul i14 %sext_ln1118_14, %zext_ln1118" [firmware/nnet_utils/nnet_mult.h:73->firmware/nnet_utils/nnet_dense_resource.h:59->firmware/nnet_utils/nnet_dense.h:65->firmware/nnet_utils/nnet_dense_stream.h:20]   --->   Operation 200 'mul' 'mul_ln1118_27' <Predicate = true> <Delay = 2.44> <Core = "Mul">   --->   Core 16 'Mul' <Latency = 0> <II = 1> <Delay = 2.44> <FuncUnit> <Opcode : 'mul'> <InPorts = 2> <OutPorts = 1>
ST_4 : Operation 201 [1/1] (0.00ns)   --->   "%trunc_ln708_37 = call i13 @_ssdm_op_PartSelect.i13.i14.i32.i32(i14 %mul_ln1118_27, i32 1, i32 13)" [firmware/nnet_utils/nnet_dense_resource.h:59->firmware/nnet_utils/nnet_dense.h:65->firmware/nnet_utils/nnet_dense_stream.h:20]   --->   Operation 201 'partselect' 'trunc_ln708_37' <Predicate = true> <Delay = 0.00>
ST_4 : Operation 202 [1/1] (0.00ns)   --->   "%sext_ln708_27 = sext i13 %trunc_ln708_37 to i16" [firmware/nnet_utils/nnet_dense_resource.h:59->firmware/nnet_utils/nnet_dense.h:65->firmware/nnet_utils/nnet_dense_stream.h:20]   --->   Operation 202 'sext' 'sext_ln708_27' <Predicate = true> <Delay = 0.00>
ST_4 : Operation 203 [1/1] (0.00ns)   --->   "%trunc_ln703_34 = trunc i16 %acc_V_14_019 to i13" [firmware/nnet_utils/nnet_dense_resource.h:59->firmware/nnet_utils/nnet_dense.h:65->firmware/nnet_utils/nnet_dense_stream.h:20]   --->   Operation 203 'trunc' 'trunc_ln703_34' <Predicate = true> <Delay = 0.00>
ST_4 : Operation 204 [1/1] (1.41ns)   --->   "%acc_14_V = add i16 %acc_V_14_019, %sext_ln708_27" [firmware/nnet_utils/nnet_dense_resource.h:59->firmware/nnet_utils/nnet_dense.h:65->firmware/nnet_utils/nnet_dense_stream.h:20]   --->   Operation 204 'add' 'acc_14_V' <Predicate = true> <Delay = 1.41> <Core = "AddSub">   --->   Core 14 'AddSub' <Latency = 0> <II = 1> <Delay = 0.94> <FuncUnit> <Opcode : 'add' 'sub'> <InPorts = 2> <OutPorts = 1>
ST_4 : Operation 205 [1/1] (1.36ns)   --->   "%add_ln703_30 = add i13 %trunc_ln703_34, %trunc_ln708_37" [firmware/nnet_utils/nnet_dense_resource.h:59->firmware/nnet_utils/nnet_dense.h:65->firmware/nnet_utils/nnet_dense_stream.h:20]   --->   Operation 205 'add' 'add_ln703_30' <Predicate = true> <Delay = 1.36> <Core = "AddSub">   --->   Core 14 'AddSub' <Latency = 0> <II = 1> <Delay = 0.94> <FuncUnit> <Opcode : 'add' 'sub'> <InPorts = 2> <OutPorts = 1>
ST_4 : Operation 206 [1/1] (0.00ns)   --->   "%empty = call i32 (...)* @_ssdm_op_SpecRegionEnd([10 x i8]* @p_str52, i32 %tmp_s)" [firmware/nnet_utils/nnet_dense_resource.h:76->firmware/nnet_utils/nnet_dense.h:65->firmware/nnet_utils/nnet_dense_stream.h:20]   --->   Operation 206 'specregionend' 'empty' <Predicate = true> <Delay = 0.00>
ST_4 : Operation 207 [1/1] (0.00ns)   --->   "%trunc_ln6 = call i8 @_ssdm_op_PartSelect.i8.i13.i32.i32(i13 %add_ln703_16, i32 5, i32 12)" [firmware/nnet_utils/nnet_dense_resource.h:46->firmware/nnet_utils/nnet_dense.h:65->firmware/nnet_utils/nnet_dense_stream.h:20]   --->   Operation 207 'partselect' 'trunc_ln6' <Predicate = true> <Delay = 0.00>
ST_4 : Operation 208 [1/1] (0.00ns)   --->   "%trunc_ln46_s = call i8 @_ssdm_op_PartSelect.i8.i13.i32.i32(i13 %add_ln703_17, i32 5, i32 12)" [firmware/nnet_utils/nnet_dense_resource.h:46->firmware/nnet_utils/nnet_dense.h:65->firmware/nnet_utils/nnet_dense_stream.h:20]   --->   Operation 208 'partselect' 'trunc_ln46_s' <Predicate = true> <Delay = 0.00>
ST_4 : Operation 209 [1/1] (0.00ns)   --->   "%trunc_ln46_4 = call i8 @_ssdm_op_PartSelect.i8.i13.i32.i32(i13 %add_ln703_18, i32 5, i32 12)" [firmware/nnet_utils/nnet_dense_resource.h:46->firmware/nnet_utils/nnet_dense.h:65->firmware/nnet_utils/nnet_dense_stream.h:20]   --->   Operation 209 'partselect' 'trunc_ln46_4' <Predicate = true> <Delay = 0.00>
ST_4 : Operation 210 [1/1] (0.00ns)   --->   "%trunc_ln46_5 = call i8 @_ssdm_op_PartSelect.i8.i13.i32.i32(i13 %add_ln703_19, i32 5, i32 12)" [firmware/nnet_utils/nnet_dense_resource.h:46->firmware/nnet_utils/nnet_dense.h:65->firmware/nnet_utils/nnet_dense_stream.h:20]   --->   Operation 210 'partselect' 'trunc_ln46_5' <Predicate = true> <Delay = 0.00>
ST_4 : Operation 211 [1/1] (0.00ns)   --->   "%trunc_ln46_6 = call i8 @_ssdm_op_PartSelect.i8.i13.i32.i32(i13 %add_ln703_20, i32 5, i32 12)" [firmware/nnet_utils/nnet_dense_resource.h:46->firmware/nnet_utils/nnet_dense.h:65->firmware/nnet_utils/nnet_dense_stream.h:20]   --->   Operation 211 'partselect' 'trunc_ln46_6' <Predicate = true> <Delay = 0.00>
ST_4 : Operation 212 [1/1] (0.00ns)   --->   "%trunc_ln46_7 = call i8 @_ssdm_op_PartSelect.i8.i13.i32.i32(i13 %add_ln703_21, i32 5, i32 12)" [firmware/nnet_utils/nnet_dense_resource.h:46->firmware/nnet_utils/nnet_dense.h:65->firmware/nnet_utils/nnet_dense_stream.h:20]   --->   Operation 212 'partselect' 'trunc_ln46_7' <Predicate = true> <Delay = 0.00>
ST_4 : Operation 213 [1/1] (0.00ns)   --->   "%trunc_ln46_8 = call i8 @_ssdm_op_PartSelect.i8.i13.i32.i32(i13 %add_ln703_22, i32 5, i32 12)" [firmware/nnet_utils/nnet_dense_resource.h:46->firmware/nnet_utils/nnet_dense.h:65->firmware/nnet_utils/nnet_dense_stream.h:20]   --->   Operation 213 'partselect' 'trunc_ln46_8' <Predicate = true> <Delay = 0.00>
ST_4 : Operation 214 [1/1] (0.00ns)   --->   "%trunc_ln46_9 = call i8 @_ssdm_op_PartSelect.i8.i13.i32.i32(i13 %add_ln703_23, i32 5, i32 12)" [firmware/nnet_utils/nnet_dense_resource.h:46->firmware/nnet_utils/nnet_dense.h:65->firmware/nnet_utils/nnet_dense_stream.h:20]   --->   Operation 214 'partselect' 'trunc_ln46_9' <Predicate = true> <Delay = 0.00>
ST_4 : Operation 215 [1/1] (0.00ns)   --->   "%trunc_ln46_1 = call i8 @_ssdm_op_PartSelect.i8.i13.i32.i32(i13 %add_ln703_24, i32 5, i32 12)" [firmware/nnet_utils/nnet_dense_resource.h:46->firmware/nnet_utils/nnet_dense.h:65->firmware/nnet_utils/nnet_dense_stream.h:20]   --->   Operation 215 'partselect' 'trunc_ln46_1' <Predicate = true> <Delay = 0.00>
ST_4 : Operation 216 [1/1] (0.00ns)   --->   "%trunc_ln46_2 = call i8 @_ssdm_op_PartSelect.i8.i13.i32.i32(i13 %add_ln703_25, i32 5, i32 12)" [firmware/nnet_utils/nnet_dense_resource.h:46->firmware/nnet_utils/nnet_dense.h:65->firmware/nnet_utils/nnet_dense_stream.h:20]   --->   Operation 216 'partselect' 'trunc_ln46_2' <Predicate = true> <Delay = 0.00>
ST_4 : Operation 217 [1/1] (0.00ns)   --->   "%trunc_ln46_3 = call i8 @_ssdm_op_PartSelect.i8.i13.i32.i32(i13 %add_ln703_26, i32 5, i32 12)" [firmware/nnet_utils/nnet_dense_resource.h:46->firmware/nnet_utils/nnet_dense.h:65->firmware/nnet_utils/nnet_dense_stream.h:20]   --->   Operation 217 'partselect' 'trunc_ln46_3' <Predicate = true> <Delay = 0.00>
ST_4 : Operation 218 [1/1] (0.00ns)   --->   "%trunc_ln46_10 = call i8 @_ssdm_op_PartSelect.i8.i13.i32.i32(i13 %add_ln703_27, i32 5, i32 12)" [firmware/nnet_utils/nnet_dense_resource.h:46->firmware/nnet_utils/nnet_dense.h:65->firmware/nnet_utils/nnet_dense_stream.h:20]   --->   Operation 218 'partselect' 'trunc_ln46_10' <Predicate = true> <Delay = 0.00>
ST_4 : Operation 219 [1/1] (0.00ns)   --->   "%trunc_ln46_11 = call i8 @_ssdm_op_PartSelect.i8.i13.i32.i32(i13 %add_ln703_28, i32 5, i32 12)" [firmware/nnet_utils/nnet_dense_resource.h:46->firmware/nnet_utils/nnet_dense.h:65->firmware/nnet_utils/nnet_dense_stream.h:20]   --->   Operation 219 'partselect' 'trunc_ln46_11' <Predicate = true> <Delay = 0.00>
ST_4 : Operation 220 [1/1] (0.00ns)   --->   "%trunc_ln46_12 = call i8 @_ssdm_op_PartSelect.i8.i13.i32.i32(i13 %add_ln703_29, i32 5, i32 12)" [firmware/nnet_utils/nnet_dense_resource.h:46->firmware/nnet_utils/nnet_dense.h:65->firmware/nnet_utils/nnet_dense_stream.h:20]   --->   Operation 220 'partselect' 'trunc_ln46_12' <Predicate = true> <Delay = 0.00>
ST_4 : Operation 221 [1/1] (0.00ns)   --->   "%trunc_ln46_13 = call i8 @_ssdm_op_PartSelect.i8.i13.i32.i32(i13 %add_ln703_30, i32 5, i32 12)" [firmware/nnet_utils/nnet_dense_resource.h:46->firmware/nnet_utils/nnet_dense.h:65->firmware/nnet_utils/nnet_dense_stream.h:20]   --->   Operation 221 'partselect' 'trunc_ln46_13' <Predicate = true> <Delay = 0.00>
ST_4 : Operation 222 [1/1] (0.00ns)   --->   "%empty_231 = call i32 (...)* @_ssdm_op_SpecLoopTripCount(i64 10, i64 10, i64 10)"   --->   Operation 222 'speclooptripcount' 'empty_231' <Predicate = true> <Delay = 0.00>
ST_4 : Operation 223 [1/1] (0.00ns)   --->   "%mrv = insertvalue { i8, i8, i8, i8, i8, i8, i8, i8, i8, i8, i8, i8, i8, i8, i8 } undef, i8 %trunc_ln6, 0" [firmware/nnet_utils/nnet_dense_stream.h:21]   --->   Operation 223 'insertvalue' 'mrv' <Predicate = (icmp_ln46)> <Delay = 0.00>
ST_4 : Operation 224 [1/1] (0.00ns)   --->   "%mrv_1 = insertvalue { i8, i8, i8, i8, i8, i8, i8, i8, i8, i8, i8, i8, i8, i8, i8 } %mrv, i8 %trunc_ln46_s, 1" [firmware/nnet_utils/nnet_dense_stream.h:21]   --->   Operation 224 'insertvalue' 'mrv_1' <Predicate = (icmp_ln46)> <Delay = 0.00>
ST_4 : Operation 225 [1/1] (0.00ns)   --->   "%mrv_2 = insertvalue { i8, i8, i8, i8, i8, i8, i8, i8, i8, i8, i8, i8, i8, i8, i8 } %mrv_1, i8 %trunc_ln46_4, 2" [firmware/nnet_utils/nnet_dense_stream.h:21]   --->   Operation 225 'insertvalue' 'mrv_2' <Predicate = (icmp_ln46)> <Delay = 0.00>
ST_4 : Operation 226 [1/1] (0.00ns)   --->   "%mrv_3 = insertvalue { i8, i8, i8, i8, i8, i8, i8, i8, i8, i8, i8, i8, i8, i8, i8 } %mrv_2, i8 %trunc_ln46_5, 3" [firmware/nnet_utils/nnet_dense_stream.h:21]   --->   Operation 226 'insertvalue' 'mrv_3' <Predicate = (icmp_ln46)> <Delay = 0.00>
ST_4 : Operation 227 [1/1] (0.00ns)   --->   "%mrv_4 = insertvalue { i8, i8, i8, i8, i8, i8, i8, i8, i8, i8, i8, i8, i8, i8, i8 } %mrv_3, i8 %trunc_ln46_6, 4" [firmware/nnet_utils/nnet_dense_stream.h:21]   --->   Operation 227 'insertvalue' 'mrv_4' <Predicate = (icmp_ln46)> <Delay = 0.00>
ST_4 : Operation 228 [1/1] (0.00ns)   --->   "%mrv_5 = insertvalue { i8, i8, i8, i8, i8, i8, i8, i8, i8, i8, i8, i8, i8, i8, i8 } %mrv_4, i8 %trunc_ln46_7, 5" [firmware/nnet_utils/nnet_dense_stream.h:21]   --->   Operation 228 'insertvalue' 'mrv_5' <Predicate = (icmp_ln46)> <Delay = 0.00>
ST_4 : Operation 229 [1/1] (0.00ns)   --->   "%mrv_6 = insertvalue { i8, i8, i8, i8, i8, i8, i8, i8, i8, i8, i8, i8, i8, i8, i8 } %mrv_5, i8 %trunc_ln46_8, 6" [firmware/nnet_utils/nnet_dense_stream.h:21]   --->   Operation 229 'insertvalue' 'mrv_6' <Predicate = (icmp_ln46)> <Delay = 0.00>
ST_4 : Operation 230 [1/1] (0.00ns)   --->   "%mrv_7 = insertvalue { i8, i8, i8, i8, i8, i8, i8, i8, i8, i8, i8, i8, i8, i8, i8 } %mrv_6, i8 %trunc_ln46_9, 7" [firmware/nnet_utils/nnet_dense_stream.h:21]   --->   Operation 230 'insertvalue' 'mrv_7' <Predicate = (icmp_ln46)> <Delay = 0.00>
ST_4 : Operation 231 [1/1] (0.00ns)   --->   "%mrv_8 = insertvalue { i8, i8, i8, i8, i8, i8, i8, i8, i8, i8, i8, i8, i8, i8, i8 } %mrv_7, i8 %trunc_ln46_1, 8" [firmware/nnet_utils/nnet_dense_stream.h:21]   --->   Operation 231 'insertvalue' 'mrv_8' <Predicate = (icmp_ln46)> <Delay = 0.00>
ST_4 : Operation 232 [1/1] (0.00ns)   --->   "%mrv_9 = insertvalue { i8, i8, i8, i8, i8, i8, i8, i8, i8, i8, i8, i8, i8, i8, i8 } %mrv_8, i8 %trunc_ln46_2, 9" [firmware/nnet_utils/nnet_dense_stream.h:21]   --->   Operation 232 'insertvalue' 'mrv_9' <Predicate = (icmp_ln46)> <Delay = 0.00>
ST_4 : Operation 233 [1/1] (0.00ns)   --->   "%mrv_10 = insertvalue { i8, i8, i8, i8, i8, i8, i8, i8, i8, i8, i8, i8, i8, i8, i8 } %mrv_9, i8 %trunc_ln46_3, 10" [firmware/nnet_utils/nnet_dense_stream.h:21]   --->   Operation 233 'insertvalue' 'mrv_10' <Predicate = (icmp_ln46)> <Delay = 0.00>
ST_4 : Operation 234 [1/1] (0.00ns)   --->   "%mrv_11 = insertvalue { i8, i8, i8, i8, i8, i8, i8, i8, i8, i8, i8, i8, i8, i8, i8 } %mrv_10, i8 %trunc_ln46_10, 11" [firmware/nnet_utils/nnet_dense_stream.h:21]   --->   Operation 234 'insertvalue' 'mrv_11' <Predicate = (icmp_ln46)> <Delay = 0.00>
ST_4 : Operation 235 [1/1] (0.00ns)   --->   "%mrv_12 = insertvalue { i8, i8, i8, i8, i8, i8, i8, i8, i8, i8, i8, i8, i8, i8, i8 } %mrv_11, i8 %trunc_ln46_11, 12" [firmware/nnet_utils/nnet_dense_stream.h:21]   --->   Operation 235 'insertvalue' 'mrv_12' <Predicate = (icmp_ln46)> <Delay = 0.00>
ST_4 : Operation 236 [1/1] (0.00ns)   --->   "%mrv_13 = insertvalue { i8, i8, i8, i8, i8, i8, i8, i8, i8, i8, i8, i8, i8, i8, i8 } %mrv_12, i8 %trunc_ln46_12, 13" [firmware/nnet_utils/nnet_dense_stream.h:21]   --->   Operation 236 'insertvalue' 'mrv_13' <Predicate = (icmp_ln46)> <Delay = 0.00>
ST_4 : Operation 237 [1/1] (0.00ns)   --->   "%mrv_14 = insertvalue { i8, i8, i8, i8, i8, i8, i8, i8, i8, i8, i8, i8, i8, i8, i8 } %mrv_13, i8 %trunc_ln46_13, 14" [firmware/nnet_utils/nnet_dense_stream.h:21]   --->   Operation 237 'insertvalue' 'mrv_14' <Predicate = (icmp_ln46)> <Delay = 0.00>
ST_4 : Operation 238 [1/1] (0.00ns)   --->   "call void (...)* @_ssdm_op_Return({ i8, i8, i8, i8, i8, i8, i8, i8, i8, i8, i8, i8, i8, i8, i8 } %mrv_14)" [firmware/nnet_utils/nnet_dense_stream.h:21]   --->   Operation 238 'return' <Predicate = (icmp_ln46)> <Delay = 0.00>


============================================================
+ Verbose Summary: Binding
============================================================
STG Binding: 
---------------- STG Properties BEGIN ----------------
- Is combinational: 0
- Is one-state seq: 0
- Is datapath-only: 0
- Is pipelined: 0
- Is top level: 0
Port [ Return ] is wired: 1; IO mode=ap_ctrl_hs:ce=0
Port [ data_0_V_read]:  wired=1; compound=0; hidden=0; nouse=0; global=0; static=0; extern=0; dir=0; type=0; pingpong=0; private_global=0; IO mode=ap_none:ce=0
Port [ data_1_V_read]:  wired=1; compound=0; hidden=0; nouse=0; global=0; static=0; extern=0; dir=0; type=0; pingpong=0; private_global=0; IO mode=ap_none:ce=0
Port [ data_2_V_read]:  wired=1; compound=0; hidden=0; nouse=0; global=0; static=0; extern=0; dir=0; type=0; pingpong=0; private_global=0; IO mode=ap_none:ce=0
Port [ data_3_V_read]:  wired=1; compound=0; hidden=0; nouse=0; global=0; static=0; extern=0; dir=0; type=0; pingpong=0; private_global=0; IO mode=ap_none:ce=0
Port [ data_4_V_read]:  wired=1; compound=0; hidden=0; nouse=0; global=0; static=0; extern=0; dir=0; type=0; pingpong=0; private_global=0; IO mode=ap_none:ce=0
Port [ data_5_V_read]:  wired=1; compound=0; hidden=0; nouse=0; global=0; static=0; extern=0; dir=0; type=0; pingpong=0; private_global=0; IO mode=ap_none:ce=0
Port [ data_6_V_read]:  wired=1; compound=0; hidden=0; nouse=0; global=0; static=0; extern=0; dir=0; type=0; pingpong=0; private_global=0; IO mode=ap_none:ce=0
Port [ data_7_V_read]:  wired=1; compound=0; hidden=0; nouse=0; global=0; static=0; extern=0; dir=0; type=0; pingpong=0; private_global=0; IO mode=ap_none:ce=0
Port [ data_8_V_read]:  wired=1; compound=0; hidden=0; nouse=0; global=0; static=0; extern=0; dir=0; type=0; pingpong=0; private_global=0; IO mode=ap_none:ce=0
Port [ data_9_V_read]:  wired=1; compound=0; hidden=0; nouse=0; global=0; static=0; extern=0; dir=0; type=0; pingpong=0; private_global=0; IO mode=ap_none:ce=0
Port [ w15_V]:  wired=0; compound=1; hidden=1; nouse=0; global=1; static=0; extern=0; dir=0; type=1; pingpong=0; private_global=1; linkage=0; visibility=0; MemPort=[1]; IO mode=ap_memory:ce=0
---------------- STG Properties END ------------------

---------------- Datapath Model BEGIN ----------------

<LifeTime>
<method=bitvector/>
tmp                    (specregionbegin  ) [ 00111]
br_ln46                (br               ) [ 01111]
do_init                (phi              ) [ 00111]
w_index35              (phi              ) [ 00111]
data_9_V_read_3        (read             ) [ 00111]
data_8_V_read_3        (read             ) [ 00111]
data_7_V_read_3        (read             ) [ 00111]
data_6_V_read42        (read             ) [ 00111]
data_5_V_read41        (read             ) [ 00111]
data_4_V_read_3        (read             ) [ 00111]
data_3_V_read_3        (read             ) [ 00111]
data_2_V_read_3        (read             ) [ 00111]
data_1_V_read_3        (read             ) [ 00111]
data_0_V_read_3        (read             ) [ 00111]
specmemcore_ln0        (specmemcore      ) [ 00000]
empty_232              (specregionend    ) [ 00000]
br_ln46                (br               ) [ 00111]
zext_ln59              (zext             ) [ 00000]
w15_V_addr             (getelementptr    ) [ 00110]
w_index                (add              ) [ 01111]
icmp_ln46              (icmp             ) [ 00111]
br_ln46                (br               ) [ 01111]
br_ln21                (br               ) [ 01111]
data_0_V_read36_rewind (phi              ) [ 00110]
data_1_V_read37_rewind (phi              ) [ 00110]
data_2_V_read38_rewind (phi              ) [ 00110]
data_3_V_read39_rewind (phi              ) [ 00110]
data_4_V_read40_rewind (phi              ) [ 00110]
data_5_V_read41_rewind (phi              ) [ 00110]
data_6_V_read42_rewind (phi              ) [ 00110]
data_7_V_read43_rewind (phi              ) [ 00110]
data_8_V_read44_rewind (phi              ) [ 00110]
data_9_V_read45_rewind (phi              ) [ 00110]
br_ln0                 (br               ) [ 00000]
data_0_V_read36_phi    (phi              ) [ 01111]
data_1_V_read37_phi    (phi              ) [ 01111]
data_2_V_read38_phi    (phi              ) [ 01111]
data_3_V_read39_phi    (phi              ) [ 01111]
data_4_V_read40_phi    (phi              ) [ 01111]
data_5_V_read41_phi    (phi              ) [ 01111]
data_6_V_read42_phi    (phi              ) [ 01111]
data_7_V_read43_phi    (phi              ) [ 01111]
data_8_V_read44_phi    (phi              ) [ 01111]
data_9_V_read45_phi    (phi              ) [ 01111]
tmp_28                 (mux              ) [ 00101]
w15_V_load             (load             ) [ 00000]
trunc_ln59             (trunc            ) [ 00101]
tmp_15                 (partselect       ) [ 00101]
tmp_16                 (partselect       ) [ 00101]
tmp_17                 (partselect       ) [ 00101]
tmp_18                 (partselect       ) [ 00101]
tmp_19                 (partselect       ) [ 00101]
tmp_20                 (partselect       ) [ 00101]
tmp_21                 (partselect       ) [ 00101]
tmp_22                 (partselect       ) [ 00101]
tmp_23                 (partselect       ) [ 00101]
tmp_24                 (partselect       ) [ 00101]
tmp_25                 (partselect       ) [ 00101]
tmp_26                 (partselect       ) [ 00101]
tmp_27                 (partselect       ) [ 00101]
tmp_29                 (partselect       ) [ 00101]
acc_V_14_019           (phi              ) [ 00111]
acc_V_13_018           (phi              ) [ 00111]
acc_V_12_017           (phi              ) [ 00111]
acc_V_11_016           (phi              ) [ 00111]
acc_V_10_015           (phi              ) [ 00111]
acc_V_9_014            (phi              ) [ 00111]
acc_V_8_013            (phi              ) [ 00111]
acc_V_7_012            (phi              ) [ 00111]
acc_V_6_011            (phi              ) [ 00111]
acc_V_5_010            (phi              ) [ 00111]
acc_V_4_09             (phi              ) [ 00111]
acc_V_3_08             (phi              ) [ 00111]
acc_V_2_07             (phi              ) [ 00111]
acc_V_1_06             (phi              ) [ 00111]
acc_V_0_05             (phi              ) [ 00111]
specloopname_ln46      (specloopname     ) [ 00000]
tmp_s                  (specregionbegin  ) [ 00000]
specpipeline_ln47      (specpipeline     ) [ 00000]
zext_ln1116            (zext             ) [ 00000]
sext_ln1118            (sext             ) [ 00000]
mul_ln1118             (mul              ) [ 00000]
trunc_ln               (partselect       ) [ 00000]
sext_ln708             (sext             ) [ 00000]
trunc_ln703_s          (partselect       ) [ 00000]
trunc_ln703            (trunc            ) [ 00000]
acc_0_V                (add              ) [ 01111]
add_ln703_16           (add              ) [ 00000]
sext_ln1118_1          (sext             ) [ 00000]
mul_ln1118_14          (mul              ) [ 00000]
trunc_ln708_s          (partselect       ) [ 00000]
sext_ln708_14          (sext             ) [ 00000]
trunc_ln5              (partselect       ) [ 00000]
trunc_ln703_21         (trunc            ) [ 00000]
acc_1_V                (add              ) [ 01111]
add_ln703_17           (add              ) [ 00000]
sext_ln1118_2          (sext             ) [ 00000]
mul_ln1118_15          (mul              ) [ 00000]
trunc_ln708_25         (partselect       ) [ 00000]
sext_ln708_15          (sext             ) [ 00000]
trunc_ln703_5          (partselect       ) [ 00000]
trunc_ln703_22         (trunc            ) [ 00000]
acc_2_V                (add              ) [ 01111]
add_ln703_18           (add              ) [ 00000]
sext_ln1118_3          (sext             ) [ 00000]
mul_ln1118_16          (mul              ) [ 00000]
trunc_ln708_26         (partselect       ) [ 00000]
sext_ln708_16          (sext             ) [ 00000]
trunc_ln703_6          (partselect       ) [ 00000]
trunc_ln703_23         (trunc            ) [ 00000]
acc_3_V                (add              ) [ 01111]
add_ln703_19           (add              ) [ 00000]
sext_ln1118_4          (sext             ) [ 00000]
mul_ln1118_17          (mul              ) [ 00000]
trunc_ln708_27         (partselect       ) [ 00000]
sext_ln708_17          (sext             ) [ 00000]
trunc_ln703_7          (partselect       ) [ 00000]
trunc_ln703_24         (trunc            ) [ 00000]
acc_4_V                (add              ) [ 01111]
add_ln703_20           (add              ) [ 00000]
sext_ln1118_5          (sext             ) [ 00000]
mul_ln1118_18          (mul              ) [ 00000]
trunc_ln708_28         (partselect       ) [ 00000]
sext_ln708_18          (sext             ) [ 00000]
trunc_ln703_8          (partselect       ) [ 00000]
trunc_ln703_25         (trunc            ) [ 00000]
acc_5_V                (add              ) [ 01111]
add_ln703_21           (add              ) [ 00000]
sext_ln1118_6          (sext             ) [ 00000]
mul_ln1118_19          (mul              ) [ 00000]
trunc_ln708_29         (partselect       ) [ 00000]
sext_ln708_19          (sext             ) [ 00000]
trunc_ln703_9          (partselect       ) [ 00000]
trunc_ln703_26         (trunc            ) [ 00000]
acc_6_V                (add              ) [ 01111]
add_ln703_22           (add              ) [ 00000]
sext_ln1118_7          (sext             ) [ 00000]
mul_ln1118_20          (mul              ) [ 00000]
trunc_ln708_30         (partselect       ) [ 00000]
sext_ln708_20          (sext             ) [ 00000]
trunc_ln703_10         (partselect       ) [ 00000]
trunc_ln703_27         (trunc            ) [ 00000]
acc_7_V                (add              ) [ 01111]
add_ln703_23           (add              ) [ 00000]
sext_ln1118_8          (sext             ) [ 00000]
mul_ln1118_21          (mul              ) [ 00000]
trunc_ln708_31         (partselect       ) [ 00000]
sext_ln708_21          (sext             ) [ 00000]
trunc_ln703_11         (partselect       ) [ 00000]
trunc_ln703_28         (trunc            ) [ 00000]
acc_8_V                (add              ) [ 01111]
add_ln703_24           (add              ) [ 00000]
sext_ln1118_9          (sext             ) [ 00000]
mul_ln1118_22          (mul              ) [ 00000]
trunc_ln708_32         (partselect       ) [ 00000]
sext_ln708_22          (sext             ) [ 00000]
trunc_ln703_12         (partselect       ) [ 00000]
trunc_ln703_29         (trunc            ) [ 00000]
acc_9_V                (add              ) [ 01111]
add_ln703_25           (add              ) [ 00000]
sext_ln1118_10         (sext             ) [ 00000]
mul_ln1118_23          (mul              ) [ 00000]
trunc_ln708_33         (partselect       ) [ 00000]
sext_ln708_23          (sext             ) [ 00000]
trunc_ln703_13         (partselect       ) [ 00000]
trunc_ln703_30         (trunc            ) [ 00000]
acc_10_V               (add              ) [ 01111]
add_ln703_26           (add              ) [ 00000]
sext_ln1118_11         (sext             ) [ 00000]
mul_ln1118_24          (mul              ) [ 00000]
trunc_ln708_34         (partselect       ) [ 00000]
sext_ln708_24          (sext             ) [ 00000]
trunc_ln703_14         (partselect       ) [ 00000]
trunc_ln703_31         (trunc            ) [ 00000]
acc_11_V               (add              ) [ 01111]
add_ln703_27           (add              ) [ 00000]
sext_ln1118_12         (sext             ) [ 00000]
mul_ln1118_25          (mul              ) [ 00000]
trunc_ln708_35         (partselect       ) [ 00000]
sext_ln708_25          (sext             ) [ 00000]
trunc_ln703_15         (partselect       ) [ 00000]
trunc_ln703_32         (trunc            ) [ 00000]
acc_12_V               (add              ) [ 01111]
add_ln703_28           (add              ) [ 00000]
sext_ln1118_13         (sext             ) [ 00000]
mul_ln1118_26          (mul              ) [ 00000]
trunc_ln708_36         (partselect       ) [ 00000]
sext_ln708_26          (sext             ) [ 00000]
trunc_ln703_16         (partselect       ) [ 00000]
trunc_ln703_33         (trunc            ) [ 00000]
acc_13_V               (add              ) [ 01111]
add_ln703_29           (add              ) [ 00000]
zext_ln1118            (zext             ) [ 00000]
sext_ln1118_14         (sext             ) [ 00000]
mul_ln1118_27          (mul              ) [ 00000]
trunc_ln708_37         (partselect       ) [ 00000]
sext_ln708_27          (sext             ) [ 00000]
trunc_ln703_34         (trunc            ) [ 00000]
acc_14_V               (add              ) [ 01111]
add_ln703_30           (add              ) [ 00000]
empty                  (specregionend    ) [ 00000]
trunc_ln6              (partselect       ) [ 00000]
trunc_ln46_s           (partselect       ) [ 00000]
trunc_ln46_4           (partselect       ) [ 00000]
trunc_ln46_5           (partselect       ) [ 00000]
trunc_ln46_6           (partselect       ) [ 00000]
trunc_ln46_7           (partselect       ) [ 00000]
trunc_ln46_8           (partselect       ) [ 00000]
trunc_ln46_9           (partselect       ) [ 00000]
trunc_ln46_1           (partselect       ) [ 00000]
trunc_ln46_2           (partselect       ) [ 00000]
trunc_ln46_3           (partselect       ) [ 00000]
trunc_ln46_10          (partselect       ) [ 00000]
trunc_ln46_11          (partselect       ) [ 00000]
trunc_ln46_12          (partselect       ) [ 00000]
trunc_ln46_13          (partselect       ) [ 00000]
empty_231              (speclooptripcount) [ 00000]
mrv                    (insertvalue      ) [ 00000]
mrv_1                  (insertvalue      ) [ 00000]
mrv_2                  (insertvalue      ) [ 00000]
mrv_3                  (insertvalue      ) [ 00000]
mrv_4                  (insertvalue      ) [ 00000]
mrv_5                  (insertvalue      ) [ 00000]
mrv_6                  (insertvalue      ) [ 00000]
mrv_7                  (insertvalue      ) [ 00000]
mrv_8                  (insertvalue      ) [ 00000]
mrv_9                  (insertvalue      ) [ 00000]
mrv_10                 (insertvalue      ) [ 00000]
mrv_11                 (insertvalue      ) [ 00000]
mrv_12                 (insertvalue      ) [ 00000]
mrv_13                 (insertvalue      ) [ 00000]
mrv_14                 (insertvalue      ) [ 00000]
return_ln21            (return           ) [ 00000]
</LifeTime>

<model>

<comp_list>
<comp id="0" class="1000" name="data_0_V_read">
<pin_list>
<pin id="1" dir="1" index="0" bw="1" slack="0"/>
</pin_list>
<bind>
<StgValue><ssdm name="data_0_V_read"/></StgValue>
</bind>
</comp>

<comp id="2" class="1000" name="data_1_V_read">
<pin_list>
<pin id="3" dir="1" index="0" bw="1" slack="0"/>
</pin_list>
<bind>
<StgValue><ssdm name="data_1_V_read"/></StgValue>
</bind>
</comp>

<comp id="4" class="1000" name="data_2_V_read">
<pin_list>
<pin id="5" dir="1" index="0" bw="1" slack="0"/>
</pin_list>
<bind>
<StgValue><ssdm name="data_2_V_read"/></StgValue>
</bind>
</comp>

<comp id="6" class="1000" name="data_3_V_read">
<pin_list>
<pin id="7" dir="1" index="0" bw="1" slack="0"/>
</pin_list>
<bind>
<StgValue><ssdm name="data_3_V_read"/></StgValue>
</bind>
</comp>

<comp id="8" class="1000" name="data_4_V_read">
<pin_list>
<pin id="9" dir="1" index="0" bw="1" slack="0"/>
</pin_list>
<bind>
<StgValue><ssdm name="data_4_V_read"/></StgValue>
</bind>
</comp>

<comp id="10" class="1000" name="data_5_V_read">
<pin_list>
<pin id="11" dir="1" index="0" bw="1" slack="0"/>
</pin_list>
<bind>
<StgValue><ssdm name="data_5_V_read"/></StgValue>
</bind>
</comp>

<comp id="12" class="1000" name="data_6_V_read">
<pin_list>
<pin id="13" dir="1" index="0" bw="1" slack="0"/>
</pin_list>
<bind>
<StgValue><ssdm name="data_6_V_read"/></StgValue>
</bind>
</comp>

<comp id="14" class="1000" name="data_7_V_read">
<pin_list>
<pin id="15" dir="1" index="0" bw="1" slack="0"/>
</pin_list>
<bind>
<StgValue><ssdm name="data_7_V_read"/></StgValue>
</bind>
</comp>

<comp id="16" class="1000" name="data_8_V_read">
<pin_list>
<pin id="17" dir="1" index="0" bw="1" slack="0"/>
</pin_list>
<bind>
<StgValue><ssdm name="data_8_V_read"/></StgValue>
</bind>
</comp>

<comp id="18" class="1000" name="data_9_V_read">
<pin_list>
<pin id="19" dir="1" index="0" bw="1" slack="0"/>
</pin_list>
<bind>
<StgValue><ssdm name="data_9_V_read"/></StgValue>
</bind>
</comp>

<comp id="20" class="1000" name="w15_V">
<pin_list>
<pin id="21" dir="1" index="0" bw="1" slack="0"/>
</pin_list>
<bind>
<StgValue><ssdm name="w15_V"/><MemPortTyVec>1 </MemPortTyVec>
</StgValue>
</bind>
</comp>

<comp id="22" class="1001" name="const_22">
<pin_list>
<pin id="23" dir="1" index="0" bw="1" slack="2147483647"/>
</pin_list>
<bind>
<StgValue><ssdm name="_ssdm_op_SpecRegionBegin"/></StgValue>
</bind>
</comp>

<comp id="24" class="1001" name="const_24">
<pin_list>
<pin id="25" dir="1" index="0" bw="1" slack="2147483647"/>
</pin_list>
<bind>
<StgValue><ssdm name="p_str64"/></StgValue>
</bind>
</comp>

<comp id="26" class="1001" name="const_26">
<pin_list>
<pin id="27" dir="1" index="0" bw="1" slack="0"/>
</pin_list>
<bind>
<StgValue><ssdm name=""/></StgValue>
</bind>
</comp>

<comp id="28" class="1001" name="const_28">
<pin_list>
<pin id="29" dir="1" index="0" bw="1" slack="0"/>
</pin_list>
<bind>
<StgValue><ssdm name=""/></StgValue>
</bind>
</comp>

<comp id="30" class="1001" name="const_30">
<pin_list>
<pin id="31" dir="1" index="0" bw="1" slack="0"/>
</pin_list>
<bind>
<StgValue><ssdm name=""/></StgValue>
</bind>
</comp>

<comp id="32" class="1001" name="const_32">
<pin_list>
<pin id="33" dir="1" index="0" bw="1" slack="0"/>
</pin_list>
<bind>
<StgValue><ssdm name="_ssdm_op_Read.ap_auto.i8"/></StgValue>
</bind>
</comp>

<comp id="34" class="1001" name="const_34">
<pin_list>
<pin id="35" dir="1" index="0" bw="1" slack="2147483647"/>
</pin_list>
<bind>
<StgValue><ssdm name="_ssdm_op_SpecMemCore"/></StgValue>
</bind>
</comp>

<comp id="36" class="1001" name="const_36">
<pin_list>
<pin id="37" dir="1" index="0" bw="1" slack="2147483647"/>
</pin_list>
<bind>
<StgValue><ssdm name="p_str17"/></StgValue>
</bind>
</comp>

<comp id="38" class="1001" name="const_38">
<pin_list>
<pin id="39" dir="1" index="0" bw="1" slack="2147483647"/>
</pin_list>
<bind>
<StgValue><ssdm name="p_str50"/></StgValue>
</bind>
</comp>

<comp id="40" class="1001" name="const_40">
<pin_list>
<pin id="41" dir="1" index="0" bw="1" slack="2147483647"/>
</pin_list>
<bind>
<StgValue><ssdm name=""/></StgValue>
</bind>
</comp>

<comp id="42" class="1001" name="const_42">
<pin_list>
<pin id="43" dir="1" index="0" bw="1" slack="2147483647"/>
</pin_list>
<bind>
<StgValue><ssdm name="_ssdm_op_SpecRegionEnd"/></StgValue>
</bind>
</comp>

<comp id="44" class="1001" name="const_44">
<pin_list>
<pin id="45" dir="1" index="0" bw="1" slack="0"/>
</pin_list>
<bind>
<StgValue><ssdm name=""/></StgValue>
</bind>
</comp>

<comp id="46" class="1001" name="const_46">
<pin_list>
<pin id="47" dir="1" index="0" bw="1" slack="0"/>
</pin_list>
<bind>
<StgValue><ssdm name=""/></StgValue>
</bind>
</comp>

<comp id="48" class="1001" name="const_48">
<pin_list>
<pin id="49" dir="1" index="0" bw="1" slack="0"/>
</pin_list>
<bind>
<StgValue><ssdm name=""/></StgValue>
</bind>
</comp>

<comp id="50" class="1001" name="const_50">
<pin_list>
<pin id="51" dir="1" index="0" bw="1" slack="1"/>
</pin_list>
<bind>
<StgValue><ssdm name=""/></StgValue>
</bind>
</comp>

<comp id="52" class="1001" name="const_52">
<pin_list>
<pin id="53" dir="1" index="0" bw="1" slack="0"/>
</pin_list>
<bind>
<StgValue><ssdm name="_ssdm_op_Mux.ap_auto.10i8.i4"/></StgValue>
</bind>
</comp>

<comp id="54" class="1001" name="const_54">
<pin_list>
<pin id="55" dir="1" index="0" bw="1" slack="0"/>
</pin_list>
<bind>
<StgValue><ssdm name="_ssdm_op_PartSelect.i8.i118.i32.i32"/></StgValue>
</bind>
</comp>

<comp id="56" class="1001" name="const_56">
<pin_list>
<pin id="57" dir="1" index="0" bw="1" slack="0"/>
</pin_list>
<bind>
<StgValue><ssdm name=""/></StgValue>
</bind>
</comp>

<comp id="58" class="1001" name="const_58">
<pin_list>
<pin id="59" dir="1" index="0" bw="1" slack="0"/>
</pin_list>
<bind>
<StgValue><ssdm name=""/></StgValue>
</bind>
</comp>

<comp id="60" class="1001" name="const_60">
<pin_list>
<pin id="61" dir="1" index="0" bw="1" slack="0"/>
</pin_list>
<bind>
<StgValue><ssdm name=""/></StgValue>
</bind>
</comp>

<comp id="62" class="1001" name="const_62">
<pin_list>
<pin id="63" dir="1" index="0" bw="1" slack="0"/>
</pin_list>
<bind>
<StgValue><ssdm name=""/></StgValue>
</bind>
</comp>

<comp id="64" class="1001" name="const_64">
<pin_list>
<pin id="65" dir="1" index="0" bw="1" slack="0"/>
</pin_list>
<bind>
<StgValue><ssdm name=""/></StgValue>
</bind>
</comp>

<comp id="66" class="1001" name="const_66">
<pin_list>
<pin id="67" dir="1" index="0" bw="1" slack="0"/>
</pin_list>
<bind>
<StgValue><ssdm name=""/></StgValue>
</bind>
</comp>

<comp id="68" class="1001" name="const_68">
<pin_list>
<pin id="69" dir="1" index="0" bw="1" slack="0"/>
</pin_list>
<bind>
<StgValue><ssdm name=""/></StgValue>
</bind>
</comp>

<comp id="70" class="1001" name="const_70">
<pin_list>
<pin id="71" dir="1" index="0" bw="1" slack="0"/>
</pin_list>
<bind>
<StgValue><ssdm name=""/></StgValue>
</bind>
</comp>

<comp id="72" class="1001" name="const_72">
<pin_list>
<pin id="73" dir="1" index="0" bw="1" slack="0"/>
</pin_list>
<bind>
<StgValue><ssdm name=""/></StgValue>
</bind>
</comp>

<comp id="74" class="1001" name="const_74">
<pin_list>
<pin id="75" dir="1" index="0" bw="1" slack="0"/>
</pin_list>
<bind>
<StgValue><ssdm name=""/></StgValue>
</bind>
</comp>

<comp id="76" class="1001" name="const_76">
<pin_list>
<pin id="77" dir="1" index="0" bw="1" slack="0"/>
</pin_list>
<bind>
<StgValue><ssdm name=""/></StgValue>
</bind>
</comp>

<comp id="78" class="1001" name="const_78">
<pin_list>
<pin id="79" dir="1" index="0" bw="1" slack="0"/>
</pin_list>
<bind>
<StgValue><ssdm name=""/></StgValue>
</bind>
</comp>

<comp id="80" class="1001" name="const_80">
<pin_list>
<pin id="81" dir="1" index="0" bw="1" slack="0"/>
</pin_list>
<bind>
<StgValue><ssdm name=""/></StgValue>
</bind>
</comp>

<comp id="82" class="1001" name="const_82">
<pin_list>
<pin id="83" dir="1" index="0" bw="1" slack="0"/>
</pin_list>
<bind>
<StgValue><ssdm name=""/></StgValue>
</bind>
</comp>

<comp id="84" class="1001" name="const_84">
<pin_list>
<pin id="85" dir="1" index="0" bw="1" slack="0"/>
</pin_list>
<bind>
<StgValue><ssdm name=""/></StgValue>
</bind>
</comp>

<comp id="86" class="1001" name="const_86">
<pin_list>
<pin id="87" dir="1" index="0" bw="1" slack="0"/>
</pin_list>
<bind>
<StgValue><ssdm name=""/></StgValue>
</bind>
</comp>

<comp id="88" class="1001" name="const_88">
<pin_list>
<pin id="89" dir="1" index="0" bw="1" slack="0"/>
</pin_list>
<bind>
<StgValue><ssdm name=""/></StgValue>
</bind>
</comp>

<comp id="90" class="1001" name="const_90">
<pin_list>
<pin id="91" dir="1" index="0" bw="1" slack="0"/>
</pin_list>
<bind>
<StgValue><ssdm name=""/></StgValue>
</bind>
</comp>

<comp id="92" class="1001" name="const_92">
<pin_list>
<pin id="93" dir="1" index="0" bw="1" slack="0"/>
</pin_list>
<bind>
<StgValue><ssdm name=""/></StgValue>
</bind>
</comp>

<comp id="94" class="1001" name="const_94">
<pin_list>
<pin id="95" dir="1" index="0" bw="1" slack="0"/>
</pin_list>
<bind>
<StgValue><ssdm name=""/></StgValue>
</bind>
</comp>

<comp id="96" class="1001" name="const_96">
<pin_list>
<pin id="97" dir="1" index="0" bw="1" slack="0"/>
</pin_list>
<bind>
<StgValue><ssdm name=""/></StgValue>
</bind>
</comp>

<comp id="98" class="1001" name="const_98">
<pin_list>
<pin id="99" dir="1" index="0" bw="1" slack="0"/>
</pin_list>
<bind>
<StgValue><ssdm name=""/></StgValue>
</bind>
</comp>

<comp id="100" class="1001" name="const_100">
<pin_list>
<pin id="101" dir="1" index="0" bw="1" slack="0"/>
</pin_list>
<bind>
<StgValue><ssdm name=""/></StgValue>
</bind>
</comp>

<comp id="102" class="1001" name="const_102">
<pin_list>
<pin id="103" dir="1" index="0" bw="1" slack="0"/>
</pin_list>
<bind>
<StgValue><ssdm name=""/></StgValue>
</bind>
</comp>

<comp id="104" class="1001" name="const_104">
<pin_list>
<pin id="105" dir="1" index="0" bw="1" slack="0"/>
</pin_list>
<bind>
<StgValue><ssdm name=""/></StgValue>
</bind>
</comp>

<comp id="106" class="1001" name="const_106">
<pin_list>
<pin id="107" dir="1" index="0" bw="1" slack="0"/>
</pin_list>
<bind>
<StgValue><ssdm name=""/></StgValue>
</bind>
</comp>

<comp id="108" class="1001" name="const_108">
<pin_list>
<pin id="109" dir="1" index="0" bw="1" slack="0"/>
</pin_list>
<bind>
<StgValue><ssdm name="_ssdm_op_PartSelect.i6.i118.i32.i32"/></StgValue>
</bind>
</comp>

<comp id="110" class="1001" name="const_110">
<pin_list>
<pin id="111" dir="1" index="0" bw="1" slack="0"/>
</pin_list>
<bind>
<StgValue><ssdm name=""/></StgValue>
</bind>
</comp>

<comp id="112" class="1001" name="const_112">
<pin_list>
<pin id="113" dir="1" index="0" bw="1" slack="0"/>
</pin_list>
<bind>
<StgValue><ssdm name=""/></StgValue>
</bind>
</comp>

<comp id="114" class="1001" name="const_114">
<pin_list>
<pin id="115" dir="1" index="0" bw="1" slack="2"/>
</pin_list>
<bind>
<StgValue><ssdm name=""/></StgValue>
</bind>
</comp>

<comp id="116" class="1001" name="const_116">
<pin_list>
<pin id="117" dir="1" index="0" bw="1" slack="2"/>
</pin_list>
<bind>
<StgValue><ssdm name=""/></StgValue>
</bind>
</comp>

<comp id="118" class="1001" name="const_118">
<pin_list>
<pin id="119" dir="1" index="0" bw="1" slack="2"/>
</pin_list>
<bind>
<StgValue><ssdm name=""/></StgValue>
</bind>
</comp>

<comp id="120" class="1001" name="const_120">
<pin_list>
<pin id="121" dir="1" index="0" bw="1" slack="2"/>
</pin_list>
<bind>
<StgValue><ssdm name=""/></StgValue>
</bind>
</comp>

<comp id="122" class="1001" name="const_122">
<pin_list>
<pin id="123" dir="1" index="0" bw="1" slack="2"/>
</pin_list>
<bind>
<StgValue><ssdm name=""/></StgValue>
</bind>
</comp>

<comp id="124" class="1001" name="const_124">
<pin_list>
<pin id="125" dir="1" index="0" bw="1" slack="2"/>
</pin_list>
<bind>
<StgValue><ssdm name=""/></StgValue>
</bind>
</comp>

<comp id="126" class="1001" name="const_126">
<pin_list>
<pin id="127" dir="1" index="0" bw="1" slack="2"/>
</pin_list>
<bind>
<StgValue><ssdm name=""/></StgValue>
</bind>
</comp>

<comp id="128" class="1001" name="const_128">
<pin_list>
<pin id="129" dir="1" index="0" bw="1" slack="2147483647"/>
</pin_list>
<bind>
<StgValue><ssdm name="_ssdm_op_SpecLoopName"/></StgValue>
</bind>
</comp>

<comp id="130" class="1001" name="const_130">
<pin_list>
<pin id="131" dir="1" index="0" bw="1" slack="2147483647"/>
</pin_list>
<bind>
<StgValue><ssdm name="p_str52"/></StgValue>
</bind>
</comp>

<comp id="132" class="1001" name="const_132">
<pin_list>
<pin id="133" dir="1" index="0" bw="1" slack="2147483647"/>
</pin_list>
<bind>
<StgValue><ssdm name="_ssdm_op_SpecPipeline"/></StgValue>
</bind>
</comp>

<comp id="134" class="1001" name="const_134">
<pin_list>
<pin id="135" dir="1" index="0" bw="1" slack="0"/>
</pin_list>
<bind>
<StgValue><ssdm name=""/></StgValue>
</bind>
</comp>

<comp id="136" class="1001" name="const_136">
<pin_list>
<pin id="137" dir="1" index="0" bw="1" slack="2147483647"/>
</pin_list>
<bind>
<StgValue><ssdm name=""/></StgValue>
</bind>
</comp>

<comp id="138" class="1001" name="const_138">
<pin_list>
<pin id="139" dir="1" index="0" bw="1" slack="0"/>
</pin_list>
<bind>
<StgValue><ssdm name="_ssdm_op_PartSelect.i15.i16.i32.i32"/></StgValue>
</bind>
</comp>

<comp id="140" class="1001" name="const_140">
<pin_list>
<pin id="141" dir="1" index="0" bw="1" slack="0"/>
</pin_list>
<bind>
<StgValue><ssdm name="_ssdm_op_PartSelect.i13.i16.i32.i32"/></StgValue>
</bind>
</comp>

<comp id="142" class="1001" name="const_142">
<pin_list>
<pin id="143" dir="1" index="0" bw="1" slack="0"/>
</pin_list>
<bind>
<StgValue><ssdm name=""/></StgValue>
</bind>
</comp>

<comp id="144" class="1001" name="const_144">
<pin_list>
<pin id="145" dir="1" index="0" bw="1" slack="0"/>
</pin_list>
<bind>
<StgValue><ssdm name="_ssdm_op_PartSelect.i13.i14.i32.i32"/></StgValue>
</bind>
</comp>

<comp id="146" class="1001" name="const_146">
<pin_list>
<pin id="147" dir="1" index="0" bw="1" slack="0"/>
</pin_list>
<bind>
<StgValue><ssdm name="_ssdm_op_PartSelect.i8.i13.i32.i32"/></StgValue>
</bind>
</comp>

<comp id="148" class="1001" name="const_148">
<pin_list>
<pin id="149" dir="1" index="0" bw="1" slack="0"/>
</pin_list>
<bind>
<StgValue><ssdm name=""/></StgValue>
</bind>
</comp>

<comp id="150" class="1001" name="const_150">
<pin_list>
<pin id="151" dir="1" index="0" bw="1" slack="0"/>
</pin_list>
<bind>
<StgValue><ssdm name=""/></StgValue>
</bind>
</comp>

<comp id="152" class="1001" name="const_152">
<pin_list>
<pin id="153" dir="1" index="0" bw="1" slack="2147483647"/>
</pin_list>
<bind>
<StgValue><ssdm name="_ssdm_op_SpecLoopTripCount"/></StgValue>
</bind>
</comp>

<comp id="154" class="1001" name="const_154">
<pin_list>
<pin id="155" dir="1" index="0" bw="1" slack="2147483647"/>
</pin_list>
<bind>
<StgValue><ssdm name=""/></StgValue>
</bind>
</comp>

<comp id="156" class="1001" name="const_156">
<pin_list>
<pin id="157" dir="1" index="0" bw="1" slack="0"/>
</pin_list>
<bind>
<StgValue><ssdm name=""/></StgValue>
</bind>
</comp>

<comp id="158" class="1004" name="data_9_V_read_3_read_fu_158">
<pin_list>
<pin id="159" dir="0" index="0" bw="8" slack="0"/>
<pin id="160" dir="0" index="1" bw="8" slack="0"/>
<pin id="161" dir="1" index="2" bw="8" slack="1"/>
</pin_list>
<bind>
<opcode="read(1150) " fcode="read"/>
<opset="data_9_V_read_3/2 "/>
</bind>
</comp>

<comp id="164" class="1004" name="data_8_V_read_3_read_fu_164">
<pin_list>
<pin id="165" dir="0" index="0" bw="8" slack="0"/>
<pin id="166" dir="0" index="1" bw="8" slack="0"/>
<pin id="167" dir="1" index="2" bw="8" slack="1"/>
</pin_list>
<bind>
<opcode="read(1150) " fcode="read"/>
<opset="data_8_V_read_3/2 "/>
</bind>
</comp>

<comp id="170" class="1004" name="data_7_V_read_3_read_fu_170">
<pin_list>
<pin id="171" dir="0" index="0" bw="8" slack="0"/>
<pin id="172" dir="0" index="1" bw="8" slack="0"/>
<pin id="173" dir="1" index="2" bw="8" slack="1"/>
</pin_list>
<bind>
<opcode="read(1150) " fcode="read"/>
<opset="data_7_V_read_3/2 "/>
</bind>
</comp>

<comp id="176" class="1004" name="data_6_V_read42_read_fu_176">
<pin_list>
<pin id="177" dir="0" index="0" bw="8" slack="0"/>
<pin id="178" dir="0" index="1" bw="8" slack="0"/>
<pin id="179" dir="1" index="2" bw="8" slack="1"/>
</pin_list>
<bind>
<opcode="read(1150) " fcode="read"/>
<opset="data_6_V_read42/2 "/>
</bind>
</comp>

<comp id="182" class="1004" name="data_5_V_read41_read_fu_182">
<pin_list>
<pin id="183" dir="0" index="0" bw="8" slack="0"/>
<pin id="184" dir="0" index="1" bw="8" slack="0"/>
<pin id="185" dir="1" index="2" bw="8" slack="1"/>
</pin_list>
<bind>
<opcode="read(1150) " fcode="read"/>
<opset="data_5_V_read41/2 "/>
</bind>
</comp>

<comp id="188" class="1004" name="data_4_V_read_3_read_fu_188">
<pin_list>
<pin id="189" dir="0" index="0" bw="8" slack="0"/>
<pin id="190" dir="0" index="1" bw="8" slack="0"/>
<pin id="191" dir="1" index="2" bw="8" slack="1"/>
</pin_list>
<bind>
<opcode="read(1150) " fcode="read"/>
<opset="data_4_V_read_3/2 "/>
</bind>
</comp>

<comp id="194" class="1004" name="data_3_V_read_3_read_fu_194">
<pin_list>
<pin id="195" dir="0" index="0" bw="8" slack="0"/>
<pin id="196" dir="0" index="1" bw="8" slack="0"/>
<pin id="197" dir="1" index="2" bw="8" slack="1"/>
</pin_list>
<bind>
<opcode="read(1150) " fcode="read"/>
<opset="data_3_V_read_3/2 "/>
</bind>
</comp>

<comp id="200" class="1004" name="data_2_V_read_3_read_fu_200">
<pin_list>
<pin id="201" dir="0" index="0" bw="8" slack="0"/>
<pin id="202" dir="0" index="1" bw="8" slack="0"/>
<pin id="203" dir="1" index="2" bw="8" slack="1"/>
</pin_list>
<bind>
<opcode="read(1150) " fcode="read"/>
<opset="data_2_V_read_3/2 "/>
</bind>
</comp>

<comp id="206" class="1004" name="data_1_V_read_3_read_fu_206">
<pin_list>
<pin id="207" dir="0" index="0" bw="8" slack="0"/>
<pin id="208" dir="0" index="1" bw="8" slack="0"/>
<pin id="209" dir="1" index="2" bw="8" slack="1"/>
</pin_list>
<bind>
<opcode="read(1150) " fcode="read"/>
<opset="data_1_V_read_3/2 "/>
</bind>
</comp>

<comp id="212" class="1004" name="data_0_V_read_3_read_fu_212">
<pin_list>
<pin id="213" dir="0" index="0" bw="8" slack="0"/>
<pin id="214" dir="0" index="1" bw="8" slack="0"/>
<pin id="215" dir="1" index="2" bw="8" slack="1"/>
</pin_list>
<bind>
<opcode="read(1150) " fcode="read"/>
<opset="data_0_V_read_3/2 "/>
</bind>
</comp>

<comp id="218" class="1004" name="w15_V_addr_gep_fu_218">
<pin_list>
<pin id="219" dir="0" index="0" bw="118" slack="0"/>
<pin id="220" dir="0" index="1" bw="1" slack="0"/>
<pin id="221" dir="0" index="2" bw="4" slack="0"/>
<pin id="222" dir="1" index="3" bw="4" slack="0"/>
</pin_list>
<bind>
<opcode="getelementptr(29) " fcode="getelementptr"/>
<opset="w15_V_addr/2 "/>
</bind>
</comp>

<comp id="225" class="1004" name="grp_access_fu_225">
<pin_list>
<pin id="226" dir="0" index="0" bw="4" slack="0"/>
<pin id="227" dir="0" index="1" bw="118" slack="2147483647"/>
<pin id="228" dir="0" index="2" bw="0" slack="2147483647"/>
<pin id="229" dir="1" index="3" bw="118" slack="0"/>
</pin_list>
<bind>
<opcode="load(27) " fcode="load"/>
<opset="w15_V_load/2 "/>
</bind>
</comp>

<comp id="231" class="1005" name="do_init_reg_231">
<pin_list>
<pin id="232" dir="0" index="0" bw="1" slack="1"/>
<pin id="233" dir="1" index="1" bw="1" slack="1"/>
</pin_list>
<bind>
<opset="do_init (phireg) "/>
</bind>
</comp>

<comp id="235" class="1004" name="do_init_phi_fu_235">
<pin_list>
<pin id="236" dir="0" index="0" bw="1" slack="1"/>
<pin id="237" dir="0" index="1" bw="0" slack="2147483647"/>
<pin id="238" dir="0" index="2" bw="1" slack="0"/>
<pin id="239" dir="0" index="3" bw="0" slack="2147483647"/>
<pin id="240" dir="0" index="4" bw="1" slack="0"/>
<pin id="241" dir="0" index="5" bw="0" slack="2147483647"/>
<pin id="242" dir="1" index="6" bw="1" slack="1"/>
</pin_list>
<bind>
<opcode="phi(47) " fcode="phi"/>
<opset="do_init/2 "/>
</bind>
</comp>

<comp id="247" class="1005" name="w_index35_reg_247">
<pin_list>
<pin id="248" dir="0" index="0" bw="4" slack="1"/>
<pin id="249" dir="1" index="1" bw="4" slack="1"/>
</pin_list>
<bind>
<opset="w_index35 (phireg) "/>
</bind>
</comp>

<comp id="251" class="1004" name="w_index35_phi_fu_251">
<pin_list>
<pin id="252" dir="0" index="0" bw="1" slack="1"/>
<pin id="253" dir="0" index="1" bw="0" slack="2147483647"/>
<pin id="254" dir="0" index="2" bw="4" slack="0"/>
<pin id="255" dir="0" index="3" bw="0" slack="2147483647"/>
<pin id="256" dir="0" index="4" bw="1" slack="0"/>
<pin id="257" dir="0" index="5" bw="0" slack="2147483647"/>
<pin id="258" dir="1" index="6" bw="4" slack="0"/>
</pin_list>
<bind>
<opcode="phi(47) " fcode="phi"/>
<opset="w_index35/2 "/>
</bind>
</comp>

<comp id="262" class="1005" name="data_0_V_read36_rewind_reg_262">
<pin_list>
<pin id="263" dir="0" index="0" bw="8" slack="1"/>
<pin id="264" dir="1" index="1" bw="8" slack="1"/>
</pin_list>
<bind>
<opset="data_0_V_read36_rewind (phireg) "/>
</bind>
</comp>

<comp id="266" class="1004" name="data_0_V_read36_rewind_phi_fu_266">
<pin_list>
<pin id="267" dir="0" index="0" bw="1" slack="2"/>
<pin id="268" dir="0" index="1" bw="0" slack="2147483647"/>
<pin id="269" dir="0" index="2" bw="8" slack="0"/>
<pin id="270" dir="0" index="3" bw="0" slack="2147483647"/>
<pin id="271" dir="0" index="4" bw="1" slack="1"/>
<pin id="272" dir="0" index="5" bw="0" slack="2147483647"/>
<pin id="273" dir="1" index="6" bw="8" slack="0"/>
</pin_list>
<bind>
<opcode="phi(47) " fcode="phi"/>
<opset="data_0_V_read36_rewind/3 "/>
</bind>
</comp>

<comp id="276" class="1005" name="data_1_V_read37_rewind_reg_276">
<pin_list>
<pin id="277" dir="0" index="0" bw="8" slack="1"/>
<pin id="278" dir="1" index="1" bw="8" slack="1"/>
</pin_list>
<bind>
<opset="data_1_V_read37_rewind (phireg) "/>
</bind>
</comp>

<comp id="280" class="1004" name="data_1_V_read37_rewind_phi_fu_280">
<pin_list>
<pin id="281" dir="0" index="0" bw="1" slack="2"/>
<pin id="282" dir="0" index="1" bw="0" slack="2147483647"/>
<pin id="283" dir="0" index="2" bw="8" slack="0"/>
<pin id="284" dir="0" index="3" bw="0" slack="2147483647"/>
<pin id="285" dir="0" index="4" bw="1" slack="1"/>
<pin id="286" dir="0" index="5" bw="0" slack="2147483647"/>
<pin id="287" dir="1" index="6" bw="8" slack="0"/>
</pin_list>
<bind>
<opcode="phi(47) " fcode="phi"/>
<opset="data_1_V_read37_rewind/3 "/>
</bind>
</comp>

<comp id="290" class="1005" name="data_2_V_read38_rewind_reg_290">
<pin_list>
<pin id="291" dir="0" index="0" bw="8" slack="1"/>
<pin id="292" dir="1" index="1" bw="8" slack="1"/>
</pin_list>
<bind>
<opset="data_2_V_read38_rewind (phireg) "/>
</bind>
</comp>

<comp id="294" class="1004" name="data_2_V_read38_rewind_phi_fu_294">
<pin_list>
<pin id="295" dir="0" index="0" bw="1" slack="2"/>
<pin id="296" dir="0" index="1" bw="0" slack="2147483647"/>
<pin id="297" dir="0" index="2" bw="8" slack="0"/>
<pin id="298" dir="0" index="3" bw="0" slack="2147483647"/>
<pin id="299" dir="0" index="4" bw="1" slack="1"/>
<pin id="300" dir="0" index="5" bw="0" slack="2147483647"/>
<pin id="301" dir="1" index="6" bw="8" slack="0"/>
</pin_list>
<bind>
<opcode="phi(47) " fcode="phi"/>
<opset="data_2_V_read38_rewind/3 "/>
</bind>
</comp>

<comp id="304" class="1005" name="data_3_V_read39_rewind_reg_304">
<pin_list>
<pin id="305" dir="0" index="0" bw="8" slack="1"/>
<pin id="306" dir="1" index="1" bw="8" slack="1"/>
</pin_list>
<bind>
<opset="data_3_V_read39_rewind (phireg) "/>
</bind>
</comp>

<comp id="308" class="1004" name="data_3_V_read39_rewind_phi_fu_308">
<pin_list>
<pin id="309" dir="0" index="0" bw="1" slack="2"/>
<pin id="310" dir="0" index="1" bw="0" slack="2147483647"/>
<pin id="311" dir="0" index="2" bw="8" slack="0"/>
<pin id="312" dir="0" index="3" bw="0" slack="2147483647"/>
<pin id="313" dir="0" index="4" bw="1" slack="1"/>
<pin id="314" dir="0" index="5" bw="0" slack="2147483647"/>
<pin id="315" dir="1" index="6" bw="8" slack="0"/>
</pin_list>
<bind>
<opcode="phi(47) " fcode="phi"/>
<opset="data_3_V_read39_rewind/3 "/>
</bind>
</comp>

<comp id="318" class="1005" name="data_4_V_read40_rewind_reg_318">
<pin_list>
<pin id="319" dir="0" index="0" bw="8" slack="1"/>
<pin id="320" dir="1" index="1" bw="8" slack="1"/>
</pin_list>
<bind>
<opset="data_4_V_read40_rewind (phireg) "/>
</bind>
</comp>

<comp id="322" class="1004" name="data_4_V_read40_rewind_phi_fu_322">
<pin_list>
<pin id="323" dir="0" index="0" bw="1" slack="2"/>
<pin id="324" dir="0" index="1" bw="0" slack="2147483647"/>
<pin id="325" dir="0" index="2" bw="8" slack="0"/>
<pin id="326" dir="0" index="3" bw="0" slack="2147483647"/>
<pin id="327" dir="0" index="4" bw="1" slack="1"/>
<pin id="328" dir="0" index="5" bw="0" slack="2147483647"/>
<pin id="329" dir="1" index="6" bw="8" slack="0"/>
</pin_list>
<bind>
<opcode="phi(47) " fcode="phi"/>
<opset="data_4_V_read40_rewind/3 "/>
</bind>
</comp>

<comp id="332" class="1005" name="data_5_V_read41_rewind_reg_332">
<pin_list>
<pin id="333" dir="0" index="0" bw="8" slack="1"/>
<pin id="334" dir="1" index="1" bw="8" slack="1"/>
</pin_list>
<bind>
<opset="data_5_V_read41_rewind (phireg) "/>
</bind>
</comp>

<comp id="336" class="1004" name="data_5_V_read41_rewind_phi_fu_336">
<pin_list>
<pin id="337" dir="0" index="0" bw="1" slack="2"/>
<pin id="338" dir="0" index="1" bw="0" slack="2147483647"/>
<pin id="339" dir="0" index="2" bw="8" slack="0"/>
<pin id="340" dir="0" index="3" bw="0" slack="2147483647"/>
<pin id="341" dir="0" index="4" bw="1" slack="1"/>
<pin id="342" dir="0" index="5" bw="0" slack="2147483647"/>
<pin id="343" dir="1" index="6" bw="8" slack="0"/>
</pin_list>
<bind>
<opcode="phi(47) " fcode="phi"/>
<opset="data_5_V_read41_rewind/3 "/>
</bind>
</comp>

<comp id="346" class="1005" name="data_6_V_read42_rewind_reg_346">
<pin_list>
<pin id="347" dir="0" index="0" bw="8" slack="1"/>
<pin id="348" dir="1" index="1" bw="8" slack="1"/>
</pin_list>
<bind>
<opset="data_6_V_read42_rewind (phireg) "/>
</bind>
</comp>

<comp id="350" class="1004" name="data_6_V_read42_rewind_phi_fu_350">
<pin_list>
<pin id="351" dir="0" index="0" bw="1" slack="2"/>
<pin id="352" dir="0" index="1" bw="0" slack="2147483647"/>
<pin id="353" dir="0" index="2" bw="8" slack="0"/>
<pin id="354" dir="0" index="3" bw="0" slack="2147483647"/>
<pin id="355" dir="0" index="4" bw="1" slack="1"/>
<pin id="356" dir="0" index="5" bw="0" slack="2147483647"/>
<pin id="357" dir="1" index="6" bw="8" slack="0"/>
</pin_list>
<bind>
<opcode="phi(47) " fcode="phi"/>
<opset="data_6_V_read42_rewind/3 "/>
</bind>
</comp>

<comp id="360" class="1005" name="data_7_V_read43_rewind_reg_360">
<pin_list>
<pin id="361" dir="0" index="0" bw="8" slack="1"/>
<pin id="362" dir="1" index="1" bw="8" slack="1"/>
</pin_list>
<bind>
<opset="data_7_V_read43_rewind (phireg) "/>
</bind>
</comp>

<comp id="364" class="1004" name="data_7_V_read43_rewind_phi_fu_364">
<pin_list>
<pin id="365" dir="0" index="0" bw="1" slack="2"/>
<pin id="366" dir="0" index="1" bw="0" slack="2147483647"/>
<pin id="367" dir="0" index="2" bw="8" slack="0"/>
<pin id="368" dir="0" index="3" bw="0" slack="2147483647"/>
<pin id="369" dir="0" index="4" bw="1" slack="1"/>
<pin id="370" dir="0" index="5" bw="0" slack="2147483647"/>
<pin id="371" dir="1" index="6" bw="8" slack="0"/>
</pin_list>
<bind>
<opcode="phi(47) " fcode="phi"/>
<opset="data_7_V_read43_rewind/3 "/>
</bind>
</comp>

<comp id="374" class="1005" name="data_8_V_read44_rewind_reg_374">
<pin_list>
<pin id="375" dir="0" index="0" bw="8" slack="1"/>
<pin id="376" dir="1" index="1" bw="8" slack="1"/>
</pin_list>
<bind>
<opset="data_8_V_read44_rewind (phireg) "/>
</bind>
</comp>

<comp id="378" class="1004" name="data_8_V_read44_rewind_phi_fu_378">
<pin_list>
<pin id="379" dir="0" index="0" bw="1" slack="2"/>
<pin id="380" dir="0" index="1" bw="0" slack="2147483647"/>
<pin id="381" dir="0" index="2" bw="8" slack="0"/>
<pin id="382" dir="0" index="3" bw="0" slack="2147483647"/>
<pin id="383" dir="0" index="4" bw="1" slack="1"/>
<pin id="384" dir="0" index="5" bw="0" slack="2147483647"/>
<pin id="385" dir="1" index="6" bw="8" slack="0"/>
</pin_list>
<bind>
<opcode="phi(47) " fcode="phi"/>
<opset="data_8_V_read44_rewind/3 "/>
</bind>
</comp>

<comp id="388" class="1005" name="data_9_V_read45_rewind_reg_388">
<pin_list>
<pin id="389" dir="0" index="0" bw="8" slack="1"/>
<pin id="390" dir="1" index="1" bw="8" slack="1"/>
</pin_list>
<bind>
<opset="data_9_V_read45_rewind (phireg) "/>
</bind>
</comp>

<comp id="392" class="1004" name="data_9_V_read45_rewind_phi_fu_392">
<pin_list>
<pin id="393" dir="0" index="0" bw="1" slack="2"/>
<pin id="394" dir="0" index="1" bw="0" slack="2147483647"/>
<pin id="395" dir="0" index="2" bw="8" slack="0"/>
<pin id="396" dir="0" index="3" bw="0" slack="2147483647"/>
<pin id="397" dir="0" index="4" bw="1" slack="1"/>
<pin id="398" dir="0" index="5" bw="0" slack="2147483647"/>
<pin id="399" dir="1" index="6" bw="8" slack="0"/>
</pin_list>
<bind>
<opcode="phi(47) " fcode="phi"/>
<opset="data_9_V_read45_rewind/3 "/>
</bind>
</comp>

<comp id="402" class="1005" name="data_0_V_read36_phi_reg_402">
<pin_list>
<pin id="403" dir="0" index="0" bw="8" slack="0"/>
<pin id="404" dir="1" index="1" bw="8" slack="0"/>
</pin_list>
<bind>
<opset="data_0_V_read36_phi (phireg) "/>
</bind>
</comp>

<comp id="406" class="1004" name="data_0_V_read36_phi_phi_fu_406">
<pin_list>
<pin id="407" dir="0" index="0" bw="8" slack="1"/>
<pin id="408" dir="0" index="1" bw="0" slack="2147483647"/>
<pin id="409" dir="0" index="2" bw="8" slack="0"/>
<pin id="410" dir="0" index="3" bw="0" slack="2147483647"/>
<pin id="411" dir="1" index="4" bw="8" slack="0"/>
</pin_list>
<bind>
<opcode="phi(47) " fcode="phi"/>
<opset="data_0_V_read36_phi/3 "/>
</bind>
</comp>

<comp id="414" class="1005" name="data_1_V_read37_phi_reg_414">
<pin_list>
<pin id="415" dir="0" index="0" bw="8" slack="0"/>
<pin id="416" dir="1" index="1" bw="8" slack="0"/>
</pin_list>
<bind>
<opset="data_1_V_read37_phi (phireg) "/>
</bind>
</comp>

<comp id="418" class="1004" name="data_1_V_read37_phi_phi_fu_418">
<pin_list>
<pin id="419" dir="0" index="0" bw="8" slack="1"/>
<pin id="420" dir="0" index="1" bw="0" slack="2147483647"/>
<pin id="421" dir="0" index="2" bw="8" slack="0"/>
<pin id="422" dir="0" index="3" bw="0" slack="2147483647"/>
<pin id="423" dir="1" index="4" bw="8" slack="0"/>
</pin_list>
<bind>
<opcode="phi(47) " fcode="phi"/>
<opset="data_1_V_read37_phi/3 "/>
</bind>
</comp>

<comp id="426" class="1005" name="data_2_V_read38_phi_reg_426">
<pin_list>
<pin id="427" dir="0" index="0" bw="8" slack="0"/>
<pin id="428" dir="1" index="1" bw="8" slack="0"/>
</pin_list>
<bind>
<opset="data_2_V_read38_phi (phireg) "/>
</bind>
</comp>

<comp id="430" class="1004" name="data_2_V_read38_phi_phi_fu_430">
<pin_list>
<pin id="431" dir="0" index="0" bw="8" slack="1"/>
<pin id="432" dir="0" index="1" bw="0" slack="2147483647"/>
<pin id="433" dir="0" index="2" bw="8" slack="0"/>
<pin id="434" dir="0" index="3" bw="0" slack="2147483647"/>
<pin id="435" dir="1" index="4" bw="8" slack="0"/>
</pin_list>
<bind>
<opcode="phi(47) " fcode="phi"/>
<opset="data_2_V_read38_phi/3 "/>
</bind>
</comp>

<comp id="438" class="1005" name="data_3_V_read39_phi_reg_438">
<pin_list>
<pin id="439" dir="0" index="0" bw="8" slack="0"/>
<pin id="440" dir="1" index="1" bw="8" slack="0"/>
</pin_list>
<bind>
<opset="data_3_V_read39_phi (phireg) "/>
</bind>
</comp>

<comp id="442" class="1004" name="data_3_V_read39_phi_phi_fu_442">
<pin_list>
<pin id="443" dir="0" index="0" bw="8" slack="1"/>
<pin id="444" dir="0" index="1" bw="0" slack="2147483647"/>
<pin id="445" dir="0" index="2" bw="8" slack="0"/>
<pin id="446" dir="0" index="3" bw="0" slack="2147483647"/>
<pin id="447" dir="1" index="4" bw="8" slack="0"/>
</pin_list>
<bind>
<opcode="phi(47) " fcode="phi"/>
<opset="data_3_V_read39_phi/3 "/>
</bind>
</comp>

<comp id="450" class="1005" name="data_4_V_read40_phi_reg_450">
<pin_list>
<pin id="451" dir="0" index="0" bw="8" slack="0"/>
<pin id="452" dir="1" index="1" bw="8" slack="0"/>
</pin_list>
<bind>
<opset="data_4_V_read40_phi (phireg) "/>
</bind>
</comp>

<comp id="454" class="1004" name="data_4_V_read40_phi_phi_fu_454">
<pin_list>
<pin id="455" dir="0" index="0" bw="8" slack="1"/>
<pin id="456" dir="0" index="1" bw="0" slack="2147483647"/>
<pin id="457" dir="0" index="2" bw="8" slack="0"/>
<pin id="458" dir="0" index="3" bw="0" slack="2147483647"/>
<pin id="459" dir="1" index="4" bw="8" slack="0"/>
</pin_list>
<bind>
<opcode="phi(47) " fcode="phi"/>
<opset="data_4_V_read40_phi/3 "/>
</bind>
</comp>

<comp id="462" class="1005" name="data_5_V_read41_phi_reg_462">
<pin_list>
<pin id="463" dir="0" index="0" bw="8" slack="0"/>
<pin id="464" dir="1" index="1" bw="8" slack="0"/>
</pin_list>
<bind>
<opset="data_5_V_read41_phi (phireg) "/>
</bind>
</comp>

<comp id="466" class="1004" name="data_5_V_read41_phi_phi_fu_466">
<pin_list>
<pin id="467" dir="0" index="0" bw="8" slack="1"/>
<pin id="468" dir="0" index="1" bw="0" slack="2147483647"/>
<pin id="469" dir="0" index="2" bw="8" slack="0"/>
<pin id="470" dir="0" index="3" bw="0" slack="2147483647"/>
<pin id="471" dir="1" index="4" bw="8" slack="0"/>
</pin_list>
<bind>
<opcode="phi(47) " fcode="phi"/>
<opset="data_5_V_read41_phi/3 "/>
</bind>
</comp>

<comp id="474" class="1005" name="data_6_V_read42_phi_reg_474">
<pin_list>
<pin id="475" dir="0" index="0" bw="8" slack="0"/>
<pin id="476" dir="1" index="1" bw="8" slack="0"/>
</pin_list>
<bind>
<opset="data_6_V_read42_phi (phireg) "/>
</bind>
</comp>

<comp id="478" class="1004" name="data_6_V_read42_phi_phi_fu_478">
<pin_list>
<pin id="479" dir="0" index="0" bw="8" slack="1"/>
<pin id="480" dir="0" index="1" bw="0" slack="2147483647"/>
<pin id="481" dir="0" index="2" bw="8" slack="0"/>
<pin id="482" dir="0" index="3" bw="0" slack="2147483647"/>
<pin id="483" dir="1" index="4" bw="8" slack="0"/>
</pin_list>
<bind>
<opcode="phi(47) " fcode="phi"/>
<opset="data_6_V_read42_phi/3 "/>
</bind>
</comp>

<comp id="486" class="1005" name="data_7_V_read43_phi_reg_486">
<pin_list>
<pin id="487" dir="0" index="0" bw="8" slack="0"/>
<pin id="488" dir="1" index="1" bw="8" slack="0"/>
</pin_list>
<bind>
<opset="data_7_V_read43_phi (phireg) "/>
</bind>
</comp>

<comp id="490" class="1004" name="data_7_V_read43_phi_phi_fu_490">
<pin_list>
<pin id="491" dir="0" index="0" bw="8" slack="1"/>
<pin id="492" dir="0" index="1" bw="0" slack="2147483647"/>
<pin id="493" dir="0" index="2" bw="8" slack="0"/>
<pin id="494" dir="0" index="3" bw="0" slack="2147483647"/>
<pin id="495" dir="1" index="4" bw="8" slack="0"/>
</pin_list>
<bind>
<opcode="phi(47) " fcode="phi"/>
<opset="data_7_V_read43_phi/3 "/>
</bind>
</comp>

<comp id="498" class="1005" name="data_8_V_read44_phi_reg_498">
<pin_list>
<pin id="499" dir="0" index="0" bw="8" slack="0"/>
<pin id="500" dir="1" index="1" bw="8" slack="0"/>
</pin_list>
<bind>
<opset="data_8_V_read44_phi (phireg) "/>
</bind>
</comp>

<comp id="502" class="1004" name="data_8_V_read44_phi_phi_fu_502">
<pin_list>
<pin id="503" dir="0" index="0" bw="8" slack="1"/>
<pin id="504" dir="0" index="1" bw="0" slack="2147483647"/>
<pin id="505" dir="0" index="2" bw="8" slack="0"/>
<pin id="506" dir="0" index="3" bw="0" slack="2147483647"/>
<pin id="507" dir="1" index="4" bw="8" slack="0"/>
</pin_list>
<bind>
<opcode="phi(47) " fcode="phi"/>
<opset="data_8_V_read44_phi/3 "/>
</bind>
</comp>

<comp id="510" class="1005" name="data_9_V_read45_phi_reg_510">
<pin_list>
<pin id="511" dir="0" index="0" bw="8" slack="0"/>
<pin id="512" dir="1" index="1" bw="8" slack="0"/>
</pin_list>
<bind>
<opset="data_9_V_read45_phi (phireg) "/>
</bind>
</comp>

<comp id="514" class="1004" name="data_9_V_read45_phi_phi_fu_514">
<pin_list>
<pin id="515" dir="0" index="0" bw="8" slack="1"/>
<pin id="516" dir="0" index="1" bw="0" slack="2147483647"/>
<pin id="517" dir="0" index="2" bw="8" slack="0"/>
<pin id="518" dir="0" index="3" bw="0" slack="2147483647"/>
<pin id="519" dir="1" index="4" bw="8" slack="0"/>
</pin_list>
<bind>
<opcode="phi(47) " fcode="phi"/>
<opset="data_9_V_read45_phi/3 "/>
</bind>
</comp>

<comp id="522" class="1005" name="acc_V_14_019_reg_522">
<pin_list>
<pin id="523" dir="0" index="0" bw="16" slack="2"/>
<pin id="524" dir="1" index="1" bw="16" slack="2"/>
</pin_list>
<bind>
<opset="acc_V_14_019 (phireg) "/>
</bind>
</comp>

<comp id="526" class="1004" name="acc_V_14_019_phi_fu_526">
<pin_list>
<pin id="527" dir="0" index="0" bw="1" slack="3"/>
<pin id="528" dir="0" index="1" bw="0" slack="2147483647"/>
<pin id="529" dir="0" index="2" bw="16" slack="0"/>
<pin id="530" dir="0" index="3" bw="0" slack="2147483647"/>
<pin id="531" dir="0" index="4" bw="1" slack="2"/>
<pin id="532" dir="0" index="5" bw="0" slack="2147483647"/>
<pin id="533" dir="1" index="6" bw="16" slack="0"/>
</pin_list>
<bind>
<opcode="phi(47) " fcode="phi"/>
<opset="acc_V_14_019/4 "/>
</bind>
</comp>

<comp id="536" class="1005" name="acc_V_13_018_reg_536">
<pin_list>
<pin id="537" dir="0" index="0" bw="16" slack="2"/>
<pin id="538" dir="1" index="1" bw="16" slack="2"/>
</pin_list>
<bind>
<opset="acc_V_13_018 (phireg) "/>
</bind>
</comp>

<comp id="540" class="1004" name="acc_V_13_018_phi_fu_540">
<pin_list>
<pin id="541" dir="0" index="0" bw="1" slack="3"/>
<pin id="542" dir="0" index="1" bw="0" slack="2147483647"/>
<pin id="543" dir="0" index="2" bw="16" slack="0"/>
<pin id="544" dir="0" index="3" bw="0" slack="2147483647"/>
<pin id="545" dir="0" index="4" bw="1" slack="2"/>
<pin id="546" dir="0" index="5" bw="0" slack="2147483647"/>
<pin id="547" dir="1" index="6" bw="16" slack="0"/>
</pin_list>
<bind>
<opcode="phi(47) " fcode="phi"/>
<opset="acc_V_13_018/4 "/>
</bind>
</comp>

<comp id="550" class="1005" name="acc_V_12_017_reg_550">
<pin_list>
<pin id="551" dir="0" index="0" bw="16" slack="2"/>
<pin id="552" dir="1" index="1" bw="16" slack="2"/>
</pin_list>
<bind>
<opset="acc_V_12_017 (phireg) "/>
</bind>
</comp>

<comp id="554" class="1004" name="acc_V_12_017_phi_fu_554">
<pin_list>
<pin id="555" dir="0" index="0" bw="7" slack="3"/>
<pin id="556" dir="0" index="1" bw="0" slack="2147483647"/>
<pin id="557" dir="0" index="2" bw="16" slack="0"/>
<pin id="558" dir="0" index="3" bw="0" slack="2147483647"/>
<pin id="559" dir="0" index="4" bw="7" slack="2"/>
<pin id="560" dir="0" index="5" bw="0" slack="2147483647"/>
<pin id="561" dir="1" index="6" bw="16" slack="0"/>
</pin_list>
<bind>
<opcode="phi(47) " fcode="phi"/>
<opset="acc_V_12_017/4 "/>
</bind>
</comp>

<comp id="564" class="1005" name="acc_V_11_016_reg_564">
<pin_list>
<pin id="565" dir="0" index="0" bw="16" slack="2"/>
<pin id="566" dir="1" index="1" bw="16" slack="2"/>
</pin_list>
<bind>
<opset="acc_V_11_016 (phireg) "/>
</bind>
</comp>

<comp id="568" class="1004" name="acc_V_11_016_phi_fu_568">
<pin_list>
<pin id="569" dir="0" index="0" bw="7" slack="3"/>
<pin id="570" dir="0" index="1" bw="0" slack="2147483647"/>
<pin id="571" dir="0" index="2" bw="16" slack="0"/>
<pin id="572" dir="0" index="3" bw="0" slack="2147483647"/>
<pin id="573" dir="0" index="4" bw="7" slack="2"/>
<pin id="574" dir="0" index="5" bw="0" slack="2147483647"/>
<pin id="575" dir="1" index="6" bw="16" slack="0"/>
</pin_list>
<bind>
<opcode="phi(47) " fcode="phi"/>
<opset="acc_V_11_016/4 "/>
</bind>
</comp>

<comp id="578" class="1005" name="acc_V_10_015_reg_578">
<pin_list>
<pin id="579" dir="0" index="0" bw="16" slack="2"/>
<pin id="580" dir="1" index="1" bw="16" slack="2"/>
</pin_list>
<bind>
<opset="acc_V_10_015 (phireg) "/>
</bind>
</comp>

<comp id="582" class="1004" name="acc_V_10_015_phi_fu_582">
<pin_list>
<pin id="583" dir="0" index="0" bw="1" slack="3"/>
<pin id="584" dir="0" index="1" bw="0" slack="2147483647"/>
<pin id="585" dir="0" index="2" bw="16" slack="0"/>
<pin id="586" dir="0" index="3" bw="0" slack="2147483647"/>
<pin id="587" dir="0" index="4" bw="1" slack="2"/>
<pin id="588" dir="0" index="5" bw="0" slack="2147483647"/>
<pin id="589" dir="1" index="6" bw="16" slack="0"/>
</pin_list>
<bind>
<opcode="phi(47) " fcode="phi"/>
<opset="acc_V_10_015/4 "/>
</bind>
</comp>

<comp id="592" class="1005" name="acc_V_9_014_reg_592">
<pin_list>
<pin id="593" dir="0" index="0" bw="16" slack="2"/>
<pin id="594" dir="1" index="1" bw="16" slack="2"/>
</pin_list>
<bind>
<opset="acc_V_9_014 (phireg) "/>
</bind>
</comp>

<comp id="596" class="1004" name="acc_V_9_014_phi_fu_596">
<pin_list>
<pin id="597" dir="0" index="0" bw="1" slack="3"/>
<pin id="598" dir="0" index="1" bw="0" slack="2147483647"/>
<pin id="599" dir="0" index="2" bw="16" slack="0"/>
<pin id="600" dir="0" index="3" bw="0" slack="2147483647"/>
<pin id="601" dir="0" index="4" bw="1" slack="2"/>
<pin id="602" dir="0" index="5" bw="0" slack="2147483647"/>
<pin id="603" dir="1" index="6" bw="16" slack="0"/>
</pin_list>
<bind>
<opcode="phi(47) " fcode="phi"/>
<opset="acc_V_9_014/4 "/>
</bind>
</comp>

<comp id="606" class="1005" name="acc_V_8_013_reg_606">
<pin_list>
<pin id="607" dir="0" index="0" bw="16" slack="2"/>
<pin id="608" dir="1" index="1" bw="16" slack="2"/>
</pin_list>
<bind>
<opset="acc_V_8_013 (phireg) "/>
</bind>
</comp>

<comp id="610" class="1004" name="acc_V_8_013_phi_fu_610">
<pin_list>
<pin id="611" dir="0" index="0" bw="7" slack="3"/>
<pin id="612" dir="0" index="1" bw="0" slack="2147483647"/>
<pin id="613" dir="0" index="2" bw="16" slack="0"/>
<pin id="614" dir="0" index="3" bw="0" slack="2147483647"/>
<pin id="615" dir="0" index="4" bw="7" slack="2"/>
<pin id="616" dir="0" index="5" bw="0" slack="2147483647"/>
<pin id="617" dir="1" index="6" bw="16" slack="0"/>
</pin_list>
<bind>
<opcode="phi(47) " fcode="phi"/>
<opset="acc_V_8_013/4 "/>
</bind>
</comp>

<comp id="620" class="1005" name="acc_V_7_012_reg_620">
<pin_list>
<pin id="621" dir="0" index="0" bw="16" slack="2"/>
<pin id="622" dir="1" index="1" bw="16" slack="2"/>
</pin_list>
<bind>
<opset="acc_V_7_012 (phireg) "/>
</bind>
</comp>

<comp id="624" class="1004" name="acc_V_7_012_phi_fu_624">
<pin_list>
<pin id="625" dir="0" index="0" bw="7" slack="3"/>
<pin id="626" dir="0" index="1" bw="0" slack="2147483647"/>
<pin id="627" dir="0" index="2" bw="16" slack="0"/>
<pin id="628" dir="0" index="3" bw="0" slack="2147483647"/>
<pin id="629" dir="0" index="4" bw="7" slack="2"/>
<pin id="630" dir="0" index="5" bw="0" slack="2147483647"/>
<pin id="631" dir="1" index="6" bw="16" slack="0"/>
</pin_list>
<bind>
<opcode="phi(47) " fcode="phi"/>
<opset="acc_V_7_012/4 "/>
</bind>
</comp>

<comp id="634" class="1005" name="acc_V_6_011_reg_634">
<pin_list>
<pin id="635" dir="0" index="0" bw="16" slack="2"/>
<pin id="636" dir="1" index="1" bw="16" slack="2"/>
</pin_list>
<bind>
<opset="acc_V_6_011 (phireg) "/>
</bind>
</comp>

<comp id="638" class="1004" name="acc_V_6_011_phi_fu_638">
<pin_list>
<pin id="639" dir="0" index="0" bw="10" slack="3"/>
<pin id="640" dir="0" index="1" bw="0" slack="2147483647"/>
<pin id="641" dir="0" index="2" bw="16" slack="0"/>
<pin id="642" dir="0" index="3" bw="0" slack="2147483647"/>
<pin id="643" dir="0" index="4" bw="10" slack="2"/>
<pin id="644" dir="0" index="5" bw="0" slack="2147483647"/>
<pin id="645" dir="1" index="6" bw="16" slack="0"/>
</pin_list>
<bind>
<opcode="phi(47) " fcode="phi"/>
<opset="acc_V_6_011/4 "/>
</bind>
</comp>

<comp id="648" class="1005" name="acc_V_5_010_reg_648">
<pin_list>
<pin id="649" dir="0" index="0" bw="16" slack="2"/>
<pin id="650" dir="1" index="1" bw="16" slack="2"/>
</pin_list>
<bind>
<opset="acc_V_5_010 (phireg) "/>
</bind>
</comp>

<comp id="652" class="1004" name="acc_V_5_010_phi_fu_652">
<pin_list>
<pin id="653" dir="0" index="0" bw="6" slack="3"/>
<pin id="654" dir="0" index="1" bw="0" slack="2147483647"/>
<pin id="655" dir="0" index="2" bw="16" slack="0"/>
<pin id="656" dir="0" index="3" bw="0" slack="2147483647"/>
<pin id="657" dir="0" index="4" bw="6" slack="2"/>
<pin id="658" dir="0" index="5" bw="0" slack="2147483647"/>
<pin id="659" dir="1" index="6" bw="16" slack="0"/>
</pin_list>
<bind>
<opcode="phi(47) " fcode="phi"/>
<opset="acc_V_5_010/4 "/>
</bind>
</comp>

<comp id="662" class="1005" name="acc_V_4_09_reg_662">
<pin_list>
<pin id="663" dir="0" index="0" bw="16" slack="2"/>
<pin id="664" dir="1" index="1" bw="16" slack="2"/>
</pin_list>
<bind>
<opset="acc_V_4_09 (phireg) "/>
</bind>
</comp>

<comp id="666" class="1004" name="acc_V_4_09_phi_fu_666">
<pin_list>
<pin id="667" dir="0" index="0" bw="1" slack="3"/>
<pin id="668" dir="0" index="1" bw="0" slack="2147483647"/>
<pin id="669" dir="0" index="2" bw="16" slack="0"/>
<pin id="670" dir="0" index="3" bw="0" slack="2147483647"/>
<pin id="671" dir="0" index="4" bw="1" slack="2"/>
<pin id="672" dir="0" index="5" bw="0" slack="2147483647"/>
<pin id="673" dir="1" index="6" bw="16" slack="0"/>
</pin_list>
<bind>
<opcode="phi(47) " fcode="phi"/>
<opset="acc_V_4_09/4 "/>
</bind>
</comp>

<comp id="676" class="1005" name="acc_V_3_08_reg_676">
<pin_list>
<pin id="677" dir="0" index="0" bw="16" slack="2"/>
<pin id="678" dir="1" index="1" bw="16" slack="2"/>
</pin_list>
<bind>
<opset="acc_V_3_08 (phireg) "/>
</bind>
</comp>

<comp id="680" class="1004" name="acc_V_3_08_phi_fu_680">
<pin_list>
<pin id="681" dir="0" index="0" bw="9" slack="3"/>
<pin id="682" dir="0" index="1" bw="0" slack="2147483647"/>
<pin id="683" dir="0" index="2" bw="16" slack="0"/>
<pin id="684" dir="0" index="3" bw="0" slack="2147483647"/>
<pin id="685" dir="0" index="4" bw="9" slack="2"/>
<pin id="686" dir="0" index="5" bw="0" slack="2147483647"/>
<pin id="687" dir="1" index="6" bw="16" slack="0"/>
</pin_list>
<bind>
<opcode="phi(47) " fcode="phi"/>
<opset="acc_V_3_08/4 "/>
</bind>
</comp>

<comp id="690" class="1005" name="acc_V_2_07_reg_690">
<pin_list>
<pin id="691" dir="0" index="0" bw="16" slack="2"/>
<pin id="692" dir="1" index="1" bw="16" slack="2"/>
</pin_list>
<bind>
<opset="acc_V_2_07 (phireg) "/>
</bind>
</comp>

<comp id="694" class="1004" name="acc_V_2_07_phi_fu_694">
<pin_list>
<pin id="695" dir="0" index="0" bw="7" slack="3"/>
<pin id="696" dir="0" index="1" bw="0" slack="2147483647"/>
<pin id="697" dir="0" index="2" bw="16" slack="0"/>
<pin id="698" dir="0" index="3" bw="0" slack="2147483647"/>
<pin id="699" dir="0" index="4" bw="7" slack="2"/>
<pin id="700" dir="0" index="5" bw="0" slack="2147483647"/>
<pin id="701" dir="1" index="6" bw="16" slack="0"/>
</pin_list>
<bind>
<opcode="phi(47) " fcode="phi"/>
<opset="acc_V_2_07/4 "/>
</bind>
</comp>

<comp id="704" class="1005" name="acc_V_1_06_reg_704">
<pin_list>
<pin id="705" dir="0" index="0" bw="16" slack="2"/>
<pin id="706" dir="1" index="1" bw="16" slack="2"/>
</pin_list>
<bind>
<opset="acc_V_1_06 (phireg) "/>
</bind>
</comp>

<comp id="708" class="1004" name="acc_V_1_06_phi_fu_708">
<pin_list>
<pin id="709" dir="0" index="0" bw="10" slack="3"/>
<pin id="710" dir="0" index="1" bw="0" slack="2147483647"/>
<pin id="711" dir="0" index="2" bw="16" slack="0"/>
<pin id="712" dir="0" index="3" bw="0" slack="2147483647"/>
<pin id="713" dir="0" index="4" bw="10" slack="2"/>
<pin id="714" dir="0" index="5" bw="0" slack="2147483647"/>
<pin id="715" dir="1" index="6" bw="16" slack="0"/>
</pin_list>
<bind>
<opcode="phi(47) " fcode="phi"/>
<opset="acc_V_1_06/4 "/>
</bind>
</comp>

<comp id="718" class="1005" name="acc_V_0_05_reg_718">
<pin_list>
<pin id="719" dir="0" index="0" bw="16" slack="2"/>
<pin id="720" dir="1" index="1" bw="16" slack="2"/>
</pin_list>
<bind>
<opset="acc_V_0_05 (phireg) "/>
</bind>
</comp>

<comp id="722" class="1004" name="acc_V_0_05_phi_fu_722">
<pin_list>
<pin id="723" dir="0" index="0" bw="7" slack="3"/>
<pin id="724" dir="0" index="1" bw="0" slack="2147483647"/>
<pin id="725" dir="0" index="2" bw="16" slack="0"/>
<pin id="726" dir="0" index="3" bw="0" slack="2147483647"/>
<pin id="727" dir="0" index="4" bw="7" slack="2"/>
<pin id="728" dir="0" index="5" bw="0" slack="2147483647"/>
<pin id="729" dir="1" index="6" bw="16" slack="0"/>
</pin_list>
<bind>
<opcode="phi(47) " fcode="phi"/>
<opset="acc_V_0_05/4 "/>
</bind>
</comp>

<comp id="732" class="1004" name="zext_ln59_fu_732">
<pin_list>
<pin id="733" dir="0" index="0" bw="4" slack="0"/>
<pin id="734" dir="1" index="1" bw="64" slack="0"/>
</pin_list>
<bind>
<opcode="zext(34) " fcode="zext"/>
<opset="zext_ln59/2 "/>
</bind>
</comp>

<comp id="737" class="1004" name="w_index_fu_737">
<pin_list>
<pin id="738" dir="0" index="0" bw="1" slack="0"/>
<pin id="739" dir="0" index="1" bw="4" slack="0"/>
<pin id="740" dir="1" index="2" bw="4" slack="0"/>
</pin_list>
<bind>
<opcode="add(8) " fcode="add"/>
<opset="w_index/2 "/>
</bind>
</comp>

<comp id="743" class="1004" name="icmp_ln46_fu_743">
<pin_list>
<pin id="744" dir="0" index="0" bw="4" slack="0"/>
<pin id="745" dir="0" index="1" bw="4" slack="0"/>
<pin id="746" dir="1" index="2" bw="1" slack="1"/>
</pin_list>
<bind>
<opcode="icmp(45) " fcode="icmp"/>
<opset="icmp_ln46/2 "/>
</bind>
</comp>

<comp id="749" class="1004" name="tmp_28_fu_749">
<pin_list>
<pin id="750" dir="0" index="0" bw="8" slack="0"/>
<pin id="751" dir="0" index="1" bw="8" slack="0"/>
<pin id="752" dir="0" index="2" bw="8" slack="0"/>
<pin id="753" dir="0" index="3" bw="8" slack="0"/>
<pin id="754" dir="0" index="4" bw="8" slack="0"/>
<pin id="755" dir="0" index="5" bw="8" slack="0"/>
<pin id="756" dir="0" index="6" bw="8" slack="0"/>
<pin id="757" dir="0" index="7" bw="8" slack="0"/>
<pin id="758" dir="0" index="8" bw="8" slack="0"/>
<pin id="759" dir="0" index="9" bw="8" slack="0"/>
<pin id="760" dir="0" index="10" bw="8" slack="0"/>
<pin id="761" dir="0" index="11" bw="4" slack="1"/>
<pin id="762" dir="1" index="12" bw="8" slack="1"/>
</pin_list>
<bind>
<opcode="mux(1196) " fcode="mux"/>
<opset="tmp_28/3 "/>
</bind>
</comp>

<comp id="775" class="1004" name="trunc_ln59_fu_775">
<pin_list>
<pin id="776" dir="0" index="0" bw="118" slack="0"/>
<pin id="777" dir="1" index="1" bw="8" slack="1"/>
</pin_list>
<bind>
<opcode="trunc(33) " fcode="trunc"/>
<opset="trunc_ln59/3 "/>
</bind>
</comp>

<comp id="779" class="1004" name="tmp_15_fu_779">
<pin_list>
<pin id="780" dir="0" index="0" bw="8" slack="0"/>
<pin id="781" dir="0" index="1" bw="118" slack="0"/>
<pin id="782" dir="0" index="2" bw="5" slack="0"/>
<pin id="783" dir="0" index="3" bw="5" slack="0"/>
<pin id="784" dir="1" index="4" bw="8" slack="1"/>
</pin_list>
<bind>
<opcode="partselect(1002) " fcode="partselect"/>
<opset="tmp_15/3 "/>
</bind>
</comp>

<comp id="789" class="1004" name="tmp_16_fu_789">
<pin_list>
<pin id="790" dir="0" index="0" bw="8" slack="0"/>
<pin id="791" dir="0" index="1" bw="118" slack="0"/>
<pin id="792" dir="0" index="2" bw="6" slack="0"/>
<pin id="793" dir="0" index="3" bw="6" slack="0"/>
<pin id="794" dir="1" index="4" bw="8" slack="1"/>
</pin_list>
<bind>
<opcode="partselect(1002) " fcode="partselect"/>
<opset="tmp_16/3 "/>
</bind>
</comp>

<comp id="799" class="1004" name="tmp_17_fu_799">
<pin_list>
<pin id="800" dir="0" index="0" bw="8" slack="0"/>
<pin id="801" dir="0" index="1" bw="118" slack="0"/>
<pin id="802" dir="0" index="2" bw="6" slack="0"/>
<pin id="803" dir="0" index="3" bw="6" slack="0"/>
<pin id="804" dir="1" index="4" bw="8" slack="1"/>
</pin_list>
<bind>
<opcode="partselect(1002) " fcode="partselect"/>
<opset="tmp_17/3 "/>
</bind>
</comp>

<comp id="809" class="1004" name="tmp_18_fu_809">
<pin_list>
<pin id="810" dir="0" index="0" bw="8" slack="0"/>
<pin id="811" dir="0" index="1" bw="118" slack="0"/>
<pin id="812" dir="0" index="2" bw="7" slack="0"/>
<pin id="813" dir="0" index="3" bw="7" slack="0"/>
<pin id="814" dir="1" index="4" bw="8" slack="1"/>
</pin_list>
<bind>
<opcode="partselect(1002) " fcode="partselect"/>
<opset="tmp_18/3 "/>
</bind>
</comp>

<comp id="819" class="1004" name="tmp_19_fu_819">
<pin_list>
<pin id="820" dir="0" index="0" bw="8" slack="0"/>
<pin id="821" dir="0" index="1" bw="118" slack="0"/>
<pin id="822" dir="0" index="2" bw="7" slack="0"/>
<pin id="823" dir="0" index="3" bw="7" slack="0"/>
<pin id="824" dir="1" index="4" bw="8" slack="1"/>
</pin_list>
<bind>
<opcode="partselect(1002) " fcode="partselect"/>
<opset="tmp_19/3 "/>
</bind>
</comp>

<comp id="829" class="1004" name="tmp_20_fu_829">
<pin_list>
<pin id="830" dir="0" index="0" bw="8" slack="0"/>
<pin id="831" dir="0" index="1" bw="118" slack="0"/>
<pin id="832" dir="0" index="2" bw="7" slack="0"/>
<pin id="833" dir="0" index="3" bw="7" slack="0"/>
<pin id="834" dir="1" index="4" bw="8" slack="1"/>
</pin_list>
<bind>
<opcode="partselect(1002) " fcode="partselect"/>
<opset="tmp_20/3 "/>
</bind>
</comp>

<comp id="839" class="1004" name="tmp_21_fu_839">
<pin_list>
<pin id="840" dir="0" index="0" bw="8" slack="0"/>
<pin id="841" dir="0" index="1" bw="118" slack="0"/>
<pin id="842" dir="0" index="2" bw="7" slack="0"/>
<pin id="843" dir="0" index="3" bw="7" slack="0"/>
<pin id="844" dir="1" index="4" bw="8" slack="1"/>
</pin_list>
<bind>
<opcode="partselect(1002) " fcode="partselect"/>
<opset="tmp_21/3 "/>
</bind>
</comp>

<comp id="849" class="1004" name="tmp_22_fu_849">
<pin_list>
<pin id="850" dir="0" index="0" bw="8" slack="0"/>
<pin id="851" dir="0" index="1" bw="118" slack="0"/>
<pin id="852" dir="0" index="2" bw="8" slack="0"/>
<pin id="853" dir="0" index="3" bw="8" slack="0"/>
<pin id="854" dir="1" index="4" bw="8" slack="1"/>
</pin_list>
<bind>
<opcode="partselect(1002) " fcode="partselect"/>
<opset="tmp_22/3 "/>
</bind>
</comp>

<comp id="859" class="1004" name="tmp_23_fu_859">
<pin_list>
<pin id="860" dir="0" index="0" bw="8" slack="0"/>
<pin id="861" dir="0" index="1" bw="118" slack="0"/>
<pin id="862" dir="0" index="2" bw="8" slack="0"/>
<pin id="863" dir="0" index="3" bw="8" slack="0"/>
<pin id="864" dir="1" index="4" bw="8" slack="1"/>
</pin_list>
<bind>
<opcode="partselect(1002) " fcode="partselect"/>
<opset="tmp_23/3 "/>
</bind>
</comp>

<comp id="869" class="1004" name="tmp_24_fu_869">
<pin_list>
<pin id="870" dir="0" index="0" bw="8" slack="0"/>
<pin id="871" dir="0" index="1" bw="118" slack="0"/>
<pin id="872" dir="0" index="2" bw="8" slack="0"/>
<pin id="873" dir="0" index="3" bw="8" slack="0"/>
<pin id="874" dir="1" index="4" bw="8" slack="1"/>
</pin_list>
<bind>
<opcode="partselect(1002) " fcode="partselect"/>
<opset="tmp_24/3 "/>
</bind>
</comp>

<comp id="879" class="1004" name="tmp_25_fu_879">
<pin_list>
<pin id="880" dir="0" index="0" bw="8" slack="0"/>
<pin id="881" dir="0" index="1" bw="118" slack="0"/>
<pin id="882" dir="0" index="2" bw="8" slack="0"/>
<pin id="883" dir="0" index="3" bw="8" slack="0"/>
<pin id="884" dir="1" index="4" bw="8" slack="1"/>
</pin_list>
<bind>
<opcode="partselect(1002) " fcode="partselect"/>
<opset="tmp_25/3 "/>
</bind>
</comp>

<comp id="889" class="1004" name="tmp_26_fu_889">
<pin_list>
<pin id="890" dir="0" index="0" bw="8" slack="0"/>
<pin id="891" dir="0" index="1" bw="118" slack="0"/>
<pin id="892" dir="0" index="2" bw="8" slack="0"/>
<pin id="893" dir="0" index="3" bw="8" slack="0"/>
<pin id="894" dir="1" index="4" bw="8" slack="1"/>
</pin_list>
<bind>
<opcode="partselect(1002) " fcode="partselect"/>
<opset="tmp_26/3 "/>
</bind>
</comp>

<comp id="899" class="1004" name="tmp_27_fu_899">
<pin_list>
<pin id="900" dir="0" index="0" bw="8" slack="0"/>
<pin id="901" dir="0" index="1" bw="118" slack="0"/>
<pin id="902" dir="0" index="2" bw="8" slack="0"/>
<pin id="903" dir="0" index="3" bw="8" slack="0"/>
<pin id="904" dir="1" index="4" bw="8" slack="1"/>
</pin_list>
<bind>
<opcode="partselect(1002) " fcode="partselect"/>
<opset="tmp_27/3 "/>
</bind>
</comp>

<comp id="909" class="1004" name="tmp_29_fu_909">
<pin_list>
<pin id="910" dir="0" index="0" bw="6" slack="0"/>
<pin id="911" dir="0" index="1" bw="118" slack="0"/>
<pin id="912" dir="0" index="2" bw="8" slack="0"/>
<pin id="913" dir="0" index="3" bw="8" slack="0"/>
<pin id="914" dir="1" index="4" bw="6" slack="1"/>
</pin_list>
<bind>
<opcode="partselect(1002) " fcode="partselect"/>
<opset="tmp_29/3 "/>
</bind>
</comp>

<comp id="919" class="1004" name="zext_ln1116_fu_919">
<pin_list>
<pin id="920" dir="0" index="0" bw="8" slack="1"/>
<pin id="921" dir="1" index="1" bw="16" slack="0"/>
</pin_list>
<bind>
<opcode="zext(34) " fcode="zext"/>
<opset="zext_ln1116/4 "/>
</bind>
</comp>

<comp id="922" class="1004" name="sext_ln1118_fu_922">
<pin_list>
<pin id="923" dir="0" index="0" bw="8" slack="1"/>
<pin id="924" dir="1" index="1" bw="16" slack="0"/>
</pin_list>
<bind>
<opcode="sext(35) " fcode="sext"/>
<opset="sext_ln1118/4 "/>
</bind>
</comp>

<comp id="925" class="1004" name="mul_ln1118_fu_925">
<pin_list>
<pin id="926" dir="0" index="0" bw="8" slack="0"/>
<pin id="927" dir="0" index="1" bw="8" slack="0"/>
<pin id="928" dir="1" index="2" bw="16" slack="0"/>
</pin_list>
<bind>
<opcode="mul(12) " fcode="mul"/>
<opset="mul_ln1118/4 "/>
</bind>
</comp>

<comp id="931" class="1004" name="trunc_ln_fu_931">
<pin_list>
<pin id="932" dir="0" index="0" bw="15" slack="0"/>
<pin id="933" dir="0" index="1" bw="16" slack="0"/>
<pin id="934" dir="0" index="2" bw="1" slack="0"/>
<pin id="935" dir="0" index="3" bw="5" slack="0"/>
<pin id="936" dir="1" index="4" bw="15" slack="0"/>
</pin_list>
<bind>
<opcode="partselect(1002) " fcode="partselect"/>
<opset="trunc_ln/4 "/>
</bind>
</comp>

<comp id="941" class="1004" name="sext_ln708_fu_941">
<pin_list>
<pin id="942" dir="0" index="0" bw="15" slack="0"/>
<pin id="943" dir="1" index="1" bw="16" slack="0"/>
</pin_list>
<bind>
<opcode="sext(35) " fcode="sext"/>
<opset="sext_ln708/4 "/>
</bind>
</comp>

<comp id="945" class="1004" name="trunc_ln703_s_fu_945">
<pin_list>
<pin id="946" dir="0" index="0" bw="13" slack="0"/>
<pin id="947" dir="0" index="1" bw="16" slack="0"/>
<pin id="948" dir="0" index="2" bw="1" slack="0"/>
<pin id="949" dir="0" index="3" bw="5" slack="0"/>
<pin id="950" dir="1" index="4" bw="13" slack="0"/>
</pin_list>
<bind>
<opcode="partselect(1002) " fcode="partselect"/>
<opset="trunc_ln703_s/4 "/>
</bind>
</comp>

<comp id="955" class="1004" name="trunc_ln703_fu_955">
<pin_list>
<pin id="956" dir="0" index="0" bw="16" slack="0"/>
<pin id="957" dir="1" index="1" bw="13" slack="0"/>
</pin_list>
<bind>
<opcode="trunc(33) " fcode="trunc"/>
<opset="trunc_ln703/4 "/>
</bind>
</comp>

<comp id="959" class="1004" name="acc_0_V_fu_959">
<pin_list>
<pin id="960" dir="0" index="0" bw="16" slack="0"/>
<pin id="961" dir="0" index="1" bw="15" slack="0"/>
<pin id="962" dir="1" index="2" bw="16" slack="0"/>
</pin_list>
<bind>
<opcode="add(8) " fcode="add"/>
<opset="acc_0_V/4 "/>
</bind>
</comp>

<comp id="965" class="1004" name="add_ln703_16_fu_965">
<pin_list>
<pin id="966" dir="0" index="0" bw="13" slack="0"/>
<pin id="967" dir="0" index="1" bw="13" slack="0"/>
<pin id="968" dir="1" index="2" bw="13" slack="0"/>
</pin_list>
<bind>
<opcode="add(8) " fcode="add"/>
<opset="add_ln703_16/4 "/>
</bind>
</comp>

<comp id="971" class="1004" name="sext_ln1118_1_fu_971">
<pin_list>
<pin id="972" dir="0" index="0" bw="8" slack="1"/>
<pin id="973" dir="1" index="1" bw="16" slack="0"/>
</pin_list>
<bind>
<opcode="sext(35) " fcode="sext"/>
<opset="sext_ln1118_1/4 "/>
</bind>
</comp>

<comp id="974" class="1004" name="mul_ln1118_14_fu_974">
<pin_list>
<pin id="975" dir="0" index="0" bw="8" slack="0"/>
<pin id="976" dir="0" index="1" bw="8" slack="0"/>
<pin id="977" dir="1" index="2" bw="16" slack="0"/>
</pin_list>
<bind>
<opcode="mul(12) " fcode="mul"/>
<opset="mul_ln1118_14/4 "/>
</bind>
</comp>

<comp id="980" class="1004" name="trunc_ln708_s_fu_980">
<pin_list>
<pin id="981" dir="0" index="0" bw="15" slack="0"/>
<pin id="982" dir="0" index="1" bw="16" slack="0"/>
<pin id="983" dir="0" index="2" bw="1" slack="0"/>
<pin id="984" dir="0" index="3" bw="5" slack="0"/>
<pin id="985" dir="1" index="4" bw="15" slack="0"/>
</pin_list>
<bind>
<opcode="partselect(1002) " fcode="partselect"/>
<opset="trunc_ln708_s/4 "/>
</bind>
</comp>

<comp id="990" class="1004" name="sext_ln708_14_fu_990">
<pin_list>
<pin id="991" dir="0" index="0" bw="15" slack="0"/>
<pin id="992" dir="1" index="1" bw="16" slack="0"/>
</pin_list>
<bind>
<opcode="sext(35) " fcode="sext"/>
<opset="sext_ln708_14/4 "/>
</bind>
</comp>

<comp id="994" class="1004" name="trunc_ln5_fu_994">
<pin_list>
<pin id="995" dir="0" index="0" bw="13" slack="0"/>
<pin id="996" dir="0" index="1" bw="16" slack="0"/>
<pin id="997" dir="0" index="2" bw="1" slack="0"/>
<pin id="998" dir="0" index="3" bw="5" slack="0"/>
<pin id="999" dir="1" index="4" bw="13" slack="0"/>
</pin_list>
<bind>
<opcode="partselect(1002) " fcode="partselect"/>
<opset="trunc_ln5/4 "/>
</bind>
</comp>

<comp id="1004" class="1004" name="trunc_ln703_21_fu_1004">
<pin_list>
<pin id="1005" dir="0" index="0" bw="16" slack="0"/>
<pin id="1006" dir="1" index="1" bw="13" slack="0"/>
</pin_list>
<bind>
<opcode="trunc(33) " fcode="trunc"/>
<opset="trunc_ln703_21/4 "/>
</bind>
</comp>

<comp id="1008" class="1004" name="acc_1_V_fu_1008">
<pin_list>
<pin id="1009" dir="0" index="0" bw="16" slack="0"/>
<pin id="1010" dir="0" index="1" bw="15" slack="0"/>
<pin id="1011" dir="1" index="2" bw="16" slack="0"/>
</pin_list>
<bind>
<opcode="add(8) " fcode="add"/>
<opset="acc_1_V/4 "/>
</bind>
</comp>

<comp id="1014" class="1004" name="add_ln703_17_fu_1014">
<pin_list>
<pin id="1015" dir="0" index="0" bw="13" slack="0"/>
<pin id="1016" dir="0" index="1" bw="13" slack="0"/>
<pin id="1017" dir="1" index="2" bw="13" slack="0"/>
</pin_list>
<bind>
<opcode="add(8) " fcode="add"/>
<opset="add_ln703_17/4 "/>
</bind>
</comp>

<comp id="1020" class="1004" name="sext_ln1118_2_fu_1020">
<pin_list>
<pin id="1021" dir="0" index="0" bw="8" slack="1"/>
<pin id="1022" dir="1" index="1" bw="16" slack="0"/>
</pin_list>
<bind>
<opcode="sext(35) " fcode="sext"/>
<opset="sext_ln1118_2/4 "/>
</bind>
</comp>

<comp id="1023" class="1004" name="mul_ln1118_15_fu_1023">
<pin_list>
<pin id="1024" dir="0" index="0" bw="8" slack="0"/>
<pin id="1025" dir="0" index="1" bw="8" slack="0"/>
<pin id="1026" dir="1" index="2" bw="16" slack="0"/>
</pin_list>
<bind>
<opcode="mul(12) " fcode="mul"/>
<opset="mul_ln1118_15/4 "/>
</bind>
</comp>

<comp id="1029" class="1004" name="trunc_ln708_25_fu_1029">
<pin_list>
<pin id="1030" dir="0" index="0" bw="15" slack="0"/>
<pin id="1031" dir="0" index="1" bw="16" slack="0"/>
<pin id="1032" dir="0" index="2" bw="1" slack="0"/>
<pin id="1033" dir="0" index="3" bw="5" slack="0"/>
<pin id="1034" dir="1" index="4" bw="15" slack="0"/>
</pin_list>
<bind>
<opcode="partselect(1002) " fcode="partselect"/>
<opset="trunc_ln708_25/4 "/>
</bind>
</comp>

<comp id="1039" class="1004" name="sext_ln708_15_fu_1039">
<pin_list>
<pin id="1040" dir="0" index="0" bw="15" slack="0"/>
<pin id="1041" dir="1" index="1" bw="16" slack="0"/>
</pin_list>
<bind>
<opcode="sext(35) " fcode="sext"/>
<opset="sext_ln708_15/4 "/>
</bind>
</comp>

<comp id="1043" class="1004" name="trunc_ln703_5_fu_1043">
<pin_list>
<pin id="1044" dir="0" index="0" bw="13" slack="0"/>
<pin id="1045" dir="0" index="1" bw="16" slack="0"/>
<pin id="1046" dir="0" index="2" bw="1" slack="0"/>
<pin id="1047" dir="0" index="3" bw="5" slack="0"/>
<pin id="1048" dir="1" index="4" bw="13" slack="0"/>
</pin_list>
<bind>
<opcode="partselect(1002) " fcode="partselect"/>
<opset="trunc_ln703_5/4 "/>
</bind>
</comp>

<comp id="1053" class="1004" name="trunc_ln703_22_fu_1053">
<pin_list>
<pin id="1054" dir="0" index="0" bw="16" slack="0"/>
<pin id="1055" dir="1" index="1" bw="13" slack="0"/>
</pin_list>
<bind>
<opcode="trunc(33) " fcode="trunc"/>
<opset="trunc_ln703_22/4 "/>
</bind>
</comp>

<comp id="1057" class="1004" name="acc_2_V_fu_1057">
<pin_list>
<pin id="1058" dir="0" index="0" bw="16" slack="0"/>
<pin id="1059" dir="0" index="1" bw="15" slack="0"/>
<pin id="1060" dir="1" index="2" bw="16" slack="0"/>
</pin_list>
<bind>
<opcode="add(8) " fcode="add"/>
<opset="acc_2_V/4 "/>
</bind>
</comp>

<comp id="1063" class="1004" name="add_ln703_18_fu_1063">
<pin_list>
<pin id="1064" dir="0" index="0" bw="13" slack="0"/>
<pin id="1065" dir="0" index="1" bw="13" slack="0"/>
<pin id="1066" dir="1" index="2" bw="13" slack="0"/>
</pin_list>
<bind>
<opcode="add(8) " fcode="add"/>
<opset="add_ln703_18/4 "/>
</bind>
</comp>

<comp id="1069" class="1004" name="sext_ln1118_3_fu_1069">
<pin_list>
<pin id="1070" dir="0" index="0" bw="8" slack="1"/>
<pin id="1071" dir="1" index="1" bw="16" slack="0"/>
</pin_list>
<bind>
<opcode="sext(35) " fcode="sext"/>
<opset="sext_ln1118_3/4 "/>
</bind>
</comp>

<comp id="1072" class="1004" name="mul_ln1118_16_fu_1072">
<pin_list>
<pin id="1073" dir="0" index="0" bw="8" slack="0"/>
<pin id="1074" dir="0" index="1" bw="8" slack="0"/>
<pin id="1075" dir="1" index="2" bw="16" slack="0"/>
</pin_list>
<bind>
<opcode="mul(12) " fcode="mul"/>
<opset="mul_ln1118_16/4 "/>
</bind>
</comp>

<comp id="1078" class="1004" name="trunc_ln708_26_fu_1078">
<pin_list>
<pin id="1079" dir="0" index="0" bw="15" slack="0"/>
<pin id="1080" dir="0" index="1" bw="16" slack="0"/>
<pin id="1081" dir="0" index="2" bw="1" slack="0"/>
<pin id="1082" dir="0" index="3" bw="5" slack="0"/>
<pin id="1083" dir="1" index="4" bw="15" slack="0"/>
</pin_list>
<bind>
<opcode="partselect(1002) " fcode="partselect"/>
<opset="trunc_ln708_26/4 "/>
</bind>
</comp>

<comp id="1088" class="1004" name="sext_ln708_16_fu_1088">
<pin_list>
<pin id="1089" dir="0" index="0" bw="15" slack="0"/>
<pin id="1090" dir="1" index="1" bw="16" slack="0"/>
</pin_list>
<bind>
<opcode="sext(35) " fcode="sext"/>
<opset="sext_ln708_16/4 "/>
</bind>
</comp>

<comp id="1092" class="1004" name="trunc_ln703_6_fu_1092">
<pin_list>
<pin id="1093" dir="0" index="0" bw="13" slack="0"/>
<pin id="1094" dir="0" index="1" bw="16" slack="0"/>
<pin id="1095" dir="0" index="2" bw="1" slack="0"/>
<pin id="1096" dir="0" index="3" bw="5" slack="0"/>
<pin id="1097" dir="1" index="4" bw="13" slack="0"/>
</pin_list>
<bind>
<opcode="partselect(1002) " fcode="partselect"/>
<opset="trunc_ln703_6/4 "/>
</bind>
</comp>

<comp id="1102" class="1004" name="trunc_ln703_23_fu_1102">
<pin_list>
<pin id="1103" dir="0" index="0" bw="16" slack="0"/>
<pin id="1104" dir="1" index="1" bw="13" slack="0"/>
</pin_list>
<bind>
<opcode="trunc(33) " fcode="trunc"/>
<opset="trunc_ln703_23/4 "/>
</bind>
</comp>

<comp id="1106" class="1004" name="acc_3_V_fu_1106">
<pin_list>
<pin id="1107" dir="0" index="0" bw="16" slack="0"/>
<pin id="1108" dir="0" index="1" bw="15" slack="0"/>
<pin id="1109" dir="1" index="2" bw="16" slack="0"/>
</pin_list>
<bind>
<opcode="add(8) " fcode="add"/>
<opset="acc_3_V/4 "/>
</bind>
</comp>

<comp id="1112" class="1004" name="add_ln703_19_fu_1112">
<pin_list>
<pin id="1113" dir="0" index="0" bw="13" slack="0"/>
<pin id="1114" dir="0" index="1" bw="13" slack="0"/>
<pin id="1115" dir="1" index="2" bw="13" slack="0"/>
</pin_list>
<bind>
<opcode="add(8) " fcode="add"/>
<opset="add_ln703_19/4 "/>
</bind>
</comp>

<comp id="1118" class="1004" name="sext_ln1118_4_fu_1118">
<pin_list>
<pin id="1119" dir="0" index="0" bw="8" slack="1"/>
<pin id="1120" dir="1" index="1" bw="16" slack="0"/>
</pin_list>
<bind>
<opcode="sext(35) " fcode="sext"/>
<opset="sext_ln1118_4/4 "/>
</bind>
</comp>

<comp id="1121" class="1004" name="mul_ln1118_17_fu_1121">
<pin_list>
<pin id="1122" dir="0" index="0" bw="8" slack="0"/>
<pin id="1123" dir="0" index="1" bw="8" slack="0"/>
<pin id="1124" dir="1" index="2" bw="16" slack="0"/>
</pin_list>
<bind>
<opcode="mul(12) " fcode="mul"/>
<opset="mul_ln1118_17/4 "/>
</bind>
</comp>

<comp id="1127" class="1004" name="trunc_ln708_27_fu_1127">
<pin_list>
<pin id="1128" dir="0" index="0" bw="15" slack="0"/>
<pin id="1129" dir="0" index="1" bw="16" slack="0"/>
<pin id="1130" dir="0" index="2" bw="1" slack="0"/>
<pin id="1131" dir="0" index="3" bw="5" slack="0"/>
<pin id="1132" dir="1" index="4" bw="15" slack="0"/>
</pin_list>
<bind>
<opcode="partselect(1002) " fcode="partselect"/>
<opset="trunc_ln708_27/4 "/>
</bind>
</comp>

<comp id="1137" class="1004" name="sext_ln708_17_fu_1137">
<pin_list>
<pin id="1138" dir="0" index="0" bw="15" slack="0"/>
<pin id="1139" dir="1" index="1" bw="16" slack="0"/>
</pin_list>
<bind>
<opcode="sext(35) " fcode="sext"/>
<opset="sext_ln708_17/4 "/>
</bind>
</comp>

<comp id="1141" class="1004" name="trunc_ln703_7_fu_1141">
<pin_list>
<pin id="1142" dir="0" index="0" bw="13" slack="0"/>
<pin id="1143" dir="0" index="1" bw="16" slack="0"/>
<pin id="1144" dir="0" index="2" bw="1" slack="0"/>
<pin id="1145" dir="0" index="3" bw="5" slack="0"/>
<pin id="1146" dir="1" index="4" bw="13" slack="0"/>
</pin_list>
<bind>
<opcode="partselect(1002) " fcode="partselect"/>
<opset="trunc_ln703_7/4 "/>
</bind>
</comp>

<comp id="1151" class="1004" name="trunc_ln703_24_fu_1151">
<pin_list>
<pin id="1152" dir="0" index="0" bw="16" slack="0"/>
<pin id="1153" dir="1" index="1" bw="13" slack="0"/>
</pin_list>
<bind>
<opcode="trunc(33) " fcode="trunc"/>
<opset="trunc_ln703_24/4 "/>
</bind>
</comp>

<comp id="1155" class="1004" name="acc_4_V_fu_1155">
<pin_list>
<pin id="1156" dir="0" index="0" bw="16" slack="0"/>
<pin id="1157" dir="0" index="1" bw="15" slack="0"/>
<pin id="1158" dir="1" index="2" bw="16" slack="0"/>
</pin_list>
<bind>
<opcode="add(8) " fcode="add"/>
<opset="acc_4_V/4 "/>
</bind>
</comp>

<comp id="1161" class="1004" name="add_ln703_20_fu_1161">
<pin_list>
<pin id="1162" dir="0" index="0" bw="13" slack="0"/>
<pin id="1163" dir="0" index="1" bw="13" slack="0"/>
<pin id="1164" dir="1" index="2" bw="13" slack="0"/>
</pin_list>
<bind>
<opcode="add(8) " fcode="add"/>
<opset="add_ln703_20/4 "/>
</bind>
</comp>

<comp id="1167" class="1004" name="sext_ln1118_5_fu_1167">
<pin_list>
<pin id="1168" dir="0" index="0" bw="8" slack="1"/>
<pin id="1169" dir="1" index="1" bw="16" slack="0"/>
</pin_list>
<bind>
<opcode="sext(35) " fcode="sext"/>
<opset="sext_ln1118_5/4 "/>
</bind>
</comp>

<comp id="1170" class="1004" name="mul_ln1118_18_fu_1170">
<pin_list>
<pin id="1171" dir="0" index="0" bw="8" slack="0"/>
<pin id="1172" dir="0" index="1" bw="8" slack="0"/>
<pin id="1173" dir="1" index="2" bw="16" slack="0"/>
</pin_list>
<bind>
<opcode="mul(12) " fcode="mul"/>
<opset="mul_ln1118_18/4 "/>
</bind>
</comp>

<comp id="1176" class="1004" name="trunc_ln708_28_fu_1176">
<pin_list>
<pin id="1177" dir="0" index="0" bw="15" slack="0"/>
<pin id="1178" dir="0" index="1" bw="16" slack="0"/>
<pin id="1179" dir="0" index="2" bw="1" slack="0"/>
<pin id="1180" dir="0" index="3" bw="5" slack="0"/>
<pin id="1181" dir="1" index="4" bw="15" slack="0"/>
</pin_list>
<bind>
<opcode="partselect(1002) " fcode="partselect"/>
<opset="trunc_ln708_28/4 "/>
</bind>
</comp>

<comp id="1186" class="1004" name="sext_ln708_18_fu_1186">
<pin_list>
<pin id="1187" dir="0" index="0" bw="15" slack="0"/>
<pin id="1188" dir="1" index="1" bw="16" slack="0"/>
</pin_list>
<bind>
<opcode="sext(35) " fcode="sext"/>
<opset="sext_ln708_18/4 "/>
</bind>
</comp>

<comp id="1190" class="1004" name="trunc_ln703_8_fu_1190">
<pin_list>
<pin id="1191" dir="0" index="0" bw="13" slack="0"/>
<pin id="1192" dir="0" index="1" bw="16" slack="0"/>
<pin id="1193" dir="0" index="2" bw="1" slack="0"/>
<pin id="1194" dir="0" index="3" bw="5" slack="0"/>
<pin id="1195" dir="1" index="4" bw="13" slack="0"/>
</pin_list>
<bind>
<opcode="partselect(1002) " fcode="partselect"/>
<opset="trunc_ln703_8/4 "/>
</bind>
</comp>

<comp id="1200" class="1004" name="trunc_ln703_25_fu_1200">
<pin_list>
<pin id="1201" dir="0" index="0" bw="16" slack="0"/>
<pin id="1202" dir="1" index="1" bw="13" slack="0"/>
</pin_list>
<bind>
<opcode="trunc(33) " fcode="trunc"/>
<opset="trunc_ln703_25/4 "/>
</bind>
</comp>

<comp id="1204" class="1004" name="acc_5_V_fu_1204">
<pin_list>
<pin id="1205" dir="0" index="0" bw="16" slack="0"/>
<pin id="1206" dir="0" index="1" bw="15" slack="0"/>
<pin id="1207" dir="1" index="2" bw="16" slack="0"/>
</pin_list>
<bind>
<opcode="add(8) " fcode="add"/>
<opset="acc_5_V/4 "/>
</bind>
</comp>

<comp id="1210" class="1004" name="add_ln703_21_fu_1210">
<pin_list>
<pin id="1211" dir="0" index="0" bw="13" slack="0"/>
<pin id="1212" dir="0" index="1" bw="13" slack="0"/>
<pin id="1213" dir="1" index="2" bw="13" slack="0"/>
</pin_list>
<bind>
<opcode="add(8) " fcode="add"/>
<opset="add_ln703_21/4 "/>
</bind>
</comp>

<comp id="1216" class="1004" name="sext_ln1118_6_fu_1216">
<pin_list>
<pin id="1217" dir="0" index="0" bw="8" slack="1"/>
<pin id="1218" dir="1" index="1" bw="16" slack="0"/>
</pin_list>
<bind>
<opcode="sext(35) " fcode="sext"/>
<opset="sext_ln1118_6/4 "/>
</bind>
</comp>

<comp id="1219" class="1004" name="mul_ln1118_19_fu_1219">
<pin_list>
<pin id="1220" dir="0" index="0" bw="8" slack="0"/>
<pin id="1221" dir="0" index="1" bw="8" slack="0"/>
<pin id="1222" dir="1" index="2" bw="16" slack="0"/>
</pin_list>
<bind>
<opcode="mul(12) " fcode="mul"/>
<opset="mul_ln1118_19/4 "/>
</bind>
</comp>

<comp id="1225" class="1004" name="trunc_ln708_29_fu_1225">
<pin_list>
<pin id="1226" dir="0" index="0" bw="15" slack="0"/>
<pin id="1227" dir="0" index="1" bw="16" slack="0"/>
<pin id="1228" dir="0" index="2" bw="1" slack="0"/>
<pin id="1229" dir="0" index="3" bw="5" slack="0"/>
<pin id="1230" dir="1" index="4" bw="15" slack="0"/>
</pin_list>
<bind>
<opcode="partselect(1002) " fcode="partselect"/>
<opset="trunc_ln708_29/4 "/>
</bind>
</comp>

<comp id="1235" class="1004" name="sext_ln708_19_fu_1235">
<pin_list>
<pin id="1236" dir="0" index="0" bw="15" slack="0"/>
<pin id="1237" dir="1" index="1" bw="16" slack="0"/>
</pin_list>
<bind>
<opcode="sext(35) " fcode="sext"/>
<opset="sext_ln708_19/4 "/>
</bind>
</comp>

<comp id="1239" class="1004" name="trunc_ln703_9_fu_1239">
<pin_list>
<pin id="1240" dir="0" index="0" bw="13" slack="0"/>
<pin id="1241" dir="0" index="1" bw="16" slack="0"/>
<pin id="1242" dir="0" index="2" bw="1" slack="0"/>
<pin id="1243" dir="0" index="3" bw="5" slack="0"/>
<pin id="1244" dir="1" index="4" bw="13" slack="0"/>
</pin_list>
<bind>
<opcode="partselect(1002) " fcode="partselect"/>
<opset="trunc_ln703_9/4 "/>
</bind>
</comp>

<comp id="1249" class="1004" name="trunc_ln703_26_fu_1249">
<pin_list>
<pin id="1250" dir="0" index="0" bw="16" slack="0"/>
<pin id="1251" dir="1" index="1" bw="13" slack="0"/>
</pin_list>
<bind>
<opcode="trunc(33) " fcode="trunc"/>
<opset="trunc_ln703_26/4 "/>
</bind>
</comp>

<comp id="1253" class="1004" name="acc_6_V_fu_1253">
<pin_list>
<pin id="1254" dir="0" index="0" bw="16" slack="0"/>
<pin id="1255" dir="0" index="1" bw="15" slack="0"/>
<pin id="1256" dir="1" index="2" bw="16" slack="0"/>
</pin_list>
<bind>
<opcode="add(8) " fcode="add"/>
<opset="acc_6_V/4 "/>
</bind>
</comp>

<comp id="1259" class="1004" name="add_ln703_22_fu_1259">
<pin_list>
<pin id="1260" dir="0" index="0" bw="13" slack="0"/>
<pin id="1261" dir="0" index="1" bw="13" slack="0"/>
<pin id="1262" dir="1" index="2" bw="13" slack="0"/>
</pin_list>
<bind>
<opcode="add(8) " fcode="add"/>
<opset="add_ln703_22/4 "/>
</bind>
</comp>

<comp id="1265" class="1004" name="sext_ln1118_7_fu_1265">
<pin_list>
<pin id="1266" dir="0" index="0" bw="8" slack="1"/>
<pin id="1267" dir="1" index="1" bw="16" slack="0"/>
</pin_list>
<bind>
<opcode="sext(35) " fcode="sext"/>
<opset="sext_ln1118_7/4 "/>
</bind>
</comp>

<comp id="1268" class="1004" name="mul_ln1118_20_fu_1268">
<pin_list>
<pin id="1269" dir="0" index="0" bw="8" slack="0"/>
<pin id="1270" dir="0" index="1" bw="8" slack="0"/>
<pin id="1271" dir="1" index="2" bw="16" slack="0"/>
</pin_list>
<bind>
<opcode="mul(12) " fcode="mul"/>
<opset="mul_ln1118_20/4 "/>
</bind>
</comp>

<comp id="1274" class="1004" name="trunc_ln708_30_fu_1274">
<pin_list>
<pin id="1275" dir="0" index="0" bw="15" slack="0"/>
<pin id="1276" dir="0" index="1" bw="16" slack="0"/>
<pin id="1277" dir="0" index="2" bw="1" slack="0"/>
<pin id="1278" dir="0" index="3" bw="5" slack="0"/>
<pin id="1279" dir="1" index="4" bw="15" slack="0"/>
</pin_list>
<bind>
<opcode="partselect(1002) " fcode="partselect"/>
<opset="trunc_ln708_30/4 "/>
</bind>
</comp>

<comp id="1284" class="1004" name="sext_ln708_20_fu_1284">
<pin_list>
<pin id="1285" dir="0" index="0" bw="15" slack="0"/>
<pin id="1286" dir="1" index="1" bw="16" slack="0"/>
</pin_list>
<bind>
<opcode="sext(35) " fcode="sext"/>
<opset="sext_ln708_20/4 "/>
</bind>
</comp>

<comp id="1288" class="1004" name="trunc_ln703_10_fu_1288">
<pin_list>
<pin id="1289" dir="0" index="0" bw="13" slack="0"/>
<pin id="1290" dir="0" index="1" bw="16" slack="0"/>
<pin id="1291" dir="0" index="2" bw="1" slack="0"/>
<pin id="1292" dir="0" index="3" bw="5" slack="0"/>
<pin id="1293" dir="1" index="4" bw="13" slack="0"/>
</pin_list>
<bind>
<opcode="partselect(1002) " fcode="partselect"/>
<opset="trunc_ln703_10/4 "/>
</bind>
</comp>

<comp id="1298" class="1004" name="trunc_ln703_27_fu_1298">
<pin_list>
<pin id="1299" dir="0" index="0" bw="16" slack="0"/>
<pin id="1300" dir="1" index="1" bw="13" slack="0"/>
</pin_list>
<bind>
<opcode="trunc(33) " fcode="trunc"/>
<opset="trunc_ln703_27/4 "/>
</bind>
</comp>

<comp id="1302" class="1004" name="acc_7_V_fu_1302">
<pin_list>
<pin id="1303" dir="0" index="0" bw="16" slack="0"/>
<pin id="1304" dir="0" index="1" bw="15" slack="0"/>
<pin id="1305" dir="1" index="2" bw="16" slack="0"/>
</pin_list>
<bind>
<opcode="add(8) " fcode="add"/>
<opset="acc_7_V/4 "/>
</bind>
</comp>

<comp id="1308" class="1004" name="add_ln703_23_fu_1308">
<pin_list>
<pin id="1309" dir="0" index="0" bw="13" slack="0"/>
<pin id="1310" dir="0" index="1" bw="13" slack="0"/>
<pin id="1311" dir="1" index="2" bw="13" slack="0"/>
</pin_list>
<bind>
<opcode="add(8) " fcode="add"/>
<opset="add_ln703_23/4 "/>
</bind>
</comp>

<comp id="1314" class="1004" name="sext_ln1118_8_fu_1314">
<pin_list>
<pin id="1315" dir="0" index="0" bw="8" slack="1"/>
<pin id="1316" dir="1" index="1" bw="16" slack="0"/>
</pin_list>
<bind>
<opcode="sext(35) " fcode="sext"/>
<opset="sext_ln1118_8/4 "/>
</bind>
</comp>

<comp id="1317" class="1004" name="mul_ln1118_21_fu_1317">
<pin_list>
<pin id="1318" dir="0" index="0" bw="8" slack="0"/>
<pin id="1319" dir="0" index="1" bw="8" slack="0"/>
<pin id="1320" dir="1" index="2" bw="16" slack="0"/>
</pin_list>
<bind>
<opcode="mul(12) " fcode="mul"/>
<opset="mul_ln1118_21/4 "/>
</bind>
</comp>

<comp id="1323" class="1004" name="trunc_ln708_31_fu_1323">
<pin_list>
<pin id="1324" dir="0" index="0" bw="15" slack="0"/>
<pin id="1325" dir="0" index="1" bw="16" slack="0"/>
<pin id="1326" dir="0" index="2" bw="1" slack="0"/>
<pin id="1327" dir="0" index="3" bw="5" slack="0"/>
<pin id="1328" dir="1" index="4" bw="15" slack="0"/>
</pin_list>
<bind>
<opcode="partselect(1002) " fcode="partselect"/>
<opset="trunc_ln708_31/4 "/>
</bind>
</comp>

<comp id="1333" class="1004" name="sext_ln708_21_fu_1333">
<pin_list>
<pin id="1334" dir="0" index="0" bw="15" slack="0"/>
<pin id="1335" dir="1" index="1" bw="16" slack="0"/>
</pin_list>
<bind>
<opcode="sext(35) " fcode="sext"/>
<opset="sext_ln708_21/4 "/>
</bind>
</comp>

<comp id="1337" class="1004" name="trunc_ln703_11_fu_1337">
<pin_list>
<pin id="1338" dir="0" index="0" bw="13" slack="0"/>
<pin id="1339" dir="0" index="1" bw="16" slack="0"/>
<pin id="1340" dir="0" index="2" bw="1" slack="0"/>
<pin id="1341" dir="0" index="3" bw="5" slack="0"/>
<pin id="1342" dir="1" index="4" bw="13" slack="0"/>
</pin_list>
<bind>
<opcode="partselect(1002) " fcode="partselect"/>
<opset="trunc_ln703_11/4 "/>
</bind>
</comp>

<comp id="1347" class="1004" name="trunc_ln703_28_fu_1347">
<pin_list>
<pin id="1348" dir="0" index="0" bw="16" slack="0"/>
<pin id="1349" dir="1" index="1" bw="13" slack="0"/>
</pin_list>
<bind>
<opcode="trunc(33) " fcode="trunc"/>
<opset="trunc_ln703_28/4 "/>
</bind>
</comp>

<comp id="1351" class="1004" name="acc_8_V_fu_1351">
<pin_list>
<pin id="1352" dir="0" index="0" bw="16" slack="0"/>
<pin id="1353" dir="0" index="1" bw="15" slack="0"/>
<pin id="1354" dir="1" index="2" bw="16" slack="0"/>
</pin_list>
<bind>
<opcode="add(8) " fcode="add"/>
<opset="acc_8_V/4 "/>
</bind>
</comp>

<comp id="1357" class="1004" name="add_ln703_24_fu_1357">
<pin_list>
<pin id="1358" dir="0" index="0" bw="13" slack="0"/>
<pin id="1359" dir="0" index="1" bw="13" slack="0"/>
<pin id="1360" dir="1" index="2" bw="13" slack="0"/>
</pin_list>
<bind>
<opcode="add(8) " fcode="add"/>
<opset="add_ln703_24/4 "/>
</bind>
</comp>

<comp id="1363" class="1004" name="sext_ln1118_9_fu_1363">
<pin_list>
<pin id="1364" dir="0" index="0" bw="8" slack="1"/>
<pin id="1365" dir="1" index="1" bw="16" slack="0"/>
</pin_list>
<bind>
<opcode="sext(35) " fcode="sext"/>
<opset="sext_ln1118_9/4 "/>
</bind>
</comp>

<comp id="1366" class="1004" name="mul_ln1118_22_fu_1366">
<pin_list>
<pin id="1367" dir="0" index="0" bw="8" slack="0"/>
<pin id="1368" dir="0" index="1" bw="8" slack="0"/>
<pin id="1369" dir="1" index="2" bw="16" slack="0"/>
</pin_list>
<bind>
<opcode="mul(12) " fcode="mul"/>
<opset="mul_ln1118_22/4 "/>
</bind>
</comp>

<comp id="1372" class="1004" name="trunc_ln708_32_fu_1372">
<pin_list>
<pin id="1373" dir="0" index="0" bw="15" slack="0"/>
<pin id="1374" dir="0" index="1" bw="16" slack="0"/>
<pin id="1375" dir="0" index="2" bw="1" slack="0"/>
<pin id="1376" dir="0" index="3" bw="5" slack="0"/>
<pin id="1377" dir="1" index="4" bw="15" slack="0"/>
</pin_list>
<bind>
<opcode="partselect(1002) " fcode="partselect"/>
<opset="trunc_ln708_32/4 "/>
</bind>
</comp>

<comp id="1382" class="1004" name="sext_ln708_22_fu_1382">
<pin_list>
<pin id="1383" dir="0" index="0" bw="15" slack="0"/>
<pin id="1384" dir="1" index="1" bw="16" slack="0"/>
</pin_list>
<bind>
<opcode="sext(35) " fcode="sext"/>
<opset="sext_ln708_22/4 "/>
</bind>
</comp>

<comp id="1386" class="1004" name="trunc_ln703_12_fu_1386">
<pin_list>
<pin id="1387" dir="0" index="0" bw="13" slack="0"/>
<pin id="1388" dir="0" index="1" bw="16" slack="0"/>
<pin id="1389" dir="0" index="2" bw="1" slack="0"/>
<pin id="1390" dir="0" index="3" bw="5" slack="0"/>
<pin id="1391" dir="1" index="4" bw="13" slack="0"/>
</pin_list>
<bind>
<opcode="partselect(1002) " fcode="partselect"/>
<opset="trunc_ln703_12/4 "/>
</bind>
</comp>

<comp id="1396" class="1004" name="trunc_ln703_29_fu_1396">
<pin_list>
<pin id="1397" dir="0" index="0" bw="16" slack="0"/>
<pin id="1398" dir="1" index="1" bw="13" slack="0"/>
</pin_list>
<bind>
<opcode="trunc(33) " fcode="trunc"/>
<opset="trunc_ln703_29/4 "/>
</bind>
</comp>

<comp id="1400" class="1004" name="acc_9_V_fu_1400">
<pin_list>
<pin id="1401" dir="0" index="0" bw="16" slack="0"/>
<pin id="1402" dir="0" index="1" bw="15" slack="0"/>
<pin id="1403" dir="1" index="2" bw="16" slack="0"/>
</pin_list>
<bind>
<opcode="add(8) " fcode="add"/>
<opset="acc_9_V/4 "/>
</bind>
</comp>

<comp id="1406" class="1004" name="add_ln703_25_fu_1406">
<pin_list>
<pin id="1407" dir="0" index="0" bw="13" slack="0"/>
<pin id="1408" dir="0" index="1" bw="13" slack="0"/>
<pin id="1409" dir="1" index="2" bw="13" slack="0"/>
</pin_list>
<bind>
<opcode="add(8) " fcode="add"/>
<opset="add_ln703_25/4 "/>
</bind>
</comp>

<comp id="1412" class="1004" name="sext_ln1118_10_fu_1412">
<pin_list>
<pin id="1413" dir="0" index="0" bw="8" slack="1"/>
<pin id="1414" dir="1" index="1" bw="16" slack="0"/>
</pin_list>
<bind>
<opcode="sext(35) " fcode="sext"/>
<opset="sext_ln1118_10/4 "/>
</bind>
</comp>

<comp id="1415" class="1004" name="mul_ln1118_23_fu_1415">
<pin_list>
<pin id="1416" dir="0" index="0" bw="8" slack="0"/>
<pin id="1417" dir="0" index="1" bw="8" slack="0"/>
<pin id="1418" dir="1" index="2" bw="16" slack="0"/>
</pin_list>
<bind>
<opcode="mul(12) " fcode="mul"/>
<opset="mul_ln1118_23/4 "/>
</bind>
</comp>

<comp id="1421" class="1004" name="trunc_ln708_33_fu_1421">
<pin_list>
<pin id="1422" dir="0" index="0" bw="15" slack="0"/>
<pin id="1423" dir="0" index="1" bw="16" slack="0"/>
<pin id="1424" dir="0" index="2" bw="1" slack="0"/>
<pin id="1425" dir="0" index="3" bw="5" slack="0"/>
<pin id="1426" dir="1" index="4" bw="15" slack="0"/>
</pin_list>
<bind>
<opcode="partselect(1002) " fcode="partselect"/>
<opset="trunc_ln708_33/4 "/>
</bind>
</comp>

<comp id="1431" class="1004" name="sext_ln708_23_fu_1431">
<pin_list>
<pin id="1432" dir="0" index="0" bw="15" slack="0"/>
<pin id="1433" dir="1" index="1" bw="16" slack="0"/>
</pin_list>
<bind>
<opcode="sext(35) " fcode="sext"/>
<opset="sext_ln708_23/4 "/>
</bind>
</comp>

<comp id="1435" class="1004" name="trunc_ln703_13_fu_1435">
<pin_list>
<pin id="1436" dir="0" index="0" bw="13" slack="0"/>
<pin id="1437" dir="0" index="1" bw="16" slack="0"/>
<pin id="1438" dir="0" index="2" bw="1" slack="0"/>
<pin id="1439" dir="0" index="3" bw="5" slack="0"/>
<pin id="1440" dir="1" index="4" bw="13" slack="0"/>
</pin_list>
<bind>
<opcode="partselect(1002) " fcode="partselect"/>
<opset="trunc_ln703_13/4 "/>
</bind>
</comp>

<comp id="1445" class="1004" name="trunc_ln703_30_fu_1445">
<pin_list>
<pin id="1446" dir="0" index="0" bw="16" slack="0"/>
<pin id="1447" dir="1" index="1" bw="13" slack="0"/>
</pin_list>
<bind>
<opcode="trunc(33) " fcode="trunc"/>
<opset="trunc_ln703_30/4 "/>
</bind>
</comp>

<comp id="1449" class="1004" name="acc_10_V_fu_1449">
<pin_list>
<pin id="1450" dir="0" index="0" bw="16" slack="0"/>
<pin id="1451" dir="0" index="1" bw="15" slack="0"/>
<pin id="1452" dir="1" index="2" bw="16" slack="0"/>
</pin_list>
<bind>
<opcode="add(8) " fcode="add"/>
<opset="acc_10_V/4 "/>
</bind>
</comp>

<comp id="1455" class="1004" name="add_ln703_26_fu_1455">
<pin_list>
<pin id="1456" dir="0" index="0" bw="13" slack="0"/>
<pin id="1457" dir="0" index="1" bw="13" slack="0"/>
<pin id="1458" dir="1" index="2" bw="13" slack="0"/>
</pin_list>
<bind>
<opcode="add(8) " fcode="add"/>
<opset="add_ln703_26/4 "/>
</bind>
</comp>

<comp id="1461" class="1004" name="sext_ln1118_11_fu_1461">
<pin_list>
<pin id="1462" dir="0" index="0" bw="8" slack="1"/>
<pin id="1463" dir="1" index="1" bw="16" slack="0"/>
</pin_list>
<bind>
<opcode="sext(35) " fcode="sext"/>
<opset="sext_ln1118_11/4 "/>
</bind>
</comp>

<comp id="1464" class="1004" name="mul_ln1118_24_fu_1464">
<pin_list>
<pin id="1465" dir="0" index="0" bw="8" slack="0"/>
<pin id="1466" dir="0" index="1" bw="8" slack="0"/>
<pin id="1467" dir="1" index="2" bw="16" slack="0"/>
</pin_list>
<bind>
<opcode="mul(12) " fcode="mul"/>
<opset="mul_ln1118_24/4 "/>
</bind>
</comp>

<comp id="1470" class="1004" name="trunc_ln708_34_fu_1470">
<pin_list>
<pin id="1471" dir="0" index="0" bw="15" slack="0"/>
<pin id="1472" dir="0" index="1" bw="16" slack="0"/>
<pin id="1473" dir="0" index="2" bw="1" slack="0"/>
<pin id="1474" dir="0" index="3" bw="5" slack="0"/>
<pin id="1475" dir="1" index="4" bw="15" slack="0"/>
</pin_list>
<bind>
<opcode="partselect(1002) " fcode="partselect"/>
<opset="trunc_ln708_34/4 "/>
</bind>
</comp>

<comp id="1480" class="1004" name="sext_ln708_24_fu_1480">
<pin_list>
<pin id="1481" dir="0" index="0" bw="15" slack="0"/>
<pin id="1482" dir="1" index="1" bw="16" slack="0"/>
</pin_list>
<bind>
<opcode="sext(35) " fcode="sext"/>
<opset="sext_ln708_24/4 "/>
</bind>
</comp>

<comp id="1484" class="1004" name="trunc_ln703_14_fu_1484">
<pin_list>
<pin id="1485" dir="0" index="0" bw="13" slack="0"/>
<pin id="1486" dir="0" index="1" bw="16" slack="0"/>
<pin id="1487" dir="0" index="2" bw="1" slack="0"/>
<pin id="1488" dir="0" index="3" bw="5" slack="0"/>
<pin id="1489" dir="1" index="4" bw="13" slack="0"/>
</pin_list>
<bind>
<opcode="partselect(1002) " fcode="partselect"/>
<opset="trunc_ln703_14/4 "/>
</bind>
</comp>

<comp id="1494" class="1004" name="trunc_ln703_31_fu_1494">
<pin_list>
<pin id="1495" dir="0" index="0" bw="16" slack="0"/>
<pin id="1496" dir="1" index="1" bw="13" slack="0"/>
</pin_list>
<bind>
<opcode="trunc(33) " fcode="trunc"/>
<opset="trunc_ln703_31/4 "/>
</bind>
</comp>

<comp id="1498" class="1004" name="acc_11_V_fu_1498">
<pin_list>
<pin id="1499" dir="0" index="0" bw="16" slack="0"/>
<pin id="1500" dir="0" index="1" bw="15" slack="0"/>
<pin id="1501" dir="1" index="2" bw="16" slack="0"/>
</pin_list>
<bind>
<opcode="add(8) " fcode="add"/>
<opset="acc_11_V/4 "/>
</bind>
</comp>

<comp id="1504" class="1004" name="add_ln703_27_fu_1504">
<pin_list>
<pin id="1505" dir="0" index="0" bw="13" slack="0"/>
<pin id="1506" dir="0" index="1" bw="13" slack="0"/>
<pin id="1507" dir="1" index="2" bw="13" slack="0"/>
</pin_list>
<bind>
<opcode="add(8) " fcode="add"/>
<opset="add_ln703_27/4 "/>
</bind>
</comp>

<comp id="1510" class="1004" name="sext_ln1118_12_fu_1510">
<pin_list>
<pin id="1511" dir="0" index="0" bw="8" slack="1"/>
<pin id="1512" dir="1" index="1" bw="16" slack="0"/>
</pin_list>
<bind>
<opcode="sext(35) " fcode="sext"/>
<opset="sext_ln1118_12/4 "/>
</bind>
</comp>

<comp id="1513" class="1004" name="mul_ln1118_25_fu_1513">
<pin_list>
<pin id="1514" dir="0" index="0" bw="8" slack="0"/>
<pin id="1515" dir="0" index="1" bw="8" slack="0"/>
<pin id="1516" dir="1" index="2" bw="16" slack="0"/>
</pin_list>
<bind>
<opcode="mul(12) " fcode="mul"/>
<opset="mul_ln1118_25/4 "/>
</bind>
</comp>

<comp id="1519" class="1004" name="trunc_ln708_35_fu_1519">
<pin_list>
<pin id="1520" dir="0" index="0" bw="15" slack="0"/>
<pin id="1521" dir="0" index="1" bw="16" slack="0"/>
<pin id="1522" dir="0" index="2" bw="1" slack="0"/>
<pin id="1523" dir="0" index="3" bw="5" slack="0"/>
<pin id="1524" dir="1" index="4" bw="15" slack="0"/>
</pin_list>
<bind>
<opcode="partselect(1002) " fcode="partselect"/>
<opset="trunc_ln708_35/4 "/>
</bind>
</comp>

<comp id="1529" class="1004" name="sext_ln708_25_fu_1529">
<pin_list>
<pin id="1530" dir="0" index="0" bw="15" slack="0"/>
<pin id="1531" dir="1" index="1" bw="16" slack="0"/>
</pin_list>
<bind>
<opcode="sext(35) " fcode="sext"/>
<opset="sext_ln708_25/4 "/>
</bind>
</comp>

<comp id="1533" class="1004" name="trunc_ln703_15_fu_1533">
<pin_list>
<pin id="1534" dir="0" index="0" bw="13" slack="0"/>
<pin id="1535" dir="0" index="1" bw="16" slack="0"/>
<pin id="1536" dir="0" index="2" bw="1" slack="0"/>
<pin id="1537" dir="0" index="3" bw="5" slack="0"/>
<pin id="1538" dir="1" index="4" bw="13" slack="0"/>
</pin_list>
<bind>
<opcode="partselect(1002) " fcode="partselect"/>
<opset="trunc_ln703_15/4 "/>
</bind>
</comp>

<comp id="1543" class="1004" name="trunc_ln703_32_fu_1543">
<pin_list>
<pin id="1544" dir="0" index="0" bw="16" slack="0"/>
<pin id="1545" dir="1" index="1" bw="13" slack="0"/>
</pin_list>
<bind>
<opcode="trunc(33) " fcode="trunc"/>
<opset="trunc_ln703_32/4 "/>
</bind>
</comp>

<comp id="1547" class="1004" name="acc_12_V_fu_1547">
<pin_list>
<pin id="1548" dir="0" index="0" bw="16" slack="0"/>
<pin id="1549" dir="0" index="1" bw="15" slack="0"/>
<pin id="1550" dir="1" index="2" bw="16" slack="0"/>
</pin_list>
<bind>
<opcode="add(8) " fcode="add"/>
<opset="acc_12_V/4 "/>
</bind>
</comp>

<comp id="1553" class="1004" name="add_ln703_28_fu_1553">
<pin_list>
<pin id="1554" dir="0" index="0" bw="13" slack="0"/>
<pin id="1555" dir="0" index="1" bw="13" slack="0"/>
<pin id="1556" dir="1" index="2" bw="13" slack="0"/>
</pin_list>
<bind>
<opcode="add(8) " fcode="add"/>
<opset="add_ln703_28/4 "/>
</bind>
</comp>

<comp id="1559" class="1004" name="sext_ln1118_13_fu_1559">
<pin_list>
<pin id="1560" dir="0" index="0" bw="8" slack="1"/>
<pin id="1561" dir="1" index="1" bw="16" slack="0"/>
</pin_list>
<bind>
<opcode="sext(35) " fcode="sext"/>
<opset="sext_ln1118_13/4 "/>
</bind>
</comp>

<comp id="1562" class="1004" name="mul_ln1118_26_fu_1562">
<pin_list>
<pin id="1563" dir="0" index="0" bw="8" slack="0"/>
<pin id="1564" dir="0" index="1" bw="8" slack="0"/>
<pin id="1565" dir="1" index="2" bw="16" slack="0"/>
</pin_list>
<bind>
<opcode="mul(12) " fcode="mul"/>
<opset="mul_ln1118_26/4 "/>
</bind>
</comp>

<comp id="1568" class="1004" name="trunc_ln708_36_fu_1568">
<pin_list>
<pin id="1569" dir="0" index="0" bw="15" slack="0"/>
<pin id="1570" dir="0" index="1" bw="16" slack="0"/>
<pin id="1571" dir="0" index="2" bw="1" slack="0"/>
<pin id="1572" dir="0" index="3" bw="5" slack="0"/>
<pin id="1573" dir="1" index="4" bw="15" slack="0"/>
</pin_list>
<bind>
<opcode="partselect(1002) " fcode="partselect"/>
<opset="trunc_ln708_36/4 "/>
</bind>
</comp>

<comp id="1578" class="1004" name="sext_ln708_26_fu_1578">
<pin_list>
<pin id="1579" dir="0" index="0" bw="15" slack="0"/>
<pin id="1580" dir="1" index="1" bw="16" slack="0"/>
</pin_list>
<bind>
<opcode="sext(35) " fcode="sext"/>
<opset="sext_ln708_26/4 "/>
</bind>
</comp>

<comp id="1582" class="1004" name="trunc_ln703_16_fu_1582">
<pin_list>
<pin id="1583" dir="0" index="0" bw="13" slack="0"/>
<pin id="1584" dir="0" index="1" bw="16" slack="0"/>
<pin id="1585" dir="0" index="2" bw="1" slack="0"/>
<pin id="1586" dir="0" index="3" bw="5" slack="0"/>
<pin id="1587" dir="1" index="4" bw="13" slack="0"/>
</pin_list>
<bind>
<opcode="partselect(1002) " fcode="partselect"/>
<opset="trunc_ln703_16/4 "/>
</bind>
</comp>

<comp id="1592" class="1004" name="trunc_ln703_33_fu_1592">
<pin_list>
<pin id="1593" dir="0" index="0" bw="16" slack="0"/>
<pin id="1594" dir="1" index="1" bw="13" slack="0"/>
</pin_list>
<bind>
<opcode="trunc(33) " fcode="trunc"/>
<opset="trunc_ln703_33/4 "/>
</bind>
</comp>

<comp id="1596" class="1004" name="acc_13_V_fu_1596">
<pin_list>
<pin id="1597" dir="0" index="0" bw="16" slack="0"/>
<pin id="1598" dir="0" index="1" bw="15" slack="0"/>
<pin id="1599" dir="1" index="2" bw="16" slack="0"/>
</pin_list>
<bind>
<opcode="add(8) " fcode="add"/>
<opset="acc_13_V/4 "/>
</bind>
</comp>

<comp id="1602" class="1004" name="add_ln703_29_fu_1602">
<pin_list>
<pin id="1603" dir="0" index="0" bw="13" slack="0"/>
<pin id="1604" dir="0" index="1" bw="13" slack="0"/>
<pin id="1605" dir="1" index="2" bw="13" slack="0"/>
</pin_list>
<bind>
<opcode="add(8) " fcode="add"/>
<opset="add_ln703_29/4 "/>
</bind>
</comp>

<comp id="1608" class="1004" name="zext_ln1118_fu_1608">
<pin_list>
<pin id="1609" dir="0" index="0" bw="8" slack="1"/>
<pin id="1610" dir="1" index="1" bw="14" slack="0"/>
</pin_list>
<bind>
<opcode="zext(34) " fcode="zext"/>
<opset="zext_ln1118/4 "/>
</bind>
</comp>

<comp id="1611" class="1004" name="sext_ln1118_14_fu_1611">
<pin_list>
<pin id="1612" dir="0" index="0" bw="6" slack="1"/>
<pin id="1613" dir="1" index="1" bw="14" slack="0"/>
</pin_list>
<bind>
<opcode="sext(35) " fcode="sext"/>
<opset="sext_ln1118_14/4 "/>
</bind>
</comp>

<comp id="1614" class="1004" name="mul_ln1118_27_fu_1614">
<pin_list>
<pin id="1615" dir="0" index="0" bw="6" slack="0"/>
<pin id="1616" dir="0" index="1" bw="8" slack="0"/>
<pin id="1617" dir="1" index="2" bw="14" slack="0"/>
</pin_list>
<bind>
<opcode="mul(12) " fcode="mul"/>
<opset="mul_ln1118_27/4 "/>
</bind>
</comp>

<comp id="1620" class="1004" name="trunc_ln708_37_fu_1620">
<pin_list>
<pin id="1621" dir="0" index="0" bw="13" slack="0"/>
<pin id="1622" dir="0" index="1" bw="14" slack="0"/>
<pin id="1623" dir="0" index="2" bw="1" slack="0"/>
<pin id="1624" dir="0" index="3" bw="5" slack="0"/>
<pin id="1625" dir="1" index="4" bw="13" slack="0"/>
</pin_list>
<bind>
<opcode="partselect(1002) " fcode="partselect"/>
<opset="trunc_ln708_37/4 "/>
</bind>
</comp>

<comp id="1630" class="1004" name="sext_ln708_27_fu_1630">
<pin_list>
<pin id="1631" dir="0" index="0" bw="13" slack="0"/>
<pin id="1632" dir="1" index="1" bw="16" slack="0"/>
</pin_list>
<bind>
<opcode="sext(35) " fcode="sext"/>
<opset="sext_ln708_27/4 "/>
</bind>
</comp>

<comp id="1634" class="1004" name="trunc_ln703_34_fu_1634">
<pin_list>
<pin id="1635" dir="0" index="0" bw="16" slack="0"/>
<pin id="1636" dir="1" index="1" bw="13" slack="0"/>
</pin_list>
<bind>
<opcode="trunc(33) " fcode="trunc"/>
<opset="trunc_ln703_34/4 "/>
</bind>
</comp>

<comp id="1638" class="1004" name="acc_14_V_fu_1638">
<pin_list>
<pin id="1639" dir="0" index="0" bw="16" slack="0"/>
<pin id="1640" dir="0" index="1" bw="13" slack="0"/>
<pin id="1641" dir="1" index="2" bw="16" slack="0"/>
</pin_list>
<bind>
<opcode="add(8) " fcode="add"/>
<opset="acc_14_V/4 "/>
</bind>
</comp>

<comp id="1644" class="1004" name="add_ln703_30_fu_1644">
<pin_list>
<pin id="1645" dir="0" index="0" bw="13" slack="0"/>
<pin id="1646" dir="0" index="1" bw="13" slack="0"/>
<pin id="1647" dir="1" index="2" bw="13" slack="0"/>
</pin_list>
<bind>
<opcode="add(8) " fcode="add"/>
<opset="add_ln703_30/4 "/>
</bind>
</comp>

<comp id="1650" class="1004" name="trunc_ln6_fu_1650">
<pin_list>
<pin id="1651" dir="0" index="0" bw="8" slack="0"/>
<pin id="1652" dir="0" index="1" bw="13" slack="0"/>
<pin id="1653" dir="0" index="2" bw="4" slack="0"/>
<pin id="1654" dir="0" index="3" bw="5" slack="0"/>
<pin id="1655" dir="1" index="4" bw="8" slack="0"/>
</pin_list>
<bind>
<opcode="partselect(1002) " fcode="partselect"/>
<opset="trunc_ln6/4 "/>
</bind>
</comp>

<comp id="1660" class="1004" name="trunc_ln46_s_fu_1660">
<pin_list>
<pin id="1661" dir="0" index="0" bw="8" slack="0"/>
<pin id="1662" dir="0" index="1" bw="13" slack="0"/>
<pin id="1663" dir="0" index="2" bw="4" slack="0"/>
<pin id="1664" dir="0" index="3" bw="5" slack="0"/>
<pin id="1665" dir="1" index="4" bw="8" slack="0"/>
</pin_list>
<bind>
<opcode="partselect(1002) " fcode="partselect"/>
<opset="trunc_ln46_s/4 "/>
</bind>
</comp>

<comp id="1670" class="1004" name="trunc_ln46_4_fu_1670">
<pin_list>
<pin id="1671" dir="0" index="0" bw="8" slack="0"/>
<pin id="1672" dir="0" index="1" bw="13" slack="0"/>
<pin id="1673" dir="0" index="2" bw="4" slack="0"/>
<pin id="1674" dir="0" index="3" bw="5" slack="0"/>
<pin id="1675" dir="1" index="4" bw="8" slack="0"/>
</pin_list>
<bind>
<opcode="partselect(1002) " fcode="partselect"/>
<opset="trunc_ln46_4/4 "/>
</bind>
</comp>

<comp id="1680" class="1004" name="trunc_ln46_5_fu_1680">
<pin_list>
<pin id="1681" dir="0" index="0" bw="8" slack="0"/>
<pin id="1682" dir="0" index="1" bw="13" slack="0"/>
<pin id="1683" dir="0" index="2" bw="4" slack="0"/>
<pin id="1684" dir="0" index="3" bw="5" slack="0"/>
<pin id="1685" dir="1" index="4" bw="8" slack="0"/>
</pin_list>
<bind>
<opcode="partselect(1002) " fcode="partselect"/>
<opset="trunc_ln46_5/4 "/>
</bind>
</comp>

<comp id="1690" class="1004" name="trunc_ln46_6_fu_1690">
<pin_list>
<pin id="1691" dir="0" index="0" bw="8" slack="0"/>
<pin id="1692" dir="0" index="1" bw="13" slack="0"/>
<pin id="1693" dir="0" index="2" bw="4" slack="0"/>
<pin id="1694" dir="0" index="3" bw="5" slack="0"/>
<pin id="1695" dir="1" index="4" bw="8" slack="0"/>
</pin_list>
<bind>
<opcode="partselect(1002) " fcode="partselect"/>
<opset="trunc_ln46_6/4 "/>
</bind>
</comp>

<comp id="1700" class="1004" name="trunc_ln46_7_fu_1700">
<pin_list>
<pin id="1701" dir="0" index="0" bw="8" slack="0"/>
<pin id="1702" dir="0" index="1" bw="13" slack="0"/>
<pin id="1703" dir="0" index="2" bw="4" slack="0"/>
<pin id="1704" dir="0" index="3" bw="5" slack="0"/>
<pin id="1705" dir="1" index="4" bw="8" slack="0"/>
</pin_list>
<bind>
<opcode="partselect(1002) " fcode="partselect"/>
<opset="trunc_ln46_7/4 "/>
</bind>
</comp>

<comp id="1710" class="1004" name="trunc_ln46_8_fu_1710">
<pin_list>
<pin id="1711" dir="0" index="0" bw="8" slack="0"/>
<pin id="1712" dir="0" index="1" bw="13" slack="0"/>
<pin id="1713" dir="0" index="2" bw="4" slack="0"/>
<pin id="1714" dir="0" index="3" bw="5" slack="0"/>
<pin id="1715" dir="1" index="4" bw="8" slack="0"/>
</pin_list>
<bind>
<opcode="partselect(1002) " fcode="partselect"/>
<opset="trunc_ln46_8/4 "/>
</bind>
</comp>

<comp id="1720" class="1004" name="trunc_ln46_9_fu_1720">
<pin_list>
<pin id="1721" dir="0" index="0" bw="8" slack="0"/>
<pin id="1722" dir="0" index="1" bw="13" slack="0"/>
<pin id="1723" dir="0" index="2" bw="4" slack="0"/>
<pin id="1724" dir="0" index="3" bw="5" slack="0"/>
<pin id="1725" dir="1" index="4" bw="8" slack="0"/>
</pin_list>
<bind>
<opcode="partselect(1002) " fcode="partselect"/>
<opset="trunc_ln46_9/4 "/>
</bind>
</comp>

<comp id="1730" class="1004" name="trunc_ln46_1_fu_1730">
<pin_list>
<pin id="1731" dir="0" index="0" bw="8" slack="0"/>
<pin id="1732" dir="0" index="1" bw="13" slack="0"/>
<pin id="1733" dir="0" index="2" bw="4" slack="0"/>
<pin id="1734" dir="0" index="3" bw="5" slack="0"/>
<pin id="1735" dir="1" index="4" bw="8" slack="0"/>
</pin_list>
<bind>
<opcode="partselect(1002) " fcode="partselect"/>
<opset="trunc_ln46_1/4 "/>
</bind>
</comp>

<comp id="1740" class="1004" name="trunc_ln46_2_fu_1740">
<pin_list>
<pin id="1741" dir="0" index="0" bw="8" slack="0"/>
<pin id="1742" dir="0" index="1" bw="13" slack="0"/>
<pin id="1743" dir="0" index="2" bw="4" slack="0"/>
<pin id="1744" dir="0" index="3" bw="5" slack="0"/>
<pin id="1745" dir="1" index="4" bw="8" slack="0"/>
</pin_list>
<bind>
<opcode="partselect(1002) " fcode="partselect"/>
<opset="trunc_ln46_2/4 "/>
</bind>
</comp>

<comp id="1750" class="1004" name="trunc_ln46_3_fu_1750">
<pin_list>
<pin id="1751" dir="0" index="0" bw="8" slack="0"/>
<pin id="1752" dir="0" index="1" bw="13" slack="0"/>
<pin id="1753" dir="0" index="2" bw="4" slack="0"/>
<pin id="1754" dir="0" index="3" bw="5" slack="0"/>
<pin id="1755" dir="1" index="4" bw="8" slack="0"/>
</pin_list>
<bind>
<opcode="partselect(1002) " fcode="partselect"/>
<opset="trunc_ln46_3/4 "/>
</bind>
</comp>

<comp id="1760" class="1004" name="trunc_ln46_10_fu_1760">
<pin_list>
<pin id="1761" dir="0" index="0" bw="8" slack="0"/>
<pin id="1762" dir="0" index="1" bw="13" slack="0"/>
<pin id="1763" dir="0" index="2" bw="4" slack="0"/>
<pin id="1764" dir="0" index="3" bw="5" slack="0"/>
<pin id="1765" dir="1" index="4" bw="8" slack="0"/>
</pin_list>
<bind>
<opcode="partselect(1002) " fcode="partselect"/>
<opset="trunc_ln46_10/4 "/>
</bind>
</comp>

<comp id="1770" class="1004" name="trunc_ln46_11_fu_1770">
<pin_list>
<pin id="1771" dir="0" index="0" bw="8" slack="0"/>
<pin id="1772" dir="0" index="1" bw="13" slack="0"/>
<pin id="1773" dir="0" index="2" bw="4" slack="0"/>
<pin id="1774" dir="0" index="3" bw="5" slack="0"/>
<pin id="1775" dir="1" index="4" bw="8" slack="0"/>
</pin_list>
<bind>
<opcode="partselect(1002) " fcode="partselect"/>
<opset="trunc_ln46_11/4 "/>
</bind>
</comp>

<comp id="1780" class="1004" name="trunc_ln46_12_fu_1780">
<pin_list>
<pin id="1781" dir="0" index="0" bw="8" slack="0"/>
<pin id="1782" dir="0" index="1" bw="13" slack="0"/>
<pin id="1783" dir="0" index="2" bw="4" slack="0"/>
<pin id="1784" dir="0" index="3" bw="5" slack="0"/>
<pin id="1785" dir="1" index="4" bw="8" slack="0"/>
</pin_list>
<bind>
<opcode="partselect(1002) " fcode="partselect"/>
<opset="trunc_ln46_12/4 "/>
</bind>
</comp>

<comp id="1790" class="1004" name="trunc_ln46_13_fu_1790">
<pin_list>
<pin id="1791" dir="0" index="0" bw="8" slack="0"/>
<pin id="1792" dir="0" index="1" bw="13" slack="0"/>
<pin id="1793" dir="0" index="2" bw="4" slack="0"/>
<pin id="1794" dir="0" index="3" bw="5" slack="0"/>
<pin id="1795" dir="1" index="4" bw="8" slack="0"/>
</pin_list>
<bind>
<opcode="partselect(1002) " fcode="partselect"/>
<opset="trunc_ln46_13/4 "/>
</bind>
</comp>

<comp id="1800" class="1004" name="mrv_fu_1800">
<pin_list>
<pin id="1801" dir="0" index="0" bw="120" slack="0"/>
<pin id="1802" dir="0" index="1" bw="8" slack="0"/>
<pin id="1803" dir="1" index="2" bw="120" slack="0"/>
</pin_list>
<bind>
<opcode="insertvalue(57) " fcode="insertvalue"/>
<opset="mrv/4 "/>
</bind>
</comp>

<comp id="1806" class="1004" name="mrv_1_fu_1806">
<pin_list>
<pin id="1807" dir="0" index="0" bw="120" slack="0"/>
<pin id="1808" dir="0" index="1" bw="8" slack="0"/>
<pin id="1809" dir="1" index="2" bw="120" slack="0"/>
</pin_list>
<bind>
<opcode="insertvalue(57) " fcode="insertvalue"/>
<opset="mrv_1/4 "/>
</bind>
</comp>

<comp id="1812" class="1004" name="mrv_2_fu_1812">
<pin_list>
<pin id="1813" dir="0" index="0" bw="120" slack="0"/>
<pin id="1814" dir="0" index="1" bw="8" slack="0"/>
<pin id="1815" dir="1" index="2" bw="120" slack="0"/>
</pin_list>
<bind>
<opcode="insertvalue(57) " fcode="insertvalue"/>
<opset="mrv_2/4 "/>
</bind>
</comp>

<comp id="1818" class="1004" name="mrv_3_fu_1818">
<pin_list>
<pin id="1819" dir="0" index="0" bw="120" slack="0"/>
<pin id="1820" dir="0" index="1" bw="8" slack="0"/>
<pin id="1821" dir="1" index="2" bw="120" slack="0"/>
</pin_list>
<bind>
<opcode="insertvalue(57) " fcode="insertvalue"/>
<opset="mrv_3/4 "/>
</bind>
</comp>

<comp id="1824" class="1004" name="mrv_4_fu_1824">
<pin_list>
<pin id="1825" dir="0" index="0" bw="120" slack="0"/>
<pin id="1826" dir="0" index="1" bw="8" slack="0"/>
<pin id="1827" dir="1" index="2" bw="120" slack="0"/>
</pin_list>
<bind>
<opcode="insertvalue(57) " fcode="insertvalue"/>
<opset="mrv_4/4 "/>
</bind>
</comp>

<comp id="1830" class="1004" name="mrv_5_fu_1830">
<pin_list>
<pin id="1831" dir="0" index="0" bw="120" slack="0"/>
<pin id="1832" dir="0" index="1" bw="8" slack="0"/>
<pin id="1833" dir="1" index="2" bw="120" slack="0"/>
</pin_list>
<bind>
<opcode="insertvalue(57) " fcode="insertvalue"/>
<opset="mrv_5/4 "/>
</bind>
</comp>

<comp id="1836" class="1004" name="mrv_6_fu_1836">
<pin_list>
<pin id="1837" dir="0" index="0" bw="120" slack="0"/>
<pin id="1838" dir="0" index="1" bw="8" slack="0"/>
<pin id="1839" dir="1" index="2" bw="120" slack="0"/>
</pin_list>
<bind>
<opcode="insertvalue(57) " fcode="insertvalue"/>
<opset="mrv_6/4 "/>
</bind>
</comp>

<comp id="1842" class="1004" name="mrv_7_fu_1842">
<pin_list>
<pin id="1843" dir="0" index="0" bw="120" slack="0"/>
<pin id="1844" dir="0" index="1" bw="8" slack="0"/>
<pin id="1845" dir="1" index="2" bw="120" slack="0"/>
</pin_list>
<bind>
<opcode="insertvalue(57) " fcode="insertvalue"/>
<opset="mrv_7/4 "/>
</bind>
</comp>

<comp id="1848" class="1004" name="mrv_8_fu_1848">
<pin_list>
<pin id="1849" dir="0" index="0" bw="120" slack="0"/>
<pin id="1850" dir="0" index="1" bw="8" slack="0"/>
<pin id="1851" dir="1" index="2" bw="120" slack="0"/>
</pin_list>
<bind>
<opcode="insertvalue(57) " fcode="insertvalue"/>
<opset="mrv_8/4 "/>
</bind>
</comp>

<comp id="1854" class="1004" name="mrv_9_fu_1854">
<pin_list>
<pin id="1855" dir="0" index="0" bw="120" slack="0"/>
<pin id="1856" dir="0" index="1" bw="8" slack="0"/>
<pin id="1857" dir="1" index="2" bw="120" slack="0"/>
</pin_list>
<bind>
<opcode="insertvalue(57) " fcode="insertvalue"/>
<opset="mrv_9/4 "/>
</bind>
</comp>

<comp id="1860" class="1004" name="mrv_10_fu_1860">
<pin_list>
<pin id="1861" dir="0" index="0" bw="120" slack="0"/>
<pin id="1862" dir="0" index="1" bw="8" slack="0"/>
<pin id="1863" dir="1" index="2" bw="120" slack="0"/>
</pin_list>
<bind>
<opcode="insertvalue(57) " fcode="insertvalue"/>
<opset="mrv_10/4 "/>
</bind>
</comp>

<comp id="1866" class="1004" name="mrv_11_fu_1866">
<pin_list>
<pin id="1867" dir="0" index="0" bw="120" slack="0"/>
<pin id="1868" dir="0" index="1" bw="8" slack="0"/>
<pin id="1869" dir="1" index="2" bw="120" slack="0"/>
</pin_list>
<bind>
<opcode="insertvalue(57) " fcode="insertvalue"/>
<opset="mrv_11/4 "/>
</bind>
</comp>

<comp id="1872" class="1004" name="mrv_12_fu_1872">
<pin_list>
<pin id="1873" dir="0" index="0" bw="120" slack="0"/>
<pin id="1874" dir="0" index="1" bw="8" slack="0"/>
<pin id="1875" dir="1" index="2" bw="120" slack="0"/>
</pin_list>
<bind>
<opcode="insertvalue(57) " fcode="insertvalue"/>
<opset="mrv_12/4 "/>
</bind>
</comp>

<comp id="1878" class="1004" name="mrv_13_fu_1878">
<pin_list>
<pin id="1879" dir="0" index="0" bw="120" slack="0"/>
<pin id="1880" dir="0" index="1" bw="8" slack="0"/>
<pin id="1881" dir="1" index="2" bw="120" slack="0"/>
</pin_list>
<bind>
<opcode="insertvalue(57) " fcode="insertvalue"/>
<opset="mrv_13/4 "/>
</bind>
</comp>

<comp id="1884" class="1004" name="mrv_14_fu_1884">
<pin_list>
<pin id="1885" dir="0" index="0" bw="120" slack="0"/>
<pin id="1886" dir="0" index="1" bw="8" slack="0"/>
<pin id="1887" dir="1" index="2" bw="120" slack="0"/>
</pin_list>
<bind>
<opcode="insertvalue(57) " fcode="insertvalue"/>
<opset="mrv_14/4 "/>
</bind>
</comp>

<comp id="1890" class="1004" name="return_ln21_fu_1890">
<pin_list>
<pin id="1891" dir="0" index="0" bw="120" slack="0"/>
<pin id="1892" dir="1" index="1" bw="0" slack="2147483647"/>
</pin_list>
<bind>
<opcode="return(1203) " fcode="return"/>
<opset="return_ln21/4 "/>
</bind>
</comp>

<comp id="1894" class="1005" name="data_9_V_read_3_reg_1894">
<pin_list>
<pin id="1895" dir="0" index="0" bw="8" slack="1"/>
<pin id="1896" dir="1" index="1" bw="8" slack="1"/>
</pin_list>
<bind>
<opset="data_9_V_read_3 "/>
</bind>
</comp>

<comp id="1899" class="1005" name="data_8_V_read_3_reg_1899">
<pin_list>
<pin id="1900" dir="0" index="0" bw="8" slack="1"/>
<pin id="1901" dir="1" index="1" bw="8" slack="1"/>
</pin_list>
<bind>
<opset="data_8_V_read_3 "/>
</bind>
</comp>

<comp id="1904" class="1005" name="data_7_V_read_3_reg_1904">
<pin_list>
<pin id="1905" dir="0" index="0" bw="8" slack="1"/>
<pin id="1906" dir="1" index="1" bw="8" slack="1"/>
</pin_list>
<bind>
<opset="data_7_V_read_3 "/>
</bind>
</comp>

<comp id="1909" class="1005" name="data_6_V_read42_reg_1909">
<pin_list>
<pin id="1910" dir="0" index="0" bw="8" slack="1"/>
<pin id="1911" dir="1" index="1" bw="8" slack="1"/>
</pin_list>
<bind>
<opset="data_6_V_read42 "/>
</bind>
</comp>

<comp id="1914" class="1005" name="data_5_V_read41_reg_1914">
<pin_list>
<pin id="1915" dir="0" index="0" bw="8" slack="1"/>
<pin id="1916" dir="1" index="1" bw="8" slack="1"/>
</pin_list>
<bind>
<opset="data_5_V_read41 "/>
</bind>
</comp>

<comp id="1919" class="1005" name="data_4_V_read_3_reg_1919">
<pin_list>
<pin id="1920" dir="0" index="0" bw="8" slack="1"/>
<pin id="1921" dir="1" index="1" bw="8" slack="1"/>
</pin_list>
<bind>
<opset="data_4_V_read_3 "/>
</bind>
</comp>

<comp id="1924" class="1005" name="data_3_V_read_3_reg_1924">
<pin_list>
<pin id="1925" dir="0" index="0" bw="8" slack="1"/>
<pin id="1926" dir="1" index="1" bw="8" slack="1"/>
</pin_list>
<bind>
<opset="data_3_V_read_3 "/>
</bind>
</comp>

<comp id="1929" class="1005" name="data_2_V_read_3_reg_1929">
<pin_list>
<pin id="1930" dir="0" index="0" bw="8" slack="1"/>
<pin id="1931" dir="1" index="1" bw="8" slack="1"/>
</pin_list>
<bind>
<opset="data_2_V_read_3 "/>
</bind>
</comp>

<comp id="1934" class="1005" name="data_1_V_read_3_reg_1934">
<pin_list>
<pin id="1935" dir="0" index="0" bw="8" slack="1"/>
<pin id="1936" dir="1" index="1" bw="8" slack="1"/>
</pin_list>
<bind>
<opset="data_1_V_read_3 "/>
</bind>
</comp>

<comp id="1939" class="1005" name="data_0_V_read_3_reg_1939">
<pin_list>
<pin id="1940" dir="0" index="0" bw="8" slack="1"/>
<pin id="1941" dir="1" index="1" bw="8" slack="1"/>
</pin_list>
<bind>
<opset="data_0_V_read_3 "/>
</bind>
</comp>

<comp id="1944" class="1005" name="w15_V_addr_reg_1944">
<pin_list>
<pin id="1945" dir="0" index="0" bw="4" slack="1"/>
<pin id="1946" dir="1" index="1" bw="4" slack="1"/>
</pin_list>
<bind>
<opset="w15_V_addr "/>
</bind>
</comp>

<comp id="1949" class="1005" name="w_index_reg_1949">
<pin_list>
<pin id="1950" dir="0" index="0" bw="4" slack="0"/>
<pin id="1951" dir="1" index="1" bw="4" slack="0"/>
</pin_list>
<bind>
<opset="w_index "/>
</bind>
</comp>

<comp id="1954" class="1005" name="icmp_ln46_reg_1954">
<pin_list>
<pin id="1955" dir="0" index="0" bw="1" slack="1"/>
<pin id="1956" dir="1" index="1" bw="1" slack="2147483647"/>
</pin_list>
<bind>
<opset="icmp_ln46 "/>
</bind>
</comp>

<comp id="1958" class="1005" name="tmp_28_reg_1958">
<pin_list>
<pin id="1959" dir="0" index="0" bw="8" slack="1"/>
<pin id="1960" dir="1" index="1" bw="8" slack="1"/>
</pin_list>
<bind>
<opset="tmp_28 "/>
</bind>
</comp>

<comp id="1964" class="1005" name="trunc_ln59_reg_1964">
<pin_list>
<pin id="1965" dir="0" index="0" bw="8" slack="1"/>
<pin id="1966" dir="1" index="1" bw="8" slack="1"/>
</pin_list>
<bind>
<opset="trunc_ln59 "/>
</bind>
</comp>

<comp id="1969" class="1005" name="tmp_15_reg_1969">
<pin_list>
<pin id="1970" dir="0" index="0" bw="8" slack="1"/>
<pin id="1971" dir="1" index="1" bw="8" slack="1"/>
</pin_list>
<bind>
<opset="tmp_15 "/>
</bind>
</comp>

<comp id="1974" class="1005" name="tmp_16_reg_1974">
<pin_list>
<pin id="1975" dir="0" index="0" bw="8" slack="1"/>
<pin id="1976" dir="1" index="1" bw="8" slack="1"/>
</pin_list>
<bind>
<opset="tmp_16 "/>
</bind>
</comp>

<comp id="1979" class="1005" name="tmp_17_reg_1979">
<pin_list>
<pin id="1980" dir="0" index="0" bw="8" slack="1"/>
<pin id="1981" dir="1" index="1" bw="8" slack="1"/>
</pin_list>
<bind>
<opset="tmp_17 "/>
</bind>
</comp>

<comp id="1984" class="1005" name="tmp_18_reg_1984">
<pin_list>
<pin id="1985" dir="0" index="0" bw="8" slack="1"/>
<pin id="1986" dir="1" index="1" bw="8" slack="1"/>
</pin_list>
<bind>
<opset="tmp_18 "/>
</bind>
</comp>

<comp id="1989" class="1005" name="tmp_19_reg_1989">
<pin_list>
<pin id="1990" dir="0" index="0" bw="8" slack="1"/>
<pin id="1991" dir="1" index="1" bw="8" slack="1"/>
</pin_list>
<bind>
<opset="tmp_19 "/>
</bind>
</comp>

<comp id="1994" class="1005" name="tmp_20_reg_1994">
<pin_list>
<pin id="1995" dir="0" index="0" bw="8" slack="1"/>
<pin id="1996" dir="1" index="1" bw="8" slack="1"/>
</pin_list>
<bind>
<opset="tmp_20 "/>
</bind>
</comp>

<comp id="1999" class="1005" name="tmp_21_reg_1999">
<pin_list>
<pin id="2000" dir="0" index="0" bw="8" slack="1"/>
<pin id="2001" dir="1" index="1" bw="8" slack="1"/>
</pin_list>
<bind>
<opset="tmp_21 "/>
</bind>
</comp>

<comp id="2004" class="1005" name="tmp_22_reg_2004">
<pin_list>
<pin id="2005" dir="0" index="0" bw="8" slack="1"/>
<pin id="2006" dir="1" index="1" bw="8" slack="1"/>
</pin_list>
<bind>
<opset="tmp_22 "/>
</bind>
</comp>

<comp id="2009" class="1005" name="tmp_23_reg_2009">
<pin_list>
<pin id="2010" dir="0" index="0" bw="8" slack="1"/>
<pin id="2011" dir="1" index="1" bw="8" slack="1"/>
</pin_list>
<bind>
<opset="tmp_23 "/>
</bind>
</comp>

<comp id="2014" class="1005" name="tmp_24_reg_2014">
<pin_list>
<pin id="2015" dir="0" index="0" bw="8" slack="1"/>
<pin id="2016" dir="1" index="1" bw="8" slack="1"/>
</pin_list>
<bind>
<opset="tmp_24 "/>
</bind>
</comp>

<comp id="2019" class="1005" name="tmp_25_reg_2019">
<pin_list>
<pin id="2020" dir="0" index="0" bw="8" slack="1"/>
<pin id="2021" dir="1" index="1" bw="8" slack="1"/>
</pin_list>
<bind>
<opset="tmp_25 "/>
</bind>
</comp>

<comp id="2024" class="1005" name="tmp_26_reg_2024">
<pin_list>
<pin id="2025" dir="0" index="0" bw="8" slack="1"/>
<pin id="2026" dir="1" index="1" bw="8" slack="1"/>
</pin_list>
<bind>
<opset="tmp_26 "/>
</bind>
</comp>

<comp id="2029" class="1005" name="tmp_27_reg_2029">
<pin_list>
<pin id="2030" dir="0" index="0" bw="8" slack="1"/>
<pin id="2031" dir="1" index="1" bw="8" slack="1"/>
</pin_list>
<bind>
<opset="tmp_27 "/>
</bind>
</comp>

<comp id="2034" class="1005" name="tmp_29_reg_2034">
<pin_list>
<pin id="2035" dir="0" index="0" bw="6" slack="1"/>
<pin id="2036" dir="1" index="1" bw="6" slack="1"/>
</pin_list>
<bind>
<opset="tmp_29 "/>
</bind>
</comp>

<comp id="2039" class="1005" name="acc_0_V_reg_2039">
<pin_list>
<pin id="2040" dir="0" index="0" bw="16" slack="0"/>
<pin id="2041" dir="1" index="1" bw="16" slack="0"/>
</pin_list>
<bind>
<opset="acc_0_V "/>
</bind>
</comp>

<comp id="2044" class="1005" name="acc_1_V_reg_2044">
<pin_list>
<pin id="2045" dir="0" index="0" bw="16" slack="0"/>
<pin id="2046" dir="1" index="1" bw="16" slack="0"/>
</pin_list>
<bind>
<opset="acc_1_V "/>
</bind>
</comp>

<comp id="2049" class="1005" name="acc_2_V_reg_2049">
<pin_list>
<pin id="2050" dir="0" index="0" bw="16" slack="0"/>
<pin id="2051" dir="1" index="1" bw="16" slack="0"/>
</pin_list>
<bind>
<opset="acc_2_V "/>
</bind>
</comp>

<comp id="2054" class="1005" name="acc_3_V_reg_2054">
<pin_list>
<pin id="2055" dir="0" index="0" bw="16" slack="0"/>
<pin id="2056" dir="1" index="1" bw="16" slack="0"/>
</pin_list>
<bind>
<opset="acc_3_V "/>
</bind>
</comp>

<comp id="2059" class="1005" name="acc_4_V_reg_2059">
<pin_list>
<pin id="2060" dir="0" index="0" bw="16" slack="0"/>
<pin id="2061" dir="1" index="1" bw="16" slack="0"/>
</pin_list>
<bind>
<opset="acc_4_V "/>
</bind>
</comp>

<comp id="2064" class="1005" name="acc_5_V_reg_2064">
<pin_list>
<pin id="2065" dir="0" index="0" bw="16" slack="0"/>
<pin id="2066" dir="1" index="1" bw="16" slack="0"/>
</pin_list>
<bind>
<opset="acc_5_V "/>
</bind>
</comp>

<comp id="2069" class="1005" name="acc_6_V_reg_2069">
<pin_list>
<pin id="2070" dir="0" index="0" bw="16" slack="0"/>
<pin id="2071" dir="1" index="1" bw="16" slack="0"/>
</pin_list>
<bind>
<opset="acc_6_V "/>
</bind>
</comp>

<comp id="2074" class="1005" name="acc_7_V_reg_2074">
<pin_list>
<pin id="2075" dir="0" index="0" bw="16" slack="0"/>
<pin id="2076" dir="1" index="1" bw="16" slack="0"/>
</pin_list>
<bind>
<opset="acc_7_V "/>
</bind>
</comp>

<comp id="2079" class="1005" name="acc_8_V_reg_2079">
<pin_list>
<pin id="2080" dir="0" index="0" bw="16" slack="0"/>
<pin id="2081" dir="1" index="1" bw="16" slack="0"/>
</pin_list>
<bind>
<opset="acc_8_V "/>
</bind>
</comp>

<comp id="2084" class="1005" name="acc_9_V_reg_2084">
<pin_list>
<pin id="2085" dir="0" index="0" bw="16" slack="0"/>
<pin id="2086" dir="1" index="1" bw="16" slack="0"/>
</pin_list>
<bind>
<opset="acc_9_V "/>
</bind>
</comp>

<comp id="2089" class="1005" name="acc_10_V_reg_2089">
<pin_list>
<pin id="2090" dir="0" index="0" bw="16" slack="0"/>
<pin id="2091" dir="1" index="1" bw="16" slack="0"/>
</pin_list>
<bind>
<opset="acc_10_V "/>
</bind>
</comp>

<comp id="2094" class="1005" name="acc_11_V_reg_2094">
<pin_list>
<pin id="2095" dir="0" index="0" bw="16" slack="0"/>
<pin id="2096" dir="1" index="1" bw="16" slack="0"/>
</pin_list>
<bind>
<opset="acc_11_V "/>
</bind>
</comp>

<comp id="2099" class="1005" name="acc_12_V_reg_2099">
<pin_list>
<pin id="2100" dir="0" index="0" bw="16" slack="0"/>
<pin id="2101" dir="1" index="1" bw="16" slack="0"/>
</pin_list>
<bind>
<opset="acc_12_V "/>
</bind>
</comp>

<comp id="2104" class="1005" name="acc_13_V_reg_2104">
<pin_list>
<pin id="2105" dir="0" index="0" bw="16" slack="0"/>
<pin id="2106" dir="1" index="1" bw="16" slack="0"/>
</pin_list>
<bind>
<opset="acc_13_V "/>
</bind>
</comp>

<comp id="2109" class="1005" name="acc_14_V_reg_2109">
<pin_list>
<pin id="2110" dir="0" index="0" bw="16" slack="0"/>
<pin id="2111" dir="1" index="1" bw="16" slack="0"/>
</pin_list>
<bind>
<opset="acc_14_V "/>
</bind>
</comp>

</comp_list>

<net_list>
<net id="162"><net_src comp="32" pin="0"/><net_sink comp="158" pin=0"/></net>

<net id="163"><net_src comp="18" pin="0"/><net_sink comp="158" pin=1"/></net>

<net id="168"><net_src comp="32" pin="0"/><net_sink comp="164" pin=0"/></net>

<net id="169"><net_src comp="16" pin="0"/><net_sink comp="164" pin=1"/></net>

<net id="174"><net_src comp="32" pin="0"/><net_sink comp="170" pin=0"/></net>

<net id="175"><net_src comp="14" pin="0"/><net_sink comp="170" pin=1"/></net>

<net id="180"><net_src comp="32" pin="0"/><net_sink comp="176" pin=0"/></net>

<net id="181"><net_src comp="12" pin="0"/><net_sink comp="176" pin=1"/></net>

<net id="186"><net_src comp="32" pin="0"/><net_sink comp="182" pin=0"/></net>

<net id="187"><net_src comp="10" pin="0"/><net_sink comp="182" pin=1"/></net>

<net id="192"><net_src comp="32" pin="0"/><net_sink comp="188" pin=0"/></net>

<net id="193"><net_src comp="8" pin="0"/><net_sink comp="188" pin=1"/></net>

<net id="198"><net_src comp="32" pin="0"/><net_sink comp="194" pin=0"/></net>

<net id="199"><net_src comp="6" pin="0"/><net_sink comp="194" pin=1"/></net>

<net id="204"><net_src comp="32" pin="0"/><net_sink comp="200" pin=0"/></net>

<net id="205"><net_src comp="4" pin="0"/><net_sink comp="200" pin=1"/></net>

<net id="210"><net_src comp="32" pin="0"/><net_sink comp="206" pin=0"/></net>

<net id="211"><net_src comp="2" pin="0"/><net_sink comp="206" pin=1"/></net>

<net id="216"><net_src comp="32" pin="0"/><net_sink comp="212" pin=0"/></net>

<net id="217"><net_src comp="0" pin="0"/><net_sink comp="212" pin=1"/></net>

<net id="223"><net_src comp="20" pin="0"/><net_sink comp="218" pin=0"/></net>

<net id="224"><net_src comp="44" pin="0"/><net_sink comp="218" pin=1"/></net>

<net id="230"><net_src comp="218" pin="3"/><net_sink comp="225" pin=0"/></net>

<net id="234"><net_src comp="26" pin="0"/><net_sink comp="231" pin=0"/></net>

<net id="243"><net_src comp="231" pin="1"/><net_sink comp="235" pin=0"/></net>

<net id="244"><net_src comp="28" pin="0"/><net_sink comp="235" pin=2"/></net>

<net id="245"><net_src comp="26" pin="0"/><net_sink comp="235" pin=4"/></net>

<net id="246"><net_src comp="235" pin="6"/><net_sink comp="231" pin=0"/></net>

<net id="250"><net_src comp="30" pin="0"/><net_sink comp="247" pin=0"/></net>

<net id="259"><net_src comp="247" pin="1"/><net_sink comp="251" pin=0"/></net>

<net id="260"><net_src comp="30" pin="0"/><net_sink comp="251" pin=4"/></net>

<net id="261"><net_src comp="251" pin="6"/><net_sink comp="247" pin=0"/></net>

<net id="265"><net_src comp="50" pin="0"/><net_sink comp="262" pin=0"/></net>

<net id="274"><net_src comp="262" pin="1"/><net_sink comp="266" pin=0"/></net>

<net id="275"><net_src comp="262" pin="1"/><net_sink comp="266" pin=4"/></net>

<net id="279"><net_src comp="50" pin="0"/><net_sink comp="276" pin=0"/></net>

<net id="288"><net_src comp="276" pin="1"/><net_sink comp="280" pin=0"/></net>

<net id="289"><net_src comp="276" pin="1"/><net_sink comp="280" pin=4"/></net>

<net id="293"><net_src comp="50" pin="0"/><net_sink comp="290" pin=0"/></net>

<net id="302"><net_src comp="290" pin="1"/><net_sink comp="294" pin=0"/></net>

<net id="303"><net_src comp="290" pin="1"/><net_sink comp="294" pin=4"/></net>

<net id="307"><net_src comp="50" pin="0"/><net_sink comp="304" pin=0"/></net>

<net id="316"><net_src comp="304" pin="1"/><net_sink comp="308" pin=0"/></net>

<net id="317"><net_src comp="304" pin="1"/><net_sink comp="308" pin=4"/></net>

<net id="321"><net_src comp="50" pin="0"/><net_sink comp="318" pin=0"/></net>

<net id="330"><net_src comp="318" pin="1"/><net_sink comp="322" pin=0"/></net>

<net id="331"><net_src comp="318" pin="1"/><net_sink comp="322" pin=4"/></net>

<net id="335"><net_src comp="50" pin="0"/><net_sink comp="332" pin=0"/></net>

<net id="344"><net_src comp="332" pin="1"/><net_sink comp="336" pin=0"/></net>

<net id="345"><net_src comp="332" pin="1"/><net_sink comp="336" pin=4"/></net>

<net id="349"><net_src comp="50" pin="0"/><net_sink comp="346" pin=0"/></net>

<net id="358"><net_src comp="346" pin="1"/><net_sink comp="350" pin=0"/></net>

<net id="359"><net_src comp="346" pin="1"/><net_sink comp="350" pin=4"/></net>

<net id="363"><net_src comp="50" pin="0"/><net_sink comp="360" pin=0"/></net>

<net id="372"><net_src comp="360" pin="1"/><net_sink comp="364" pin=0"/></net>

<net id="373"><net_src comp="360" pin="1"/><net_sink comp="364" pin=4"/></net>

<net id="377"><net_src comp="50" pin="0"/><net_sink comp="374" pin=0"/></net>

<net id="386"><net_src comp="374" pin="1"/><net_sink comp="378" pin=0"/></net>

<net id="387"><net_src comp="374" pin="1"/><net_sink comp="378" pin=4"/></net>

<net id="391"><net_src comp="50" pin="0"/><net_sink comp="388" pin=0"/></net>

<net id="400"><net_src comp="388" pin="1"/><net_sink comp="392" pin=0"/></net>

<net id="401"><net_src comp="388" pin="1"/><net_sink comp="392" pin=4"/></net>

<net id="405"><net_src comp="402" pin="1"/><net_sink comp="266" pin=2"/></net>

<net id="412"><net_src comp="266" pin="6"/><net_sink comp="406" pin=2"/></net>

<net id="413"><net_src comp="406" pin="4"/><net_sink comp="402" pin=0"/></net>

<net id="417"><net_src comp="414" pin="1"/><net_sink comp="280" pin=2"/></net>

<net id="424"><net_src comp="280" pin="6"/><net_sink comp="418" pin=2"/></net>

<net id="425"><net_src comp="418" pin="4"/><net_sink comp="414" pin=0"/></net>

<net id="429"><net_src comp="426" pin="1"/><net_sink comp="294" pin=2"/></net>

<net id="436"><net_src comp="294" pin="6"/><net_sink comp="430" pin=2"/></net>

<net id="437"><net_src comp="430" pin="4"/><net_sink comp="426" pin=0"/></net>

<net id="441"><net_src comp="438" pin="1"/><net_sink comp="308" pin=2"/></net>

<net id="448"><net_src comp="308" pin="6"/><net_sink comp="442" pin=2"/></net>

<net id="449"><net_src comp="442" pin="4"/><net_sink comp="438" pin=0"/></net>

<net id="453"><net_src comp="450" pin="1"/><net_sink comp="322" pin=2"/></net>

<net id="460"><net_src comp="322" pin="6"/><net_sink comp="454" pin=2"/></net>

<net id="461"><net_src comp="454" pin="4"/><net_sink comp="450" pin=0"/></net>

<net id="465"><net_src comp="462" pin="1"/><net_sink comp="336" pin=2"/></net>

<net id="472"><net_src comp="336" pin="6"/><net_sink comp="466" pin=2"/></net>

<net id="473"><net_src comp="466" pin="4"/><net_sink comp="462" pin=0"/></net>

<net id="477"><net_src comp="474" pin="1"/><net_sink comp="350" pin=2"/></net>

<net id="484"><net_src comp="350" pin="6"/><net_sink comp="478" pin=2"/></net>

<net id="485"><net_src comp="478" pin="4"/><net_sink comp="474" pin=0"/></net>

<net id="489"><net_src comp="486" pin="1"/><net_sink comp="364" pin=2"/></net>

<net id="496"><net_src comp="364" pin="6"/><net_sink comp="490" pin=2"/></net>

<net id="497"><net_src comp="490" pin="4"/><net_sink comp="486" pin=0"/></net>

<net id="501"><net_src comp="498" pin="1"/><net_sink comp="378" pin=2"/></net>

<net id="508"><net_src comp="378" pin="6"/><net_sink comp="502" pin=2"/></net>

<net id="509"><net_src comp="502" pin="4"/><net_sink comp="498" pin=0"/></net>

<net id="513"><net_src comp="510" pin="1"/><net_sink comp="392" pin=2"/></net>

<net id="520"><net_src comp="392" pin="6"/><net_sink comp="514" pin=2"/></net>

<net id="521"><net_src comp="514" pin="4"/><net_sink comp="510" pin=0"/></net>

<net id="525"><net_src comp="114" pin="0"/><net_sink comp="522" pin=0"/></net>

<net id="534"><net_src comp="522" pin="1"/><net_sink comp="526" pin=0"/></net>

<net id="535"><net_src comp="522" pin="1"/><net_sink comp="526" pin=4"/></net>

<net id="539"><net_src comp="114" pin="0"/><net_sink comp="536" pin=0"/></net>

<net id="548"><net_src comp="536" pin="1"/><net_sink comp="540" pin=0"/></net>

<net id="549"><net_src comp="536" pin="1"/><net_sink comp="540" pin=4"/></net>

<net id="553"><net_src comp="116" pin="0"/><net_sink comp="550" pin=0"/></net>

<net id="562"><net_src comp="550" pin="1"/><net_sink comp="554" pin=0"/></net>

<net id="563"><net_src comp="550" pin="1"/><net_sink comp="554" pin=4"/></net>

<net id="567"><net_src comp="116" pin="0"/><net_sink comp="564" pin=0"/></net>

<net id="576"><net_src comp="564" pin="1"/><net_sink comp="568" pin=0"/></net>

<net id="577"><net_src comp="564" pin="1"/><net_sink comp="568" pin=4"/></net>

<net id="581"><net_src comp="114" pin="0"/><net_sink comp="578" pin=0"/></net>

<net id="590"><net_src comp="578" pin="1"/><net_sink comp="582" pin=0"/></net>

<net id="591"><net_src comp="578" pin="1"/><net_sink comp="582" pin=4"/></net>

<net id="595"><net_src comp="114" pin="0"/><net_sink comp="592" pin=0"/></net>

<net id="604"><net_src comp="592" pin="1"/><net_sink comp="596" pin=0"/></net>

<net id="605"><net_src comp="592" pin="1"/><net_sink comp="596" pin=4"/></net>

<net id="609"><net_src comp="116" pin="0"/><net_sink comp="606" pin=0"/></net>

<net id="618"><net_src comp="606" pin="1"/><net_sink comp="610" pin=0"/></net>

<net id="619"><net_src comp="606" pin="1"/><net_sink comp="610" pin=4"/></net>

<net id="623"><net_src comp="116" pin="0"/><net_sink comp="620" pin=0"/></net>

<net id="632"><net_src comp="620" pin="1"/><net_sink comp="624" pin=0"/></net>

<net id="633"><net_src comp="620" pin="1"/><net_sink comp="624" pin=4"/></net>

<net id="637"><net_src comp="118" pin="0"/><net_sink comp="634" pin=0"/></net>

<net id="646"><net_src comp="634" pin="1"/><net_sink comp="638" pin=0"/></net>

<net id="647"><net_src comp="634" pin="1"/><net_sink comp="638" pin=4"/></net>

<net id="651"><net_src comp="120" pin="0"/><net_sink comp="648" pin=0"/></net>

<net id="660"><net_src comp="648" pin="1"/><net_sink comp="652" pin=0"/></net>

<net id="661"><net_src comp="648" pin="1"/><net_sink comp="652" pin=4"/></net>

<net id="665"><net_src comp="114" pin="0"/><net_sink comp="662" pin=0"/></net>

<net id="674"><net_src comp="662" pin="1"/><net_sink comp="666" pin=0"/></net>

<net id="675"><net_src comp="662" pin="1"/><net_sink comp="666" pin=4"/></net>

<net id="679"><net_src comp="122" pin="0"/><net_sink comp="676" pin=0"/></net>

<net id="688"><net_src comp="676" pin="1"/><net_sink comp="680" pin=0"/></net>

<net id="689"><net_src comp="676" pin="1"/><net_sink comp="680" pin=4"/></net>

<net id="693"><net_src comp="124" pin="0"/><net_sink comp="690" pin=0"/></net>

<net id="702"><net_src comp="690" pin="1"/><net_sink comp="694" pin=0"/></net>

<net id="703"><net_src comp="690" pin="1"/><net_sink comp="694" pin=4"/></net>

<net id="707"><net_src comp="126" pin="0"/><net_sink comp="704" pin=0"/></net>

<net id="716"><net_src comp="704" pin="1"/><net_sink comp="708" pin=0"/></net>

<net id="717"><net_src comp="704" pin="1"/><net_sink comp="708" pin=4"/></net>

<net id="721"><net_src comp="116" pin="0"/><net_sink comp="718" pin=0"/></net>

<net id="730"><net_src comp="718" pin="1"/><net_sink comp="722" pin=0"/></net>

<net id="731"><net_src comp="718" pin="1"/><net_sink comp="722" pin=4"/></net>

<net id="735"><net_src comp="251" pin="6"/><net_sink comp="732" pin=0"/></net>

<net id="736"><net_src comp="732" pin="1"/><net_sink comp="218" pin=2"/></net>

<net id="741"><net_src comp="46" pin="0"/><net_sink comp="737" pin=0"/></net>

<net id="742"><net_src comp="251" pin="6"/><net_sink comp="737" pin=1"/></net>

<net id="747"><net_src comp="251" pin="6"/><net_sink comp="743" pin=0"/></net>

<net id="748"><net_src comp="48" pin="0"/><net_sink comp="743" pin=1"/></net>

<net id="763"><net_src comp="52" pin="0"/><net_sink comp="749" pin=0"/></net>

<net id="764"><net_src comp="406" pin="4"/><net_sink comp="749" pin=1"/></net>

<net id="765"><net_src comp="418" pin="4"/><net_sink comp="749" pin=2"/></net>

<net id="766"><net_src comp="430" pin="4"/><net_sink comp="749" pin=3"/></net>

<net id="767"><net_src comp="442" pin="4"/><net_sink comp="749" pin=4"/></net>

<net id="768"><net_src comp="454" pin="4"/><net_sink comp="749" pin=5"/></net>

<net id="769"><net_src comp="466" pin="4"/><net_sink comp="749" pin=6"/></net>

<net id="770"><net_src comp="478" pin="4"/><net_sink comp="749" pin=7"/></net>

<net id="771"><net_src comp="490" pin="4"/><net_sink comp="749" pin=8"/></net>

<net id="772"><net_src comp="502" pin="4"/><net_sink comp="749" pin=9"/></net>

<net id="773"><net_src comp="514" pin="4"/><net_sink comp="749" pin=10"/></net>

<net id="774"><net_src comp="247" pin="1"/><net_sink comp="749" pin=11"/></net>

<net id="778"><net_src comp="225" pin="3"/><net_sink comp="775" pin=0"/></net>

<net id="785"><net_src comp="54" pin="0"/><net_sink comp="779" pin=0"/></net>

<net id="786"><net_src comp="225" pin="3"/><net_sink comp="779" pin=1"/></net>

<net id="787"><net_src comp="56" pin="0"/><net_sink comp="779" pin=2"/></net>

<net id="788"><net_src comp="58" pin="0"/><net_sink comp="779" pin=3"/></net>

<net id="795"><net_src comp="54" pin="0"/><net_sink comp="789" pin=0"/></net>

<net id="796"><net_src comp="225" pin="3"/><net_sink comp="789" pin=1"/></net>

<net id="797"><net_src comp="60" pin="0"/><net_sink comp="789" pin=2"/></net>

<net id="798"><net_src comp="62" pin="0"/><net_sink comp="789" pin=3"/></net>

<net id="805"><net_src comp="54" pin="0"/><net_sink comp="799" pin=0"/></net>

<net id="806"><net_src comp="225" pin="3"/><net_sink comp="799" pin=1"/></net>

<net id="807"><net_src comp="64" pin="0"/><net_sink comp="799" pin=2"/></net>

<net id="808"><net_src comp="66" pin="0"/><net_sink comp="799" pin=3"/></net>

<net id="815"><net_src comp="54" pin="0"/><net_sink comp="809" pin=0"/></net>

<net id="816"><net_src comp="225" pin="3"/><net_sink comp="809" pin=1"/></net>

<net id="817"><net_src comp="68" pin="0"/><net_sink comp="809" pin=2"/></net>

<net id="818"><net_src comp="70" pin="0"/><net_sink comp="809" pin=3"/></net>

<net id="825"><net_src comp="54" pin="0"/><net_sink comp="819" pin=0"/></net>

<net id="826"><net_src comp="225" pin="3"/><net_sink comp="819" pin=1"/></net>

<net id="827"><net_src comp="72" pin="0"/><net_sink comp="819" pin=2"/></net>

<net id="828"><net_src comp="74" pin="0"/><net_sink comp="819" pin=3"/></net>

<net id="835"><net_src comp="54" pin="0"/><net_sink comp="829" pin=0"/></net>

<net id="836"><net_src comp="225" pin="3"/><net_sink comp="829" pin=1"/></net>

<net id="837"><net_src comp="76" pin="0"/><net_sink comp="829" pin=2"/></net>

<net id="838"><net_src comp="78" pin="0"/><net_sink comp="829" pin=3"/></net>

<net id="845"><net_src comp="54" pin="0"/><net_sink comp="839" pin=0"/></net>

<net id="846"><net_src comp="225" pin="3"/><net_sink comp="839" pin=1"/></net>

<net id="847"><net_src comp="80" pin="0"/><net_sink comp="839" pin=2"/></net>

<net id="848"><net_src comp="82" pin="0"/><net_sink comp="839" pin=3"/></net>

<net id="855"><net_src comp="54" pin="0"/><net_sink comp="849" pin=0"/></net>

<net id="856"><net_src comp="225" pin="3"/><net_sink comp="849" pin=1"/></net>

<net id="857"><net_src comp="84" pin="0"/><net_sink comp="849" pin=2"/></net>

<net id="858"><net_src comp="86" pin="0"/><net_sink comp="849" pin=3"/></net>

<net id="865"><net_src comp="54" pin="0"/><net_sink comp="859" pin=0"/></net>

<net id="866"><net_src comp="225" pin="3"/><net_sink comp="859" pin=1"/></net>

<net id="867"><net_src comp="88" pin="0"/><net_sink comp="859" pin=2"/></net>

<net id="868"><net_src comp="90" pin="0"/><net_sink comp="859" pin=3"/></net>

<net id="875"><net_src comp="54" pin="0"/><net_sink comp="869" pin=0"/></net>

<net id="876"><net_src comp="225" pin="3"/><net_sink comp="869" pin=1"/></net>

<net id="877"><net_src comp="92" pin="0"/><net_sink comp="869" pin=2"/></net>

<net id="878"><net_src comp="94" pin="0"/><net_sink comp="869" pin=3"/></net>

<net id="885"><net_src comp="54" pin="0"/><net_sink comp="879" pin=0"/></net>

<net id="886"><net_src comp="225" pin="3"/><net_sink comp="879" pin=1"/></net>

<net id="887"><net_src comp="96" pin="0"/><net_sink comp="879" pin=2"/></net>

<net id="888"><net_src comp="98" pin="0"/><net_sink comp="879" pin=3"/></net>

<net id="895"><net_src comp="54" pin="0"/><net_sink comp="889" pin=0"/></net>

<net id="896"><net_src comp="225" pin="3"/><net_sink comp="889" pin=1"/></net>

<net id="897"><net_src comp="100" pin="0"/><net_sink comp="889" pin=2"/></net>

<net id="898"><net_src comp="102" pin="0"/><net_sink comp="889" pin=3"/></net>

<net id="905"><net_src comp="54" pin="0"/><net_sink comp="899" pin=0"/></net>

<net id="906"><net_src comp="225" pin="3"/><net_sink comp="899" pin=1"/></net>

<net id="907"><net_src comp="104" pin="0"/><net_sink comp="899" pin=2"/></net>

<net id="908"><net_src comp="106" pin="0"/><net_sink comp="899" pin=3"/></net>

<net id="915"><net_src comp="108" pin="0"/><net_sink comp="909" pin=0"/></net>

<net id="916"><net_src comp="225" pin="3"/><net_sink comp="909" pin=1"/></net>

<net id="917"><net_src comp="110" pin="0"/><net_sink comp="909" pin=2"/></net>

<net id="918"><net_src comp="112" pin="0"/><net_sink comp="909" pin=3"/></net>

<net id="929"><net_src comp="919" pin="1"/><net_sink comp="925" pin=0"/></net>

<net id="930"><net_src comp="922" pin="1"/><net_sink comp="925" pin=1"/></net>

<net id="937"><net_src comp="138" pin="0"/><net_sink comp="931" pin=0"/></net>

<net id="938"><net_src comp="925" pin="2"/><net_sink comp="931" pin=1"/></net>

<net id="939"><net_src comp="134" pin="0"/><net_sink comp="931" pin=2"/></net>

<net id="940"><net_src comp="58" pin="0"/><net_sink comp="931" pin=3"/></net>

<net id="944"><net_src comp="931" pin="4"/><net_sink comp="941" pin=0"/></net>

<net id="951"><net_src comp="140" pin="0"/><net_sink comp="945" pin=0"/></net>

<net id="952"><net_src comp="925" pin="2"/><net_sink comp="945" pin=1"/></net>

<net id="953"><net_src comp="134" pin="0"/><net_sink comp="945" pin=2"/></net>

<net id="954"><net_src comp="142" pin="0"/><net_sink comp="945" pin=3"/></net>

<net id="958"><net_src comp="722" pin="6"/><net_sink comp="955" pin=0"/></net>

<net id="963"><net_src comp="722" pin="6"/><net_sink comp="959" pin=0"/></net>

<net id="964"><net_src comp="941" pin="1"/><net_sink comp="959" pin=1"/></net>

<net id="969"><net_src comp="955" pin="1"/><net_sink comp="965" pin=0"/></net>

<net id="970"><net_src comp="945" pin="4"/><net_sink comp="965" pin=1"/></net>

<net id="978"><net_src comp="919" pin="1"/><net_sink comp="974" pin=0"/></net>

<net id="979"><net_src comp="971" pin="1"/><net_sink comp="974" pin=1"/></net>

<net id="986"><net_src comp="138" pin="0"/><net_sink comp="980" pin=0"/></net>

<net id="987"><net_src comp="974" pin="2"/><net_sink comp="980" pin=1"/></net>

<net id="988"><net_src comp="134" pin="0"/><net_sink comp="980" pin=2"/></net>

<net id="989"><net_src comp="58" pin="0"/><net_sink comp="980" pin=3"/></net>

<net id="993"><net_src comp="980" pin="4"/><net_sink comp="990" pin=0"/></net>

<net id="1000"><net_src comp="140" pin="0"/><net_sink comp="994" pin=0"/></net>

<net id="1001"><net_src comp="974" pin="2"/><net_sink comp="994" pin=1"/></net>

<net id="1002"><net_src comp="134" pin="0"/><net_sink comp="994" pin=2"/></net>

<net id="1003"><net_src comp="142" pin="0"/><net_sink comp="994" pin=3"/></net>

<net id="1007"><net_src comp="708" pin="6"/><net_sink comp="1004" pin=0"/></net>

<net id="1012"><net_src comp="708" pin="6"/><net_sink comp="1008" pin=0"/></net>

<net id="1013"><net_src comp="990" pin="1"/><net_sink comp="1008" pin=1"/></net>

<net id="1018"><net_src comp="1004" pin="1"/><net_sink comp="1014" pin=0"/></net>

<net id="1019"><net_src comp="994" pin="4"/><net_sink comp="1014" pin=1"/></net>

<net id="1027"><net_src comp="919" pin="1"/><net_sink comp="1023" pin=0"/></net>

<net id="1028"><net_src comp="1020" pin="1"/><net_sink comp="1023" pin=1"/></net>

<net id="1035"><net_src comp="138" pin="0"/><net_sink comp="1029" pin=0"/></net>

<net id="1036"><net_src comp="1023" pin="2"/><net_sink comp="1029" pin=1"/></net>

<net id="1037"><net_src comp="134" pin="0"/><net_sink comp="1029" pin=2"/></net>

<net id="1038"><net_src comp="58" pin="0"/><net_sink comp="1029" pin=3"/></net>

<net id="1042"><net_src comp="1029" pin="4"/><net_sink comp="1039" pin=0"/></net>

<net id="1049"><net_src comp="140" pin="0"/><net_sink comp="1043" pin=0"/></net>

<net id="1050"><net_src comp="1023" pin="2"/><net_sink comp="1043" pin=1"/></net>

<net id="1051"><net_src comp="134" pin="0"/><net_sink comp="1043" pin=2"/></net>

<net id="1052"><net_src comp="142" pin="0"/><net_sink comp="1043" pin=3"/></net>

<net id="1056"><net_src comp="694" pin="6"/><net_sink comp="1053" pin=0"/></net>

<net id="1061"><net_src comp="694" pin="6"/><net_sink comp="1057" pin=0"/></net>

<net id="1062"><net_src comp="1039" pin="1"/><net_sink comp="1057" pin=1"/></net>

<net id="1067"><net_src comp="1053" pin="1"/><net_sink comp="1063" pin=0"/></net>

<net id="1068"><net_src comp="1043" pin="4"/><net_sink comp="1063" pin=1"/></net>

<net id="1076"><net_src comp="919" pin="1"/><net_sink comp="1072" pin=0"/></net>

<net id="1077"><net_src comp="1069" pin="1"/><net_sink comp="1072" pin=1"/></net>

<net id="1084"><net_src comp="138" pin="0"/><net_sink comp="1078" pin=0"/></net>

<net id="1085"><net_src comp="1072" pin="2"/><net_sink comp="1078" pin=1"/></net>

<net id="1086"><net_src comp="134" pin="0"/><net_sink comp="1078" pin=2"/></net>

<net id="1087"><net_src comp="58" pin="0"/><net_sink comp="1078" pin=3"/></net>

<net id="1091"><net_src comp="1078" pin="4"/><net_sink comp="1088" pin=0"/></net>

<net id="1098"><net_src comp="140" pin="0"/><net_sink comp="1092" pin=0"/></net>

<net id="1099"><net_src comp="1072" pin="2"/><net_sink comp="1092" pin=1"/></net>

<net id="1100"><net_src comp="134" pin="0"/><net_sink comp="1092" pin=2"/></net>

<net id="1101"><net_src comp="142" pin="0"/><net_sink comp="1092" pin=3"/></net>

<net id="1105"><net_src comp="680" pin="6"/><net_sink comp="1102" pin=0"/></net>

<net id="1110"><net_src comp="680" pin="6"/><net_sink comp="1106" pin=0"/></net>

<net id="1111"><net_src comp="1088" pin="1"/><net_sink comp="1106" pin=1"/></net>

<net id="1116"><net_src comp="1102" pin="1"/><net_sink comp="1112" pin=0"/></net>

<net id="1117"><net_src comp="1092" pin="4"/><net_sink comp="1112" pin=1"/></net>

<net id="1125"><net_src comp="919" pin="1"/><net_sink comp="1121" pin=0"/></net>

<net id="1126"><net_src comp="1118" pin="1"/><net_sink comp="1121" pin=1"/></net>

<net id="1133"><net_src comp="138" pin="0"/><net_sink comp="1127" pin=0"/></net>

<net id="1134"><net_src comp="1121" pin="2"/><net_sink comp="1127" pin=1"/></net>

<net id="1135"><net_src comp="134" pin="0"/><net_sink comp="1127" pin=2"/></net>

<net id="1136"><net_src comp="58" pin="0"/><net_sink comp="1127" pin=3"/></net>

<net id="1140"><net_src comp="1127" pin="4"/><net_sink comp="1137" pin=0"/></net>

<net id="1147"><net_src comp="140" pin="0"/><net_sink comp="1141" pin=0"/></net>

<net id="1148"><net_src comp="1121" pin="2"/><net_sink comp="1141" pin=1"/></net>

<net id="1149"><net_src comp="134" pin="0"/><net_sink comp="1141" pin=2"/></net>

<net id="1150"><net_src comp="142" pin="0"/><net_sink comp="1141" pin=3"/></net>

<net id="1154"><net_src comp="666" pin="6"/><net_sink comp="1151" pin=0"/></net>

<net id="1159"><net_src comp="666" pin="6"/><net_sink comp="1155" pin=0"/></net>

<net id="1160"><net_src comp="1137" pin="1"/><net_sink comp="1155" pin=1"/></net>

<net id="1165"><net_src comp="1151" pin="1"/><net_sink comp="1161" pin=0"/></net>

<net id="1166"><net_src comp="1141" pin="4"/><net_sink comp="1161" pin=1"/></net>

<net id="1174"><net_src comp="919" pin="1"/><net_sink comp="1170" pin=0"/></net>

<net id="1175"><net_src comp="1167" pin="1"/><net_sink comp="1170" pin=1"/></net>

<net id="1182"><net_src comp="138" pin="0"/><net_sink comp="1176" pin=0"/></net>

<net id="1183"><net_src comp="1170" pin="2"/><net_sink comp="1176" pin=1"/></net>

<net id="1184"><net_src comp="134" pin="0"/><net_sink comp="1176" pin=2"/></net>

<net id="1185"><net_src comp="58" pin="0"/><net_sink comp="1176" pin=3"/></net>

<net id="1189"><net_src comp="1176" pin="4"/><net_sink comp="1186" pin=0"/></net>

<net id="1196"><net_src comp="140" pin="0"/><net_sink comp="1190" pin=0"/></net>

<net id="1197"><net_src comp="1170" pin="2"/><net_sink comp="1190" pin=1"/></net>

<net id="1198"><net_src comp="134" pin="0"/><net_sink comp="1190" pin=2"/></net>

<net id="1199"><net_src comp="142" pin="0"/><net_sink comp="1190" pin=3"/></net>

<net id="1203"><net_src comp="652" pin="6"/><net_sink comp="1200" pin=0"/></net>

<net id="1208"><net_src comp="652" pin="6"/><net_sink comp="1204" pin=0"/></net>

<net id="1209"><net_src comp="1186" pin="1"/><net_sink comp="1204" pin=1"/></net>

<net id="1214"><net_src comp="1200" pin="1"/><net_sink comp="1210" pin=0"/></net>

<net id="1215"><net_src comp="1190" pin="4"/><net_sink comp="1210" pin=1"/></net>

<net id="1223"><net_src comp="919" pin="1"/><net_sink comp="1219" pin=0"/></net>

<net id="1224"><net_src comp="1216" pin="1"/><net_sink comp="1219" pin=1"/></net>

<net id="1231"><net_src comp="138" pin="0"/><net_sink comp="1225" pin=0"/></net>

<net id="1232"><net_src comp="1219" pin="2"/><net_sink comp="1225" pin=1"/></net>

<net id="1233"><net_src comp="134" pin="0"/><net_sink comp="1225" pin=2"/></net>

<net id="1234"><net_src comp="58" pin="0"/><net_sink comp="1225" pin=3"/></net>

<net id="1238"><net_src comp="1225" pin="4"/><net_sink comp="1235" pin=0"/></net>

<net id="1245"><net_src comp="140" pin="0"/><net_sink comp="1239" pin=0"/></net>

<net id="1246"><net_src comp="1219" pin="2"/><net_sink comp="1239" pin=1"/></net>

<net id="1247"><net_src comp="134" pin="0"/><net_sink comp="1239" pin=2"/></net>

<net id="1248"><net_src comp="142" pin="0"/><net_sink comp="1239" pin=3"/></net>

<net id="1252"><net_src comp="638" pin="6"/><net_sink comp="1249" pin=0"/></net>

<net id="1257"><net_src comp="638" pin="6"/><net_sink comp="1253" pin=0"/></net>

<net id="1258"><net_src comp="1235" pin="1"/><net_sink comp="1253" pin=1"/></net>

<net id="1263"><net_src comp="1249" pin="1"/><net_sink comp="1259" pin=0"/></net>

<net id="1264"><net_src comp="1239" pin="4"/><net_sink comp="1259" pin=1"/></net>

<net id="1272"><net_src comp="919" pin="1"/><net_sink comp="1268" pin=0"/></net>

<net id="1273"><net_src comp="1265" pin="1"/><net_sink comp="1268" pin=1"/></net>

<net id="1280"><net_src comp="138" pin="0"/><net_sink comp="1274" pin=0"/></net>

<net id="1281"><net_src comp="1268" pin="2"/><net_sink comp="1274" pin=1"/></net>

<net id="1282"><net_src comp="134" pin="0"/><net_sink comp="1274" pin=2"/></net>

<net id="1283"><net_src comp="58" pin="0"/><net_sink comp="1274" pin=3"/></net>

<net id="1287"><net_src comp="1274" pin="4"/><net_sink comp="1284" pin=0"/></net>

<net id="1294"><net_src comp="140" pin="0"/><net_sink comp="1288" pin=0"/></net>

<net id="1295"><net_src comp="1268" pin="2"/><net_sink comp="1288" pin=1"/></net>

<net id="1296"><net_src comp="134" pin="0"/><net_sink comp="1288" pin=2"/></net>

<net id="1297"><net_src comp="142" pin="0"/><net_sink comp="1288" pin=3"/></net>

<net id="1301"><net_src comp="624" pin="6"/><net_sink comp="1298" pin=0"/></net>

<net id="1306"><net_src comp="624" pin="6"/><net_sink comp="1302" pin=0"/></net>

<net id="1307"><net_src comp="1284" pin="1"/><net_sink comp="1302" pin=1"/></net>

<net id="1312"><net_src comp="1298" pin="1"/><net_sink comp="1308" pin=0"/></net>

<net id="1313"><net_src comp="1288" pin="4"/><net_sink comp="1308" pin=1"/></net>

<net id="1321"><net_src comp="919" pin="1"/><net_sink comp="1317" pin=0"/></net>

<net id="1322"><net_src comp="1314" pin="1"/><net_sink comp="1317" pin=1"/></net>

<net id="1329"><net_src comp="138" pin="0"/><net_sink comp="1323" pin=0"/></net>

<net id="1330"><net_src comp="1317" pin="2"/><net_sink comp="1323" pin=1"/></net>

<net id="1331"><net_src comp="134" pin="0"/><net_sink comp="1323" pin=2"/></net>

<net id="1332"><net_src comp="58" pin="0"/><net_sink comp="1323" pin=3"/></net>

<net id="1336"><net_src comp="1323" pin="4"/><net_sink comp="1333" pin=0"/></net>

<net id="1343"><net_src comp="140" pin="0"/><net_sink comp="1337" pin=0"/></net>

<net id="1344"><net_src comp="1317" pin="2"/><net_sink comp="1337" pin=1"/></net>

<net id="1345"><net_src comp="134" pin="0"/><net_sink comp="1337" pin=2"/></net>

<net id="1346"><net_src comp="142" pin="0"/><net_sink comp="1337" pin=3"/></net>

<net id="1350"><net_src comp="610" pin="6"/><net_sink comp="1347" pin=0"/></net>

<net id="1355"><net_src comp="610" pin="6"/><net_sink comp="1351" pin=0"/></net>

<net id="1356"><net_src comp="1333" pin="1"/><net_sink comp="1351" pin=1"/></net>

<net id="1361"><net_src comp="1347" pin="1"/><net_sink comp="1357" pin=0"/></net>

<net id="1362"><net_src comp="1337" pin="4"/><net_sink comp="1357" pin=1"/></net>

<net id="1370"><net_src comp="919" pin="1"/><net_sink comp="1366" pin=0"/></net>

<net id="1371"><net_src comp="1363" pin="1"/><net_sink comp="1366" pin=1"/></net>

<net id="1378"><net_src comp="138" pin="0"/><net_sink comp="1372" pin=0"/></net>

<net id="1379"><net_src comp="1366" pin="2"/><net_sink comp="1372" pin=1"/></net>

<net id="1380"><net_src comp="134" pin="0"/><net_sink comp="1372" pin=2"/></net>

<net id="1381"><net_src comp="58" pin="0"/><net_sink comp="1372" pin=3"/></net>

<net id="1385"><net_src comp="1372" pin="4"/><net_sink comp="1382" pin=0"/></net>

<net id="1392"><net_src comp="140" pin="0"/><net_sink comp="1386" pin=0"/></net>

<net id="1393"><net_src comp="1366" pin="2"/><net_sink comp="1386" pin=1"/></net>

<net id="1394"><net_src comp="134" pin="0"/><net_sink comp="1386" pin=2"/></net>

<net id="1395"><net_src comp="142" pin="0"/><net_sink comp="1386" pin=3"/></net>

<net id="1399"><net_src comp="596" pin="6"/><net_sink comp="1396" pin=0"/></net>

<net id="1404"><net_src comp="596" pin="6"/><net_sink comp="1400" pin=0"/></net>

<net id="1405"><net_src comp="1382" pin="1"/><net_sink comp="1400" pin=1"/></net>

<net id="1410"><net_src comp="1396" pin="1"/><net_sink comp="1406" pin=0"/></net>

<net id="1411"><net_src comp="1386" pin="4"/><net_sink comp="1406" pin=1"/></net>

<net id="1419"><net_src comp="919" pin="1"/><net_sink comp="1415" pin=0"/></net>

<net id="1420"><net_src comp="1412" pin="1"/><net_sink comp="1415" pin=1"/></net>

<net id="1427"><net_src comp="138" pin="0"/><net_sink comp="1421" pin=0"/></net>

<net id="1428"><net_src comp="1415" pin="2"/><net_sink comp="1421" pin=1"/></net>

<net id="1429"><net_src comp="134" pin="0"/><net_sink comp="1421" pin=2"/></net>

<net id="1430"><net_src comp="58" pin="0"/><net_sink comp="1421" pin=3"/></net>

<net id="1434"><net_src comp="1421" pin="4"/><net_sink comp="1431" pin=0"/></net>

<net id="1441"><net_src comp="140" pin="0"/><net_sink comp="1435" pin=0"/></net>

<net id="1442"><net_src comp="1415" pin="2"/><net_sink comp="1435" pin=1"/></net>

<net id="1443"><net_src comp="134" pin="0"/><net_sink comp="1435" pin=2"/></net>

<net id="1444"><net_src comp="142" pin="0"/><net_sink comp="1435" pin=3"/></net>

<net id="1448"><net_src comp="582" pin="6"/><net_sink comp="1445" pin=0"/></net>

<net id="1453"><net_src comp="582" pin="6"/><net_sink comp="1449" pin=0"/></net>

<net id="1454"><net_src comp="1431" pin="1"/><net_sink comp="1449" pin=1"/></net>

<net id="1459"><net_src comp="1445" pin="1"/><net_sink comp="1455" pin=0"/></net>

<net id="1460"><net_src comp="1435" pin="4"/><net_sink comp="1455" pin=1"/></net>

<net id="1468"><net_src comp="919" pin="1"/><net_sink comp="1464" pin=0"/></net>

<net id="1469"><net_src comp="1461" pin="1"/><net_sink comp="1464" pin=1"/></net>

<net id="1476"><net_src comp="138" pin="0"/><net_sink comp="1470" pin=0"/></net>

<net id="1477"><net_src comp="1464" pin="2"/><net_sink comp="1470" pin=1"/></net>

<net id="1478"><net_src comp="134" pin="0"/><net_sink comp="1470" pin=2"/></net>

<net id="1479"><net_src comp="58" pin="0"/><net_sink comp="1470" pin=3"/></net>

<net id="1483"><net_src comp="1470" pin="4"/><net_sink comp="1480" pin=0"/></net>

<net id="1490"><net_src comp="140" pin="0"/><net_sink comp="1484" pin=0"/></net>

<net id="1491"><net_src comp="1464" pin="2"/><net_sink comp="1484" pin=1"/></net>

<net id="1492"><net_src comp="134" pin="0"/><net_sink comp="1484" pin=2"/></net>

<net id="1493"><net_src comp="142" pin="0"/><net_sink comp="1484" pin=3"/></net>

<net id="1497"><net_src comp="568" pin="6"/><net_sink comp="1494" pin=0"/></net>

<net id="1502"><net_src comp="568" pin="6"/><net_sink comp="1498" pin=0"/></net>

<net id="1503"><net_src comp="1480" pin="1"/><net_sink comp="1498" pin=1"/></net>

<net id="1508"><net_src comp="1494" pin="1"/><net_sink comp="1504" pin=0"/></net>

<net id="1509"><net_src comp="1484" pin="4"/><net_sink comp="1504" pin=1"/></net>

<net id="1517"><net_src comp="919" pin="1"/><net_sink comp="1513" pin=0"/></net>

<net id="1518"><net_src comp="1510" pin="1"/><net_sink comp="1513" pin=1"/></net>

<net id="1525"><net_src comp="138" pin="0"/><net_sink comp="1519" pin=0"/></net>

<net id="1526"><net_src comp="1513" pin="2"/><net_sink comp="1519" pin=1"/></net>

<net id="1527"><net_src comp="134" pin="0"/><net_sink comp="1519" pin=2"/></net>

<net id="1528"><net_src comp="58" pin="0"/><net_sink comp="1519" pin=3"/></net>

<net id="1532"><net_src comp="1519" pin="4"/><net_sink comp="1529" pin=0"/></net>

<net id="1539"><net_src comp="140" pin="0"/><net_sink comp="1533" pin=0"/></net>

<net id="1540"><net_src comp="1513" pin="2"/><net_sink comp="1533" pin=1"/></net>

<net id="1541"><net_src comp="134" pin="0"/><net_sink comp="1533" pin=2"/></net>

<net id="1542"><net_src comp="142" pin="0"/><net_sink comp="1533" pin=3"/></net>

<net id="1546"><net_src comp="554" pin="6"/><net_sink comp="1543" pin=0"/></net>

<net id="1551"><net_src comp="554" pin="6"/><net_sink comp="1547" pin=0"/></net>

<net id="1552"><net_src comp="1529" pin="1"/><net_sink comp="1547" pin=1"/></net>

<net id="1557"><net_src comp="1543" pin="1"/><net_sink comp="1553" pin=0"/></net>

<net id="1558"><net_src comp="1533" pin="4"/><net_sink comp="1553" pin=1"/></net>

<net id="1566"><net_src comp="919" pin="1"/><net_sink comp="1562" pin=0"/></net>

<net id="1567"><net_src comp="1559" pin="1"/><net_sink comp="1562" pin=1"/></net>

<net id="1574"><net_src comp="138" pin="0"/><net_sink comp="1568" pin=0"/></net>

<net id="1575"><net_src comp="1562" pin="2"/><net_sink comp="1568" pin=1"/></net>

<net id="1576"><net_src comp="134" pin="0"/><net_sink comp="1568" pin=2"/></net>

<net id="1577"><net_src comp="58" pin="0"/><net_sink comp="1568" pin=3"/></net>

<net id="1581"><net_src comp="1568" pin="4"/><net_sink comp="1578" pin=0"/></net>

<net id="1588"><net_src comp="140" pin="0"/><net_sink comp="1582" pin=0"/></net>

<net id="1589"><net_src comp="1562" pin="2"/><net_sink comp="1582" pin=1"/></net>

<net id="1590"><net_src comp="134" pin="0"/><net_sink comp="1582" pin=2"/></net>

<net id="1591"><net_src comp="142" pin="0"/><net_sink comp="1582" pin=3"/></net>

<net id="1595"><net_src comp="540" pin="6"/><net_sink comp="1592" pin=0"/></net>

<net id="1600"><net_src comp="540" pin="6"/><net_sink comp="1596" pin=0"/></net>

<net id="1601"><net_src comp="1578" pin="1"/><net_sink comp="1596" pin=1"/></net>

<net id="1606"><net_src comp="1592" pin="1"/><net_sink comp="1602" pin=0"/></net>

<net id="1607"><net_src comp="1582" pin="4"/><net_sink comp="1602" pin=1"/></net>

<net id="1618"><net_src comp="1611" pin="1"/><net_sink comp="1614" pin=0"/></net>

<net id="1619"><net_src comp="1608" pin="1"/><net_sink comp="1614" pin=1"/></net>

<net id="1626"><net_src comp="144" pin="0"/><net_sink comp="1620" pin=0"/></net>

<net id="1627"><net_src comp="1614" pin="2"/><net_sink comp="1620" pin=1"/></net>

<net id="1628"><net_src comp="134" pin="0"/><net_sink comp="1620" pin=2"/></net>

<net id="1629"><net_src comp="142" pin="0"/><net_sink comp="1620" pin=3"/></net>

<net id="1633"><net_src comp="1620" pin="4"/><net_sink comp="1630" pin=0"/></net>

<net id="1637"><net_src comp="526" pin="6"/><net_sink comp="1634" pin=0"/></net>

<net id="1642"><net_src comp="526" pin="6"/><net_sink comp="1638" pin=0"/></net>

<net id="1643"><net_src comp="1630" pin="1"/><net_sink comp="1638" pin=1"/></net>

<net id="1648"><net_src comp="1634" pin="1"/><net_sink comp="1644" pin=0"/></net>

<net id="1649"><net_src comp="1620" pin="4"/><net_sink comp="1644" pin=1"/></net>

<net id="1656"><net_src comp="146" pin="0"/><net_sink comp="1650" pin=0"/></net>

<net id="1657"><net_src comp="965" pin="2"/><net_sink comp="1650" pin=1"/></net>

<net id="1658"><net_src comp="148" pin="0"/><net_sink comp="1650" pin=2"/></net>

<net id="1659"><net_src comp="150" pin="0"/><net_sink comp="1650" pin=3"/></net>

<net id="1666"><net_src comp="146" pin="0"/><net_sink comp="1660" pin=0"/></net>

<net id="1667"><net_src comp="1014" pin="2"/><net_sink comp="1660" pin=1"/></net>

<net id="1668"><net_src comp="148" pin="0"/><net_sink comp="1660" pin=2"/></net>

<net id="1669"><net_src comp="150" pin="0"/><net_sink comp="1660" pin=3"/></net>

<net id="1676"><net_src comp="146" pin="0"/><net_sink comp="1670" pin=0"/></net>

<net id="1677"><net_src comp="1063" pin="2"/><net_sink comp="1670" pin=1"/></net>

<net id="1678"><net_src comp="148" pin="0"/><net_sink comp="1670" pin=2"/></net>

<net id="1679"><net_src comp="150" pin="0"/><net_sink comp="1670" pin=3"/></net>

<net id="1686"><net_src comp="146" pin="0"/><net_sink comp="1680" pin=0"/></net>

<net id="1687"><net_src comp="1112" pin="2"/><net_sink comp="1680" pin=1"/></net>

<net id="1688"><net_src comp="148" pin="0"/><net_sink comp="1680" pin=2"/></net>

<net id="1689"><net_src comp="150" pin="0"/><net_sink comp="1680" pin=3"/></net>

<net id="1696"><net_src comp="146" pin="0"/><net_sink comp="1690" pin=0"/></net>

<net id="1697"><net_src comp="1161" pin="2"/><net_sink comp="1690" pin=1"/></net>

<net id="1698"><net_src comp="148" pin="0"/><net_sink comp="1690" pin=2"/></net>

<net id="1699"><net_src comp="150" pin="0"/><net_sink comp="1690" pin=3"/></net>

<net id="1706"><net_src comp="146" pin="0"/><net_sink comp="1700" pin=0"/></net>

<net id="1707"><net_src comp="1210" pin="2"/><net_sink comp="1700" pin=1"/></net>

<net id="1708"><net_src comp="148" pin="0"/><net_sink comp="1700" pin=2"/></net>

<net id="1709"><net_src comp="150" pin="0"/><net_sink comp="1700" pin=3"/></net>

<net id="1716"><net_src comp="146" pin="0"/><net_sink comp="1710" pin=0"/></net>

<net id="1717"><net_src comp="1259" pin="2"/><net_sink comp="1710" pin=1"/></net>

<net id="1718"><net_src comp="148" pin="0"/><net_sink comp="1710" pin=2"/></net>

<net id="1719"><net_src comp="150" pin="0"/><net_sink comp="1710" pin=3"/></net>

<net id="1726"><net_src comp="146" pin="0"/><net_sink comp="1720" pin=0"/></net>

<net id="1727"><net_src comp="1308" pin="2"/><net_sink comp="1720" pin=1"/></net>

<net id="1728"><net_src comp="148" pin="0"/><net_sink comp="1720" pin=2"/></net>

<net id="1729"><net_src comp="150" pin="0"/><net_sink comp="1720" pin=3"/></net>

<net id="1736"><net_src comp="146" pin="0"/><net_sink comp="1730" pin=0"/></net>

<net id="1737"><net_src comp="1357" pin="2"/><net_sink comp="1730" pin=1"/></net>

<net id="1738"><net_src comp="148" pin="0"/><net_sink comp="1730" pin=2"/></net>

<net id="1739"><net_src comp="150" pin="0"/><net_sink comp="1730" pin=3"/></net>

<net id="1746"><net_src comp="146" pin="0"/><net_sink comp="1740" pin=0"/></net>

<net id="1747"><net_src comp="1406" pin="2"/><net_sink comp="1740" pin=1"/></net>

<net id="1748"><net_src comp="148" pin="0"/><net_sink comp="1740" pin=2"/></net>

<net id="1749"><net_src comp="150" pin="0"/><net_sink comp="1740" pin=3"/></net>

<net id="1756"><net_src comp="146" pin="0"/><net_sink comp="1750" pin=0"/></net>

<net id="1757"><net_src comp="1455" pin="2"/><net_sink comp="1750" pin=1"/></net>

<net id="1758"><net_src comp="148" pin="0"/><net_sink comp="1750" pin=2"/></net>

<net id="1759"><net_src comp="150" pin="0"/><net_sink comp="1750" pin=3"/></net>

<net id="1766"><net_src comp="146" pin="0"/><net_sink comp="1760" pin=0"/></net>

<net id="1767"><net_src comp="1504" pin="2"/><net_sink comp="1760" pin=1"/></net>

<net id="1768"><net_src comp="148" pin="0"/><net_sink comp="1760" pin=2"/></net>

<net id="1769"><net_src comp="150" pin="0"/><net_sink comp="1760" pin=3"/></net>

<net id="1776"><net_src comp="146" pin="0"/><net_sink comp="1770" pin=0"/></net>

<net id="1777"><net_src comp="1553" pin="2"/><net_sink comp="1770" pin=1"/></net>

<net id="1778"><net_src comp="148" pin="0"/><net_sink comp="1770" pin=2"/></net>

<net id="1779"><net_src comp="150" pin="0"/><net_sink comp="1770" pin=3"/></net>

<net id="1786"><net_src comp="146" pin="0"/><net_sink comp="1780" pin=0"/></net>

<net id="1787"><net_src comp="1602" pin="2"/><net_sink comp="1780" pin=1"/></net>

<net id="1788"><net_src comp="148" pin="0"/><net_sink comp="1780" pin=2"/></net>

<net id="1789"><net_src comp="150" pin="0"/><net_sink comp="1780" pin=3"/></net>

<net id="1796"><net_src comp="146" pin="0"/><net_sink comp="1790" pin=0"/></net>

<net id="1797"><net_src comp="1644" pin="2"/><net_sink comp="1790" pin=1"/></net>

<net id="1798"><net_src comp="148" pin="0"/><net_sink comp="1790" pin=2"/></net>

<net id="1799"><net_src comp="150" pin="0"/><net_sink comp="1790" pin=3"/></net>

<net id="1804"><net_src comp="156" pin="0"/><net_sink comp="1800" pin=0"/></net>

<net id="1805"><net_src comp="1650" pin="4"/><net_sink comp="1800" pin=1"/></net>

<net id="1810"><net_src comp="1800" pin="2"/><net_sink comp="1806" pin=0"/></net>

<net id="1811"><net_src comp="1660" pin="4"/><net_sink comp="1806" pin=1"/></net>

<net id="1816"><net_src comp="1806" pin="2"/><net_sink comp="1812" pin=0"/></net>

<net id="1817"><net_src comp="1670" pin="4"/><net_sink comp="1812" pin=1"/></net>

<net id="1822"><net_src comp="1812" pin="2"/><net_sink comp="1818" pin=0"/></net>

<net id="1823"><net_src comp="1680" pin="4"/><net_sink comp="1818" pin=1"/></net>

<net id="1828"><net_src comp="1818" pin="2"/><net_sink comp="1824" pin=0"/></net>

<net id="1829"><net_src comp="1690" pin="4"/><net_sink comp="1824" pin=1"/></net>

<net id="1834"><net_src comp="1824" pin="2"/><net_sink comp="1830" pin=0"/></net>

<net id="1835"><net_src comp="1700" pin="4"/><net_sink comp="1830" pin=1"/></net>

<net id="1840"><net_src comp="1830" pin="2"/><net_sink comp="1836" pin=0"/></net>

<net id="1841"><net_src comp="1710" pin="4"/><net_sink comp="1836" pin=1"/></net>

<net id="1846"><net_src comp="1836" pin="2"/><net_sink comp="1842" pin=0"/></net>

<net id="1847"><net_src comp="1720" pin="4"/><net_sink comp="1842" pin=1"/></net>

<net id="1852"><net_src comp="1842" pin="2"/><net_sink comp="1848" pin=0"/></net>

<net id="1853"><net_src comp="1730" pin="4"/><net_sink comp="1848" pin=1"/></net>

<net id="1858"><net_src comp="1848" pin="2"/><net_sink comp="1854" pin=0"/></net>

<net id="1859"><net_src comp="1740" pin="4"/><net_sink comp="1854" pin=1"/></net>

<net id="1864"><net_src comp="1854" pin="2"/><net_sink comp="1860" pin=0"/></net>

<net id="1865"><net_src comp="1750" pin="4"/><net_sink comp="1860" pin=1"/></net>

<net id="1870"><net_src comp="1860" pin="2"/><net_sink comp="1866" pin=0"/></net>

<net id="1871"><net_src comp="1760" pin="4"/><net_sink comp="1866" pin=1"/></net>

<net id="1876"><net_src comp="1866" pin="2"/><net_sink comp="1872" pin=0"/></net>

<net id="1877"><net_src comp="1770" pin="4"/><net_sink comp="1872" pin=1"/></net>

<net id="1882"><net_src comp="1872" pin="2"/><net_sink comp="1878" pin=0"/></net>

<net id="1883"><net_src comp="1780" pin="4"/><net_sink comp="1878" pin=1"/></net>

<net id="1888"><net_src comp="1878" pin="2"/><net_sink comp="1884" pin=0"/></net>

<net id="1889"><net_src comp="1790" pin="4"/><net_sink comp="1884" pin=1"/></net>

<net id="1893"><net_src comp="1884" pin="2"/><net_sink comp="1890" pin=0"/></net>

<net id="1897"><net_src comp="158" pin="2"/><net_sink comp="1894" pin=0"/></net>

<net id="1898"><net_src comp="1894" pin="1"/><net_sink comp="514" pin=0"/></net>

<net id="1902"><net_src comp="164" pin="2"/><net_sink comp="1899" pin=0"/></net>

<net id="1903"><net_src comp="1899" pin="1"/><net_sink comp="502" pin=0"/></net>

<net id="1907"><net_src comp="170" pin="2"/><net_sink comp="1904" pin=0"/></net>

<net id="1908"><net_src comp="1904" pin="1"/><net_sink comp="490" pin=0"/></net>

<net id="1912"><net_src comp="176" pin="2"/><net_sink comp="1909" pin=0"/></net>

<net id="1913"><net_src comp="1909" pin="1"/><net_sink comp="478" pin=0"/></net>

<net id="1917"><net_src comp="182" pin="2"/><net_sink comp="1914" pin=0"/></net>

<net id="1918"><net_src comp="1914" pin="1"/><net_sink comp="466" pin=0"/></net>

<net id="1922"><net_src comp="188" pin="2"/><net_sink comp="1919" pin=0"/></net>

<net id="1923"><net_src comp="1919" pin="1"/><net_sink comp="454" pin=0"/></net>

<net id="1927"><net_src comp="194" pin="2"/><net_sink comp="1924" pin=0"/></net>

<net id="1928"><net_src comp="1924" pin="1"/><net_sink comp="442" pin=0"/></net>

<net id="1932"><net_src comp="200" pin="2"/><net_sink comp="1929" pin=0"/></net>

<net id="1933"><net_src comp="1929" pin="1"/><net_sink comp="430" pin=0"/></net>

<net id="1937"><net_src comp="206" pin="2"/><net_sink comp="1934" pin=0"/></net>

<net id="1938"><net_src comp="1934" pin="1"/><net_sink comp="418" pin=0"/></net>

<net id="1942"><net_src comp="212" pin="2"/><net_sink comp="1939" pin=0"/></net>

<net id="1943"><net_src comp="1939" pin="1"/><net_sink comp="406" pin=0"/></net>

<net id="1947"><net_src comp="218" pin="3"/><net_sink comp="1944" pin=0"/></net>

<net id="1948"><net_src comp="1944" pin="1"/><net_sink comp="225" pin=0"/></net>

<net id="1952"><net_src comp="737" pin="2"/><net_sink comp="1949" pin=0"/></net>

<net id="1953"><net_src comp="1949" pin="1"/><net_sink comp="251" pin=2"/></net>

<net id="1957"><net_src comp="743" pin="2"/><net_sink comp="1954" pin=0"/></net>

<net id="1961"><net_src comp="749" pin="12"/><net_sink comp="1958" pin=0"/></net>

<net id="1962"><net_src comp="1958" pin="1"/><net_sink comp="919" pin=0"/></net>

<net id="1963"><net_src comp="1958" pin="1"/><net_sink comp="1608" pin=0"/></net>

<net id="1967"><net_src comp="775" pin="1"/><net_sink comp="1964" pin=0"/></net>

<net id="1968"><net_src comp="1964" pin="1"/><net_sink comp="922" pin=0"/></net>

<net id="1972"><net_src comp="779" pin="4"/><net_sink comp="1969" pin=0"/></net>

<net id="1973"><net_src comp="1969" pin="1"/><net_sink comp="971" pin=0"/></net>

<net id="1977"><net_src comp="789" pin="4"/><net_sink comp="1974" pin=0"/></net>

<net id="1978"><net_src comp="1974" pin="1"/><net_sink comp="1020" pin=0"/></net>

<net id="1982"><net_src comp="799" pin="4"/><net_sink comp="1979" pin=0"/></net>

<net id="1983"><net_src comp="1979" pin="1"/><net_sink comp="1069" pin=0"/></net>

<net id="1987"><net_src comp="809" pin="4"/><net_sink comp="1984" pin=0"/></net>

<net id="1988"><net_src comp="1984" pin="1"/><net_sink comp="1118" pin=0"/></net>

<net id="1992"><net_src comp="819" pin="4"/><net_sink comp="1989" pin=0"/></net>

<net id="1993"><net_src comp="1989" pin="1"/><net_sink comp="1167" pin=0"/></net>

<net id="1997"><net_src comp="829" pin="4"/><net_sink comp="1994" pin=0"/></net>

<net id="1998"><net_src comp="1994" pin="1"/><net_sink comp="1216" pin=0"/></net>

<net id="2002"><net_src comp="839" pin="4"/><net_sink comp="1999" pin=0"/></net>

<net id="2003"><net_src comp="1999" pin="1"/><net_sink comp="1265" pin=0"/></net>

<net id="2007"><net_src comp="849" pin="4"/><net_sink comp="2004" pin=0"/></net>

<net id="2008"><net_src comp="2004" pin="1"/><net_sink comp="1314" pin=0"/></net>

<net id="2012"><net_src comp="859" pin="4"/><net_sink comp="2009" pin=0"/></net>

<net id="2013"><net_src comp="2009" pin="1"/><net_sink comp="1363" pin=0"/></net>

<net id="2017"><net_src comp="869" pin="4"/><net_sink comp="2014" pin=0"/></net>

<net id="2018"><net_src comp="2014" pin="1"/><net_sink comp="1412" pin=0"/></net>

<net id="2022"><net_src comp="879" pin="4"/><net_sink comp="2019" pin=0"/></net>

<net id="2023"><net_src comp="2019" pin="1"/><net_sink comp="1461" pin=0"/></net>

<net id="2027"><net_src comp="889" pin="4"/><net_sink comp="2024" pin=0"/></net>

<net id="2028"><net_src comp="2024" pin="1"/><net_sink comp="1510" pin=0"/></net>

<net id="2032"><net_src comp="899" pin="4"/><net_sink comp="2029" pin=0"/></net>

<net id="2033"><net_src comp="2029" pin="1"/><net_sink comp="1559" pin=0"/></net>

<net id="2037"><net_src comp="909" pin="4"/><net_sink comp="2034" pin=0"/></net>

<net id="2038"><net_src comp="2034" pin="1"/><net_sink comp="1611" pin=0"/></net>

<net id="2042"><net_src comp="959" pin="2"/><net_sink comp="2039" pin=0"/></net>

<net id="2043"><net_src comp="2039" pin="1"/><net_sink comp="722" pin=2"/></net>

<net id="2047"><net_src comp="1008" pin="2"/><net_sink comp="2044" pin=0"/></net>

<net id="2048"><net_src comp="2044" pin="1"/><net_sink comp="708" pin=2"/></net>

<net id="2052"><net_src comp="1057" pin="2"/><net_sink comp="2049" pin=0"/></net>

<net id="2053"><net_src comp="2049" pin="1"/><net_sink comp="694" pin=2"/></net>

<net id="2057"><net_src comp="1106" pin="2"/><net_sink comp="2054" pin=0"/></net>

<net id="2058"><net_src comp="2054" pin="1"/><net_sink comp="680" pin=2"/></net>

<net id="2062"><net_src comp="1155" pin="2"/><net_sink comp="2059" pin=0"/></net>

<net id="2063"><net_src comp="2059" pin="1"/><net_sink comp="666" pin=2"/></net>

<net id="2067"><net_src comp="1204" pin="2"/><net_sink comp="2064" pin=0"/></net>

<net id="2068"><net_src comp="2064" pin="1"/><net_sink comp="652" pin=2"/></net>

<net id="2072"><net_src comp="1253" pin="2"/><net_sink comp="2069" pin=0"/></net>

<net id="2073"><net_src comp="2069" pin="1"/><net_sink comp="638" pin=2"/></net>

<net id="2077"><net_src comp="1302" pin="2"/><net_sink comp="2074" pin=0"/></net>

<net id="2078"><net_src comp="2074" pin="1"/><net_sink comp="624" pin=2"/></net>

<net id="2082"><net_src comp="1351" pin="2"/><net_sink comp="2079" pin=0"/></net>

<net id="2083"><net_src comp="2079" pin="1"/><net_sink comp="610" pin=2"/></net>

<net id="2087"><net_src comp="1400" pin="2"/><net_sink comp="2084" pin=0"/></net>

<net id="2088"><net_src comp="2084" pin="1"/><net_sink comp="596" pin=2"/></net>

<net id="2092"><net_src comp="1449" pin="2"/><net_sink comp="2089" pin=0"/></net>

<net id="2093"><net_src comp="2089" pin="1"/><net_sink comp="582" pin=2"/></net>

<net id="2097"><net_src comp="1498" pin="2"/><net_sink comp="2094" pin=0"/></net>

<net id="2098"><net_src comp="2094" pin="1"/><net_sink comp="568" pin=2"/></net>

<net id="2102"><net_src comp="1547" pin="2"/><net_sink comp="2099" pin=0"/></net>

<net id="2103"><net_src comp="2099" pin="1"/><net_sink comp="554" pin=2"/></net>

<net id="2107"><net_src comp="1596" pin="2"/><net_sink comp="2104" pin=0"/></net>

<net id="2108"><net_src comp="2104" pin="1"/><net_sink comp="540" pin=2"/></net>

<net id="2112"><net_src comp="1638" pin="2"/><net_sink comp="2109" pin=0"/></net>

<net id="2113"><net_src comp="2109" pin="1"/><net_sink comp="526" pin=2"/></net>

</net_list>

</model> 
---------------- Datapath Model END ------------------

* FSMD analyzer results:
  - Output states:
	Port: w15_V | {}
 - Input state : 
	Port: dense_wrapper<ap_ufixed<8, 2, 5, 3, 0>, ap_fixed<8, 3, 5, 3, 0>, config15> : data_0_V_read | {2 }
	Port: dense_wrapper<ap_ufixed<8, 2, 5, 3, 0>, ap_fixed<8, 3, 5, 3, 0>, config15> : data_1_V_read | {2 }
	Port: dense_wrapper<ap_ufixed<8, 2, 5, 3, 0>, ap_fixed<8, 3, 5, 3, 0>, config15> : data_2_V_read | {2 }
	Port: dense_wrapper<ap_ufixed<8, 2, 5, 3, 0>, ap_fixed<8, 3, 5, 3, 0>, config15> : data_3_V_read | {2 }
	Port: dense_wrapper<ap_ufixed<8, 2, 5, 3, 0>, ap_fixed<8, 3, 5, 3, 0>, config15> : data_4_V_read | {2 }
	Port: dense_wrapper<ap_ufixed<8, 2, 5, 3, 0>, ap_fixed<8, 3, 5, 3, 0>, config15> : data_5_V_read | {2 }
	Port: dense_wrapper<ap_ufixed<8, 2, 5, 3, 0>, ap_fixed<8, 3, 5, 3, 0>, config15> : data_6_V_read | {2 }
	Port: dense_wrapper<ap_ufixed<8, 2, 5, 3, 0>, ap_fixed<8, 3, 5, 3, 0>, config15> : data_7_V_read | {2 }
	Port: dense_wrapper<ap_ufixed<8, 2, 5, 3, 0>, ap_fixed<8, 3, 5, 3, 0>, config15> : data_8_V_read | {2 }
	Port: dense_wrapper<ap_ufixed<8, 2, 5, 3, 0>, ap_fixed<8, 3, 5, 3, 0>, config15> : data_9_V_read | {2 }
	Port: dense_wrapper<ap_ufixed<8, 2, 5, 3, 0>, ap_fixed<8, 3, 5, 3, 0>, config15> : w15_V | {2 3 }
  - Chain level:
	State 1
	State 2
		zext_ln59 : 1
		w15_V_addr : 2
		w15_V_load : 3
		w_index : 1
		icmp_ln46 : 1
		br_ln46 : 2
	State 3
		data_0_V_read36_phi : 1
		data_1_V_read37_phi : 1
		data_2_V_read38_phi : 1
		data_3_V_read39_phi : 1
		data_4_V_read40_phi : 1
		data_5_V_read41_phi : 1
		data_6_V_read42_phi : 1
		data_7_V_read43_phi : 1
		data_8_V_read44_phi : 1
		data_9_V_read45_phi : 1
		tmp_28 : 2
		trunc_ln59 : 1
		tmp_15 : 1
		tmp_16 : 1
		tmp_17 : 1
		tmp_18 : 1
		tmp_19 : 1
		tmp_20 : 1
		tmp_21 : 1
		tmp_22 : 1
		tmp_23 : 1
		tmp_24 : 1
		tmp_25 : 1
		tmp_26 : 1
		tmp_27 : 1
		tmp_29 : 1
	State 4
		mul_ln1118 : 1
		trunc_ln : 2
		sext_ln708 : 3
		trunc_ln703_s : 2
		trunc_ln703 : 1
		acc_0_V : 4
		add_ln703_16 : 3
		mul_ln1118_14 : 1
		trunc_ln708_s : 2
		sext_ln708_14 : 3
		trunc_ln5 : 2
		trunc_ln703_21 : 1
		acc_1_V : 4
		add_ln703_17 : 3
		mul_ln1118_15 : 1
		trunc_ln708_25 : 2
		sext_ln708_15 : 3
		trunc_ln703_5 : 2
		trunc_ln703_22 : 1
		acc_2_V : 4
		add_ln703_18 : 3
		mul_ln1118_16 : 1
		trunc_ln708_26 : 2
		sext_ln708_16 : 3
		trunc_ln703_6 : 2
		trunc_ln703_23 : 1
		acc_3_V : 4
		add_ln703_19 : 3
		mul_ln1118_17 : 1
		trunc_ln708_27 : 2
		sext_ln708_17 : 3
		trunc_ln703_7 : 2
		trunc_ln703_24 : 1
		acc_4_V : 4
		add_ln703_20 : 3
		mul_ln1118_18 : 1
		trunc_ln708_28 : 2
		sext_ln708_18 : 3
		trunc_ln703_8 : 2
		trunc_ln703_25 : 1
		acc_5_V : 4
		add_ln703_21 : 3
		mul_ln1118_19 : 1
		trunc_ln708_29 : 2
		sext_ln708_19 : 3
		trunc_ln703_9 : 2
		trunc_ln703_26 : 1
		acc_6_V : 4
		add_ln703_22 : 3
		mul_ln1118_20 : 1
		trunc_ln708_30 : 2
		sext_ln708_20 : 3
		trunc_ln703_10 : 2
		trunc_ln703_27 : 1
		acc_7_V : 4
		add_ln703_23 : 3
		mul_ln1118_21 : 1
		trunc_ln708_31 : 2
		sext_ln708_21 : 3
		trunc_ln703_11 : 2
		trunc_ln703_28 : 1
		acc_8_V : 4
		add_ln703_24 : 3
		mul_ln1118_22 : 1
		trunc_ln708_32 : 2
		sext_ln708_22 : 3
		trunc_ln703_12 : 2
		trunc_ln703_29 : 1
		acc_9_V : 4
		add_ln703_25 : 3
		mul_ln1118_23 : 1
		trunc_ln708_33 : 2
		sext_ln708_23 : 3
		trunc_ln703_13 : 2
		trunc_ln703_30 : 1
		acc_10_V : 4
		add_ln703_26 : 3
		mul_ln1118_24 : 1
		trunc_ln708_34 : 2
		sext_ln708_24 : 3
		trunc_ln703_14 : 2
		trunc_ln703_31 : 1
		acc_11_V : 4
		add_ln703_27 : 3
		mul_ln1118_25 : 1
		trunc_ln708_35 : 2
		sext_ln708_25 : 3
		trunc_ln703_15 : 2
		trunc_ln703_32 : 1
		acc_12_V : 4
		add_ln703_28 : 3
		mul_ln1118_26 : 1
		trunc_ln708_36 : 2
		sext_ln708_26 : 3
		trunc_ln703_16 : 2
		trunc_ln703_33 : 1
		acc_13_V : 4
		add_ln703_29 : 3
		mul_ln1118_27 : 1
		trunc_ln708_37 : 2
		sext_ln708_27 : 3
		trunc_ln703_34 : 1
		acc_14_V : 4
		add_ln703_30 : 3
		empty : 1
		trunc_ln6 : 4
		trunc_ln46_s : 4
		trunc_ln46_4 : 4
		trunc_ln46_5 : 4
		trunc_ln46_6 : 4
		trunc_ln46_7 : 4
		trunc_ln46_8 : 4
		trunc_ln46_9 : 4
		trunc_ln46_1 : 4
		trunc_ln46_2 : 4
		trunc_ln46_3 : 4
		trunc_ln46_10 : 4
		trunc_ln46_11 : 4
		trunc_ln46_12 : 4
		trunc_ln46_13 : 4
		mrv : 5
		mrv_1 : 6
		mrv_2 : 7
		mrv_3 : 8
		mrv_4 : 9
		mrv_5 : 10
		mrv_6 : 11
		mrv_7 : 12
		mrv_8 : 13
		mrv_9 : 14
		mrv_10 : 15
		mrv_11 : 16
		mrv_12 : 17
		mrv_13 : 18
		mrv_14 : 19
		return_ln21 : 20


============================================================
+ Verbose Summary: Datapath Resource usage 
============================================================

* Functional unit list:
|----------|-----------------------------|---------|---------|---------|
| Operation|       Functional Unit       |  DSP48E |    FF   |   LUT   |
|----------|-----------------------------|---------|---------|---------|
|          |        w_index_fu_737       |    0    |    0    |    12   |
|          |        acc_0_V_fu_959       |    0    |    0    |    23   |
|          |     add_ln703_16_fu_965     |    0    |    0    |    20   |
|          |       acc_1_V_fu_1008       |    0    |    0    |    23   |
|          |     add_ln703_17_fu_1014    |    0    |    0    |    20   |
|          |       acc_2_V_fu_1057       |    0    |    0    |    23   |
|          |     add_ln703_18_fu_1063    |    0    |    0    |    20   |
|          |       acc_3_V_fu_1106       |    0    |    0    |    23   |
|          |     add_ln703_19_fu_1112    |    0    |    0    |    20   |
|          |       acc_4_V_fu_1155       |    0    |    0    |    23   |
|          |     add_ln703_20_fu_1161    |    0    |    0    |    20   |
|          |       acc_5_V_fu_1204       |    0    |    0    |    23   |
|          |     add_ln703_21_fu_1210    |    0    |    0    |    20   |
|          |       acc_6_V_fu_1253       |    0    |    0    |    23   |
|          |     add_ln703_22_fu_1259    |    0    |    0    |    20   |
|    add   |       acc_7_V_fu_1302       |    0    |    0    |    23   |
|          |     add_ln703_23_fu_1308    |    0    |    0    |    20   |
|          |       acc_8_V_fu_1351       |    0    |    0    |    23   |
|          |     add_ln703_24_fu_1357    |    0    |    0    |    20   |
|          |       acc_9_V_fu_1400       |    0    |    0    |    23   |
|          |     add_ln703_25_fu_1406    |    0    |    0    |    20   |
|          |       acc_10_V_fu_1449      |    0    |    0    |    23   |
|          |     add_ln703_26_fu_1455    |    0    |    0    |    20   |
|          |       acc_11_V_fu_1498      |    0    |    0    |    23   |
|          |     add_ln703_27_fu_1504    |    0    |    0    |    20   |
|          |       acc_12_V_fu_1547      |    0    |    0    |    23   |
|          |     add_ln703_28_fu_1553    |    0    |    0    |    20   |
|          |       acc_13_V_fu_1596      |    0    |    0    |    23   |
|          |     add_ln703_29_fu_1602    |    0    |    0    |    20   |
|          |       acc_14_V_fu_1638      |    0    |    0    |    23   |
|          |     add_ln703_30_fu_1644    |    0    |    0    |    20   |
|----------|-----------------------------|---------|---------|---------|
|          |      mul_ln1118_fu_925      |    0    |    0    |    40   |
|          |     mul_ln1118_14_fu_974    |    0    |    0    |    40   |
|          |    mul_ln1118_15_fu_1023    |    0    |    0    |    40   |
|          |    mul_ln1118_16_fu_1072    |    0    |    0    |    40   |
|          |    mul_ln1118_17_fu_1121    |    0    |    0    |    40   |
|          |    mul_ln1118_18_fu_1170    |    0    |    0    |    40   |
|          |    mul_ln1118_19_fu_1219    |    0    |    0    |    40   |
|    mul   |    mul_ln1118_20_fu_1268    |    0    |    0    |    40   |
|          |    mul_ln1118_21_fu_1317    |    0    |    0    |    40   |
|          |    mul_ln1118_22_fu_1366    |    0    |    0    |    40   |
|          |    mul_ln1118_23_fu_1415    |    0    |    0    |    40   |
|          |    mul_ln1118_24_fu_1464    |    0    |    0    |    40   |
|          |    mul_ln1118_25_fu_1513    |    0    |    0    |    40   |
|          |    mul_ln1118_26_fu_1562    |    0    |    0    |    40   |
|          |    mul_ln1118_27_fu_1614    |    0    |    0    |    40   |
|----------|-----------------------------|---------|---------|---------|
|    mux   |        tmp_28_fu_749        |    0    |    0    |    53   |
|----------|-----------------------------|---------|---------|---------|
|   icmp   |       icmp_ln46_fu_743      |    0    |    0    |    9    |
|----------|-----------------------------|---------|---------|---------|
|          | data_9_V_read_3_read_fu_158 |    0    |    0    |    0    |
|          | data_8_V_read_3_read_fu_164 |    0    |    0    |    0    |
|          | data_7_V_read_3_read_fu_170 |    0    |    0    |    0    |
|          | data_6_V_read42_read_fu_176 |    0    |    0    |    0    |
|   read   | data_5_V_read41_read_fu_182 |    0    |    0    |    0    |
|          | data_4_V_read_3_read_fu_188 |    0    |    0    |    0    |
|          | data_3_V_read_3_read_fu_194 |    0    |    0    |    0    |
|          | data_2_V_read_3_read_fu_200 |    0    |    0    |    0    |
|          | data_1_V_read_3_read_fu_206 |    0    |    0    |    0    |
|          | data_0_V_read_3_read_fu_212 |    0    |    0    |    0    |
|----------|-----------------------------|---------|---------|---------|
|          |       zext_ln59_fu_732      |    0    |    0    |    0    |
|   zext   |      zext_ln1116_fu_919     |    0    |    0    |    0    |
|          |     zext_ln1118_fu_1608     |    0    |    0    |    0    |
|----------|-----------------------------|---------|---------|---------|
|          |      trunc_ln59_fu_775      |    0    |    0    |    0    |
|          |      trunc_ln703_fu_955     |    0    |    0    |    0    |
|          |    trunc_ln703_21_fu_1004   |    0    |    0    |    0    |
|          |    trunc_ln703_22_fu_1053   |    0    |    0    |    0    |
|          |    trunc_ln703_23_fu_1102   |    0    |    0    |    0    |
|          |    trunc_ln703_24_fu_1151   |    0    |    0    |    0    |
|          |    trunc_ln703_25_fu_1200   |    0    |    0    |    0    |
|   trunc  |    trunc_ln703_26_fu_1249   |    0    |    0    |    0    |
|          |    trunc_ln703_27_fu_1298   |    0    |    0    |    0    |
|          |    trunc_ln703_28_fu_1347   |    0    |    0    |    0    |
|          |    trunc_ln703_29_fu_1396   |    0    |    0    |    0    |
|          |    trunc_ln703_30_fu_1445   |    0    |    0    |    0    |
|          |    trunc_ln703_31_fu_1494   |    0    |    0    |    0    |
|          |    trunc_ln703_32_fu_1543   |    0    |    0    |    0    |
|          |    trunc_ln703_33_fu_1592   |    0    |    0    |    0    |
|          |    trunc_ln703_34_fu_1634   |    0    |    0    |    0    |
|----------|-----------------------------|---------|---------|---------|
|          |        tmp_15_fu_779        |    0    |    0    |    0    |
|          |        tmp_16_fu_789        |    0    |    0    |    0    |
|          |        tmp_17_fu_799        |    0    |    0    |    0    |
|          |        tmp_18_fu_809        |    0    |    0    |    0    |
|          |        tmp_19_fu_819        |    0    |    0    |    0    |
|          |        tmp_20_fu_829        |    0    |    0    |    0    |
|          |        tmp_21_fu_839        |    0    |    0    |    0    |
|          |        tmp_22_fu_849        |    0    |    0    |    0    |
|          |        tmp_23_fu_859        |    0    |    0    |    0    |
|          |        tmp_24_fu_869        |    0    |    0    |    0    |
|          |        tmp_25_fu_879        |    0    |    0    |    0    |
|          |        tmp_26_fu_889        |    0    |    0    |    0    |
|          |        tmp_27_fu_899        |    0    |    0    |    0    |
|          |        tmp_29_fu_909        |    0    |    0    |    0    |
|          |       trunc_ln_fu_931       |    0    |    0    |    0    |
|          |     trunc_ln703_s_fu_945    |    0    |    0    |    0    |
|          |     trunc_ln708_s_fu_980    |    0    |    0    |    0    |
|          |       trunc_ln5_fu_994      |    0    |    0    |    0    |
|          |    trunc_ln708_25_fu_1029   |    0    |    0    |    0    |
|          |    trunc_ln703_5_fu_1043    |    0    |    0    |    0    |
|          |    trunc_ln708_26_fu_1078   |    0    |    0    |    0    |
|          |    trunc_ln703_6_fu_1092    |    0    |    0    |    0    |
|          |    trunc_ln708_27_fu_1127   |    0    |    0    |    0    |
|          |    trunc_ln703_7_fu_1141    |    0    |    0    |    0    |
|          |    trunc_ln708_28_fu_1176   |    0    |    0    |    0    |
|          |    trunc_ln703_8_fu_1190    |    0    |    0    |    0    |
|          |    trunc_ln708_29_fu_1225   |    0    |    0    |    0    |
|          |    trunc_ln703_9_fu_1239    |    0    |    0    |    0    |
|partselect|    trunc_ln708_30_fu_1274   |    0    |    0    |    0    |
|          |    trunc_ln703_10_fu_1288   |    0    |    0    |    0    |
|          |    trunc_ln708_31_fu_1323   |    0    |    0    |    0    |
|          |    trunc_ln703_11_fu_1337   |    0    |    0    |    0    |
|          |    trunc_ln708_32_fu_1372   |    0    |    0    |    0    |
|          |    trunc_ln703_12_fu_1386   |    0    |    0    |    0    |
|          |    trunc_ln708_33_fu_1421   |    0    |    0    |    0    |
|          |    trunc_ln703_13_fu_1435   |    0    |    0    |    0    |
|          |    trunc_ln708_34_fu_1470   |    0    |    0    |    0    |
|          |    trunc_ln703_14_fu_1484   |    0    |    0    |    0    |
|          |    trunc_ln708_35_fu_1519   |    0    |    0    |    0    |
|          |    trunc_ln703_15_fu_1533   |    0    |    0    |    0    |
|          |    trunc_ln708_36_fu_1568   |    0    |    0    |    0    |
|          |    trunc_ln703_16_fu_1582   |    0    |    0    |    0    |
|          |    trunc_ln708_37_fu_1620   |    0    |    0    |    0    |
|          |      trunc_ln6_fu_1650      |    0    |    0    |    0    |
|          |     trunc_ln46_s_fu_1660    |    0    |    0    |    0    |
|          |     trunc_ln46_4_fu_1670    |    0    |    0    |    0    |
|          |     trunc_ln46_5_fu_1680    |    0    |    0    |    0    |
|          |     trunc_ln46_6_fu_1690    |    0    |    0    |    0    |
|          |     trunc_ln46_7_fu_1700    |    0    |    0    |    0    |
|          |     trunc_ln46_8_fu_1710    |    0    |    0    |    0    |
|          |     trunc_ln46_9_fu_1720    |    0    |    0    |    0    |
|          |     trunc_ln46_1_fu_1730    |    0    |    0    |    0    |
|          |     trunc_ln46_2_fu_1740    |    0    |    0    |    0    |
|          |     trunc_ln46_3_fu_1750    |    0    |    0    |    0    |
|          |    trunc_ln46_10_fu_1760    |    0    |    0    |    0    |
|          |    trunc_ln46_11_fu_1770    |    0    |    0    |    0    |
|          |    trunc_ln46_12_fu_1780    |    0    |    0    |    0    |
|          |    trunc_ln46_13_fu_1790    |    0    |    0    |    0    |
|----------|-----------------------------|---------|---------|---------|
|          |      sext_ln1118_fu_922     |    0    |    0    |    0    |
|          |      sext_ln708_fu_941      |    0    |    0    |    0    |
|          |     sext_ln1118_1_fu_971    |    0    |    0    |    0    |
|          |     sext_ln708_14_fu_990    |    0    |    0    |    0    |
|          |    sext_ln1118_2_fu_1020    |    0    |    0    |    0    |
|          |    sext_ln708_15_fu_1039    |    0    |    0    |    0    |
|          |    sext_ln1118_3_fu_1069    |    0    |    0    |    0    |
|          |    sext_ln708_16_fu_1088    |    0    |    0    |    0    |
|          |    sext_ln1118_4_fu_1118    |    0    |    0    |    0    |
|          |    sext_ln708_17_fu_1137    |    0    |    0    |    0    |
|          |    sext_ln1118_5_fu_1167    |    0    |    0    |    0    |
|          |    sext_ln708_18_fu_1186    |    0    |    0    |    0    |
|          |    sext_ln1118_6_fu_1216    |    0    |    0    |    0    |
|          |    sext_ln708_19_fu_1235    |    0    |    0    |    0    |
|   sext   |    sext_ln1118_7_fu_1265    |    0    |    0    |    0    |
|          |    sext_ln708_20_fu_1284    |    0    |    0    |    0    |
|          |    sext_ln1118_8_fu_1314    |    0    |    0    |    0    |
|          |    sext_ln708_21_fu_1333    |    0    |    0    |    0    |
|          |    sext_ln1118_9_fu_1363    |    0    |    0    |    0    |
|          |    sext_ln708_22_fu_1382    |    0    |    0    |    0    |
|          |    sext_ln1118_10_fu_1412   |    0    |    0    |    0    |
|          |    sext_ln708_23_fu_1431    |    0    |    0    |    0    |
|          |    sext_ln1118_11_fu_1461   |    0    |    0    |    0    |
|          |    sext_ln708_24_fu_1480    |    0    |    0    |    0    |
|          |    sext_ln1118_12_fu_1510   |    0    |    0    |    0    |
|          |    sext_ln708_25_fu_1529    |    0    |    0    |    0    |
|          |    sext_ln1118_13_fu_1559   |    0    |    0    |    0    |
|          |    sext_ln708_26_fu_1578    |    0    |    0    |    0    |
|          |    sext_ln1118_14_fu_1611   |    0    |    0    |    0    |
|          |    sext_ln708_27_fu_1630    |    0    |    0    |    0    |
|----------|-----------------------------|---------|---------|---------|
|          |         mrv_fu_1800         |    0    |    0    |    0    |
|          |        mrv_1_fu_1806        |    0    |    0    |    0    |
|          |        mrv_2_fu_1812        |    0    |    0    |    0    |
|          |        mrv_3_fu_1818        |    0    |    0    |    0    |
|          |        mrv_4_fu_1824        |    0    |    0    |    0    |
|          |        mrv_5_fu_1830        |    0    |    0    |    0    |
|          |        mrv_6_fu_1836        |    0    |    0    |    0    |
|insertvalue|        mrv_7_fu_1842        |    0    |    0    |    0    |
|          |        mrv_8_fu_1848        |    0    |    0    |    0    |
|          |        mrv_9_fu_1854        |    0    |    0    |    0    |
|          |        mrv_10_fu_1860       |    0    |    0    |    0    |
|          |        mrv_11_fu_1866       |    0    |    0    |    0    |
|          |        mrv_12_fu_1872       |    0    |    0    |    0    |
|          |        mrv_13_fu_1878       |    0    |    0    |    0    |
|          |        mrv_14_fu_1884       |    0    |    0    |    0    |
|----------|-----------------------------|---------|---------|---------|
|  return  |     return_ln21_fu_1890     |    0    |    0    |    0    |
|----------|-----------------------------|---------|---------|---------|
|   Total  |                             |    0    |    0    |   1319  |
|----------|-----------------------------|---------|---------|---------|

Memories:
N/A

* Register list:
+------------------------------+--------+
|                              |   FF   |
+------------------------------+--------+
|       acc_0_V_reg_2039       |   16   |
|       acc_10_V_reg_2089      |   16   |
|       acc_11_V_reg_2094      |   16   |
|       acc_12_V_reg_2099      |   16   |
|       acc_13_V_reg_2104      |   16   |
|       acc_14_V_reg_2109      |   16   |
|       acc_1_V_reg_2044       |   16   |
|       acc_2_V_reg_2049       |   16   |
|       acc_3_V_reg_2054       |   16   |
|       acc_4_V_reg_2059       |   16   |
|       acc_5_V_reg_2064       |   16   |
|       acc_6_V_reg_2069       |   16   |
|       acc_7_V_reg_2074       |   16   |
|       acc_8_V_reg_2079       |   16   |
|       acc_9_V_reg_2084       |   16   |
|      acc_V_0_05_reg_718      |   16   |
|     acc_V_10_015_reg_578     |   16   |
|     acc_V_11_016_reg_564     |   16   |
|     acc_V_12_017_reg_550     |   16   |
|     acc_V_13_018_reg_536     |   16   |
|     acc_V_14_019_reg_522     |   16   |
|      acc_V_1_06_reg_704      |   16   |
|      acc_V_2_07_reg_690      |   16   |
|      acc_V_3_08_reg_676      |   16   |
|      acc_V_4_09_reg_662      |   16   |
|      acc_V_5_010_reg_648     |   16   |
|      acc_V_6_011_reg_634     |   16   |
|      acc_V_7_012_reg_620     |   16   |
|      acc_V_8_013_reg_606     |   16   |
|      acc_V_9_014_reg_592     |   16   |
|  data_0_V_read36_phi_reg_402 |    8   |
|data_0_V_read36_rewind_reg_262|    8   |
|   data_0_V_read_3_reg_1939   |    8   |
|  data_1_V_read37_phi_reg_414 |    8   |
|data_1_V_read37_rewind_reg_276|    8   |
|   data_1_V_read_3_reg_1934   |    8   |
|  data_2_V_read38_phi_reg_426 |    8   |
|data_2_V_read38_rewind_reg_290|    8   |
|   data_2_V_read_3_reg_1929   |    8   |
|  data_3_V_read39_phi_reg_438 |    8   |
|data_3_V_read39_rewind_reg_304|    8   |
|   data_3_V_read_3_reg_1924   |    8   |
|  data_4_V_read40_phi_reg_450 |    8   |
|data_4_V_read40_rewind_reg_318|    8   |
|   data_4_V_read_3_reg_1919   |    8   |
|  data_5_V_read41_phi_reg_462 |    8   |
|   data_5_V_read41_reg_1914   |    8   |
|data_5_V_read41_rewind_reg_332|    8   |
|  data_6_V_read42_phi_reg_474 |    8   |
|   data_6_V_read42_reg_1909   |    8   |
|data_6_V_read42_rewind_reg_346|    8   |
|  data_7_V_read43_phi_reg_486 |    8   |
|data_7_V_read43_rewind_reg_360|    8   |
|   data_7_V_read_3_reg_1904   |    8   |
|  data_8_V_read44_phi_reg_498 |    8   |
|data_8_V_read44_rewind_reg_374|    8   |
|   data_8_V_read_3_reg_1899   |    8   |
|  data_9_V_read45_phi_reg_510 |    8   |
|data_9_V_read45_rewind_reg_388|    8   |
|   data_9_V_read_3_reg_1894   |    8   |
|        do_init_reg_231       |    1   |
|      icmp_ln46_reg_1954      |    1   |
|        tmp_15_reg_1969       |    8   |
|        tmp_16_reg_1974       |    8   |
|        tmp_17_reg_1979       |    8   |
|        tmp_18_reg_1984       |    8   |
|        tmp_19_reg_1989       |    8   |
|        tmp_20_reg_1994       |    8   |
|        tmp_21_reg_1999       |    8   |
|        tmp_22_reg_2004       |    8   |
|        tmp_23_reg_2009       |    8   |
|        tmp_24_reg_2014       |    8   |
|        tmp_25_reg_2019       |    8   |
|        tmp_26_reg_2024       |    8   |
|        tmp_27_reg_2029       |    8   |
|        tmp_28_reg_1958       |    8   |
|        tmp_29_reg_2034       |    6   |
|      trunc_ln59_reg_1964     |    8   |
|      w15_V_addr_reg_1944     |    4   |
|       w_index35_reg_247      |    4   |
|       w_index_reg_1949       |    4   |
+------------------------------+--------+
|             Total            |   860  |
+------------------------------+--------+

* Multiplexer (MUX) list: 
|-------------------|------|------|------|--------||---------||---------|
|        Comp       |  Pin | Size |  BW  | S x BW ||  Delay  ||   LUT   |
|-------------------|------|------|------|--------||---------||---------|
| grp_access_fu_225 |  p0  |   2  |   4  |    8   ||    9    |
|  do_init_reg_231  |  p0  |   2  |   1  |    2   ||    9    |
| w_index35_reg_247 |  p0  |   2  |   4  |    8   ||    9    |
|-------------------|------|------|------|--------||---------||---------|
|       Total       |      |      |      |   18   ||  2.505  ||    27   |
|-------------------|------|------|------|--------||---------||---------|



* Summary:
+-----------+--------+--------+--------+--------+
|           | DSP48E |  Delay |   FF   |   LUT  |
+-----------+--------+--------+--------+--------+
|  Function |    0   |    -   |    0   |  1319  |
|   Memory  |    -   |    -   |    -   |    -   |
|Multiplexer|    -   |    2   |    -   |   27   |
|  Register |    -   |    -   |   860  |    -   |
+-----------+--------+--------+--------+--------+
|   Total   |    0   |    2   |   860  |  1346  |
+-----------+--------+--------+--------+--------+
