Width, Accuracy
"4_2", 0.201289156626506
"7_3", 0.201289156626506
"10_4", 0.201289156626506
"13_5", 0.201289156626506
