Width, Accuracy
"4_2", 0.201289156626506
"7_3", 0.201289156626506
"10_4", 0.201289156626506
"13_5", 0.201289156626506
"4_2", 0.201289156626506
"7_3", 0.413
"10_4", 0.658
"13_5", 0.7715
"16_6", 0.7725
"19_7", 0.771
"22_8", 0.7715
"25_9", 0.7725
"28_10", 0.773
"31_11", 0.773
"34_12", 0.773
"37_13", 0.773
"4_2", 0.2135
"7_3", 0.413
"10_4", 0.658
"13_5", 0.7715
"16_6", 0.7725
"19_7", 0.771
"22_8", 0.7715
"25_9", 0.7725
"28_10", 0.773
"31_11", 0.773
"34_12", 0.773
