Bits, Slice LUTs, Slice Registers, Block RAM Tile, DSPs, Bonded IOB, Timing, Accuracy
4, 0.03, 0.01, 0.02, 0.04, 8.65, 4.908, 0.201289156626506
7, 0.29, 0.05, 0.06, 0.04, 18.15, 4.347, 0.201289156626506
10, 1.59, 0.20, 0.02, 0.04, 25.72, 3.902, 0.201289156626506
13, 0.61, 0.05, 0.06, 6.50, 33.29, 4.239, 0.201289156626506
