

================================================================
== Vivado HLS Report for 'dense_wrapper_ap_ufixed_8_2_5_3_0_ap_fixed_8_2_5_3_0_config18_s'
================================================================
* Date:           Mon Aug 10 20:48:58 2026

* Version:        2019.1 (Build 2552052 on Fri May 24 15:28:33 MDT 2019)
* Project:        myproject_prj
* Solution:       solution1
* Product family: kintexu
* Target device:  xcku035-fbva676-2-e


================================================================
== Performance Estimates
================================================================
+ Timing (ns): 
    * Summary: 
    +--------+-------+----------+------------+
    |  Clock | Target| Estimated| Uncertainty|
    +--------+-------+----------+------------+
    |ap_clk  |   5.00|     3.859|        0.62|
    +--------+-------+----------+------------+

+ Latency (clock cycles): 
    * Summary: 
    +-----+-----+-----+-----+---------------------------------------------+
    |  Latency  |  Interval |                   Pipeline                  |
    | min | max | min | max |                     Type                    |
    +-----+-----+-----+-----+---------------------------------------------+
    |   16|   17|   15|   15| loop rewind(delay=0 initiation interval(s)) |
    +-----+-----+-----+-----+---------------------------------------------+

    + Detail: 
        * Instance: 
        N/A

        * Loop: 
        +-------------+-----+-----+----------+-----------+-----------+------+----------+
        |             |  Latency  | Iteration|  Initiation Interval  | Trip |          |
        |  Loop Name  | min | max |  Latency |  achieved |   target  | Count| Pipelined|
        +-------------+-----+-----+----------+-----------+-----------+------+----------+
        |- ReuseLoop  |   16|   16|         3|          1|          1|    15|    yes   |
        +-------------+-----+-----+----------+-----------+-----------+------+----------+



================================================================
== Utilization Estimates
================================================================
* Summary: 
+-----------------+---------+-------+--------+--------+-----+
|       Name      | BRAM_18K| DSP48E|   FF   |   LUT  | URAM|
+-----------------+---------+-------+--------+--------+-----+
|DSP              |        -|      -|       -|       -|    -|
|Expression       |        -|      0|       0|     849|    -|
|FIFO             |        -|      -|       -|       -|    -|
|Instance         |        -|      -|       0|      53|    -|
|Memory           |        3|      -|       0|       0|    -|
|Multiplexer      |        -|      -|       -|     792|    -|
|Register         |        -|      -|     701|       -|    -|
+-----------------+---------+-------+--------+--------+-----+
|Total            |        3|      0|     701|    1694|    0|
+-----------------+---------+-------+--------+--------+-----+
|Available        |     1080|   1700|  406256|  203128|    0|
+-----------------+---------+-------+--------+--------+-----+
|Utilization (%)  |    ~0   |      0|   ~0   |   ~0   |    0|
+-----------------+---------+-------+--------+--------+-----+

+ Detail: 
    * Instance: 
    +------------------------------+-------------------------+---------+-------+---+----+-----+
    |           Instance           |          Module         | BRAM_18K| DSP48E| FF| LUT| URAM|
    +------------------------------+-------------------------+---------+-------+---+----+-----+
    |myproject_mux_154_8_1_1_U775  |myproject_mux_154_8_1_1  |        0|      0|  0|  53|    0|
    +------------------------------+-------------------------+---------+-------+---+----+-----+
    |Total                         |                         |        0|      0|  0|  53|    0|
    +------------------------------+-------------------------+---------+-------+---+----+-----+

    * DSP48E: 
    N/A

    * Memory: 
    +---------+-----------------------------------------------------------------------+---------+---+----+-----+------+-----+------+-------------+
    |  Memory |                                 Module                                | BRAM_18K| FF| LUT| URAM| Words| Bits| Banks| W*Bits*Banks|
    +---------+-----------------------------------------------------------------------+---------+---+----+-----+------+-----+------+-------------+
    |w18_V_U  |dense_wrapper_ap_ufixed_8_2_5_3_0_ap_fixed_8_2_5_3_0_config18_s_w18_V  |        3|  0|   0|    0|    15|   78|     1|         1170|
    +---------+-----------------------------------------------------------------------+---------+---+----+-----+------+-----+------+-------------+
    |Total    |                                                                       |        3|  0|   0|    0|    15|   78|     1|         1170|
    +---------+-----------------------------------------------------------------------+---------+---+----+-----+------+-----+------+-------------+

    * FIFO: 
    N/A

    * Expression: 
    +--------------------------+----------+-------+---+----+------------+------------+
    |       Variable Name      | Operation| DSP48E| FF| LUT| Bitwidth P0| Bitwidth P1|
    +--------------------------+----------+-------+---+----+------------+------------+
    |mul_ln1118_10_fu_1251_p2  |     *    |      0|  0|  40|           8|           8|
    |mul_ln1118_11_fu_1300_p2  |     *    |      0|  0|  40|           8|           8|
    |mul_ln1118_12_fu_1349_p2  |     *    |      0|  0|  40|           8|           8|
    |mul_ln1118_13_fu_1401_p2  |     *    |      0|  0|  40|           6|           8|
    |mul_ln1118_5_fu_1006_p2   |     *    |      0|  0|  40|           8|           8|
    |mul_ln1118_6_fu_1055_p2   |     *    |      0|  0|  40|           8|           8|
    |mul_ln1118_7_fu_1104_p2   |     *    |      0|  0|  40|           8|           8|
    |mul_ln1118_8_fu_1153_p2   |     *    |      0|  0|  40|           8|           8|
    |mul_ln1118_9_fu_1202_p2   |     *    |      0|  0|  40|           8|           8|
    |mul_ln1118_fu_957_p2      |     *    |      0|  0|  40|           8|           8|
    |acc_0_V_fu_991_p2         |     +    |      0|  0|  23|          16|          16|
    |acc_1_V_fu_1040_p2        |     +    |      0|  0|  23|          16|          16|
    |acc_2_V_fu_1089_p2        |     +    |      0|  0|  23|          16|          16|
    |acc_3_V_fu_1138_p2        |     +    |      0|  0|  23|          16|          16|
    |acc_4_V_fu_1187_p2        |     +    |      0|  0|  23|          16|          16|
    |acc_5_V_fu_1236_p2        |     +    |      0|  0|  23|          16|          16|
    |acc_6_V_fu_1285_p2        |     +    |      0|  0|  23|          16|          16|
    |acc_7_V_fu_1334_p2        |     +    |      0|  0|  23|          16|          16|
    |acc_8_V_fu_1383_p2        |     +    |      0|  0|  23|          16|          16|
    |acc_9_V_fu_1435_p2        |     +    |      0|  0|  23|          16|          16|
    |add_ln703_10_fu_1193_p2   |     +    |      0|  0|  19|          12|          12|
    |add_ln703_11_fu_1242_p2   |     +    |      0|  0|  19|          12|          12|
    |add_ln703_12_fu_1291_p2   |     +    |      0|  0|  19|          12|          12|
    |add_ln703_13_fu_1340_p2   |     +    |      0|  0|  19|          12|          12|
    |add_ln703_14_fu_1389_p2   |     +    |      0|  0|  19|          12|          12|
    |add_ln703_15_fu_1441_p2   |     +    |      0|  0|  19|          12|          12|
    |add_ln703_6_fu_997_p2     |     +    |      0|  0|  19|          12|          12|
    |add_ln703_7_fu_1046_p2    |     +    |      0|  0|  19|          12|          12|
    |add_ln703_8_fu_1095_p2    |     +    |      0|  0|  19|          12|          12|
    |add_ln703_9_fu_1144_p2    |     +    |      0|  0|  19|          12|          12|
    |w_index_fu_809_p2         |     +    |      0|  0|  12|           1|           4|
    |ap_condition_256          |    and   |      0|  0|   2|           1|           1|
    |ap_condition_262          |    and   |      0|  0|   2|           1|           1|
    |ap_condition_40           |    and   |      0|  0|   2|           1|           1|
    |icmp_ln46_fu_815_p2       |   icmp   |      0|  0|   9|           4|           3|
    |ap_enable_pp0             |    xor   |      0|  0|   2|           1|           2|
    +--------------------------+----------+-------+---+----+------------+------------+
    |Total                     |          |      0|  0| 849|         367|         372|
    +--------------------------+----------+-------+---+----+------------+------------+

    * Multiplexer: 
    +---------------------------------------------------+----+-----------+-----+-----------+
    |                        Name                       | LUT| Input Size| Bits| Total Bits|
    +---------------------------------------------------+----+-----------+-----+-----------+
    |acc_V_0_05_reg_790                                 |   9|          2|   16|         32|
    |acc_V_1_06_reg_776                                 |   9|          2|   16|         32|
    |acc_V_2_07_reg_762                                 |   9|          2|   16|         32|
    |acc_V_3_08_reg_748                                 |   9|          2|   16|         32|
    |acc_V_4_09_reg_734                                 |   9|          2|   16|         32|
    |acc_V_5_010_reg_720                                |   9|          2|   16|         32|
    |acc_V_6_011_reg_706                                |   9|          2|   16|         32|
    |acc_V_7_012_reg_692                                |   9|          2|   16|         32|
    |acc_V_8_013_reg_678                                |   9|          2|   16|         32|
    |acc_V_9_014_reg_664                                |   9|          2|   16|         32|
    |ap_NS_fsm                                          |  15|          3|    1|          3|
    |ap_enable_reg_pp0_iter1                            |   9|          2|    1|          2|
    |ap_enable_reg_pp0_iter2                            |   9|          2|    1|          2|
    |ap_phi_mux_data_0_V_read26_phi_phi_fu_488_p4       |   9|          2|    8|         16|
    |ap_phi_mux_data_0_V_read26_rewind_phi_fu_278_p6    |   9|          2|    8|         16|
    |ap_phi_mux_data_10_V_read36_phi_phi_fu_608_p4      |   9|          2|    8|         16|
    |ap_phi_mux_data_10_V_read36_rewind_phi_fu_418_p6   |   9|          2|    8|         16|
    |ap_phi_mux_data_11_V_read37_phi_phi_fu_620_p4      |   9|          2|    8|         16|
    |ap_phi_mux_data_11_V_read37_rewind_phi_fu_432_p6   |   9|          2|    8|         16|
    |ap_phi_mux_data_12_V_read38_phi_phi_fu_632_p4      |   9|          2|    8|         16|
    |ap_phi_mux_data_12_V_read38_rewind_phi_fu_446_p6   |   9|          2|    8|         16|
    |ap_phi_mux_data_13_V_read39_phi_phi_fu_644_p4      |   9|          2|    8|         16|
    |ap_phi_mux_data_13_V_read39_rewind_phi_fu_460_p6   |   9|          2|    8|         16|
    |ap_phi_mux_data_14_V_read40_phi_phi_fu_656_p4      |   9|          2|    8|         16|
    |ap_phi_mux_data_14_V_read40_rewind_phi_fu_474_p6   |   9|          2|    8|         16|
    |ap_phi_mux_data_1_V_read27_phi_phi_fu_500_p4       |   9|          2|    8|         16|
    |ap_phi_mux_data_1_V_read27_rewind_phi_fu_292_p6    |   9|          2|    8|         16|
    |ap_phi_mux_data_2_V_read28_phi_phi_fu_512_p4       |   9|          2|    8|         16|
    |ap_phi_mux_data_2_V_read28_rewind_phi_fu_306_p6    |   9|          2|    8|         16|
    |ap_phi_mux_data_3_V_read29_phi_phi_fu_524_p4       |   9|          2|    8|         16|
    |ap_phi_mux_data_3_V_read29_rewind_phi_fu_320_p6    |   9|          2|    8|         16|
    |ap_phi_mux_data_4_V_read30_phi_phi_fu_536_p4       |   9|          2|    8|         16|
    |ap_phi_mux_data_4_V_read30_rewind_phi_fu_334_p6    |   9|          2|    8|         16|
    |ap_phi_mux_data_5_V_read31_phi_phi_fu_548_p4       |   9|          2|    8|         16|
    |ap_phi_mux_data_5_V_read31_rewind_phi_fu_348_p6    |   9|          2|    8|         16|
    |ap_phi_mux_data_6_V_read32_phi_phi_fu_560_p4       |   9|          2|    8|         16|
    |ap_phi_mux_data_6_V_read32_rewind_phi_fu_362_p6    |   9|          2|    8|         16|
    |ap_phi_mux_data_7_V_read33_phi_phi_fu_572_p4       |   9|          2|    8|         16|
    |ap_phi_mux_data_7_V_read33_rewind_phi_fu_376_p6    |   9|          2|    8|         16|
    |ap_phi_mux_data_8_V_read34_phi_phi_fu_584_p4       |   9|          2|    8|         16|
    |ap_phi_mux_data_8_V_read34_rewind_phi_fu_390_p6    |   9|          2|    8|         16|
    |ap_phi_mux_data_9_V_read35_phi_phi_fu_596_p4       |   9|          2|    8|         16|
    |ap_phi_mux_data_9_V_read35_rewind_phi_fu_404_p6    |   9|          2|    8|         16|
    |ap_phi_mux_do_init_phi_fu_247_p6                   |  15|          3|    1|          3|
    |ap_phi_mux_w_index25_phi_fu_263_p6                 |  15|          3|    4|         12|
    |ap_phi_reg_pp0_iter1_data_0_V_read26_phi_reg_484   |   9|          2|    8|         16|
    |ap_phi_reg_pp0_iter1_data_10_V_read36_phi_reg_604  |   9|          2|    8|         16|
    |ap_phi_reg_pp0_iter1_data_11_V_read37_phi_reg_616  |   9|          2|    8|         16|
    |ap_phi_reg_pp0_iter1_data_12_V_read38_phi_reg_628  |   9|          2|    8|         16|
    |ap_phi_reg_pp0_iter1_data_13_V_read39_phi_reg_640  |   9|          2|    8|         16|
    |ap_phi_reg_pp0_iter1_data_14_V_read40_phi_reg_652  |   9|          2|    8|         16|
    |ap_phi_reg_pp0_iter1_data_1_V_read27_phi_reg_496   |   9|          2|    8|         16|
    |ap_phi_reg_pp0_iter1_data_2_V_read28_phi_reg_508   |   9|          2|    8|         16|
    |ap_phi_reg_pp0_iter1_data_3_V_read29_phi_reg_520   |   9|          2|    8|         16|
    |ap_phi_reg_pp0_iter1_data_4_V_read30_phi_reg_532   |   9|          2|    8|         16|
    |ap_phi_reg_pp0_iter1_data_5_V_read31_phi_reg_544   |   9|          2|    8|         16|
    |ap_phi_reg_pp0_iter1_data_6_V_read32_phi_reg_556   |   9|          2|    8|         16|
    |ap_phi_reg_pp0_iter1_data_7_V_read33_phi_reg_568   |   9|          2|    8|         16|
    |ap_phi_reg_pp0_iter1_data_8_V_read34_phi_reg_580   |   9|          2|    8|         16|
    |ap_phi_reg_pp0_iter1_data_9_V_read35_phi_reg_592   |   9|          2|    8|         16|
    |ap_return_0                                        |   9|          2|    8|         16|
    |ap_return_1                                        |   9|          2|    8|         16|
    |ap_return_2                                        |   9|          2|    8|         16|
    |ap_return_3                                        |   9|          2|    8|         16|
    |ap_return_4                                        |   9|          2|    8|         16|
    |ap_return_5                                        |   9|          2|    8|         16|
    |ap_return_6                                        |   9|          2|    8|         16|
    |ap_return_7                                        |   9|          2|    8|         16|
    |ap_return_8                                        |   9|          2|    8|         16|
    |ap_return_9                                        |   9|          2|    8|         16|
    |data_0_V_read26_phi_reg_484                        |   9|          2|    8|         16|
    |data_10_V_read36_phi_reg_604                       |   9|          2|    8|         16|
    |data_11_V_read37_phi_reg_616                       |   9|          2|    8|         16|
    |data_12_V_read38_phi_reg_628                       |   9|          2|    8|         16|
    |data_13_V_read39_phi_reg_640                       |   9|          2|    8|         16|
    |data_14_V_read40_phi_reg_652                       |   9|          2|    8|         16|
    |data_1_V_read27_phi_reg_496                        |   9|          2|    8|         16|
    |data_2_V_read28_phi_reg_508                        |   9|          2|    8|         16|
    |data_3_V_read29_phi_reg_520                        |   9|          2|    8|         16|
    |data_4_V_read30_phi_reg_532                        |   9|          2|    8|         16|
    |data_5_V_read31_phi_reg_544                        |   9|          2|    8|         16|
    |data_6_V_read32_phi_reg_556                        |   9|          2|    8|         16|
    |data_7_V_read33_phi_reg_568                        |   9|          2|    8|         16|
    |data_8_V_read34_phi_reg_580                        |   9|          2|    8|         16|
    |data_9_V_read35_phi_reg_592                        |   9|          2|    8|         16|
    |w_index25_reg_259                                  |   9|          2|    4|          8|
    +---------------------------------------------------+----+-----------+-----+-----------+
    |Total                                              | 792|        175|  732|       1470|
    +---------------------------------------------------+----+-----------+-----+-----------+

    * Register: 
    +---------------------------------------------------+----+----+-----+-----------+
    |                        Name                       | FF | LUT| Bits| Const Bits|
    +---------------------------------------------------+----+----+-----+-----------+
    |acc_V_0_05_reg_790                                 |  16|   0|   16|          0|
    |acc_V_1_06_reg_776                                 |  16|   0|   16|          0|
    |acc_V_2_07_reg_762                                 |  16|   0|   16|          0|
    |acc_V_3_08_reg_748                                 |  16|   0|   16|          0|
    |acc_V_4_09_reg_734                                 |  16|   0|   16|          0|
    |acc_V_5_010_reg_720                                |  16|   0|   16|          0|
    |acc_V_6_011_reg_706                                |  16|   0|   16|          0|
    |acc_V_7_012_reg_692                                |  16|   0|   16|          0|
    |acc_V_8_013_reg_678                                |  16|   0|   16|          0|
    |acc_V_9_014_reg_664                                |  16|   0|   16|          0|
    |ap_CS_fsm                                          |   2|   0|    2|          0|
    |ap_enable_reg_pp0_iter1                            |   1|   0|    1|          0|
    |ap_enable_reg_pp0_iter2                            |   1|   0|    1|          0|
    |ap_phi_reg_pp0_iter1_data_0_V_read26_phi_reg_484   |   8|   0|    8|          0|
    |ap_phi_reg_pp0_iter1_data_10_V_read36_phi_reg_604  |   8|   0|    8|          0|
    |ap_phi_reg_pp0_iter1_data_11_V_read37_phi_reg_616  |   8|   0|    8|          0|
    |ap_phi_reg_pp0_iter1_data_12_V_read38_phi_reg_628  |   8|   0|    8|          0|
    |ap_phi_reg_pp0_iter1_data_13_V_read39_phi_reg_640  |   8|   0|    8|          0|
    |ap_phi_reg_pp0_iter1_data_14_V_read40_phi_reg_652  |   8|   0|    8|          0|
    |ap_phi_reg_pp0_iter1_data_1_V_read27_phi_reg_496   |   8|   0|    8|          0|
    |ap_phi_reg_pp0_iter1_data_2_V_read28_phi_reg_508   |   8|   0|    8|          0|
    |ap_phi_reg_pp0_iter1_data_3_V_read29_phi_reg_520   |   8|   0|    8|          0|
    |ap_phi_reg_pp0_iter1_data_4_V_read30_phi_reg_532   |   8|   0|    8|          0|
    |ap_phi_reg_pp0_iter1_data_5_V_read31_phi_reg_544   |   8|   0|    8|          0|
    |ap_phi_reg_pp0_iter1_data_6_V_read32_phi_reg_556   |   8|   0|    8|          0|
    |ap_phi_reg_pp0_iter1_data_7_V_read33_phi_reg_568   |   8|   0|    8|          0|
    |ap_phi_reg_pp0_iter1_data_8_V_read34_phi_reg_580   |   8|   0|    8|          0|
    |ap_phi_reg_pp0_iter1_data_9_V_read35_phi_reg_592   |   8|   0|    8|          0|
    |ap_return_0_preg                                   |   8|   0|    8|          0|
    |ap_return_1_preg                                   |   8|   0|    8|          0|
    |ap_return_2_preg                                   |   8|   0|    8|          0|
    |ap_return_3_preg                                   |   8|   0|    8|          0|
    |ap_return_4_preg                                   |   8|   0|    8|          0|
    |ap_return_5_preg                                   |   8|   0|    8|          0|
    |ap_return_6_preg                                   |   8|   0|    8|          0|
    |ap_return_7_preg                                   |   8|   0|    8|          0|
    |ap_return_8_preg                                   |   8|   0|    8|          0|
    |ap_return_9_preg                                   |   8|   0|    8|          0|
    |data_0_V_read26_phi_reg_484                        |   8|   0|    8|          0|
    |data_0_V_read26_rewind_reg_274                     |   8|   0|    8|          0|
    |data_10_V_read36_phi_reg_604                       |   8|   0|    8|          0|
    |data_10_V_read36_rewind_reg_414                    |   8|   0|    8|          0|
    |data_11_V_read37_phi_reg_616                       |   8|   0|    8|          0|
    |data_11_V_read37_rewind_reg_428                    |   8|   0|    8|          0|
    |data_12_V_read38_phi_reg_628                       |   8|   0|    8|          0|
    |data_12_V_read38_rewind_reg_442                    |   8|   0|    8|          0|
    |data_13_V_read39_phi_reg_640                       |   8|   0|    8|          0|
    |data_13_V_read39_rewind_reg_456                    |   8|   0|    8|          0|
    |data_14_V_read40_phi_reg_652                       |   8|   0|    8|          0|
    |data_14_V_read40_rewind_reg_470                    |   8|   0|    8|          0|
    |data_1_V_read27_phi_reg_496                        |   8|   0|    8|          0|
    |data_1_V_read27_rewind_reg_288                     |   8|   0|    8|          0|
    |data_2_V_read28_phi_reg_508                        |   8|   0|    8|          0|
    |data_2_V_read28_rewind_reg_302                     |   8|   0|    8|          0|
    |data_3_V_read29_phi_reg_520                        |   8|   0|    8|          0|
    |data_3_V_read29_rewind_reg_316                     |   8|   0|    8|          0|
    |data_4_V_read30_phi_reg_532                        |   8|   0|    8|          0|
    |data_4_V_read30_rewind_reg_330                     |   8|   0|    8|          0|
    |data_5_V_read31_phi_reg_544                        |   8|   0|    8|          0|
    |data_5_V_read31_rewind_reg_344                     |   8|   0|    8|          0|
    |data_6_V_read32_phi_reg_556                        |   8|   0|    8|          0|
    |data_6_V_read32_rewind_reg_358                     |   8|   0|    8|          0|
    |data_7_V_read33_phi_reg_568                        |   8|   0|    8|          0|
    |data_7_V_read33_rewind_reg_372                     |   8|   0|    8|          0|
    |data_8_V_read34_phi_reg_580                        |   8|   0|    8|          0|
    |data_8_V_read34_rewind_reg_386                     |   8|   0|    8|          0|
    |data_9_V_read35_phi_reg_592                        |   8|   0|    8|          0|
    |data_9_V_read35_rewind_reg_400                     |   8|   0|    8|          0|
    |do_init_reg_243                                    |   1|   0|    1|          0|
    |icmp_ln46_reg_1696                                 |   1|   0|    1|          0|
    |icmp_ln46_reg_1696_pp0_iter1_reg                   |   1|   0|    1|          0|
    |tmp_10_reg_1731                                    |   8|   0|    8|          0|
    |tmp_11_reg_1736                                    |   8|   0|    8|          0|
    |tmp_12_reg_1741                                    |   8|   0|    8|          0|
    |tmp_13_reg_1746                                    |   8|   0|    8|          0|
    |tmp_14_reg_1700                                    |   8|   0|    8|          0|
    |tmp_15_reg_1751                                    |   6|   0|    6|          0|
    |tmp_6_reg_1711                                     |   8|   0|    8|          0|
    |tmp_7_reg_1716                                     |   8|   0|    8|          0|
    |tmp_8_reg_1721                                     |   8|   0|    8|          0|
    |tmp_9_reg_1726                                     |   8|   0|    8|          0|
    |trunc_ln59_reg_1706                                |   8|   0|    8|          0|
    |w_index25_reg_259                                  |   4|   0|    4|          0|
    |w_index_reg_1691                                   |   4|   0|    4|          0|
    +---------------------------------------------------+----+----+-----+-----------+
    |Total                                              | 701|   0|  701|          0|
    +---------------------------------------------------+----+----+-----+-----------+



================================================================
== Interface
================================================================
* Summary: 
+----------------+-----+-----+------------+----------------------------------------------------------------------------+--------------+
|    RTL Ports   | Dir | Bits|  Protocol  |                                Source Object                               |    C Type    |
+----------------+-----+-----+------------+----------------------------------------------------------------------------+--------------+
|ap_clk          |  in |    1| ap_ctrl_hs | dense_wrapper<ap_ufixed<8, 2, 5, 3, 0>, ap_fixed<8, 2, 5, 3, 0>, config18> | return value |
|ap_rst          |  in |    1| ap_ctrl_hs | dense_wrapper<ap_ufixed<8, 2, 5, 3, 0>, ap_fixed<8, 2, 5, 3, 0>, config18> | return value |
|ap_start        |  in |    1| ap_ctrl_hs | dense_wrapper<ap_ufixed<8, 2, 5, 3, 0>, ap_fixed<8, 2, 5, 3, 0>, config18> | return value |
|ap_done         | out |    1| ap_ctrl_hs | dense_wrapper<ap_ufixed<8, 2, 5, 3, 0>, ap_fixed<8, 2, 5, 3, 0>, config18> | return value |
|ap_idle         | out |    1| ap_ctrl_hs | dense_wrapper<ap_ufixed<8, 2, 5, 3, 0>, ap_fixed<8, 2, 5, 3, 0>, config18> | return value |
|ap_ready        | out |    1| ap_ctrl_hs | dense_wrapper<ap_ufixed<8, 2, 5, 3, 0>, ap_fixed<8, 2, 5, 3, 0>, config18> | return value |
|ap_return_0     | out |    8| ap_ctrl_hs | dense_wrapper<ap_ufixed<8, 2, 5, 3, 0>, ap_fixed<8, 2, 5, 3, 0>, config18> | return value |
|ap_return_1     | out |    8| ap_ctrl_hs | dense_wrapper<ap_ufixed<8, 2, 5, 3, 0>, ap_fixed<8, 2, 5, 3, 0>, config18> | return value |
|ap_return_2     | out |    8| ap_ctrl_hs | dense_wrapper<ap_ufixed<8, 2, 5, 3, 0>, ap_fixed<8, 2, 5, 3, 0>, config18> | return value |
|ap_return_3     | out |    8| ap_ctrl_hs | dense_wrapper<ap_ufixed<8, 2, 5, 3, 0>, ap_fixed<8, 2, 5, 3, 0>, config18> | return value |
|ap_return_4     | out |    8| ap_ctrl_hs | dense_wrapper<ap_ufixed<8, 2, 5, 3, 0>, ap_fixed<8, 2, 5, 3, 0>, config18> | return value |
|ap_return_5     | out |    8| ap_ctrl_hs | dense_wrapper<ap_ufixed<8, 2, 5, 3, 0>, ap_fixed<8, 2, 5, 3, 0>, config18> | return value |
|ap_return_6     | out |    8| ap_ctrl_hs | dense_wrapper<ap_ufixed<8, 2, 5, 3, 0>, ap_fixed<8, 2, 5, 3, 0>, config18> | return value |
|ap_return_7     | out |    8| ap_ctrl_hs | dense_wrapper<ap_ufixed<8, 2, 5, 3, 0>, ap_fixed<8, 2, 5, 3, 0>, config18> | return value |
|ap_return_8     | out |    8| ap_ctrl_hs | dense_wrapper<ap_ufixed<8, 2, 5, 3, 0>, ap_fixed<8, 2, 5, 3, 0>, config18> | return value |
|ap_return_9     | out |    8| ap_ctrl_hs | dense_wrapper<ap_ufixed<8, 2, 5, 3, 0>, ap_fixed<8, 2, 5, 3, 0>, config18> | return value |
|data_0_V_read   |  in |    8|   ap_none  |                                data_0_V_read                               |    scalar    |
|data_1_V_read   |  in |    8|   ap_none  |                                data_1_V_read                               |    scalar    |
|data_2_V_read   |  in |    8|   ap_none  |                                data_2_V_read                               |    scalar    |
|data_3_V_read   |  in |    8|   ap_none  |                                data_3_V_read                               |    scalar    |
|data_4_V_read   |  in |    8|   ap_none  |                                data_4_V_read                               |    scalar    |
|data_5_V_read   |  in |    8|   ap_none  |                                data_5_V_read                               |    scalar    |
|data_6_V_read   |  in |    8|   ap_none  |                                data_6_V_read                               |    scalar    |
|data_7_V_read   |  in |    8|   ap_none  |                                data_7_V_read                               |    scalar    |
|data_8_V_read   |  in |    8|   ap_none  |                                data_8_V_read                               |    scalar    |
|data_9_V_read   |  in |    8|   ap_none  |                                data_9_V_read                               |    scalar    |
|data_10_V_read  |  in |    8|   ap_none  |                               data_10_V_read                               |    scalar    |
|data_11_V_read  |  in |    8|   ap_none  |                               data_11_V_read                               |    scalar    |
|data_12_V_read  |  in |    8|   ap_none  |                               data_12_V_read                               |    scalar    |
|data_13_V_read  |  in |    8|   ap_none  |                               data_13_V_read                               |    scalar    |
|data_14_V_read  |  in |    8|   ap_none  |                               data_14_V_read                               |    scalar    |
+----------------+-----+-----+------------+----------------------------------------------------------------------------+--------------+

============================================================
+ Verbose Summary: Synthesis Manager
============================================================
InlineROM: 1
ExposeGlobal: 0
============================================================
+ Verbose Summary: CDFG Model
============================================================
IsTopModel: 0
ResetActiveHigh: 1
IsCombinational: 2
IsDatapathOnly: 2
HasWiredReturn: 1
HasMFsm: 0
HasVarLatency: 1
IsPipeline: 0
IsRtlPipelined: 0
IsInstanceOverlapped: 0
IsDontTouch: 0
HasImplIP: 0
IsGatedGlobalClock: 0

+ Individual pipeline summary: 
  * Pipeline-0: initiation interval (II) = 1, depth = 3


============================================================
+ Verbose Summary: Schedule
============================================================
* Number of FSM states : 4
* Pipeline : 1
  Pipeline-0 : II = 1, D = 3, States = { 2 3 4 }
* Dataflow Pipeline: 0

* FSM state transitions: 
1 --> 2 
2 --> 3 
3 --> 4 
4 --> 2 

* FSM state operations: 

State 1 <SV = 0> <Delay = 0.83>
ST_1 : Operation 5 [1/1] (0.00ns)   --->   "%tmp = call i32 (...)* @_ssdm_op_SpecRegionBegin([13 x i8]* @p_str60)" [firmware/nnet_utils/nnet_dense_resource.h:32->firmware/nnet_utils/nnet_dense.h:65->firmware/nnet_utils/nnet_dense_stream.h:20]   --->   Operation 5 'specregionbegin' 'tmp' <Predicate = true> <Delay = 0.00>
ST_1 : Operation 6 [1/1] (0.83ns)   --->   "br label %rewind_header" [firmware/nnet_utils/nnet_dense_resource.h:46->firmware/nnet_utils/nnet_dense.h:65->firmware/nnet_utils/nnet_dense_stream.h:20]   --->   Operation 6 'br' <Predicate = true> <Delay = 0.83>

State 2 <SV = 1> <Delay = 1.77>
ST_2 : Operation 7 [1/1] (0.00ns)   --->   "%do_init = phi i1 [ true, %hls_label_44_begin ], [ false, %ReuseLoop ], [ true, %"cast<ap_ufixed<8, 2, 5, 3, 0>, ap_fixed<8, 2, 5, 3, 0>, config18>.exit.0" ]"   --->   Operation 7 'phi' 'do_init' <Predicate = true> <Delay = 0.00>
ST_2 : Operation 8 [1/1] (0.00ns)   --->   "%w_index25 = phi i4 [ 0, %hls_label_44_begin ], [ %w_index, %ReuseLoop ], [ 0, %"cast<ap_ufixed<8, 2, 5, 3, 0>, ap_fixed<8, 2, 5, 3, 0>, config18>.exit.0" ]"   --->   Operation 8 'phi' 'w_index25' <Predicate = true> <Delay = 0.00>
ST_2 : Operation 9 [1/1] (0.00ns)   --->   "%data_14_V_read_1 = call i8 @_ssdm_op_Read.ap_auto.i8(i8 %data_14_V_read)" [firmware/nnet_utils/nnet_dense_stream.h:13]   --->   Operation 9 'read' 'data_14_V_read_1' <Predicate = (do_init)> <Delay = 0.00>
ST_2 : Operation 10 [1/1] (0.00ns)   --->   "%data_13_V_read_1 = call i8 @_ssdm_op_Read.ap_auto.i8(i8 %data_13_V_read)" [firmware/nnet_utils/nnet_dense_stream.h:13]   --->   Operation 10 'read' 'data_13_V_read_1' <Predicate = (do_init)> <Delay = 0.00>
ST_2 : Operation 11 [1/1] (0.00ns)   --->   "%data_12_V_read_1 = call i8 @_ssdm_op_Read.ap_auto.i8(i8 %data_12_V_read)" [firmware/nnet_utils/nnet_dense_stream.h:13]   --->   Operation 11 'read' 'data_12_V_read_1' <Predicate = (do_init)> <Delay = 0.00>
ST_2 : Operation 12 [1/1] (0.00ns)   --->   "%data_11_V_read_1 = call i8 @_ssdm_op_Read.ap_auto.i8(i8 %data_11_V_read)" [firmware/nnet_utils/nnet_dense_stream.h:13]   --->   Operation 12 'read' 'data_11_V_read_1' <Predicate = (do_init)> <Delay = 0.00>
ST_2 : Operation 13 [1/1] (0.00ns)   --->   "%data_10_V_read_1 = call i8 @_ssdm_op_Read.ap_auto.i8(i8 %data_10_V_read)" [firmware/nnet_utils/nnet_dense_stream.h:13]   --->   Operation 13 'read' 'data_10_V_read_1' <Predicate = (do_init)> <Delay = 0.00>
ST_2 : Operation 14 [1/1] (0.00ns)   --->   "%data_9_V_read_2 = call i8 @_ssdm_op_Read.ap_auto.i8(i8 %data_9_V_read)" [firmware/nnet_utils/nnet_dense_stream.h:13]   --->   Operation 14 'read' 'data_9_V_read_2' <Predicate = (do_init)> <Delay = 0.00>
ST_2 : Operation 15 [1/1] (0.00ns)   --->   "%data_8_V_read_2 = call i8 @_ssdm_op_Read.ap_auto.i8(i8 %data_8_V_read)" [firmware/nnet_utils/nnet_dense_stream.h:13]   --->   Operation 15 'read' 'data_8_V_read_2' <Predicate = (do_init)> <Delay = 0.00>
ST_2 : Operation 16 [1/1] (0.00ns)   --->   "%data_7_V_read_2 = call i8 @_ssdm_op_Read.ap_auto.i8(i8 %data_7_V_read)" [firmware/nnet_utils/nnet_dense_stream.h:13]   --->   Operation 16 'read' 'data_7_V_read_2' <Predicate = (do_init)> <Delay = 0.00>
ST_2 : Operation 17 [1/1] (0.00ns)   --->   "%data_6_V_read_2 = call i8 @_ssdm_op_Read.ap_auto.i8(i8 %data_6_V_read)" [firmware/nnet_utils/nnet_dense_stream.h:13]   --->   Operation 17 'read' 'data_6_V_read_2' <Predicate = (do_init)> <Delay = 0.00>
ST_2 : Operation 18 [1/1] (0.00ns)   --->   "%data_5_V_read31 = call i8 @_ssdm_op_Read.ap_auto.i8(i8 %data_5_V_read)" [firmware/nnet_utils/nnet_dense_stream.h:13]   --->   Operation 18 'read' 'data_5_V_read31' <Predicate = (do_init)> <Delay = 0.00>
ST_2 : Operation 19 [1/1] (0.00ns)   --->   "%data_4_V_read_2 = call i8 @_ssdm_op_Read.ap_auto.i8(i8 %data_4_V_read)" [firmware/nnet_utils/nnet_dense_stream.h:13]   --->   Operation 19 'read' 'data_4_V_read_2' <Predicate = (do_init)> <Delay = 0.00>
ST_2 : Operation 20 [1/1] (0.00ns)   --->   "%data_3_V_read_2 = call i8 @_ssdm_op_Read.ap_auto.i8(i8 %data_3_V_read)" [firmware/nnet_utils/nnet_dense_stream.h:13]   --->   Operation 20 'read' 'data_3_V_read_2' <Predicate = (do_init)> <Delay = 0.00>
ST_2 : Operation 21 [1/1] (0.00ns)   --->   "%data_2_V_read_2 = call i8 @_ssdm_op_Read.ap_auto.i8(i8 %data_2_V_read)" [firmware/nnet_utils/nnet_dense_stream.h:13]   --->   Operation 21 'read' 'data_2_V_read_2' <Predicate = (do_init)> <Delay = 0.00>
ST_2 : Operation 22 [1/1] (0.00ns)   --->   "%data_1_V_read_2 = call i8 @_ssdm_op_Read.ap_auto.i8(i8 %data_1_V_read)" [firmware/nnet_utils/nnet_dense_stream.h:13]   --->   Operation 22 'read' 'data_1_V_read_2' <Predicate = (do_init)> <Delay = 0.00>
ST_2 : Operation 23 [1/1] (0.00ns)   --->   "%data_0_V_read_2 = call i8 @_ssdm_op_Read.ap_auto.i8(i8 %data_0_V_read)" [firmware/nnet_utils/nnet_dense_stream.h:13]   --->   Operation 23 'read' 'data_0_V_read_2' <Predicate = (do_init)> <Delay = 0.00>
ST_2 : Operation 24 [1/1] (0.00ns)   --->   "call void (...)* @_ssdm_op_SpecMemCore([15 x i78]* @w18_V, [1 x i8]* @p_str17, [12 x i8]* @p_str50, [1 x i8]* @p_str17, i32 -1, [1 x i8]* @p_str17, [1 x i8]* @p_str17, [1 x i8]* @p_str17, [1 x i8]* @p_str17, [1 x i8]* @p_str17)"   --->   Operation 24 'specmemcore' <Predicate = (do_init)> <Delay = 0.00>
ST_2 : Operation 25 [1/1] (0.00ns)   --->   "%empty_228 = call i32 (...)* @_ssdm_op_SpecRegionEnd([13 x i8]* @p_str60, i32 %tmp)" [firmware/nnet_utils/nnet_dense_resource.h:34->firmware/nnet_utils/nnet_dense.h:65->firmware/nnet_utils/nnet_dense_stream.h:20]   --->   Operation 25 'specregionend' 'empty_228' <Predicate = (do_init)> <Delay = 0.00>
ST_2 : Operation 26 [1/1] (0.83ns)   --->   "br label %ReuseLoop" [firmware/nnet_utils/nnet_dense_resource.h:46->firmware/nnet_utils/nnet_dense.h:65->firmware/nnet_utils/nnet_dense_stream.h:20]   --->   Operation 26 'br' <Predicate = (do_init)> <Delay = 0.83>
ST_2 : Operation 27 [1/1] (0.00ns)   --->   "%zext_ln59 = zext i4 %w_index25 to i64" [firmware/nnet_utils/nnet_dense_resource.h:59->firmware/nnet_utils/nnet_dense.h:65->firmware/nnet_utils/nnet_dense_stream.h:20]   --->   Operation 27 'zext' 'zext_ln59' <Predicate = true> <Delay = 0.00>
ST_2 : Operation 28 [1/1] (0.00ns)   --->   "%w18_V_addr = getelementptr [15 x i78]* @w18_V, i64 0, i64 %zext_ln59" [firmware/nnet_utils/nnet_dense_resource.h:59->firmware/nnet_utils/nnet_dense.h:65->firmware/nnet_utils/nnet_dense_stream.h:20]   --->   Operation 28 'getelementptr' 'w18_V_addr' <Predicate = true> <Delay = 0.00>
ST_2 : Operation 29 [2/2] (1.77ns)   --->   "%w18_V_load = load i78* %w18_V_addr, align 16" [firmware/nnet_utils/nnet_dense_resource.h:59->firmware/nnet_utils/nnet_dense.h:65->firmware/nnet_utils/nnet_dense_stream.h:20]   --->   Operation 29 'load' 'w18_V_load' <Predicate = true> <Delay = 1.77> <Core = "ROM_nP_BRAM">   --->   Core 55 'ROM_nP_BRAM' <Latency = 1> <II = 1> <Delay = 1.77> <Storage> <Opcode : 'load'> <Ports = 0> <Width = 78> <Depth = 15> <ROM>
ST_2 : Operation 30 [1/1] (0.94ns)   --->   "%w_index = add i4 1, %w_index25" [firmware/nnet_utils/nnet_dense_resource.h:46->firmware/nnet_utils/nnet_dense.h:65->firmware/nnet_utils/nnet_dense_stream.h:20]   --->   Operation 30 'add' 'w_index' <Predicate = true> <Delay = 0.94> <Core = "AddSub">   --->   Core 14 'AddSub' <Latency = 0> <II = 1> <Delay = 0.94> <FuncUnit> <Opcode : 'add' 'sub'> <InPorts = 2> <OutPorts = 1>
ST_2 : Operation 31 [1/1] (0.90ns)   --->   "%icmp_ln46 = icmp eq i4 %w_index25, -2" [firmware/nnet_utils/nnet_dense_resource.h:46->firmware/nnet_utils/nnet_dense.h:65->firmware/nnet_utils/nnet_dense_stream.h:20]   --->   Operation 31 'icmp' 'icmp_ln46' <Predicate = true> <Delay = 0.90> <Core = "Cmp">   --->   Core 25 'Cmp' <Latency = 0> <II = 1> <Delay = 0.90> <FuncUnit> <Opcode : 'icmp'> <InPorts = 2> <OutPorts = 1>
ST_2 : Operation 32 [1/1] (0.00ns)   --->   "br i1 %icmp_ln46, label %"cast<ap_ufixed<8, 2, 5, 3, 0>, ap_fixed<8, 2, 5, 3, 0>, config18>.exit.0", label %rewind_header" [firmware/nnet_utils/nnet_dense_resource.h:46->firmware/nnet_utils/nnet_dense.h:65->firmware/nnet_utils/nnet_dense_stream.h:20]   --->   Operation 32 'br' <Predicate = true> <Delay = 0.00>
ST_2 : Operation 33 [1/1] (0.00ns)   --->   "br label %rewind_header" [firmware/nnet_utils/nnet_dense_stream.h:21]   --->   Operation 33 'br' <Predicate = (icmp_ln46)> <Delay = 0.00>

State 3 <SV = 2> <Delay = 1.77>
ST_3 : Operation 34 [1/1] (0.00ns)   --->   "%data_0_V_read26_rewind = phi i8 [ undef, %hls_label_44_begin ], [ %data_0_V_read26_phi, %ReuseLoop ], [ undef, %"cast<ap_ufixed<8, 2, 5, 3, 0>, ap_fixed<8, 2, 5, 3, 0>, config18>.exit.0" ]" [firmware/nnet_utils/nnet_dense_stream.h:13]   --->   Operation 34 'phi' 'data_0_V_read26_rewind' <Predicate = true> <Delay = 0.00>
ST_3 : Operation 35 [1/1] (0.00ns)   --->   "%data_1_V_read27_rewind = phi i8 [ undef, %hls_label_44_begin ], [ %data_1_V_read27_phi, %ReuseLoop ], [ undef, %"cast<ap_ufixed<8, 2, 5, 3, 0>, ap_fixed<8, 2, 5, 3, 0>, config18>.exit.0" ]" [firmware/nnet_utils/nnet_dense_stream.h:13]   --->   Operation 35 'phi' 'data_1_V_read27_rewind' <Predicate = true> <Delay = 0.00>
ST_3 : Operation 36 [1/1] (0.00ns)   --->   "%data_2_V_read28_rewind = phi i8 [ undef, %hls_label_44_begin ], [ %data_2_V_read28_phi, %ReuseLoop ], [ undef, %"cast<ap_ufixed<8, 2, 5, 3, 0>, ap_fixed<8, 2, 5, 3, 0>, config18>.exit.0" ]" [firmware/nnet_utils/nnet_dense_stream.h:13]   --->   Operation 36 'phi' 'data_2_V_read28_rewind' <Predicate = true> <Delay = 0.00>
ST_3 : Operation 37 [1/1] (0.00ns)   --->   "%data_3_V_read29_rewind = phi i8 [ undef, %hls_label_44_begin ], [ %data_3_V_read29_phi, %ReuseLoop ], [ undef, %"cast<ap_ufixed<8, 2, 5, 3, 0>, ap_fixed<8, 2, 5, 3, 0>, config18>.exit.0" ]" [firmware/nnet_utils/nnet_dense_stream.h:13]   --->   Operation 37 'phi' 'data_3_V_read29_rewind' <Predicate = true> <Delay = 0.00>
ST_3 : Operation 38 [1/1] (0.00ns)   --->   "%data_4_V_read30_rewind = phi i8 [ undef, %hls_label_44_begin ], [ %data_4_V_read30_phi, %ReuseLoop ], [ undef, %"cast<ap_ufixed<8, 2, 5, 3, 0>, ap_fixed<8, 2, 5, 3, 0>, config18>.exit.0" ]" [firmware/nnet_utils/nnet_dense_stream.h:13]   --->   Operation 38 'phi' 'data_4_V_read30_rewind' <Predicate = true> <Delay = 0.00>
ST_3 : Operation 39 [1/1] (0.00ns)   --->   "%data_5_V_read31_rewind = phi i8 [ undef, %hls_label_44_begin ], [ %data_5_V_read31_phi, %ReuseLoop ], [ undef, %"cast<ap_ufixed<8, 2, 5, 3, 0>, ap_fixed<8, 2, 5, 3, 0>, config18>.exit.0" ]" [firmware/nnet_utils/nnet_dense_stream.h:13]   --->   Operation 39 'phi' 'data_5_V_read31_rewind' <Predicate = true> <Delay = 0.00>
ST_3 : Operation 40 [1/1] (0.00ns)   --->   "%data_6_V_read32_rewind = phi i8 [ undef, %hls_label_44_begin ], [ %data_6_V_read32_phi, %ReuseLoop ], [ undef, %"cast<ap_ufixed<8, 2, 5, 3, 0>, ap_fixed<8, 2, 5, 3, 0>, config18>.exit.0" ]" [firmware/nnet_utils/nnet_dense_stream.h:13]   --->   Operation 40 'phi' 'data_6_V_read32_rewind' <Predicate = true> <Delay = 0.00>
ST_3 : Operation 41 [1/1] (0.00ns)   --->   "%data_7_V_read33_rewind = phi i8 [ undef, %hls_label_44_begin ], [ %data_7_V_read33_phi, %ReuseLoop ], [ undef, %"cast<ap_ufixed<8, 2, 5, 3, 0>, ap_fixed<8, 2, 5, 3, 0>, config18>.exit.0" ]" [firmware/nnet_utils/nnet_dense_stream.h:13]   --->   Operation 41 'phi' 'data_7_V_read33_rewind' <Predicate = true> <Delay = 0.00>
ST_3 : Operation 42 [1/1] (0.00ns)   --->   "%data_8_V_read34_rewind = phi i8 [ undef, %hls_label_44_begin ], [ %data_8_V_read34_phi, %ReuseLoop ], [ undef, %"cast<ap_ufixed<8, 2, 5, 3, 0>, ap_fixed<8, 2, 5, 3, 0>, config18>.exit.0" ]" [firmware/nnet_utils/nnet_dense_stream.h:13]   --->   Operation 42 'phi' 'data_8_V_read34_rewind' <Predicate = true> <Delay = 0.00>
ST_3 : Operation 43 [1/1] (0.00ns)   --->   "%data_9_V_read35_rewind = phi i8 [ undef, %hls_label_44_begin ], [ %data_9_V_read35_phi, %ReuseLoop ], [ undef, %"cast<ap_ufixed<8, 2, 5, 3, 0>, ap_fixed<8, 2, 5, 3, 0>, config18>.exit.0" ]" [firmware/nnet_utils/nnet_dense_stream.h:13]   --->   Operation 43 'phi' 'data_9_V_read35_rewind' <Predicate = true> <Delay = 0.00>
ST_3 : Operation 44 [1/1] (0.00ns)   --->   "%data_10_V_read36_rewind = phi i8 [ undef, %hls_label_44_begin ], [ %data_10_V_read36_phi, %ReuseLoop ], [ undef, %"cast<ap_ufixed<8, 2, 5, 3, 0>, ap_fixed<8, 2, 5, 3, 0>, config18>.exit.0" ]" [firmware/nnet_utils/nnet_dense_stream.h:13]   --->   Operation 44 'phi' 'data_10_V_read36_rewind' <Predicate = true> <Delay = 0.00>
ST_3 : Operation 45 [1/1] (0.00ns)   --->   "%data_11_V_read37_rewind = phi i8 [ undef, %hls_label_44_begin ], [ %data_11_V_read37_phi, %ReuseLoop ], [ undef, %"cast<ap_ufixed<8, 2, 5, 3, 0>, ap_fixed<8, 2, 5, 3, 0>, config18>.exit.0" ]" [firmware/nnet_utils/nnet_dense_stream.h:13]   --->   Operation 45 'phi' 'data_11_V_read37_rewind' <Predicate = true> <Delay = 0.00>
ST_3 : Operation 46 [1/1] (0.00ns)   --->   "%data_12_V_read38_rewind = phi i8 [ undef, %hls_label_44_begin ], [ %data_12_V_read38_phi, %ReuseLoop ], [ undef, %"cast<ap_ufixed<8, 2, 5, 3, 0>, ap_fixed<8, 2, 5, 3, 0>, config18>.exit.0" ]" [firmware/nnet_utils/nnet_dense_stream.h:13]   --->   Operation 46 'phi' 'data_12_V_read38_rewind' <Predicate = true> <Delay = 0.00>
ST_3 : Operation 47 [1/1] (0.00ns)   --->   "%data_13_V_read39_rewind = phi i8 [ undef, %hls_label_44_begin ], [ %data_13_V_read39_phi, %ReuseLoop ], [ undef, %"cast<ap_ufixed<8, 2, 5, 3, 0>, ap_fixed<8, 2, 5, 3, 0>, config18>.exit.0" ]" [firmware/nnet_utils/nnet_dense_stream.h:13]   --->   Operation 47 'phi' 'data_13_V_read39_rewind' <Predicate = true> <Delay = 0.00>
ST_3 : Operation 48 [1/1] (0.00ns)   --->   "%data_14_V_read40_rewind = phi i8 [ undef, %hls_label_44_begin ], [ %data_14_V_read40_phi, %ReuseLoop ], [ undef, %"cast<ap_ufixed<8, 2, 5, 3, 0>, ap_fixed<8, 2, 5, 3, 0>, config18>.exit.0" ]" [firmware/nnet_utils/nnet_dense_stream.h:13]   --->   Operation 48 'phi' 'data_14_V_read40_rewind' <Predicate = true> <Delay = 0.00>
ST_3 : Operation 49 [1/1] (0.83ns)   --->   "br i1 %do_init, label %hls_label_44_end, label %ReuseLoop"   --->   Operation 49 'br' <Predicate = true> <Delay = 0.83>
ST_3 : Operation 50 [1/1] (0.00ns)   --->   "%data_0_V_read26_phi = phi i8 [ %data_0_V_read_2, %hls_label_44_end ], [ %data_0_V_read26_rewind, %rewind_header ]" [firmware/nnet_utils/nnet_dense_stream.h:13]   --->   Operation 50 'phi' 'data_0_V_read26_phi' <Predicate = true> <Delay = 0.00>
ST_3 : Operation 51 [1/1] (0.00ns)   --->   "%data_1_V_read27_phi = phi i8 [ %data_1_V_read_2, %hls_label_44_end ], [ %data_1_V_read27_rewind, %rewind_header ]" [firmware/nnet_utils/nnet_dense_stream.h:13]   --->   Operation 51 'phi' 'data_1_V_read27_phi' <Predicate = true> <Delay = 0.00>
ST_3 : Operation 52 [1/1] (0.00ns)   --->   "%data_2_V_read28_phi = phi i8 [ %data_2_V_read_2, %hls_label_44_end ], [ %data_2_V_read28_rewind, %rewind_header ]" [firmware/nnet_utils/nnet_dense_stream.h:13]   --->   Operation 52 'phi' 'data_2_V_read28_phi' <Predicate = true> <Delay = 0.00>
ST_3 : Operation 53 [1/1] (0.00ns)   --->   "%data_3_V_read29_phi = phi i8 [ %data_3_V_read_2, %hls_label_44_end ], [ %data_3_V_read29_rewind, %rewind_header ]" [firmware/nnet_utils/nnet_dense_stream.h:13]   --->   Operation 53 'phi' 'data_3_V_read29_phi' <Predicate = true> <Delay = 0.00>
ST_3 : Operation 54 [1/1] (0.00ns)   --->   "%data_4_V_read30_phi = phi i8 [ %data_4_V_read_2, %hls_label_44_end ], [ %data_4_V_read30_rewind, %rewind_header ]" [firmware/nnet_utils/nnet_dense_stream.h:13]   --->   Operation 54 'phi' 'data_4_V_read30_phi' <Predicate = true> <Delay = 0.00>
ST_3 : Operation 55 [1/1] (0.00ns)   --->   "%data_5_V_read31_phi = phi i8 [ %data_5_V_read31, %hls_label_44_end ], [ %data_5_V_read31_rewind, %rewind_header ]" [firmware/nnet_utils/nnet_dense_stream.h:13]   --->   Operation 55 'phi' 'data_5_V_read31_phi' <Predicate = true> <Delay = 0.00>
ST_3 : Operation 56 [1/1] (0.00ns)   --->   "%data_6_V_read32_phi = phi i8 [ %data_6_V_read_2, %hls_label_44_end ], [ %data_6_V_read32_rewind, %rewind_header ]" [firmware/nnet_utils/nnet_dense_stream.h:13]   --->   Operation 56 'phi' 'data_6_V_read32_phi' <Predicate = true> <Delay = 0.00>
ST_3 : Operation 57 [1/1] (0.00ns)   --->   "%data_7_V_read33_phi = phi i8 [ %data_7_V_read_2, %hls_label_44_end ], [ %data_7_V_read33_rewind, %rewind_header ]" [firmware/nnet_utils/nnet_dense_stream.h:13]   --->   Operation 57 'phi' 'data_7_V_read33_phi' <Predicate = true> <Delay = 0.00>
ST_3 : Operation 58 [1/1] (0.00ns)   --->   "%data_8_V_read34_phi = phi i8 [ %data_8_V_read_2, %hls_label_44_end ], [ %data_8_V_read34_rewind, %rewind_header ]" [firmware/nnet_utils/nnet_dense_stream.h:13]   --->   Operation 58 'phi' 'data_8_V_read34_phi' <Predicate = true> <Delay = 0.00>
ST_3 : Operation 59 [1/1] (0.00ns)   --->   "%data_9_V_read35_phi = phi i8 [ %data_9_V_read_2, %hls_label_44_end ], [ %data_9_V_read35_rewind, %rewind_header ]" [firmware/nnet_utils/nnet_dense_stream.h:13]   --->   Operation 59 'phi' 'data_9_V_read35_phi' <Predicate = true> <Delay = 0.00>
ST_3 : Operation 60 [1/1] (0.00ns)   --->   "%data_10_V_read36_phi = phi i8 [ %data_10_V_read_1, %hls_label_44_end ], [ %data_10_V_read36_rewind, %rewind_header ]" [firmware/nnet_utils/nnet_dense_stream.h:13]   --->   Operation 60 'phi' 'data_10_V_read36_phi' <Predicate = true> <Delay = 0.00>
ST_3 : Operation 61 [1/1] (0.00ns)   --->   "%data_11_V_read37_phi = phi i8 [ %data_11_V_read_1, %hls_label_44_end ], [ %data_11_V_read37_rewind, %rewind_header ]" [firmware/nnet_utils/nnet_dense_stream.h:13]   --->   Operation 61 'phi' 'data_11_V_read37_phi' <Predicate = true> <Delay = 0.00>
ST_3 : Operation 62 [1/1] (0.00ns)   --->   "%data_12_V_read38_phi = phi i8 [ %data_12_V_read_1, %hls_label_44_end ], [ %data_12_V_read38_rewind, %rewind_header ]" [firmware/nnet_utils/nnet_dense_stream.h:13]   --->   Operation 62 'phi' 'data_12_V_read38_phi' <Predicate = true> <Delay = 0.00>
ST_3 : Operation 63 [1/1] (0.00ns)   --->   "%data_13_V_read39_phi = phi i8 [ %data_13_V_read_1, %hls_label_44_end ], [ %data_13_V_read39_rewind, %rewind_header ]" [firmware/nnet_utils/nnet_dense_stream.h:13]   --->   Operation 63 'phi' 'data_13_V_read39_phi' <Predicate = true> <Delay = 0.00>
ST_3 : Operation 64 [1/1] (0.00ns)   --->   "%data_14_V_read40_phi = phi i8 [ %data_14_V_read_1, %hls_label_44_end ], [ %data_14_V_read40_rewind, %rewind_header ]" [firmware/nnet_utils/nnet_dense_stream.h:13]   --->   Operation 64 'phi' 'data_14_V_read40_phi' <Predicate = true> <Delay = 0.00>
ST_3 : Operation 65 [1/1] (0.78ns)   --->   "%tmp_14 = call i8 @_ssdm_op_Mux.ap_auto.15i8.i4(i8 %data_0_V_read26_phi, i8 %data_1_V_read27_phi, i8 %data_2_V_read28_phi, i8 %data_3_V_read29_phi, i8 %data_4_V_read30_phi, i8 %data_5_V_read31_phi, i8 %data_6_V_read32_phi, i8 %data_7_V_read33_phi, i8 %data_8_V_read34_phi, i8 %data_9_V_read35_phi, i8 %data_10_V_read36_phi, i8 %data_11_V_read37_phi, i8 %data_12_V_read38_phi, i8 %data_13_V_read39_phi, i8 %data_14_V_read40_phi, i4 %w_index25)" [firmware/nnet_utils/nnet_dense_resource.h:59->firmware/nnet_utils/nnet_dense.h:65->firmware/nnet_utils/nnet_dense_stream.h:20]   --->   Operation 65 'mux' 'tmp_14' <Predicate = true> <Delay = 0.78> <Core = "MuxnS">   --->   Core 31 'MuxnS' <Latency = 0> <II = 1> <Delay = 0.87> <FuncUnit> <Opcode : 'mux'> <InPorts = 2> <OutPorts = 1>
ST_3 : Operation 66 [1/2] (1.77ns)   --->   "%w18_V_load = load i78* %w18_V_addr, align 16" [firmware/nnet_utils/nnet_dense_resource.h:59->firmware/nnet_utils/nnet_dense.h:65->firmware/nnet_utils/nnet_dense_stream.h:20]   --->   Operation 66 'load' 'w18_V_load' <Predicate = true> <Delay = 1.77> <Core = "ROM_nP_BRAM">   --->   Core 55 'ROM_nP_BRAM' <Latency = 1> <II = 1> <Delay = 1.77> <Storage> <Opcode : 'load'> <Ports = 0> <Width = 78> <Depth = 15> <ROM>
ST_3 : Operation 67 [1/1] (0.00ns)   --->   "%trunc_ln59 = trunc i78 %w18_V_load to i8" [firmware/nnet_utils/nnet_dense_resource.h:59->firmware/nnet_utils/nnet_dense.h:65->firmware/nnet_utils/nnet_dense_stream.h:20]   --->   Operation 67 'trunc' 'trunc_ln59' <Predicate = true> <Delay = 0.00>
ST_3 : Operation 68 [1/1] (0.00ns)   --->   "%tmp_6 = call i8 @_ssdm_op_PartSelect.i8.i78.i32.i32(i78 %w18_V_load, i32 8, i32 15)" [firmware/nnet_utils/nnet_dense_resource.h:59->firmware/nnet_utils/nnet_dense.h:65->firmware/nnet_utils/nnet_dense_stream.h:20]   --->   Operation 68 'partselect' 'tmp_6' <Predicate = true> <Delay = 0.00>
ST_3 : Operation 69 [1/1] (0.00ns)   --->   "%tmp_7 = call i8 @_ssdm_op_PartSelect.i8.i78.i32.i32(i78 %w18_V_load, i32 16, i32 23)" [firmware/nnet_utils/nnet_dense_resource.h:59->firmware/nnet_utils/nnet_dense.h:65->firmware/nnet_utils/nnet_dense_stream.h:20]   --->   Operation 69 'partselect' 'tmp_7' <Predicate = true> <Delay = 0.00>
ST_3 : Operation 70 [1/1] (0.00ns)   --->   "%tmp_8 = call i8 @_ssdm_op_PartSelect.i8.i78.i32.i32(i78 %w18_V_load, i32 24, i32 31)" [firmware/nnet_utils/nnet_dense_resource.h:59->firmware/nnet_utils/nnet_dense.h:65->firmware/nnet_utils/nnet_dense_stream.h:20]   --->   Operation 70 'partselect' 'tmp_8' <Predicate = true> <Delay = 0.00>
ST_3 : Operation 71 [1/1] (0.00ns)   --->   "%tmp_9 = call i8 @_ssdm_op_PartSelect.i8.i78.i32.i32(i78 %w18_V_load, i32 32, i32 39)" [firmware/nnet_utils/nnet_dense_resource.h:59->firmware/nnet_utils/nnet_dense.h:65->firmware/nnet_utils/nnet_dense_stream.h:20]   --->   Operation 71 'partselect' 'tmp_9' <Predicate = true> <Delay = 0.00>
ST_3 : Operation 72 [1/1] (0.00ns)   --->   "%tmp_10 = call i8 @_ssdm_op_PartSelect.i8.i78.i32.i32(i78 %w18_V_load, i32 40, i32 47)" [firmware/nnet_utils/nnet_dense_resource.h:59->firmware/nnet_utils/nnet_dense.h:65->firmware/nnet_utils/nnet_dense_stream.h:20]   --->   Operation 72 'partselect' 'tmp_10' <Predicate = true> <Delay = 0.00>
ST_3 : Operation 73 [1/1] (0.00ns)   --->   "%tmp_11 = call i8 @_ssdm_op_PartSelect.i8.i78.i32.i32(i78 %w18_V_load, i32 48, i32 55)" [firmware/nnet_utils/nnet_dense_resource.h:59->firmware/nnet_utils/nnet_dense.h:65->firmware/nnet_utils/nnet_dense_stream.h:20]   --->   Operation 73 'partselect' 'tmp_11' <Predicate = true> <Delay = 0.00>
ST_3 : Operation 74 [1/1] (0.00ns)   --->   "%tmp_12 = call i8 @_ssdm_op_PartSelect.i8.i78.i32.i32(i78 %w18_V_load, i32 56, i32 63)" [firmware/nnet_utils/nnet_dense_resource.h:59->firmware/nnet_utils/nnet_dense.h:65->firmware/nnet_utils/nnet_dense_stream.h:20]   --->   Operation 74 'partselect' 'tmp_12' <Predicate = true> <Delay = 0.00>
ST_3 : Operation 75 [1/1] (0.00ns)   --->   "%tmp_13 = call i8 @_ssdm_op_PartSelect.i8.i78.i32.i32(i78 %w18_V_load, i32 64, i32 71)" [firmware/nnet_utils/nnet_dense_resource.h:59->firmware/nnet_utils/nnet_dense.h:65->firmware/nnet_utils/nnet_dense_stream.h:20]   --->   Operation 75 'partselect' 'tmp_13' <Predicate = true> <Delay = 0.00>
ST_3 : Operation 76 [1/1] (0.00ns)   --->   "%tmp_15 = call i6 @_ssdm_op_PartSelect.i6.i78.i32.i32(i78 %w18_V_load, i32 72, i32 77)" [firmware/nnet_utils/nnet_dense_resource.h:59->firmware/nnet_utils/nnet_dense.h:65->firmware/nnet_utils/nnet_dense_stream.h:20]   --->   Operation 76 'partselect' 'tmp_15' <Predicate = true> <Delay = 0.00>

State 4 <SV = 3> <Delay = 3.85>
ST_4 : Operation 77 [1/1] (0.00ns)   --->   "%acc_V_9_014 = phi i16 [ 0, %hls_label_44_begin ], [ %acc_9_V, %ReuseLoop ], [ 0, %"cast<ap_ufixed<8, 2, 5, 3, 0>, ap_fixed<8, 2, 5, 3, 0>, config18>.exit.0" ]"   --->   Operation 77 'phi' 'acc_V_9_014' <Predicate = true> <Delay = 0.00>
ST_4 : Operation 78 [1/1] (0.00ns)   --->   "%acc_V_8_013 = phi i16 [ 0, %hls_label_44_begin ], [ %acc_8_V, %ReuseLoop ], [ 0, %"cast<ap_ufixed<8, 2, 5, 3, 0>, ap_fixed<8, 2, 5, 3, 0>, config18>.exit.0" ]"   --->   Operation 78 'phi' 'acc_V_8_013' <Predicate = true> <Delay = 0.00>
ST_4 : Operation 79 [1/1] (0.00ns)   --->   "%acc_V_7_012 = phi i16 [ 0, %hls_label_44_begin ], [ %acc_7_V, %ReuseLoop ], [ 0, %"cast<ap_ufixed<8, 2, 5, 3, 0>, ap_fixed<8, 2, 5, 3, 0>, config18>.exit.0" ]"   --->   Operation 79 'phi' 'acc_V_7_012' <Predicate = true> <Delay = 0.00>
ST_4 : Operation 80 [1/1] (0.00ns)   --->   "%acc_V_6_011 = phi i16 [ 0, %hls_label_44_begin ], [ %acc_6_V, %ReuseLoop ], [ 0, %"cast<ap_ufixed<8, 2, 5, 3, 0>, ap_fixed<8, 2, 5, 3, 0>, config18>.exit.0" ]"   --->   Operation 80 'phi' 'acc_V_6_011' <Predicate = true> <Delay = 0.00>
ST_4 : Operation 81 [1/1] (0.00ns)   --->   "%acc_V_5_010 = phi i16 [ 0, %hls_label_44_begin ], [ %acc_5_V, %ReuseLoop ], [ 0, %"cast<ap_ufixed<8, 2, 5, 3, 0>, ap_fixed<8, 2, 5, 3, 0>, config18>.exit.0" ]"   --->   Operation 81 'phi' 'acc_V_5_010' <Predicate = true> <Delay = 0.00>
ST_4 : Operation 82 [1/1] (0.00ns)   --->   "%acc_V_4_09 = phi i16 [ 0, %hls_label_44_begin ], [ %acc_4_V, %ReuseLoop ], [ 0, %"cast<ap_ufixed<8, 2, 5, 3, 0>, ap_fixed<8, 2, 5, 3, 0>, config18>.exit.0" ]"   --->   Operation 82 'phi' 'acc_V_4_09' <Predicate = true> <Delay = 0.00>
ST_4 : Operation 83 [1/1] (0.00ns)   --->   "%acc_V_3_08 = phi i16 [ 0, %hls_label_44_begin ], [ %acc_3_V, %ReuseLoop ], [ 0, %"cast<ap_ufixed<8, 2, 5, 3, 0>, ap_fixed<8, 2, 5, 3, 0>, config18>.exit.0" ]"   --->   Operation 83 'phi' 'acc_V_3_08' <Predicate = true> <Delay = 0.00>
ST_4 : Operation 84 [1/1] (0.00ns)   --->   "%acc_V_2_07 = phi i16 [ 0, %hls_label_44_begin ], [ %acc_2_V, %ReuseLoop ], [ 0, %"cast<ap_ufixed<8, 2, 5, 3, 0>, ap_fixed<8, 2, 5, 3, 0>, config18>.exit.0" ]"   --->   Operation 84 'phi' 'acc_V_2_07' <Predicate = true> <Delay = 0.00>
ST_4 : Operation 85 [1/1] (0.00ns)   --->   "%acc_V_1_06 = phi i16 [ 0, %hls_label_44_begin ], [ %acc_1_V, %ReuseLoop ], [ 0, %"cast<ap_ufixed<8, 2, 5, 3, 0>, ap_fixed<8, 2, 5, 3, 0>, config18>.exit.0" ]"   --->   Operation 85 'phi' 'acc_V_1_06' <Predicate = true> <Delay = 0.00>
ST_4 : Operation 86 [1/1] (0.00ns)   --->   "%acc_V_0_05 = phi i16 [ 0, %hls_label_44_begin ], [ %acc_0_V, %ReuseLoop ], [ 0, %"cast<ap_ufixed<8, 2, 5, 3, 0>, ap_fixed<8, 2, 5, 3, 0>, config18>.exit.0" ]"   --->   Operation 86 'phi' 'acc_V_0_05' <Predicate = true> <Delay = 0.00>
ST_4 : Operation 87 [1/1] (0.00ns)   --->   "call void (...)* @_ssdm_op_SpecLoopName([10 x i8]* @p_str52) nounwind" [firmware/nnet_utils/nnet_dense_resource.h:46->firmware/nnet_utils/nnet_dense.h:65->firmware/nnet_utils/nnet_dense_stream.h:20]   --->   Operation 87 'specloopname' <Predicate = true> <Delay = 0.00>
ST_4 : Operation 88 [1/1] (0.00ns)   --->   "%tmp_s = call i32 (...)* @_ssdm_op_SpecRegionBegin([10 x i8]* @p_str52)" [firmware/nnet_utils/nnet_dense_resource.h:46->firmware/nnet_utils/nnet_dense.h:65->firmware/nnet_utils/nnet_dense_stream.h:20]   --->   Operation 88 'specregionbegin' 'tmp_s' <Predicate = true> <Delay = 0.00>
ST_4 : Operation 89 [1/1] (0.00ns)   --->   "call void (...)* @_ssdm_op_SpecPipeline(i32 1, i32 1, i32 1, i32 0, [1 x i8]* @p_str17) nounwind" [firmware/nnet_utils/nnet_dense_resource.h:47->firmware/nnet_utils/nnet_dense.h:65->firmware/nnet_utils/nnet_dense_stream.h:20]   --->   Operation 89 'specpipeline' <Predicate = true> <Delay = 0.00>
ST_4 : Operation 90 [1/1] (0.00ns)   --->   "%zext_ln1116 = zext i8 %tmp_14 to i16" [firmware/nnet_utils/nnet_mult.h:73->firmware/nnet_utils/nnet_dense_resource.h:59->firmware/nnet_utils/nnet_dense.h:65->firmware/nnet_utils/nnet_dense_stream.h:20]   --->   Operation 90 'zext' 'zext_ln1116' <Predicate = true> <Delay = 0.00>
ST_4 : Operation 91 [1/1] (0.00ns)   --->   "%sext_ln1118 = sext i8 %trunc_ln59 to i16" [firmware/nnet_utils/nnet_mult.h:73->firmware/nnet_utils/nnet_dense_resource.h:59->firmware/nnet_utils/nnet_dense.h:65->firmware/nnet_utils/nnet_dense_stream.h:20]   --->   Operation 91 'sext' 'sext_ln1118' <Predicate = true> <Delay = 0.00>
ST_4 : Operation 92 [1/1] (2.44ns)   --->   "%mul_ln1118 = mul i16 %zext_ln1116, %sext_ln1118" [firmware/nnet_utils/nnet_mult.h:73->firmware/nnet_utils/nnet_dense_resource.h:59->firmware/nnet_utils/nnet_dense.h:65->firmware/nnet_utils/nnet_dense_stream.h:20]   --->   Operation 92 'mul' 'mul_ln1118' <Predicate = true> <Delay = 2.44> <Core = "Mul">   --->   Core 16 'Mul' <Latency = 0> <II = 1> <Delay = 2.44> <FuncUnit> <Opcode : 'mul'> <InPorts = 2> <OutPorts = 1>
ST_4 : Operation 93 [1/1] (0.00ns)   --->   "%trunc_ln = call i15 @_ssdm_op_PartSelect.i15.i16.i32.i32(i16 %mul_ln1118, i32 1, i32 15)" [firmware/nnet_utils/nnet_dense_resource.h:59->firmware/nnet_utils/nnet_dense.h:65->firmware/nnet_utils/nnet_dense_stream.h:20]   --->   Operation 93 'partselect' 'trunc_ln' <Predicate = true> <Delay = 0.00>
ST_4 : Operation 94 [1/1] (0.00ns)   --->   "%sext_ln708 = sext i15 %trunc_ln to i16" [firmware/nnet_utils/nnet_dense_resource.h:59->firmware/nnet_utils/nnet_dense.h:65->firmware/nnet_utils/nnet_dense_stream.h:20]   --->   Operation 94 'sext' 'sext_ln708' <Predicate = true> <Delay = 0.00>
ST_4 : Operation 95 [1/1] (0.00ns)   --->   "%trunc_ln703_s = call i12 @_ssdm_op_PartSelect.i12.i16.i32.i32(i16 %mul_ln1118, i32 1, i32 12)" [firmware/nnet_utils/nnet_dense_resource.h:59->firmware/nnet_utils/nnet_dense.h:65->firmware/nnet_utils/nnet_dense_stream.h:20]   --->   Operation 95 'partselect' 'trunc_ln703_s' <Predicate = true> <Delay = 0.00>
ST_4 : Operation 96 [1/1] (0.00ns)   --->   "%trunc_ln703 = trunc i16 %acc_V_0_05 to i12" [firmware/nnet_utils/nnet_dense_resource.h:59->firmware/nnet_utils/nnet_dense.h:65->firmware/nnet_utils/nnet_dense_stream.h:20]   --->   Operation 96 'trunc' 'trunc_ln703' <Predicate = true> <Delay = 0.00>
ST_4 : Operation 97 [1/1] (1.41ns)   --->   "%acc_0_V = add i16 %acc_V_0_05, %sext_ln708" [firmware/nnet_utils/nnet_dense_resource.h:59->firmware/nnet_utils/nnet_dense.h:65->firmware/nnet_utils/nnet_dense_stream.h:20]   --->   Operation 97 'add' 'acc_0_V' <Predicate = true> <Delay = 1.41> <Core = "AddSub">   --->   Core 14 'AddSub' <Latency = 0> <II = 1> <Delay = 0.94> <FuncUnit> <Opcode : 'add' 'sub'> <InPorts = 2> <OutPorts = 1>
ST_4 : Operation 98 [1/1] (1.35ns)   --->   "%add_ln703_6 = add i12 %trunc_ln703, %trunc_ln703_s" [firmware/nnet_utils/nnet_dense_resource.h:59->firmware/nnet_utils/nnet_dense.h:65->firmware/nnet_utils/nnet_dense_stream.h:20]   --->   Operation 98 'add' 'add_ln703_6' <Predicate = true> <Delay = 1.35> <Core = "AddSub">   --->   Core 14 'AddSub' <Latency = 0> <II = 1> <Delay = 0.94> <FuncUnit> <Opcode : 'add' 'sub'> <InPorts = 2> <OutPorts = 1>
ST_4 : Operation 99 [1/1] (0.00ns)   --->   "%sext_ln1118_1 = sext i8 %tmp_6 to i16" [firmware/nnet_utils/nnet_mult.h:73->firmware/nnet_utils/nnet_dense_resource.h:59->firmware/nnet_utils/nnet_dense.h:65->firmware/nnet_utils/nnet_dense_stream.h:20]   --->   Operation 99 'sext' 'sext_ln1118_1' <Predicate = true> <Delay = 0.00>
ST_4 : Operation 100 [1/1] (2.44ns)   --->   "%mul_ln1118_5 = mul i16 %zext_ln1116, %sext_ln1118_1" [firmware/nnet_utils/nnet_mult.h:73->firmware/nnet_utils/nnet_dense_resource.h:59->firmware/nnet_utils/nnet_dense.h:65->firmware/nnet_utils/nnet_dense_stream.h:20]   --->   Operation 100 'mul' 'mul_ln1118_5' <Predicate = true> <Delay = 2.44> <Core = "Mul">   --->   Core 16 'Mul' <Latency = 0> <II = 1> <Delay = 2.44> <FuncUnit> <Opcode : 'mul'> <InPorts = 2> <OutPorts = 1>
ST_4 : Operation 101 [1/1] (0.00ns)   --->   "%trunc_ln708_s = call i15 @_ssdm_op_PartSelect.i15.i16.i32.i32(i16 %mul_ln1118_5, i32 1, i32 15)" [firmware/nnet_utils/nnet_dense_resource.h:59->firmware/nnet_utils/nnet_dense.h:65->firmware/nnet_utils/nnet_dense_stream.h:20]   --->   Operation 101 'partselect' 'trunc_ln708_s' <Predicate = true> <Delay = 0.00>
ST_4 : Operation 102 [1/1] (0.00ns)   --->   "%sext_ln708_5 = sext i15 %trunc_ln708_s to i16" [firmware/nnet_utils/nnet_dense_resource.h:59->firmware/nnet_utils/nnet_dense.h:65->firmware/nnet_utils/nnet_dense_stream.h:20]   --->   Operation 102 'sext' 'sext_ln708_5' <Predicate = true> <Delay = 0.00>
ST_4 : Operation 103 [1/1] (0.00ns)   --->   "%trunc_ln3 = call i12 @_ssdm_op_PartSelect.i12.i16.i32.i32(i16 %mul_ln1118_5, i32 1, i32 12)" [firmware/nnet_utils/nnet_dense_resource.h:59->firmware/nnet_utils/nnet_dense.h:65->firmware/nnet_utils/nnet_dense_stream.h:20]   --->   Operation 103 'partselect' 'trunc_ln3' <Predicate = true> <Delay = 0.00>
ST_4 : Operation 104 [1/1] (0.00ns)   --->   "%trunc_ln703_7 = trunc i16 %acc_V_1_06 to i12" [firmware/nnet_utils/nnet_dense_resource.h:59->firmware/nnet_utils/nnet_dense.h:65->firmware/nnet_utils/nnet_dense_stream.h:20]   --->   Operation 104 'trunc' 'trunc_ln703_7' <Predicate = true> <Delay = 0.00>
ST_4 : Operation 105 [1/1] (1.41ns)   --->   "%acc_1_V = add i16 %acc_V_1_06, %sext_ln708_5" [firmware/nnet_utils/nnet_dense_resource.h:59->firmware/nnet_utils/nnet_dense.h:65->firmware/nnet_utils/nnet_dense_stream.h:20]   --->   Operation 105 'add' 'acc_1_V' <Predicate = true> <Delay = 1.41> <Core = "AddSub">   --->   Core 14 'AddSub' <Latency = 0> <II = 1> <Delay = 0.94> <FuncUnit> <Opcode : 'add' 'sub'> <InPorts = 2> <OutPorts = 1>
ST_4 : Operation 106 [1/1] (1.35ns)   --->   "%add_ln703_7 = add i12 %trunc_ln703_7, %trunc_ln3" [firmware/nnet_utils/nnet_dense_resource.h:59->firmware/nnet_utils/nnet_dense.h:65->firmware/nnet_utils/nnet_dense_stream.h:20]   --->   Operation 106 'add' 'add_ln703_7' <Predicate = true> <Delay = 1.35> <Core = "AddSub">   --->   Core 14 'AddSub' <Latency = 0> <II = 1> <Delay = 0.94> <FuncUnit> <Opcode : 'add' 'sub'> <InPorts = 2> <OutPorts = 1>
ST_4 : Operation 107 [1/1] (0.00ns)   --->   "%sext_ln1118_2 = sext i8 %tmp_7 to i16" [firmware/nnet_utils/nnet_mult.h:73->firmware/nnet_utils/nnet_dense_resource.h:59->firmware/nnet_utils/nnet_dense.h:65->firmware/nnet_utils/nnet_dense_stream.h:20]   --->   Operation 107 'sext' 'sext_ln1118_2' <Predicate = true> <Delay = 0.00>
ST_4 : Operation 108 [1/1] (2.44ns)   --->   "%mul_ln1118_6 = mul i16 %zext_ln1116, %sext_ln1118_2" [firmware/nnet_utils/nnet_mult.h:73->firmware/nnet_utils/nnet_dense_resource.h:59->firmware/nnet_utils/nnet_dense.h:65->firmware/nnet_utils/nnet_dense_stream.h:20]   --->   Operation 108 'mul' 'mul_ln1118_6' <Predicate = true> <Delay = 2.44> <Core = "Mul">   --->   Core 16 'Mul' <Latency = 0> <II = 1> <Delay = 2.44> <FuncUnit> <Opcode : 'mul'> <InPorts = 2> <OutPorts = 1>
ST_4 : Operation 109 [1/1] (0.00ns)   --->   "%trunc_ln708_17 = call i15 @_ssdm_op_PartSelect.i15.i16.i32.i32(i16 %mul_ln1118_6, i32 1, i32 15)" [firmware/nnet_utils/nnet_dense_resource.h:59->firmware/nnet_utils/nnet_dense.h:65->firmware/nnet_utils/nnet_dense_stream.h:20]   --->   Operation 109 'partselect' 'trunc_ln708_17' <Predicate = true> <Delay = 0.00>
ST_4 : Operation 110 [1/1] (0.00ns)   --->   "%sext_ln708_6 = sext i15 %trunc_ln708_17 to i16" [firmware/nnet_utils/nnet_dense_resource.h:59->firmware/nnet_utils/nnet_dense.h:65->firmware/nnet_utils/nnet_dense_stream.h:20]   --->   Operation 110 'sext' 'sext_ln708_6' <Predicate = true> <Delay = 0.00>
ST_4 : Operation 111 [1/1] (0.00ns)   --->   "%trunc_ln703_6 = call i12 @_ssdm_op_PartSelect.i12.i16.i32.i32(i16 %mul_ln1118_6, i32 1, i32 12)" [firmware/nnet_utils/nnet_dense_resource.h:59->firmware/nnet_utils/nnet_dense.h:65->firmware/nnet_utils/nnet_dense_stream.h:20]   --->   Operation 111 'partselect' 'trunc_ln703_6' <Predicate = true> <Delay = 0.00>
ST_4 : Operation 112 [1/1] (0.00ns)   --->   "%trunc_ln703_9 = trunc i16 %acc_V_2_07 to i12" [firmware/nnet_utils/nnet_dense_resource.h:59->firmware/nnet_utils/nnet_dense.h:65->firmware/nnet_utils/nnet_dense_stream.h:20]   --->   Operation 112 'trunc' 'trunc_ln703_9' <Predicate = true> <Delay = 0.00>
ST_4 : Operation 113 [1/1] (1.41ns)   --->   "%acc_2_V = add i16 %acc_V_2_07, %sext_ln708_6" [firmware/nnet_utils/nnet_dense_resource.h:59->firmware/nnet_utils/nnet_dense.h:65->firmware/nnet_utils/nnet_dense_stream.h:20]   --->   Operation 113 'add' 'acc_2_V' <Predicate = true> <Delay = 1.41> <Core = "AddSub">   --->   Core 14 'AddSub' <Latency = 0> <II = 1> <Delay = 0.94> <FuncUnit> <Opcode : 'add' 'sub'> <InPorts = 2> <OutPorts = 1>
ST_4 : Operation 114 [1/1] (1.35ns)   --->   "%add_ln703_8 = add i12 %trunc_ln703_9, %trunc_ln703_6" [firmware/nnet_utils/nnet_dense_resource.h:59->firmware/nnet_utils/nnet_dense.h:65->firmware/nnet_utils/nnet_dense_stream.h:20]   --->   Operation 114 'add' 'add_ln703_8' <Predicate = true> <Delay = 1.35> <Core = "AddSub">   --->   Core 14 'AddSub' <Latency = 0> <II = 1> <Delay = 0.94> <FuncUnit> <Opcode : 'add' 'sub'> <InPorts = 2> <OutPorts = 1>
ST_4 : Operation 115 [1/1] (0.00ns)   --->   "%sext_ln1118_3 = sext i8 %tmp_8 to i16" [firmware/nnet_utils/nnet_mult.h:73->firmware/nnet_utils/nnet_dense_resource.h:59->firmware/nnet_utils/nnet_dense.h:65->firmware/nnet_utils/nnet_dense_stream.h:20]   --->   Operation 115 'sext' 'sext_ln1118_3' <Predicate = true> <Delay = 0.00>
ST_4 : Operation 116 [1/1] (2.44ns)   --->   "%mul_ln1118_7 = mul i16 %zext_ln1116, %sext_ln1118_3" [firmware/nnet_utils/nnet_mult.h:73->firmware/nnet_utils/nnet_dense_resource.h:59->firmware/nnet_utils/nnet_dense.h:65->firmware/nnet_utils/nnet_dense_stream.h:20]   --->   Operation 116 'mul' 'mul_ln1118_7' <Predicate = true> <Delay = 2.44> <Core = "Mul">   --->   Core 16 'Mul' <Latency = 0> <II = 1> <Delay = 2.44> <FuncUnit> <Opcode : 'mul'> <InPorts = 2> <OutPorts = 1>
ST_4 : Operation 117 [1/1] (0.00ns)   --->   "%trunc_ln708_18 = call i15 @_ssdm_op_PartSelect.i15.i16.i32.i32(i16 %mul_ln1118_7, i32 1, i32 15)" [firmware/nnet_utils/nnet_dense_resource.h:59->firmware/nnet_utils/nnet_dense.h:65->firmware/nnet_utils/nnet_dense_stream.h:20]   --->   Operation 117 'partselect' 'trunc_ln708_18' <Predicate = true> <Delay = 0.00>
ST_4 : Operation 118 [1/1] (0.00ns)   --->   "%sext_ln708_7 = sext i15 %trunc_ln708_18 to i16" [firmware/nnet_utils/nnet_dense_resource.h:59->firmware/nnet_utils/nnet_dense.h:65->firmware/nnet_utils/nnet_dense_stream.h:20]   --->   Operation 118 'sext' 'sext_ln708_7' <Predicate = true> <Delay = 0.00>
ST_4 : Operation 119 [1/1] (0.00ns)   --->   "%trunc_ln703_8 = call i12 @_ssdm_op_PartSelect.i12.i16.i32.i32(i16 %mul_ln1118_7, i32 1, i32 12)" [firmware/nnet_utils/nnet_dense_resource.h:59->firmware/nnet_utils/nnet_dense.h:65->firmware/nnet_utils/nnet_dense_stream.h:20]   --->   Operation 119 'partselect' 'trunc_ln703_8' <Predicate = true> <Delay = 0.00>
ST_4 : Operation 120 [1/1] (0.00ns)   --->   "%trunc_ln703_11 = trunc i16 %acc_V_3_08 to i12" [firmware/nnet_utils/nnet_dense_resource.h:59->firmware/nnet_utils/nnet_dense.h:65->firmware/nnet_utils/nnet_dense_stream.h:20]   --->   Operation 120 'trunc' 'trunc_ln703_11' <Predicate = true> <Delay = 0.00>
ST_4 : Operation 121 [1/1] (1.41ns)   --->   "%acc_3_V = add i16 %acc_V_3_08, %sext_ln708_7" [firmware/nnet_utils/nnet_dense_resource.h:59->firmware/nnet_utils/nnet_dense.h:65->firmware/nnet_utils/nnet_dense_stream.h:20]   --->   Operation 121 'add' 'acc_3_V' <Predicate = true> <Delay = 1.41> <Core = "AddSub">   --->   Core 14 'AddSub' <Latency = 0> <II = 1> <Delay = 0.94> <FuncUnit> <Opcode : 'add' 'sub'> <InPorts = 2> <OutPorts = 1>
ST_4 : Operation 122 [1/1] (1.35ns)   --->   "%add_ln703_9 = add i12 %trunc_ln703_11, %trunc_ln703_8" [firmware/nnet_utils/nnet_dense_resource.h:59->firmware/nnet_utils/nnet_dense.h:65->firmware/nnet_utils/nnet_dense_stream.h:20]   --->   Operation 122 'add' 'add_ln703_9' <Predicate = true> <Delay = 1.35> <Core = "AddSub">   --->   Core 14 'AddSub' <Latency = 0> <II = 1> <Delay = 0.94> <FuncUnit> <Opcode : 'add' 'sub'> <InPorts = 2> <OutPorts = 1>
ST_4 : Operation 123 [1/1] (0.00ns)   --->   "%sext_ln1118_4 = sext i8 %tmp_9 to i16" [firmware/nnet_utils/nnet_mult.h:73->firmware/nnet_utils/nnet_dense_resource.h:59->firmware/nnet_utils/nnet_dense.h:65->firmware/nnet_utils/nnet_dense_stream.h:20]   --->   Operation 123 'sext' 'sext_ln1118_4' <Predicate = true> <Delay = 0.00>
ST_4 : Operation 124 [1/1] (2.44ns)   --->   "%mul_ln1118_8 = mul i16 %zext_ln1116, %sext_ln1118_4" [firmware/nnet_utils/nnet_mult.h:73->firmware/nnet_utils/nnet_dense_resource.h:59->firmware/nnet_utils/nnet_dense.h:65->firmware/nnet_utils/nnet_dense_stream.h:20]   --->   Operation 124 'mul' 'mul_ln1118_8' <Predicate = true> <Delay = 2.44> <Core = "Mul">   --->   Core 16 'Mul' <Latency = 0> <II = 1> <Delay = 2.44> <FuncUnit> <Opcode : 'mul'> <InPorts = 2> <OutPorts = 1>
ST_4 : Operation 125 [1/1] (0.00ns)   --->   "%trunc_ln708_19 = call i15 @_ssdm_op_PartSelect.i15.i16.i32.i32(i16 %mul_ln1118_8, i32 1, i32 15)" [firmware/nnet_utils/nnet_dense_resource.h:59->firmware/nnet_utils/nnet_dense.h:65->firmware/nnet_utils/nnet_dense_stream.h:20]   --->   Operation 125 'partselect' 'trunc_ln708_19' <Predicate = true> <Delay = 0.00>
ST_4 : Operation 126 [1/1] (0.00ns)   --->   "%sext_ln708_8 = sext i15 %trunc_ln708_19 to i16" [firmware/nnet_utils/nnet_dense_resource.h:59->firmware/nnet_utils/nnet_dense.h:65->firmware/nnet_utils/nnet_dense_stream.h:20]   --->   Operation 126 'sext' 'sext_ln708_8' <Predicate = true> <Delay = 0.00>
ST_4 : Operation 127 [1/1] (0.00ns)   --->   "%trunc_ln703_1 = call i12 @_ssdm_op_PartSelect.i12.i16.i32.i32(i16 %mul_ln1118_8, i32 1, i32 12)" [firmware/nnet_utils/nnet_dense_resource.h:59->firmware/nnet_utils/nnet_dense.h:65->firmware/nnet_utils/nnet_dense_stream.h:20]   --->   Operation 127 'partselect' 'trunc_ln703_1' <Predicate = true> <Delay = 0.00>
ST_4 : Operation 128 [1/1] (0.00ns)   --->   "%trunc_ln703_13 = trunc i16 %acc_V_4_09 to i12" [firmware/nnet_utils/nnet_dense_resource.h:59->firmware/nnet_utils/nnet_dense.h:65->firmware/nnet_utils/nnet_dense_stream.h:20]   --->   Operation 128 'trunc' 'trunc_ln703_13' <Predicate = true> <Delay = 0.00>
ST_4 : Operation 129 [1/1] (1.41ns)   --->   "%acc_4_V = add i16 %acc_V_4_09, %sext_ln708_8" [firmware/nnet_utils/nnet_dense_resource.h:59->firmware/nnet_utils/nnet_dense.h:65->firmware/nnet_utils/nnet_dense_stream.h:20]   --->   Operation 129 'add' 'acc_4_V' <Predicate = true> <Delay = 1.41> <Core = "AddSub">   --->   Core 14 'AddSub' <Latency = 0> <II = 1> <Delay = 0.94> <FuncUnit> <Opcode : 'add' 'sub'> <InPorts = 2> <OutPorts = 1>
ST_4 : Operation 130 [1/1] (1.35ns)   --->   "%add_ln703_10 = add i12 %trunc_ln703_13, %trunc_ln703_1" [firmware/nnet_utils/nnet_dense_resource.h:59->firmware/nnet_utils/nnet_dense.h:65->firmware/nnet_utils/nnet_dense_stream.h:20]   --->   Operation 130 'add' 'add_ln703_10' <Predicate = true> <Delay = 1.35> <Core = "AddSub">   --->   Core 14 'AddSub' <Latency = 0> <II = 1> <Delay = 0.94> <FuncUnit> <Opcode : 'add' 'sub'> <InPorts = 2> <OutPorts = 1>
ST_4 : Operation 131 [1/1] (0.00ns)   --->   "%sext_ln1118_5 = sext i8 %tmp_10 to i16" [firmware/nnet_utils/nnet_mult.h:73->firmware/nnet_utils/nnet_dense_resource.h:59->firmware/nnet_utils/nnet_dense.h:65->firmware/nnet_utils/nnet_dense_stream.h:20]   --->   Operation 131 'sext' 'sext_ln1118_5' <Predicate = true> <Delay = 0.00>
ST_4 : Operation 132 [1/1] (2.44ns)   --->   "%mul_ln1118_9 = mul i16 %zext_ln1116, %sext_ln1118_5" [firmware/nnet_utils/nnet_mult.h:73->firmware/nnet_utils/nnet_dense_resource.h:59->firmware/nnet_utils/nnet_dense.h:65->firmware/nnet_utils/nnet_dense_stream.h:20]   --->   Operation 132 'mul' 'mul_ln1118_9' <Predicate = true> <Delay = 2.44> <Core = "Mul">   --->   Core 16 'Mul' <Latency = 0> <II = 1> <Delay = 2.44> <FuncUnit> <Opcode : 'mul'> <InPorts = 2> <OutPorts = 1>
ST_4 : Operation 133 [1/1] (0.00ns)   --->   "%trunc_ln708_20 = call i15 @_ssdm_op_PartSelect.i15.i16.i32.i32(i16 %mul_ln1118_9, i32 1, i32 15)" [firmware/nnet_utils/nnet_dense_resource.h:59->firmware/nnet_utils/nnet_dense.h:65->firmware/nnet_utils/nnet_dense_stream.h:20]   --->   Operation 133 'partselect' 'trunc_ln708_20' <Predicate = true> <Delay = 0.00>
ST_4 : Operation 134 [1/1] (0.00ns)   --->   "%sext_ln708_9 = sext i15 %trunc_ln708_20 to i16" [firmware/nnet_utils/nnet_dense_resource.h:59->firmware/nnet_utils/nnet_dense.h:65->firmware/nnet_utils/nnet_dense_stream.h:20]   --->   Operation 134 'sext' 'sext_ln708_9' <Predicate = true> <Delay = 0.00>
ST_4 : Operation 135 [1/1] (0.00ns)   --->   "%trunc_ln703_2 = call i12 @_ssdm_op_PartSelect.i12.i16.i32.i32(i16 %mul_ln1118_9, i32 1, i32 12)" [firmware/nnet_utils/nnet_dense_resource.h:59->firmware/nnet_utils/nnet_dense.h:65->firmware/nnet_utils/nnet_dense_stream.h:20]   --->   Operation 135 'partselect' 'trunc_ln703_2' <Predicate = true> <Delay = 0.00>
ST_4 : Operation 136 [1/1] (0.00ns)   --->   "%trunc_ln703_15 = trunc i16 %acc_V_5_010 to i12" [firmware/nnet_utils/nnet_dense_resource.h:59->firmware/nnet_utils/nnet_dense.h:65->firmware/nnet_utils/nnet_dense_stream.h:20]   --->   Operation 136 'trunc' 'trunc_ln703_15' <Predicate = true> <Delay = 0.00>
ST_4 : Operation 137 [1/1] (1.41ns)   --->   "%acc_5_V = add i16 %acc_V_5_010, %sext_ln708_9" [firmware/nnet_utils/nnet_dense_resource.h:59->firmware/nnet_utils/nnet_dense.h:65->firmware/nnet_utils/nnet_dense_stream.h:20]   --->   Operation 137 'add' 'acc_5_V' <Predicate = true> <Delay = 1.41> <Core = "AddSub">   --->   Core 14 'AddSub' <Latency = 0> <II = 1> <Delay = 0.94> <FuncUnit> <Opcode : 'add' 'sub'> <InPorts = 2> <OutPorts = 1>
ST_4 : Operation 138 [1/1] (1.35ns)   --->   "%add_ln703_11 = add i12 %trunc_ln703_15, %trunc_ln703_2" [firmware/nnet_utils/nnet_dense_resource.h:59->firmware/nnet_utils/nnet_dense.h:65->firmware/nnet_utils/nnet_dense_stream.h:20]   --->   Operation 138 'add' 'add_ln703_11' <Predicate = true> <Delay = 1.35> <Core = "AddSub">   --->   Core 14 'AddSub' <Latency = 0> <II = 1> <Delay = 0.94> <FuncUnit> <Opcode : 'add' 'sub'> <InPorts = 2> <OutPorts = 1>
ST_4 : Operation 139 [1/1] (0.00ns)   --->   "%sext_ln1118_6 = sext i8 %tmp_11 to i16" [firmware/nnet_utils/nnet_mult.h:73->firmware/nnet_utils/nnet_dense_resource.h:59->firmware/nnet_utils/nnet_dense.h:65->firmware/nnet_utils/nnet_dense_stream.h:20]   --->   Operation 139 'sext' 'sext_ln1118_6' <Predicate = true> <Delay = 0.00>
ST_4 : Operation 140 [1/1] (2.44ns)   --->   "%mul_ln1118_10 = mul i16 %zext_ln1116, %sext_ln1118_6" [firmware/nnet_utils/nnet_mult.h:73->firmware/nnet_utils/nnet_dense_resource.h:59->firmware/nnet_utils/nnet_dense.h:65->firmware/nnet_utils/nnet_dense_stream.h:20]   --->   Operation 140 'mul' 'mul_ln1118_10' <Predicate = true> <Delay = 2.44> <Core = "Mul">   --->   Core 16 'Mul' <Latency = 0> <II = 1> <Delay = 2.44> <FuncUnit> <Opcode : 'mul'> <InPorts = 2> <OutPorts = 1>
ST_4 : Operation 141 [1/1] (0.00ns)   --->   "%trunc_ln708_21 = call i15 @_ssdm_op_PartSelect.i15.i16.i32.i32(i16 %mul_ln1118_10, i32 1, i32 15)" [firmware/nnet_utils/nnet_dense_resource.h:59->firmware/nnet_utils/nnet_dense.h:65->firmware/nnet_utils/nnet_dense_stream.h:20]   --->   Operation 141 'partselect' 'trunc_ln708_21' <Predicate = true> <Delay = 0.00>
ST_4 : Operation 142 [1/1] (0.00ns)   --->   "%sext_ln708_10 = sext i15 %trunc_ln708_21 to i16" [firmware/nnet_utils/nnet_dense_resource.h:59->firmware/nnet_utils/nnet_dense.h:65->firmware/nnet_utils/nnet_dense_stream.h:20]   --->   Operation 142 'sext' 'sext_ln708_10' <Predicate = true> <Delay = 0.00>
ST_4 : Operation 143 [1/1] (0.00ns)   --->   "%trunc_ln703_3 = call i12 @_ssdm_op_PartSelect.i12.i16.i32.i32(i16 %mul_ln1118_10, i32 1, i32 12)" [firmware/nnet_utils/nnet_dense_resource.h:59->firmware/nnet_utils/nnet_dense.h:65->firmware/nnet_utils/nnet_dense_stream.h:20]   --->   Operation 143 'partselect' 'trunc_ln703_3' <Predicate = true> <Delay = 0.00>
ST_4 : Operation 144 [1/1] (0.00ns)   --->   "%trunc_ln703_17 = trunc i16 %acc_V_6_011 to i12" [firmware/nnet_utils/nnet_dense_resource.h:59->firmware/nnet_utils/nnet_dense.h:65->firmware/nnet_utils/nnet_dense_stream.h:20]   --->   Operation 144 'trunc' 'trunc_ln703_17' <Predicate = true> <Delay = 0.00>
ST_4 : Operation 145 [1/1] (1.41ns)   --->   "%acc_6_V = add i16 %acc_V_6_011, %sext_ln708_10" [firmware/nnet_utils/nnet_dense_resource.h:59->firmware/nnet_utils/nnet_dense.h:65->firmware/nnet_utils/nnet_dense_stream.h:20]   --->   Operation 145 'add' 'acc_6_V' <Predicate = true> <Delay = 1.41> <Core = "AddSub">   --->   Core 14 'AddSub' <Latency = 0> <II = 1> <Delay = 0.94> <FuncUnit> <Opcode : 'add' 'sub'> <InPorts = 2> <OutPorts = 1>
ST_4 : Operation 146 [1/1] (1.35ns)   --->   "%add_ln703_12 = add i12 %trunc_ln703_17, %trunc_ln703_3" [firmware/nnet_utils/nnet_dense_resource.h:59->firmware/nnet_utils/nnet_dense.h:65->firmware/nnet_utils/nnet_dense_stream.h:20]   --->   Operation 146 'add' 'add_ln703_12' <Predicate = true> <Delay = 1.35> <Core = "AddSub">   --->   Core 14 'AddSub' <Latency = 0> <II = 1> <Delay = 0.94> <FuncUnit> <Opcode : 'add' 'sub'> <InPorts = 2> <OutPorts = 1>
ST_4 : Operation 147 [1/1] (0.00ns)   --->   "%sext_ln1118_7 = sext i8 %tmp_12 to i16" [firmware/nnet_utils/nnet_mult.h:73->firmware/nnet_utils/nnet_dense_resource.h:59->firmware/nnet_utils/nnet_dense.h:65->firmware/nnet_utils/nnet_dense_stream.h:20]   --->   Operation 147 'sext' 'sext_ln1118_7' <Predicate = true> <Delay = 0.00>
ST_4 : Operation 148 [1/1] (2.44ns)   --->   "%mul_ln1118_11 = mul i16 %zext_ln1116, %sext_ln1118_7" [firmware/nnet_utils/nnet_mult.h:73->firmware/nnet_utils/nnet_dense_resource.h:59->firmware/nnet_utils/nnet_dense.h:65->firmware/nnet_utils/nnet_dense_stream.h:20]   --->   Operation 148 'mul' 'mul_ln1118_11' <Predicate = true> <Delay = 2.44> <Core = "Mul">   --->   Core 16 'Mul' <Latency = 0> <II = 1> <Delay = 2.44> <FuncUnit> <Opcode : 'mul'> <InPorts = 2> <OutPorts = 1>
ST_4 : Operation 149 [1/1] (0.00ns)   --->   "%trunc_ln708_22 = call i15 @_ssdm_op_PartSelect.i15.i16.i32.i32(i16 %mul_ln1118_11, i32 1, i32 15)" [firmware/nnet_utils/nnet_dense_resource.h:59->firmware/nnet_utils/nnet_dense.h:65->firmware/nnet_utils/nnet_dense_stream.h:20]   --->   Operation 149 'partselect' 'trunc_ln708_22' <Predicate = true> <Delay = 0.00>
ST_4 : Operation 150 [1/1] (0.00ns)   --->   "%sext_ln708_11 = sext i15 %trunc_ln708_22 to i16" [firmware/nnet_utils/nnet_dense_resource.h:59->firmware/nnet_utils/nnet_dense.h:65->firmware/nnet_utils/nnet_dense_stream.h:20]   --->   Operation 150 'sext' 'sext_ln708_11' <Predicate = true> <Delay = 0.00>
ST_4 : Operation 151 [1/1] (0.00ns)   --->   "%trunc_ln703_4 = call i12 @_ssdm_op_PartSelect.i12.i16.i32.i32(i16 %mul_ln1118_11, i32 1, i32 12)" [firmware/nnet_utils/nnet_dense_resource.h:59->firmware/nnet_utils/nnet_dense.h:65->firmware/nnet_utils/nnet_dense_stream.h:20]   --->   Operation 151 'partselect' 'trunc_ln703_4' <Predicate = true> <Delay = 0.00>
ST_4 : Operation 152 [1/1] (0.00ns)   --->   "%trunc_ln703_19 = trunc i16 %acc_V_7_012 to i12" [firmware/nnet_utils/nnet_dense_resource.h:59->firmware/nnet_utils/nnet_dense.h:65->firmware/nnet_utils/nnet_dense_stream.h:20]   --->   Operation 152 'trunc' 'trunc_ln703_19' <Predicate = true> <Delay = 0.00>
ST_4 : Operation 153 [1/1] (1.41ns)   --->   "%acc_7_V = add i16 %acc_V_7_012, %sext_ln708_11" [firmware/nnet_utils/nnet_dense_resource.h:59->firmware/nnet_utils/nnet_dense.h:65->firmware/nnet_utils/nnet_dense_stream.h:20]   --->   Operation 153 'add' 'acc_7_V' <Predicate = true> <Delay = 1.41> <Core = "AddSub">   --->   Core 14 'AddSub' <Latency = 0> <II = 1> <Delay = 0.94> <FuncUnit> <Opcode : 'add' 'sub'> <InPorts = 2> <OutPorts = 1>
ST_4 : Operation 154 [1/1] (1.35ns)   --->   "%add_ln703_13 = add i12 %trunc_ln703_19, %trunc_ln703_4" [firmware/nnet_utils/nnet_dense_resource.h:59->firmware/nnet_utils/nnet_dense.h:65->firmware/nnet_utils/nnet_dense_stream.h:20]   --->   Operation 154 'add' 'add_ln703_13' <Predicate = true> <Delay = 1.35> <Core = "AddSub">   --->   Core 14 'AddSub' <Latency = 0> <II = 1> <Delay = 0.94> <FuncUnit> <Opcode : 'add' 'sub'> <InPorts = 2> <OutPorts = 1>
ST_4 : Operation 155 [1/1] (0.00ns)   --->   "%sext_ln1118_8 = sext i8 %tmp_13 to i16" [firmware/nnet_utils/nnet_mult.h:73->firmware/nnet_utils/nnet_dense_resource.h:59->firmware/nnet_utils/nnet_dense.h:65->firmware/nnet_utils/nnet_dense_stream.h:20]   --->   Operation 155 'sext' 'sext_ln1118_8' <Predicate = true> <Delay = 0.00>
ST_4 : Operation 156 [1/1] (2.44ns)   --->   "%mul_ln1118_12 = mul i16 %zext_ln1116, %sext_ln1118_8" [firmware/nnet_utils/nnet_mult.h:73->firmware/nnet_utils/nnet_dense_resource.h:59->firmware/nnet_utils/nnet_dense.h:65->firmware/nnet_utils/nnet_dense_stream.h:20]   --->   Operation 156 'mul' 'mul_ln1118_12' <Predicate = true> <Delay = 2.44> <Core = "Mul">   --->   Core 16 'Mul' <Latency = 0> <II = 1> <Delay = 2.44> <FuncUnit> <Opcode : 'mul'> <InPorts = 2> <OutPorts = 1>
ST_4 : Operation 157 [1/1] (0.00ns)   --->   "%trunc_ln708_23 = call i15 @_ssdm_op_PartSelect.i15.i16.i32.i32(i16 %mul_ln1118_12, i32 1, i32 15)" [firmware/nnet_utils/nnet_dense_resource.h:59->firmware/nnet_utils/nnet_dense.h:65->firmware/nnet_utils/nnet_dense_stream.h:20]   --->   Operation 157 'partselect' 'trunc_ln708_23' <Predicate = true> <Delay = 0.00>
ST_4 : Operation 158 [1/1] (0.00ns)   --->   "%sext_ln708_12 = sext i15 %trunc_ln708_23 to i16" [firmware/nnet_utils/nnet_dense_resource.h:59->firmware/nnet_utils/nnet_dense.h:65->firmware/nnet_utils/nnet_dense_stream.h:20]   --->   Operation 158 'sext' 'sext_ln708_12' <Predicate = true> <Delay = 0.00>
ST_4 : Operation 159 [1/1] (0.00ns)   --->   "%trunc_ln703_5 = call i12 @_ssdm_op_PartSelect.i12.i16.i32.i32(i16 %mul_ln1118_12, i32 1, i32 12)" [firmware/nnet_utils/nnet_dense_resource.h:59->firmware/nnet_utils/nnet_dense.h:65->firmware/nnet_utils/nnet_dense_stream.h:20]   --->   Operation 159 'partselect' 'trunc_ln703_5' <Predicate = true> <Delay = 0.00>
ST_4 : Operation 160 [1/1] (0.00ns)   --->   "%trunc_ln703_21 = trunc i16 %acc_V_8_013 to i12" [firmware/nnet_utils/nnet_dense_resource.h:59->firmware/nnet_utils/nnet_dense.h:65->firmware/nnet_utils/nnet_dense_stream.h:20]   --->   Operation 160 'trunc' 'trunc_ln703_21' <Predicate = true> <Delay = 0.00>
ST_4 : Operation 161 [1/1] (1.41ns)   --->   "%acc_8_V = add i16 %acc_V_8_013, %sext_ln708_12" [firmware/nnet_utils/nnet_dense_resource.h:59->firmware/nnet_utils/nnet_dense.h:65->firmware/nnet_utils/nnet_dense_stream.h:20]   --->   Operation 161 'add' 'acc_8_V' <Predicate = true> <Delay = 1.41> <Core = "AddSub">   --->   Core 14 'AddSub' <Latency = 0> <II = 1> <Delay = 0.94> <FuncUnit> <Opcode : 'add' 'sub'> <InPorts = 2> <OutPorts = 1>
ST_4 : Operation 162 [1/1] (1.35ns)   --->   "%add_ln703_14 = add i12 %trunc_ln703_21, %trunc_ln703_5" [firmware/nnet_utils/nnet_dense_resource.h:59->firmware/nnet_utils/nnet_dense.h:65->firmware/nnet_utils/nnet_dense_stream.h:20]   --->   Operation 162 'add' 'add_ln703_14' <Predicate = true> <Delay = 1.35> <Core = "AddSub">   --->   Core 14 'AddSub' <Latency = 0> <II = 1> <Delay = 0.94> <FuncUnit> <Opcode : 'add' 'sub'> <InPorts = 2> <OutPorts = 1>
ST_4 : Operation 163 [1/1] (0.00ns)   --->   "%zext_ln1118 = zext i8 %tmp_14 to i14" [firmware/nnet_utils/nnet_mult.h:73->firmware/nnet_utils/nnet_dense_resource.h:59->firmware/nnet_utils/nnet_dense.h:65->firmware/nnet_utils/nnet_dense_stream.h:20]   --->   Operation 163 'zext' 'zext_ln1118' <Predicate = true> <Delay = 0.00>
ST_4 : Operation 164 [1/1] (0.00ns)   --->   "%sext_ln1118_9 = sext i6 %tmp_15 to i14" [firmware/nnet_utils/nnet_mult.h:73->firmware/nnet_utils/nnet_dense_resource.h:59->firmware/nnet_utils/nnet_dense.h:65->firmware/nnet_utils/nnet_dense_stream.h:20]   --->   Operation 164 'sext' 'sext_ln1118_9' <Predicate = true> <Delay = 0.00>
ST_4 : Operation 165 [1/1] (2.44ns)   --->   "%mul_ln1118_13 = mul i14 %sext_ln1118_9, %zext_ln1118" [firmware/nnet_utils/nnet_mult.h:73->firmware/nnet_utils/nnet_dense_resource.h:59->firmware/nnet_utils/nnet_dense.h:65->firmware/nnet_utils/nnet_dense_stream.h:20]   --->   Operation 165 'mul' 'mul_ln1118_13' <Predicate = true> <Delay = 2.44> <Core = "Mul">   --->   Core 16 'Mul' <Latency = 0> <II = 1> <Delay = 2.44> <FuncUnit> <Opcode : 'mul'> <InPorts = 2> <OutPorts = 1>
ST_4 : Operation 166 [1/1] (0.00ns)   --->   "%trunc_ln708_24 = call i13 @_ssdm_op_PartSelect.i13.i14.i32.i32(i14 %mul_ln1118_13, i32 1, i32 13)" [firmware/nnet_utils/nnet_dense_resource.h:59->firmware/nnet_utils/nnet_dense.h:65->firmware/nnet_utils/nnet_dense_stream.h:20]   --->   Operation 166 'partselect' 'trunc_ln708_24' <Predicate = true> <Delay = 0.00>
ST_4 : Operation 167 [1/1] (0.00ns)   --->   "%sext_ln708_13 = sext i13 %trunc_ln708_24 to i16" [firmware/nnet_utils/nnet_dense_resource.h:59->firmware/nnet_utils/nnet_dense.h:65->firmware/nnet_utils/nnet_dense_stream.h:20]   --->   Operation 167 'sext' 'sext_ln708_13' <Predicate = true> <Delay = 0.00>
ST_4 : Operation 168 [1/1] (0.00ns)   --->   "%trunc_ln703_10 = call i12 @_ssdm_op_PartSelect.i12.i14.i32.i32(i14 %mul_ln1118_13, i32 1, i32 12)" [firmware/nnet_utils/nnet_dense_resource.h:59->firmware/nnet_utils/nnet_dense.h:65->firmware/nnet_utils/nnet_dense_stream.h:20]   --->   Operation 168 'partselect' 'trunc_ln703_10' <Predicate = true> <Delay = 0.00>
ST_4 : Operation 169 [1/1] (0.00ns)   --->   "%trunc_ln703_22 = trunc i16 %acc_V_9_014 to i12" [firmware/nnet_utils/nnet_dense_resource.h:59->firmware/nnet_utils/nnet_dense.h:65->firmware/nnet_utils/nnet_dense_stream.h:20]   --->   Operation 169 'trunc' 'trunc_ln703_22' <Predicate = true> <Delay = 0.00>
ST_4 : Operation 170 [1/1] (1.41ns)   --->   "%acc_9_V = add i16 %acc_V_9_014, %sext_ln708_13" [firmware/nnet_utils/nnet_dense_resource.h:59->firmware/nnet_utils/nnet_dense.h:65->firmware/nnet_utils/nnet_dense_stream.h:20]   --->   Operation 170 'add' 'acc_9_V' <Predicate = true> <Delay = 1.41> <Core = "AddSub">   --->   Core 14 'AddSub' <Latency = 0> <II = 1> <Delay = 0.94> <FuncUnit> <Opcode : 'add' 'sub'> <InPorts = 2> <OutPorts = 1>
ST_4 : Operation 171 [1/1] (1.35ns)   --->   "%add_ln703_15 = add i12 %trunc_ln703_22, %trunc_ln703_10" [firmware/nnet_utils/nnet_dense_resource.h:59->firmware/nnet_utils/nnet_dense.h:65->firmware/nnet_utils/nnet_dense_stream.h:20]   --->   Operation 171 'add' 'add_ln703_15' <Predicate = true> <Delay = 1.35> <Core = "AddSub">   --->   Core 14 'AddSub' <Latency = 0> <II = 1> <Delay = 0.94> <FuncUnit> <Opcode : 'add' 'sub'> <InPorts = 2> <OutPorts = 1>
ST_4 : Operation 172 [1/1] (0.00ns)   --->   "%empty = call i32 (...)* @_ssdm_op_SpecRegionEnd([10 x i8]* @p_str52, i32 %tmp_s)" [firmware/nnet_utils/nnet_dense_resource.h:76->firmware/nnet_utils/nnet_dense.h:65->firmware/nnet_utils/nnet_dense_stream.h:20]   --->   Operation 172 'specregionend' 'empty' <Predicate = true> <Delay = 0.00>
ST_4 : Operation 173 [1/1] (0.00ns)   --->   "%trunc_ln4 = call i8 @_ssdm_op_PartSelect.i8.i12.i32.i32(i12 %add_ln703_6, i32 4, i32 11)" [firmware/nnet_utils/nnet_dense_resource.h:46->firmware/nnet_utils/nnet_dense.h:65->firmware/nnet_utils/nnet_dense_stream.h:20]   --->   Operation 173 'partselect' 'trunc_ln4' <Predicate = true> <Delay = 0.00>
ST_4 : Operation 174 [1/1] (0.00ns)   --->   "%trunc_ln46_5 = call i8 @_ssdm_op_PartSelect.i8.i12.i32.i32(i12 %add_ln703_7, i32 4, i32 11)" [firmware/nnet_utils/nnet_dense_resource.h:46->firmware/nnet_utils/nnet_dense.h:65->firmware/nnet_utils/nnet_dense_stream.h:20]   --->   Operation 174 'partselect' 'trunc_ln46_5' <Predicate = true> <Delay = 0.00>
ST_4 : Operation 175 [1/1] (0.00ns)   --->   "%trunc_ln46_6 = call i8 @_ssdm_op_PartSelect.i8.i12.i32.i32(i12 %add_ln703_8, i32 4, i32 11)" [firmware/nnet_utils/nnet_dense_resource.h:46->firmware/nnet_utils/nnet_dense.h:65->firmware/nnet_utils/nnet_dense_stream.h:20]   --->   Operation 175 'partselect' 'trunc_ln46_6' <Predicate = true> <Delay = 0.00>
ST_4 : Operation 176 [1/1] (0.00ns)   --->   "%trunc_ln46_7 = call i8 @_ssdm_op_PartSelect.i8.i12.i32.i32(i12 %add_ln703_9, i32 4, i32 11)" [firmware/nnet_utils/nnet_dense_resource.h:46->firmware/nnet_utils/nnet_dense.h:65->firmware/nnet_utils/nnet_dense_stream.h:20]   --->   Operation 176 'partselect' 'trunc_ln46_7' <Predicate = true> <Delay = 0.00>
ST_4 : Operation 177 [1/1] (0.00ns)   --->   "%trunc_ln46_8 = call i8 @_ssdm_op_PartSelect.i8.i12.i32.i32(i12 %add_ln703_10, i32 4, i32 11)" [firmware/nnet_utils/nnet_dense_resource.h:46->firmware/nnet_utils/nnet_dense.h:65->firmware/nnet_utils/nnet_dense_stream.h:20]   --->   Operation 177 'partselect' 'trunc_ln46_8' <Predicate = true> <Delay = 0.00>
ST_4 : Operation 178 [1/1] (0.00ns)   --->   "%trunc_ln46_9 = call i8 @_ssdm_op_PartSelect.i8.i12.i32.i32(i12 %add_ln703_11, i32 4, i32 11)" [firmware/nnet_utils/nnet_dense_resource.h:46->firmware/nnet_utils/nnet_dense.h:65->firmware/nnet_utils/nnet_dense_stream.h:20]   --->   Operation 178 'partselect' 'trunc_ln46_9' <Predicate = true> <Delay = 0.00>
ST_4 : Operation 179 [1/1] (0.00ns)   --->   "%trunc_ln46_s = call i8 @_ssdm_op_PartSelect.i8.i12.i32.i32(i12 %add_ln703_12, i32 4, i32 11)" [firmware/nnet_utils/nnet_dense_resource.h:46->firmware/nnet_utils/nnet_dense.h:65->firmware/nnet_utils/nnet_dense_stream.h:20]   --->   Operation 179 'partselect' 'trunc_ln46_s' <Predicate = true> <Delay = 0.00>
ST_4 : Operation 180 [1/1] (0.00ns)   --->   "%trunc_ln46_1 = call i8 @_ssdm_op_PartSelect.i8.i12.i32.i32(i12 %add_ln703_13, i32 4, i32 11)" [firmware/nnet_utils/nnet_dense_resource.h:46->firmware/nnet_utils/nnet_dense.h:65->firmware/nnet_utils/nnet_dense_stream.h:20]   --->   Operation 180 'partselect' 'trunc_ln46_1' <Predicate = true> <Delay = 0.00>
ST_4 : Operation 181 [1/1] (0.00ns)   --->   "%trunc_ln46_2 = call i8 @_ssdm_op_PartSelect.i8.i12.i32.i32(i12 %add_ln703_14, i32 4, i32 11)" [firmware/nnet_utils/nnet_dense_resource.h:46->firmware/nnet_utils/nnet_dense.h:65->firmware/nnet_utils/nnet_dense_stream.h:20]   --->   Operation 181 'partselect' 'trunc_ln46_2' <Predicate = true> <Delay = 0.00>
ST_4 : Operation 182 [1/1] (0.00ns)   --->   "%trunc_ln46_3 = call i8 @_ssdm_op_PartSelect.i8.i12.i32.i32(i12 %add_ln703_15, i32 4, i32 11)" [firmware/nnet_utils/nnet_dense_resource.h:46->firmware/nnet_utils/nnet_dense.h:65->firmware/nnet_utils/nnet_dense_stream.h:20]   --->   Operation 182 'partselect' 'trunc_ln46_3' <Predicate = true> <Delay = 0.00>
ST_4 : Operation 183 [1/1] (0.00ns)   --->   "%empty_227 = call i32 (...)* @_ssdm_op_SpecLoopTripCount(i64 15, i64 15, i64 15)"   --->   Operation 183 'speclooptripcount' 'empty_227' <Predicate = true> <Delay = 0.00>
ST_4 : Operation 184 [1/1] (0.00ns)   --->   "%mrv = insertvalue { i8, i8, i8, i8, i8, i8, i8, i8, i8, i8 } undef, i8 %trunc_ln4, 0" [firmware/nnet_utils/nnet_dense_stream.h:21]   --->   Operation 184 'insertvalue' 'mrv' <Predicate = (icmp_ln46)> <Delay = 0.00>
ST_4 : Operation 185 [1/1] (0.00ns)   --->   "%mrv_1 = insertvalue { i8, i8, i8, i8, i8, i8, i8, i8, i8, i8 } %mrv, i8 %trunc_ln46_5, 1" [firmware/nnet_utils/nnet_dense_stream.h:21]   --->   Operation 185 'insertvalue' 'mrv_1' <Predicate = (icmp_ln46)> <Delay = 0.00>
ST_4 : Operation 186 [1/1] (0.00ns)   --->   "%mrv_2 = insertvalue { i8, i8, i8, i8, i8, i8, i8, i8, i8, i8 } %mrv_1, i8 %trunc_ln46_6, 2" [firmware/nnet_utils/nnet_dense_stream.h:21]   --->   Operation 186 'insertvalue' 'mrv_2' <Predicate = (icmp_ln46)> <Delay = 0.00>
ST_4 : Operation 187 [1/1] (0.00ns)   --->   "%mrv_3 = insertvalue { i8, i8, i8, i8, i8, i8, i8, i8, i8, i8 } %mrv_2, i8 %trunc_ln46_7, 3" [firmware/nnet_utils/nnet_dense_stream.h:21]   --->   Operation 187 'insertvalue' 'mrv_3' <Predicate = (icmp_ln46)> <Delay = 0.00>
ST_4 : Operation 188 [1/1] (0.00ns)   --->   "%mrv_4 = insertvalue { i8, i8, i8, i8, i8, i8, i8, i8, i8, i8 } %mrv_3, i8 %trunc_ln46_8, 4" [firmware/nnet_utils/nnet_dense_stream.h:21]   --->   Operation 188 'insertvalue' 'mrv_4' <Predicate = (icmp_ln46)> <Delay = 0.00>
ST_4 : Operation 189 [1/1] (0.00ns)   --->   "%mrv_5 = insertvalue { i8, i8, i8, i8, i8, i8, i8, i8, i8, i8 } %mrv_4, i8 %trunc_ln46_9, 5" [firmware/nnet_utils/nnet_dense_stream.h:21]   --->   Operation 189 'insertvalue' 'mrv_5' <Predicate = (icmp_ln46)> <Delay = 0.00>
ST_4 : Operation 190 [1/1] (0.00ns)   --->   "%mrv_6 = insertvalue { i8, i8, i8, i8, i8, i8, i8, i8, i8, i8 } %mrv_5, i8 %trunc_ln46_s, 6" [firmware/nnet_utils/nnet_dense_stream.h:21]   --->   Operation 190 'insertvalue' 'mrv_6' <Predicate = (icmp_ln46)> <Delay = 0.00>
ST_4 : Operation 191 [1/1] (0.00ns)   --->   "%mrv_7 = insertvalue { i8, i8, i8, i8, i8, i8, i8, i8, i8, i8 } %mrv_6, i8 %trunc_ln46_1, 7" [firmware/nnet_utils/nnet_dense_stream.h:21]   --->   Operation 191 'insertvalue' 'mrv_7' <Predicate = (icmp_ln46)> <Delay = 0.00>
ST_4 : Operation 192 [1/1] (0.00ns)   --->   "%mrv_8 = insertvalue { i8, i8, i8, i8, i8, i8, i8, i8, i8, i8 } %mrv_7, i8 %trunc_ln46_2, 8" [firmware/nnet_utils/nnet_dense_stream.h:21]   --->   Operation 192 'insertvalue' 'mrv_8' <Predicate = (icmp_ln46)> <Delay = 0.00>
ST_4 : Operation 193 [1/1] (0.00ns)   --->   "%mrv_9 = insertvalue { i8, i8, i8, i8, i8, i8, i8, i8, i8, i8 } %mrv_8, i8 %trunc_ln46_3, 9" [firmware/nnet_utils/nnet_dense_stream.h:21]   --->   Operation 193 'insertvalue' 'mrv_9' <Predicate = (icmp_ln46)> <Delay = 0.00>
ST_4 : Operation 194 [1/1] (0.00ns)   --->   "call void (...)* @_ssdm_op_Return({ i8, i8, i8, i8, i8, i8, i8, i8, i8, i8 } %mrv_9)" [firmware/nnet_utils/nnet_dense_stream.h:21]   --->   Operation 194 'return' <Predicate = (icmp_ln46)> <Delay = 0.00>


============================================================
+ Verbose Summary: Binding
============================================================
STG Binding: 
---------------- STG Properties BEGIN ----------------
- Is combinational: 0
- Is one-state seq: 0
- Is datapath-only: 0
- Is pipelined: 0
- Is top level: 0
Port [ Return ] is wired: 1; IO mode=ap_ctrl_hs:ce=0
Port [ data_0_V_read]:  wired=1; compound=0; hidden=0; nouse=0; global=0; static=0; extern=0; dir=0; type=0; pingpong=0; private_global=0; IO mode=ap_none:ce=0
Port [ data_1_V_read]:  wired=1; compound=0; hidden=0; nouse=0; global=0; static=0; extern=0; dir=0; type=0; pingpong=0; private_global=0; IO mode=ap_none:ce=0
Port [ data_2_V_read]:  wired=1; compound=0; hidden=0; nouse=0; global=0; static=0; extern=0; dir=0; type=0; pingpong=0; private_global=0; IO mode=ap_none:ce=0
Port [ data_3_V_read]:  wired=1; compound=0; hidden=0; nouse=0; global=0; static=0; extern=0; dir=0; type=0; pingpong=0; private_global=0; IO mode=ap_none:ce=0
Port [ data_4_V_read]:  wired=1; compound=0; hidden=0; nouse=0; global=0; static=0; extern=0; dir=0; type=0; pingpong=0; private_global=0; IO mode=ap_none:ce=0
Port [ data_5_V_read]:  wired=1; compound=0; hidden=0; nouse=0; global=0; static=0; extern=0; dir=0; type=0; pingpong=0; private_global=0; IO mode=ap_none:ce=0
Port [ data_6_V_read]:  wired=1; compound=0; hidden=0; nouse=0; global=0; static=0; extern=0; dir=0; type=0; pingpong=0; private_global=0; IO mode=ap_none:ce=0
Port [ data_7_V_read]:  wired=1; compound=0; hidden=0; nouse=0; global=0; static=0; extern=0; dir=0; type=0; pingpong=0; private_global=0; IO mode=ap_none:ce=0
Port [ data_8_V_read]:  wired=1; compound=0; hidden=0; nouse=0; global=0; static=0; extern=0; dir=0; type=0; pingpong=0; private_global=0; IO mode=ap_none:ce=0
Port [ data_9_V_read]:  wired=1; compound=0; hidden=0; nouse=0; global=0; static=0; extern=0; dir=0; type=0; pingpong=0; private_global=0; IO mode=ap_none:ce=0
Port [ data_10_V_read]:  wired=1; compound=0; hidden=0; nouse=0; global=0; static=0; extern=0; dir=0; type=0; pingpong=0; private_global=0; IO mode=ap_none:ce=0
Port [ data_11_V_read]:  wired=1; compound=0; hidden=0; nouse=0; global=0; static=0; extern=0; dir=0; type=0; pingpong=0; private_global=0; IO mode=ap_none:ce=0
Port [ data_12_V_read]:  wired=1; compound=0; hidden=0; nouse=0; global=0; static=0; extern=0; dir=0; type=0; pingpong=0; private_global=0; IO mode=ap_none:ce=0
Port [ data_13_V_read]:  wired=1; compound=0; hidden=0; nouse=0; global=0; static=0; extern=0; dir=0; type=0; pingpong=0; private_global=0; IO mode=ap_none:ce=0
Port [ data_14_V_read]:  wired=1; compound=0; hidden=0; nouse=0; global=0; static=0; extern=0; dir=0; type=0; pingpong=0; private_global=0; IO mode=ap_none:ce=0
Port [ w18_V]:  wired=0; compound=1; hidden=1; nouse=0; global=1; static=0; extern=0; dir=0; type=1; pingpong=0; private_global=1; linkage=0; visibility=0; MemPort=[1]; IO mode=ap_memory:ce=0
---------------- STG Properties END ------------------

---------------- Datapath Model BEGIN ----------------

<LifeTime>
<method=bitvector/>
tmp                     (specregionbegin  ) [ 00111]
br_ln46                 (br               ) [ 01111]
do_init                 (phi              ) [ 00111]
w_index25               (phi              ) [ 00111]
data_14_V_read_1        (read             ) [ 00111]
data_13_V_read_1        (read             ) [ 00111]
data_12_V_read_1        (read             ) [ 00111]
data_11_V_read_1        (read             ) [ 00111]
data_10_V_read_1        (read             ) [ 00111]
data_9_V_read_2         (read             ) [ 00111]
data_8_V_read_2         (read             ) [ 00111]
data_7_V_read_2         (read             ) [ 00111]
data_6_V_read_2         (read             ) [ 00111]
data_5_V_read31         (read             ) [ 00111]
data_4_V_read_2         (read             ) [ 00111]
data_3_V_read_2         (read             ) [ 00111]
data_2_V_read_2         (read             ) [ 00111]
data_1_V_read_2         (read             ) [ 00111]
data_0_V_read_2         (read             ) [ 00111]
specmemcore_ln0         (specmemcore      ) [ 00000]
empty_228               (specregionend    ) [ 00000]
br_ln46                 (br               ) [ 00111]
zext_ln59               (zext             ) [ 00000]
w18_V_addr              (getelementptr    ) [ 00110]
w_index                 (add              ) [ 01111]
icmp_ln46               (icmp             ) [ 00111]
br_ln46                 (br               ) [ 01111]
br_ln21                 (br               ) [ 01111]
data_0_V_read26_rewind  (phi              ) [ 00110]
data_1_V_read27_rewind  (phi              ) [ 00110]
data_2_V_read28_rewind  (phi              ) [ 00110]
data_3_V_read29_rewind  (phi              ) [ 00110]
data_4_V_read30_rewind  (phi              ) [ 00110]
data_5_V_read31_rewind  (phi              ) [ 00110]
data_6_V_read32_rewind  (phi              ) [ 00110]
data_7_V_read33_rewind  (phi              ) [ 00110]
data_8_V_read34_rewind  (phi              ) [ 00110]
data_9_V_read35_rewind  (phi              ) [ 00110]
data_10_V_read36_rewind (phi              ) [ 00110]
data_11_V_read37_rewind (phi              ) [ 00110]
data_12_V_read38_rewind (phi              ) [ 00110]
data_13_V_read39_rewind (phi              ) [ 00110]
data_14_V_read40_rewind (phi              ) [ 00110]
br_ln0                  (br               ) [ 00000]
data_0_V_read26_phi     (phi              ) [ 01111]
data_1_V_read27_phi     (phi              ) [ 01111]
data_2_V_read28_phi     (phi              ) [ 01111]
data_3_V_read29_phi     (phi              ) [ 01111]
data_4_V_read30_phi     (phi              ) [ 01111]
data_5_V_read31_phi     (phi              ) [ 01111]
data_6_V_read32_phi     (phi              ) [ 01111]
data_7_V_read33_phi     (phi              ) [ 01111]
data_8_V_read34_phi     (phi              ) [ 01111]
data_9_V_read35_phi     (phi              ) [ 01111]
data_10_V_read36_phi    (phi              ) [ 01111]
data_11_V_read37_phi    (phi              ) [ 01111]
data_12_V_read38_phi    (phi              ) [ 01111]
data_13_V_read39_phi    (phi              ) [ 01111]
data_14_V_read40_phi    (phi              ) [ 01111]
tmp_14                  (mux              ) [ 00101]
w18_V_load              (load             ) [ 00000]
trunc_ln59              (trunc            ) [ 00101]
tmp_6                   (partselect       ) [ 00101]
tmp_7                   (partselect       ) [ 00101]
tmp_8                   (partselect       ) [ 00101]
tmp_9                   (partselect       ) [ 00101]
tmp_10                  (partselect       ) [ 00101]
tmp_11                  (partselect       ) [ 00101]
tmp_12                  (partselect       ) [ 00101]
tmp_13                  (partselect       ) [ 00101]
tmp_15                  (partselect       ) [ 00101]
acc_V_9_014             (phi              ) [ 00111]
acc_V_8_013             (phi              ) [ 00111]
acc_V_7_012             (phi              ) [ 00111]
acc_V_6_011             (phi              ) [ 00111]
acc_V_5_010             (phi              ) [ 00111]
acc_V_4_09              (phi              ) [ 00111]
acc_V_3_08              (phi              ) [ 00111]
acc_V_2_07              (phi              ) [ 00111]
acc_V_1_06              (phi              ) [ 00111]
acc_V_0_05              (phi              ) [ 00111]
specloopname_ln46       (specloopname     ) [ 00000]
tmp_s                   (specregionbegin  ) [ 00000]
specpipeline_ln47       (specpipeline     ) [ 00000]
zext_ln1116             (zext             ) [ 00000]
sext_ln1118             (sext             ) [ 00000]
mul_ln1118              (mul              ) [ 00000]
trunc_ln                (partselect       ) [ 00000]
sext_ln708              (sext             ) [ 00000]
trunc_ln703_s           (partselect       ) [ 00000]
trunc_ln703             (trunc            ) [ 00000]
acc_0_V                 (add              ) [ 01111]
add_ln703_6             (add              ) [ 00000]
sext_ln1118_1           (sext             ) [ 00000]
mul_ln1118_5            (mul              ) [ 00000]
trunc_ln708_s           (partselect       ) [ 00000]
sext_ln708_5            (sext             ) [ 00000]
trunc_ln3               (partselect       ) [ 00000]
trunc_ln703_7           (trunc            ) [ 00000]
acc_1_V                 (add              ) [ 01111]
add_ln703_7             (add              ) [ 00000]
sext_ln1118_2           (sext             ) [ 00000]
mul_ln1118_6            (mul              ) [ 00000]
trunc_ln708_17          (partselect       ) [ 00000]
sext_ln708_6            (sext             ) [ 00000]
trunc_ln703_6           (partselect       ) [ 00000]
trunc_ln703_9           (trunc            ) [ 00000]
acc_2_V                 (add              ) [ 01111]
add_ln703_8             (add              ) [ 00000]
sext_ln1118_3           (sext             ) [ 00000]
mul_ln1118_7            (mul              ) [ 00000]
trunc_ln708_18          (partselect       ) [ 00000]
sext_ln708_7            (sext             ) [ 00000]
trunc_ln703_8           (partselect       ) [ 00000]
trunc_ln703_11          (trunc            ) [ 00000]
acc_3_V                 (add              ) [ 01111]
add_ln703_9             (add              ) [ 00000]
sext_ln1118_4           (sext             ) [ 00000]
mul_ln1118_8            (mul              ) [ 00000]
trunc_ln708_19          (partselect       ) [ 00000]
sext_ln708_8            (sext             ) [ 00000]
trunc_ln703_1           (partselect       ) [ 00000]
trunc_ln703_13          (trunc            ) [ 00000]
acc_4_V                 (add              ) [ 01111]
add_ln703_10            (add              ) [ 00000]
sext_ln1118_5           (sext             ) [ 00000]
mul_ln1118_9            (mul              ) [ 00000]
trunc_ln708_20          (partselect       ) [ 00000]
sext_ln708_9            (sext             ) [ 00000]
trunc_ln703_2           (partselect       ) [ 00000]
trunc_ln703_15          (trunc            ) [ 00000]
acc_5_V                 (add              ) [ 01111]
add_ln703_11            (add              ) [ 00000]
sext_ln1118_6           (sext             ) [ 00000]
mul_ln1118_10           (mul              ) [ 00000]
trunc_ln708_21          (partselect       ) [ 00000]
sext_ln708_10           (sext             ) [ 00000]
trunc_ln703_3           (partselect       ) [ 00000]
trunc_ln703_17          (trunc            ) [ 00000]
acc_6_V                 (add              ) [ 01111]
add_ln703_12            (add              ) [ 00000]
sext_ln1118_7           (sext             ) [ 00000]
mul_ln1118_11           (mul              ) [ 00000]
trunc_ln708_22          (partselect       ) [ 00000]
sext_ln708_11           (sext             ) [ 00000]
trunc_ln703_4           (partselect       ) [ 00000]
trunc_ln703_19          (trunc            ) [ 00000]
acc_7_V                 (add              ) [ 01111]
add_ln703_13            (add              ) [ 00000]
sext_ln1118_8           (sext             ) [ 00000]
mul_ln1118_12           (mul              ) [ 00000]
trunc_ln708_23          (partselect       ) [ 00000]
sext_ln708_12           (sext             ) [ 00000]
trunc_ln703_5           (partselect       ) [ 00000]
trunc_ln703_21          (trunc            ) [ 00000]
acc_8_V                 (add              ) [ 01111]
add_ln703_14            (add              ) [ 00000]
zext_ln1118             (zext             ) [ 00000]
sext_ln1118_9           (sext             ) [ 00000]
mul_ln1118_13           (mul              ) [ 00000]
trunc_ln708_24          (partselect       ) [ 00000]
sext_ln708_13           (sext             ) [ 00000]
trunc_ln703_10          (partselect       ) [ 00000]
trunc_ln703_22          (trunc            ) [ 00000]
acc_9_V                 (add              ) [ 01111]
add_ln703_15            (add              ) [ 00000]
empty                   (specregionend    ) [ 00000]
trunc_ln4               (partselect       ) [ 00000]
trunc_ln46_5            (partselect       ) [ 00000]
trunc_ln46_6            (partselect       ) [ 00000]
trunc_ln46_7            (partselect       ) [ 00000]
trunc_ln46_8            (partselect       ) [ 00000]
trunc_ln46_9            (partselect       ) [ 00000]
trunc_ln46_s            (partselect       ) [ 00000]
trunc_ln46_1            (partselect       ) [ 00000]
trunc_ln46_2            (partselect       ) [ 00000]
trunc_ln46_3            (partselect       ) [ 00000]
empty_227               (speclooptripcount) [ 00000]
mrv                     (insertvalue      ) [ 00000]
mrv_1                   (insertvalue      ) [ 00000]
mrv_2                   (insertvalue      ) [ 00000]
mrv_3                   (insertvalue      ) [ 00000]
mrv_4                   (insertvalue      ) [ 00000]
mrv_5                   (insertvalue      ) [ 00000]
mrv_6                   (insertvalue      ) [ 00000]
mrv_7                   (insertvalue      ) [ 00000]
mrv_8                   (insertvalue      ) [ 00000]
mrv_9                   (insertvalue      ) [ 00000]
return_ln21             (return           ) [ 00000]
</LifeTime>

<model>

<comp_list>
<comp id="0" class="1000" name="data_0_V_read">
<pin_list>
<pin id="1" dir="1" index="0" bw="1" slack="0"/>
</pin_list>
<bind>
<StgValue><ssdm name="data_0_V_read"/></StgValue>
</bind>
</comp>

<comp id="2" class="1000" name="data_1_V_read">
<pin_list>
<pin id="3" dir="1" index="0" bw="1" slack="0"/>
</pin_list>
<bind>
<StgValue><ssdm name="data_1_V_read"/></StgValue>
</bind>
</comp>

<comp id="4" class="1000" name="data_2_V_read">
<pin_list>
<pin id="5" dir="1" index="0" bw="1" slack="0"/>
</pin_list>
<bind>
<StgValue><ssdm name="data_2_V_read"/></StgValue>
</bind>
</comp>

<comp id="6" class="1000" name="data_3_V_read">
<pin_list>
<pin id="7" dir="1" index="0" bw="1" slack="0"/>
</pin_list>
<bind>
<StgValue><ssdm name="data_3_V_read"/></StgValue>
</bind>
</comp>

<comp id="8" class="1000" name="data_4_V_read">
<pin_list>
<pin id="9" dir="1" index="0" bw="1" slack="0"/>
</pin_list>
<bind>
<StgValue><ssdm name="data_4_V_read"/></StgValue>
</bind>
</comp>

<comp id="10" class="1000" name="data_5_V_read">
<pin_list>
<pin id="11" dir="1" index="0" bw="1" slack="0"/>
</pin_list>
<bind>
<StgValue><ssdm name="data_5_V_read"/></StgValue>
</bind>
</comp>

<comp id="12" class="1000" name="data_6_V_read">
<pin_list>
<pin id="13" dir="1" index="0" bw="1" slack="0"/>
</pin_list>
<bind>
<StgValue><ssdm name="data_6_V_read"/></StgValue>
</bind>
</comp>

<comp id="14" class="1000" name="data_7_V_read">
<pin_list>
<pin id="15" dir="1" index="0" bw="1" slack="0"/>
</pin_list>
<bind>
<StgValue><ssdm name="data_7_V_read"/></StgValue>
</bind>
</comp>

<comp id="16" class="1000" name="data_8_V_read">
<pin_list>
<pin id="17" dir="1" index="0" bw="1" slack="0"/>
</pin_list>
<bind>
<StgValue><ssdm name="data_8_V_read"/></StgValue>
</bind>
</comp>

<comp id="18" class="1000" name="data_9_V_read">
<pin_list>
<pin id="19" dir="1" index="0" bw="1" slack="0"/>
</pin_list>
<bind>
<StgValue><ssdm name="data_9_V_read"/></StgValue>
</bind>
</comp>

<comp id="20" class="1000" name="data_10_V_read">
<pin_list>
<pin id="21" dir="1" index="0" bw="1" slack="0"/>
</pin_list>
<bind>
<StgValue><ssdm name="data_10_V_read"/></StgValue>
</bind>
</comp>

<comp id="22" class="1000" name="data_11_V_read">
<pin_list>
<pin id="23" dir="1" index="0" bw="1" slack="0"/>
</pin_list>
<bind>
<StgValue><ssdm name="data_11_V_read"/></StgValue>
</bind>
</comp>

<comp id="24" class="1000" name="data_12_V_read">
<pin_list>
<pin id="25" dir="1" index="0" bw="1" slack="0"/>
</pin_list>
<bind>
<StgValue><ssdm name="data_12_V_read"/></StgValue>
</bind>
</comp>

<comp id="26" class="1000" name="data_13_V_read">
<pin_list>
<pin id="27" dir="1" index="0" bw="1" slack="0"/>
</pin_list>
<bind>
<StgValue><ssdm name="data_13_V_read"/></StgValue>
</bind>
</comp>

<comp id="28" class="1000" name="data_14_V_read">
<pin_list>
<pin id="29" dir="1" index="0" bw="1" slack="0"/>
</pin_list>
<bind>
<StgValue><ssdm name="data_14_V_read"/></StgValue>
</bind>
</comp>

<comp id="30" class="1000" name="w18_V">
<pin_list>
<pin id="31" dir="1" index="0" bw="1" slack="0"/>
</pin_list>
<bind>
<StgValue><ssdm name="w18_V"/><MemPortTyVec>1 </MemPortTyVec>
</StgValue>
</bind>
</comp>

<comp id="32" class="1001" name="const_32">
<pin_list>
<pin id="33" dir="1" index="0" bw="1" slack="2147483647"/>
</pin_list>
<bind>
<StgValue><ssdm name="_ssdm_op_SpecRegionBegin"/></StgValue>
</bind>
</comp>

<comp id="34" class="1001" name="const_34">
<pin_list>
<pin id="35" dir="1" index="0" bw="1" slack="2147483647"/>
</pin_list>
<bind>
<StgValue><ssdm name="p_str60"/></StgValue>
</bind>
</comp>

<comp id="36" class="1001" name="const_36">
<pin_list>
<pin id="37" dir="1" index="0" bw="1" slack="0"/>
</pin_list>
<bind>
<StgValue><ssdm name=""/></StgValue>
</bind>
</comp>

<comp id="38" class="1001" name="const_38">
<pin_list>
<pin id="39" dir="1" index="0" bw="1" slack="0"/>
</pin_list>
<bind>
<StgValue><ssdm name=""/></StgValue>
</bind>
</comp>

<comp id="40" class="1001" name="const_40">
<pin_list>
<pin id="41" dir="1" index="0" bw="1" slack="0"/>
</pin_list>
<bind>
<StgValue><ssdm name=""/></StgValue>
</bind>
</comp>

<comp id="42" class="1001" name="const_42">
<pin_list>
<pin id="43" dir="1" index="0" bw="1" slack="0"/>
</pin_list>
<bind>
<StgValue><ssdm name="_ssdm_op_Read.ap_auto.i8"/></StgValue>
</bind>
</comp>

<comp id="44" class="1001" name="const_44">
<pin_list>
<pin id="45" dir="1" index="0" bw="1" slack="2147483647"/>
</pin_list>
<bind>
<StgValue><ssdm name="_ssdm_op_SpecMemCore"/></StgValue>
</bind>
</comp>

<comp id="46" class="1001" name="const_46">
<pin_list>
<pin id="47" dir="1" index="0" bw="1" slack="2147483647"/>
</pin_list>
<bind>
<StgValue><ssdm name="p_str17"/></StgValue>
</bind>
</comp>

<comp id="48" class="1001" name="const_48">
<pin_list>
<pin id="49" dir="1" index="0" bw="1" slack="2147483647"/>
</pin_list>
<bind>
<StgValue><ssdm name="p_str50"/></StgValue>
</bind>
</comp>

<comp id="50" class="1001" name="const_50">
<pin_list>
<pin id="51" dir="1" index="0" bw="1" slack="2147483647"/>
</pin_list>
<bind>
<StgValue><ssdm name=""/></StgValue>
</bind>
</comp>

<comp id="52" class="1001" name="const_52">
<pin_list>
<pin id="53" dir="1" index="0" bw="1" slack="2147483647"/>
</pin_list>
<bind>
<StgValue><ssdm name="_ssdm_op_SpecRegionEnd"/></StgValue>
</bind>
</comp>

<comp id="54" class="1001" name="const_54">
<pin_list>
<pin id="55" dir="1" index="0" bw="1" slack="0"/>
</pin_list>
<bind>
<StgValue><ssdm name=""/></StgValue>
</bind>
</comp>

<comp id="56" class="1001" name="const_56">
<pin_list>
<pin id="57" dir="1" index="0" bw="1" slack="0"/>
</pin_list>
<bind>
<StgValue><ssdm name=""/></StgValue>
</bind>
</comp>

<comp id="58" class="1001" name="const_58">
<pin_list>
<pin id="59" dir="1" index="0" bw="1" slack="0"/>
</pin_list>
<bind>
<StgValue><ssdm name=""/></StgValue>
</bind>
</comp>

<comp id="60" class="1001" name="const_60">
<pin_list>
<pin id="61" dir="1" index="0" bw="1" slack="1"/>
</pin_list>
<bind>
<StgValue><ssdm name=""/></StgValue>
</bind>
</comp>

<comp id="62" class="1001" name="const_62">
<pin_list>
<pin id="63" dir="1" index="0" bw="1" slack="0"/>
</pin_list>
<bind>
<StgValue><ssdm name="_ssdm_op_Mux.ap_auto.15i8.i4"/></StgValue>
</bind>
</comp>

<comp id="64" class="1001" name="const_64">
<pin_list>
<pin id="65" dir="1" index="0" bw="1" slack="0"/>
</pin_list>
<bind>
<StgValue><ssdm name="_ssdm_op_PartSelect.i8.i78.i32.i32"/></StgValue>
</bind>
</comp>

<comp id="66" class="1001" name="const_66">
<pin_list>
<pin id="67" dir="1" index="0" bw="1" slack="0"/>
</pin_list>
<bind>
<StgValue><ssdm name=""/></StgValue>
</bind>
</comp>

<comp id="68" class="1001" name="const_68">
<pin_list>
<pin id="69" dir="1" index="0" bw="1" slack="0"/>
</pin_list>
<bind>
<StgValue><ssdm name=""/></StgValue>
</bind>
</comp>

<comp id="70" class="1001" name="const_70">
<pin_list>
<pin id="71" dir="1" index="0" bw="1" slack="0"/>
</pin_list>
<bind>
<StgValue><ssdm name=""/></StgValue>
</bind>
</comp>

<comp id="72" class="1001" name="const_72">
<pin_list>
<pin id="73" dir="1" index="0" bw="1" slack="0"/>
</pin_list>
<bind>
<StgValue><ssdm name=""/></StgValue>
</bind>
</comp>

<comp id="74" class="1001" name="const_74">
<pin_list>
<pin id="75" dir="1" index="0" bw="1" slack="0"/>
</pin_list>
<bind>
<StgValue><ssdm name=""/></StgValue>
</bind>
</comp>

<comp id="76" class="1001" name="const_76">
<pin_list>
<pin id="77" dir="1" index="0" bw="1" slack="0"/>
</pin_list>
<bind>
<StgValue><ssdm name=""/></StgValue>
</bind>
</comp>

<comp id="78" class="1001" name="const_78">
<pin_list>
<pin id="79" dir="1" index="0" bw="1" slack="0"/>
</pin_list>
<bind>
<StgValue><ssdm name=""/></StgValue>
</bind>
</comp>

<comp id="80" class="1001" name="const_80">
<pin_list>
<pin id="81" dir="1" index="0" bw="1" slack="0"/>
</pin_list>
<bind>
<StgValue><ssdm name=""/></StgValue>
</bind>
</comp>

<comp id="82" class="1001" name="const_82">
<pin_list>
<pin id="83" dir="1" index="0" bw="1" slack="0"/>
</pin_list>
<bind>
<StgValue><ssdm name=""/></StgValue>
</bind>
</comp>

<comp id="84" class="1001" name="const_84">
<pin_list>
<pin id="85" dir="1" index="0" bw="1" slack="0"/>
</pin_list>
<bind>
<StgValue><ssdm name=""/></StgValue>
</bind>
</comp>

<comp id="86" class="1001" name="const_86">
<pin_list>
<pin id="87" dir="1" index="0" bw="1" slack="0"/>
</pin_list>
<bind>
<StgValue><ssdm name=""/></StgValue>
</bind>
</comp>

<comp id="88" class="1001" name="const_88">
<pin_list>
<pin id="89" dir="1" index="0" bw="1" slack="0"/>
</pin_list>
<bind>
<StgValue><ssdm name=""/></StgValue>
</bind>
</comp>

<comp id="90" class="1001" name="const_90">
<pin_list>
<pin id="91" dir="1" index="0" bw="1" slack="0"/>
</pin_list>
<bind>
<StgValue><ssdm name=""/></StgValue>
</bind>
</comp>

<comp id="92" class="1001" name="const_92">
<pin_list>
<pin id="93" dir="1" index="0" bw="1" slack="0"/>
</pin_list>
<bind>
<StgValue><ssdm name=""/></StgValue>
</bind>
</comp>

<comp id="94" class="1001" name="const_94">
<pin_list>
<pin id="95" dir="1" index="0" bw="1" slack="0"/>
</pin_list>
<bind>
<StgValue><ssdm name=""/></StgValue>
</bind>
</comp>

<comp id="96" class="1001" name="const_96">
<pin_list>
<pin id="97" dir="1" index="0" bw="1" slack="0"/>
</pin_list>
<bind>
<StgValue><ssdm name=""/></StgValue>
</bind>
</comp>

<comp id="98" class="1001" name="const_98">
<pin_list>
<pin id="99" dir="1" index="0" bw="1" slack="0"/>
</pin_list>
<bind>
<StgValue><ssdm name="_ssdm_op_PartSelect.i6.i78.i32.i32"/></StgValue>
</bind>
</comp>

<comp id="100" class="1001" name="const_100">
<pin_list>
<pin id="101" dir="1" index="0" bw="1" slack="0"/>
</pin_list>
<bind>
<StgValue><ssdm name=""/></StgValue>
</bind>
</comp>

<comp id="102" class="1001" name="const_102">
<pin_list>
<pin id="103" dir="1" index="0" bw="1" slack="0"/>
</pin_list>
<bind>
<StgValue><ssdm name=""/></StgValue>
</bind>
</comp>

<comp id="104" class="1001" name="const_104">
<pin_list>
<pin id="105" dir="1" index="0" bw="1" slack="2"/>
</pin_list>
<bind>
<StgValue><ssdm name=""/></StgValue>
</bind>
</comp>

<comp id="106" class="1001" name="const_106">
<pin_list>
<pin id="107" dir="1" index="0" bw="1" slack="2147483647"/>
</pin_list>
<bind>
<StgValue><ssdm name="_ssdm_op_SpecLoopName"/></StgValue>
</bind>
</comp>

<comp id="108" class="1001" name="const_108">
<pin_list>
<pin id="109" dir="1" index="0" bw="1" slack="2147483647"/>
</pin_list>
<bind>
<StgValue><ssdm name="p_str52"/></StgValue>
</bind>
</comp>

<comp id="110" class="1001" name="const_110">
<pin_list>
<pin id="111" dir="1" index="0" bw="1" slack="2147483647"/>
</pin_list>
<bind>
<StgValue><ssdm name="_ssdm_op_SpecPipeline"/></StgValue>
</bind>
</comp>

<comp id="112" class="1001" name="const_112">
<pin_list>
<pin id="113" dir="1" index="0" bw="1" slack="0"/>
</pin_list>
<bind>
<StgValue><ssdm name=""/></StgValue>
</bind>
</comp>

<comp id="114" class="1001" name="const_114">
<pin_list>
<pin id="115" dir="1" index="0" bw="1" slack="2147483647"/>
</pin_list>
<bind>
<StgValue><ssdm name=""/></StgValue>
</bind>
</comp>

<comp id="116" class="1001" name="const_116">
<pin_list>
<pin id="117" dir="1" index="0" bw="1" slack="0"/>
</pin_list>
<bind>
<StgValue><ssdm name="_ssdm_op_PartSelect.i15.i16.i32.i32"/></StgValue>
</bind>
</comp>

<comp id="118" class="1001" name="const_118">
<pin_list>
<pin id="119" dir="1" index="0" bw="1" slack="0"/>
</pin_list>
<bind>
<StgValue><ssdm name="_ssdm_op_PartSelect.i12.i16.i32.i32"/></StgValue>
</bind>
</comp>

<comp id="120" class="1001" name="const_120">
<pin_list>
<pin id="121" dir="1" index="0" bw="1" slack="0"/>
</pin_list>
<bind>
<StgValue><ssdm name=""/></StgValue>
</bind>
</comp>

<comp id="122" class="1001" name="const_122">
<pin_list>
<pin id="123" dir="1" index="0" bw="1" slack="0"/>
</pin_list>
<bind>
<StgValue><ssdm name="_ssdm_op_PartSelect.i13.i14.i32.i32"/></StgValue>
</bind>
</comp>

<comp id="124" class="1001" name="const_124">
<pin_list>
<pin id="125" dir="1" index="0" bw="1" slack="0"/>
</pin_list>
<bind>
<StgValue><ssdm name=""/></StgValue>
</bind>
</comp>

<comp id="126" class="1001" name="const_126">
<pin_list>
<pin id="127" dir="1" index="0" bw="1" slack="0"/>
</pin_list>
<bind>
<StgValue><ssdm name="_ssdm_op_PartSelect.i12.i14.i32.i32"/></StgValue>
</bind>
</comp>

<comp id="128" class="1001" name="const_128">
<pin_list>
<pin id="129" dir="1" index="0" bw="1" slack="0"/>
</pin_list>
<bind>
<StgValue><ssdm name="_ssdm_op_PartSelect.i8.i12.i32.i32"/></StgValue>
</bind>
</comp>

<comp id="130" class="1001" name="const_130">
<pin_list>
<pin id="131" dir="1" index="0" bw="1" slack="0"/>
</pin_list>
<bind>
<StgValue><ssdm name=""/></StgValue>
</bind>
</comp>

<comp id="132" class="1001" name="const_132">
<pin_list>
<pin id="133" dir="1" index="0" bw="1" slack="0"/>
</pin_list>
<bind>
<StgValue><ssdm name=""/></StgValue>
</bind>
</comp>

<comp id="134" class="1001" name="const_134">
<pin_list>
<pin id="135" dir="1" index="0" bw="1" slack="2147483647"/>
</pin_list>
<bind>
<StgValue><ssdm name="_ssdm_op_SpecLoopTripCount"/></StgValue>
</bind>
</comp>

<comp id="136" class="1001" name="const_136">
<pin_list>
<pin id="137" dir="1" index="0" bw="1" slack="2147483647"/>
</pin_list>
<bind>
<StgValue><ssdm name=""/></StgValue>
</bind>
</comp>

<comp id="138" class="1001" name="const_138">
<pin_list>
<pin id="139" dir="1" index="0" bw="1" slack="0"/>
</pin_list>
<bind>
<StgValue><ssdm name=""/></StgValue>
</bind>
</comp>

<comp id="140" class="1004" name="data_14_V_read_1_read_fu_140">
<pin_list>
<pin id="141" dir="0" index="0" bw="8" slack="0"/>
<pin id="142" dir="0" index="1" bw="8" slack="0"/>
<pin id="143" dir="1" index="2" bw="8" slack="1"/>
</pin_list>
<bind>
<opcode="read(1150) " fcode="read"/>
<opset="data_14_V_read_1/2 "/>
</bind>
</comp>

<comp id="146" class="1004" name="data_13_V_read_1_read_fu_146">
<pin_list>
<pin id="147" dir="0" index="0" bw="8" slack="0"/>
<pin id="148" dir="0" index="1" bw="8" slack="0"/>
<pin id="149" dir="1" index="2" bw="8" slack="1"/>
</pin_list>
<bind>
<opcode="read(1150) " fcode="read"/>
<opset="data_13_V_read_1/2 "/>
</bind>
</comp>

<comp id="152" class="1004" name="data_12_V_read_1_read_fu_152">
<pin_list>
<pin id="153" dir="0" index="0" bw="8" slack="0"/>
<pin id="154" dir="0" index="1" bw="8" slack="0"/>
<pin id="155" dir="1" index="2" bw="8" slack="1"/>
</pin_list>
<bind>
<opcode="read(1150) " fcode="read"/>
<opset="data_12_V_read_1/2 "/>
</bind>
</comp>

<comp id="158" class="1004" name="data_11_V_read_1_read_fu_158">
<pin_list>
<pin id="159" dir="0" index="0" bw="8" slack="0"/>
<pin id="160" dir="0" index="1" bw="8" slack="0"/>
<pin id="161" dir="1" index="2" bw="8" slack="1"/>
</pin_list>
<bind>
<opcode="read(1150) " fcode="read"/>
<opset="data_11_V_read_1/2 "/>
</bind>
</comp>

<comp id="164" class="1004" name="data_10_V_read_1_read_fu_164">
<pin_list>
<pin id="165" dir="0" index="0" bw="8" slack="0"/>
<pin id="166" dir="0" index="1" bw="8" slack="0"/>
<pin id="167" dir="1" index="2" bw="8" slack="1"/>
</pin_list>
<bind>
<opcode="read(1150) " fcode="read"/>
<opset="data_10_V_read_1/2 "/>
</bind>
</comp>

<comp id="170" class="1004" name="data_9_V_read_2_read_fu_170">
<pin_list>
<pin id="171" dir="0" index="0" bw="8" slack="0"/>
<pin id="172" dir="0" index="1" bw="8" slack="0"/>
<pin id="173" dir="1" index="2" bw="8" slack="1"/>
</pin_list>
<bind>
<opcode="read(1150) " fcode="read"/>
<opset="data_9_V_read_2/2 "/>
</bind>
</comp>

<comp id="176" class="1004" name="data_8_V_read_2_read_fu_176">
<pin_list>
<pin id="177" dir="0" index="0" bw="8" slack="0"/>
<pin id="178" dir="0" index="1" bw="8" slack="0"/>
<pin id="179" dir="1" index="2" bw="8" slack="1"/>
</pin_list>
<bind>
<opcode="read(1150) " fcode="read"/>
<opset="data_8_V_read_2/2 "/>
</bind>
</comp>

<comp id="182" class="1004" name="data_7_V_read_2_read_fu_182">
<pin_list>
<pin id="183" dir="0" index="0" bw="8" slack="0"/>
<pin id="184" dir="0" index="1" bw="8" slack="0"/>
<pin id="185" dir="1" index="2" bw="8" slack="1"/>
</pin_list>
<bind>
<opcode="read(1150) " fcode="read"/>
<opset="data_7_V_read_2/2 "/>
</bind>
</comp>

<comp id="188" class="1004" name="data_6_V_read_2_read_fu_188">
<pin_list>
<pin id="189" dir="0" index="0" bw="8" slack="0"/>
<pin id="190" dir="0" index="1" bw="8" slack="0"/>
<pin id="191" dir="1" index="2" bw="8" slack="1"/>
</pin_list>
<bind>
<opcode="read(1150) " fcode="read"/>
<opset="data_6_V_read_2/2 "/>
</bind>
</comp>

<comp id="194" class="1004" name="data_5_V_read31_read_fu_194">
<pin_list>
<pin id="195" dir="0" index="0" bw="8" slack="0"/>
<pin id="196" dir="0" index="1" bw="8" slack="0"/>
<pin id="197" dir="1" index="2" bw="8" slack="1"/>
</pin_list>
<bind>
<opcode="read(1150) " fcode="read"/>
<opset="data_5_V_read31/2 "/>
</bind>
</comp>

<comp id="200" class="1004" name="data_4_V_read_2_read_fu_200">
<pin_list>
<pin id="201" dir="0" index="0" bw="8" slack="0"/>
<pin id="202" dir="0" index="1" bw="8" slack="0"/>
<pin id="203" dir="1" index="2" bw="8" slack="1"/>
</pin_list>
<bind>
<opcode="read(1150) " fcode="read"/>
<opset="data_4_V_read_2/2 "/>
</bind>
</comp>

<comp id="206" class="1004" name="data_3_V_read_2_read_fu_206">
<pin_list>
<pin id="207" dir="0" index="0" bw="8" slack="0"/>
<pin id="208" dir="0" index="1" bw="8" slack="0"/>
<pin id="209" dir="1" index="2" bw="8" slack="1"/>
</pin_list>
<bind>
<opcode="read(1150) " fcode="read"/>
<opset="data_3_V_read_2/2 "/>
</bind>
</comp>

<comp id="212" class="1004" name="data_2_V_read_2_read_fu_212">
<pin_list>
<pin id="213" dir="0" index="0" bw="8" slack="0"/>
<pin id="214" dir="0" index="1" bw="8" slack="0"/>
<pin id="215" dir="1" index="2" bw="8" slack="1"/>
</pin_list>
<bind>
<opcode="read(1150) " fcode="read"/>
<opset="data_2_V_read_2/2 "/>
</bind>
</comp>

<comp id="218" class="1004" name="data_1_V_read_2_read_fu_218">
<pin_list>
<pin id="219" dir="0" index="0" bw="8" slack="0"/>
<pin id="220" dir="0" index="1" bw="8" slack="0"/>
<pin id="221" dir="1" index="2" bw="8" slack="1"/>
</pin_list>
<bind>
<opcode="read(1150) " fcode="read"/>
<opset="data_1_V_read_2/2 "/>
</bind>
</comp>

<comp id="224" class="1004" name="data_0_V_read_2_read_fu_224">
<pin_list>
<pin id="225" dir="0" index="0" bw="8" slack="0"/>
<pin id="226" dir="0" index="1" bw="8" slack="0"/>
<pin id="227" dir="1" index="2" bw="8" slack="1"/>
</pin_list>
<bind>
<opcode="read(1150) " fcode="read"/>
<opset="data_0_V_read_2/2 "/>
</bind>
</comp>

<comp id="230" class="1004" name="w18_V_addr_gep_fu_230">
<pin_list>
<pin id="231" dir="0" index="0" bw="78" slack="0"/>
<pin id="232" dir="0" index="1" bw="1" slack="0"/>
<pin id="233" dir="0" index="2" bw="4" slack="0"/>
<pin id="234" dir="1" index="3" bw="4" slack="0"/>
</pin_list>
<bind>
<opcode="getelementptr(29) " fcode="getelementptr"/>
<opset="w18_V_addr/2 "/>
</bind>
</comp>

<comp id="237" class="1004" name="grp_access_fu_237">
<pin_list>
<pin id="238" dir="0" index="0" bw="4" slack="0"/>
<pin id="239" dir="0" index="1" bw="78" slack="2147483647"/>
<pin id="240" dir="0" index="2" bw="0" slack="2147483647"/>
<pin id="241" dir="1" index="3" bw="78" slack="0"/>
</pin_list>
<bind>
<opcode="load(27) " fcode="load"/>
<opset="w18_V_load/2 "/>
</bind>
</comp>

<comp id="243" class="1005" name="do_init_reg_243">
<pin_list>
<pin id="244" dir="0" index="0" bw="1" slack="1"/>
<pin id="245" dir="1" index="1" bw="1" slack="1"/>
</pin_list>
<bind>
<opset="do_init (phireg) "/>
</bind>
</comp>

<comp id="247" class="1004" name="do_init_phi_fu_247">
<pin_list>
<pin id="248" dir="0" index="0" bw="1" slack="1"/>
<pin id="249" dir="0" index="1" bw="0" slack="2147483647"/>
<pin id="250" dir="0" index="2" bw="1" slack="0"/>
<pin id="251" dir="0" index="3" bw="0" slack="2147483647"/>
<pin id="252" dir="0" index="4" bw="1" slack="0"/>
<pin id="253" dir="0" index="5" bw="0" slack="2147483647"/>
<pin id="254" dir="1" index="6" bw="1" slack="1"/>
</pin_list>
<bind>
<opcode="phi(47) " fcode="phi"/>
<opset="do_init/2 "/>
</bind>
</comp>

<comp id="259" class="1005" name="w_index25_reg_259">
<pin_list>
<pin id="260" dir="0" index="0" bw="4" slack="1"/>
<pin id="261" dir="1" index="1" bw="4" slack="1"/>
</pin_list>
<bind>
<opset="w_index25 (phireg) "/>
</bind>
</comp>

<comp id="263" class="1004" name="w_index25_phi_fu_263">
<pin_list>
<pin id="264" dir="0" index="0" bw="1" slack="1"/>
<pin id="265" dir="0" index="1" bw="0" slack="2147483647"/>
<pin id="266" dir="0" index="2" bw="4" slack="0"/>
<pin id="267" dir="0" index="3" bw="0" slack="2147483647"/>
<pin id="268" dir="0" index="4" bw="1" slack="0"/>
<pin id="269" dir="0" index="5" bw="0" slack="2147483647"/>
<pin id="270" dir="1" index="6" bw="4" slack="0"/>
</pin_list>
<bind>
<opcode="phi(47) " fcode="phi"/>
<opset="w_index25/2 "/>
</bind>
</comp>

<comp id="274" class="1005" name="data_0_V_read26_rewind_reg_274">
<pin_list>
<pin id="275" dir="0" index="0" bw="8" slack="1"/>
<pin id="276" dir="1" index="1" bw="8" slack="1"/>
</pin_list>
<bind>
<opset="data_0_V_read26_rewind (phireg) "/>
</bind>
</comp>

<comp id="278" class="1004" name="data_0_V_read26_rewind_phi_fu_278">
<pin_list>
<pin id="279" dir="0" index="0" bw="1" slack="2"/>
<pin id="280" dir="0" index="1" bw="0" slack="2147483647"/>
<pin id="281" dir="0" index="2" bw="8" slack="0"/>
<pin id="282" dir="0" index="3" bw="0" slack="2147483647"/>
<pin id="283" dir="0" index="4" bw="1" slack="1"/>
<pin id="284" dir="0" index="5" bw="0" slack="2147483647"/>
<pin id="285" dir="1" index="6" bw="8" slack="0"/>
</pin_list>
<bind>
<opcode="phi(47) " fcode="phi"/>
<opset="data_0_V_read26_rewind/3 "/>
</bind>
</comp>

<comp id="288" class="1005" name="data_1_V_read27_rewind_reg_288">
<pin_list>
<pin id="289" dir="0" index="0" bw="8" slack="1"/>
<pin id="290" dir="1" index="1" bw="8" slack="1"/>
</pin_list>
<bind>
<opset="data_1_V_read27_rewind (phireg) "/>
</bind>
</comp>

<comp id="292" class="1004" name="data_1_V_read27_rewind_phi_fu_292">
<pin_list>
<pin id="293" dir="0" index="0" bw="1" slack="2"/>
<pin id="294" dir="0" index="1" bw="0" slack="2147483647"/>
<pin id="295" dir="0" index="2" bw="8" slack="0"/>
<pin id="296" dir="0" index="3" bw="0" slack="2147483647"/>
<pin id="297" dir="0" index="4" bw="1" slack="1"/>
<pin id="298" dir="0" index="5" bw="0" slack="2147483647"/>
<pin id="299" dir="1" index="6" bw="8" slack="0"/>
</pin_list>
<bind>
<opcode="phi(47) " fcode="phi"/>
<opset="data_1_V_read27_rewind/3 "/>
</bind>
</comp>

<comp id="302" class="1005" name="data_2_V_read28_rewind_reg_302">
<pin_list>
<pin id="303" dir="0" index="0" bw="8" slack="1"/>
<pin id="304" dir="1" index="1" bw="8" slack="1"/>
</pin_list>
<bind>
<opset="data_2_V_read28_rewind (phireg) "/>
</bind>
</comp>

<comp id="306" class="1004" name="data_2_V_read28_rewind_phi_fu_306">
<pin_list>
<pin id="307" dir="0" index="0" bw="1" slack="2"/>
<pin id="308" dir="0" index="1" bw="0" slack="2147483647"/>
<pin id="309" dir="0" index="2" bw="8" slack="0"/>
<pin id="310" dir="0" index="3" bw="0" slack="2147483647"/>
<pin id="311" dir="0" index="4" bw="1" slack="1"/>
<pin id="312" dir="0" index="5" bw="0" slack="2147483647"/>
<pin id="313" dir="1" index="6" bw="8" slack="0"/>
</pin_list>
<bind>
<opcode="phi(47) " fcode="phi"/>
<opset="data_2_V_read28_rewind/3 "/>
</bind>
</comp>

<comp id="316" class="1005" name="data_3_V_read29_rewind_reg_316">
<pin_list>
<pin id="317" dir="0" index="0" bw="8" slack="1"/>
<pin id="318" dir="1" index="1" bw="8" slack="1"/>
</pin_list>
<bind>
<opset="data_3_V_read29_rewind (phireg) "/>
</bind>
</comp>

<comp id="320" class="1004" name="data_3_V_read29_rewind_phi_fu_320">
<pin_list>
<pin id="321" dir="0" index="0" bw="1" slack="2"/>
<pin id="322" dir="0" index="1" bw="0" slack="2147483647"/>
<pin id="323" dir="0" index="2" bw="8" slack="0"/>
<pin id="324" dir="0" index="3" bw="0" slack="2147483647"/>
<pin id="325" dir="0" index="4" bw="1" slack="1"/>
<pin id="326" dir="0" index="5" bw="0" slack="2147483647"/>
<pin id="327" dir="1" index="6" bw="8" slack="0"/>
</pin_list>
<bind>
<opcode="phi(47) " fcode="phi"/>
<opset="data_3_V_read29_rewind/3 "/>
</bind>
</comp>

<comp id="330" class="1005" name="data_4_V_read30_rewind_reg_330">
<pin_list>
<pin id="331" dir="0" index="0" bw="8" slack="1"/>
<pin id="332" dir="1" index="1" bw="8" slack="1"/>
</pin_list>
<bind>
<opset="data_4_V_read30_rewind (phireg) "/>
</bind>
</comp>

<comp id="334" class="1004" name="data_4_V_read30_rewind_phi_fu_334">
<pin_list>
<pin id="335" dir="0" index="0" bw="1" slack="2"/>
<pin id="336" dir="0" index="1" bw="0" slack="2147483647"/>
<pin id="337" dir="0" index="2" bw="8" slack="0"/>
<pin id="338" dir="0" index="3" bw="0" slack="2147483647"/>
<pin id="339" dir="0" index="4" bw="1" slack="1"/>
<pin id="340" dir="0" index="5" bw="0" slack="2147483647"/>
<pin id="341" dir="1" index="6" bw="8" slack="0"/>
</pin_list>
<bind>
<opcode="phi(47) " fcode="phi"/>
<opset="data_4_V_read30_rewind/3 "/>
</bind>
</comp>

<comp id="344" class="1005" name="data_5_V_read31_rewind_reg_344">
<pin_list>
<pin id="345" dir="0" index="0" bw="8" slack="1"/>
<pin id="346" dir="1" index="1" bw="8" slack="1"/>
</pin_list>
<bind>
<opset="data_5_V_read31_rewind (phireg) "/>
</bind>
</comp>

<comp id="348" class="1004" name="data_5_V_read31_rewind_phi_fu_348">
<pin_list>
<pin id="349" dir="0" index="0" bw="1" slack="2"/>
<pin id="350" dir="0" index="1" bw="0" slack="2147483647"/>
<pin id="351" dir="0" index="2" bw="8" slack="0"/>
<pin id="352" dir="0" index="3" bw="0" slack="2147483647"/>
<pin id="353" dir="0" index="4" bw="1" slack="1"/>
<pin id="354" dir="0" index="5" bw="0" slack="2147483647"/>
<pin id="355" dir="1" index="6" bw="8" slack="0"/>
</pin_list>
<bind>
<opcode="phi(47) " fcode="phi"/>
<opset="data_5_V_read31_rewind/3 "/>
</bind>
</comp>

<comp id="358" class="1005" name="data_6_V_read32_rewind_reg_358">
<pin_list>
<pin id="359" dir="0" index="0" bw="8" slack="1"/>
<pin id="360" dir="1" index="1" bw="8" slack="1"/>
</pin_list>
<bind>
<opset="data_6_V_read32_rewind (phireg) "/>
</bind>
</comp>

<comp id="362" class="1004" name="data_6_V_read32_rewind_phi_fu_362">
<pin_list>
<pin id="363" dir="0" index="0" bw="1" slack="2"/>
<pin id="364" dir="0" index="1" bw="0" slack="2147483647"/>
<pin id="365" dir="0" index="2" bw="8" slack="0"/>
<pin id="366" dir="0" index="3" bw="0" slack="2147483647"/>
<pin id="367" dir="0" index="4" bw="1" slack="1"/>
<pin id="368" dir="0" index="5" bw="0" slack="2147483647"/>
<pin id="369" dir="1" index="6" bw="8" slack="0"/>
</pin_list>
<bind>
<opcode="phi(47) " fcode="phi"/>
<opset="data_6_V_read32_rewind/3 "/>
</bind>
</comp>

<comp id="372" class="1005" name="data_7_V_read33_rewind_reg_372">
<pin_list>
<pin id="373" dir="0" index="0" bw="8" slack="1"/>
<pin id="374" dir="1" index="1" bw="8" slack="1"/>
</pin_list>
<bind>
<opset="data_7_V_read33_rewind (phireg) "/>
</bind>
</comp>

<comp id="376" class="1004" name="data_7_V_read33_rewind_phi_fu_376">
<pin_list>
<pin id="377" dir="0" index="0" bw="1" slack="2"/>
<pin id="378" dir="0" index="1" bw="0" slack="2147483647"/>
<pin id="379" dir="0" index="2" bw="8" slack="0"/>
<pin id="380" dir="0" index="3" bw="0" slack="2147483647"/>
<pin id="381" dir="0" index="4" bw="1" slack="1"/>
<pin id="382" dir="0" index="5" bw="0" slack="2147483647"/>
<pin id="383" dir="1" index="6" bw="8" slack="0"/>
</pin_list>
<bind>
<opcode="phi(47) " fcode="phi"/>
<opset="data_7_V_read33_rewind/3 "/>
</bind>
</comp>

<comp id="386" class="1005" name="data_8_V_read34_rewind_reg_386">
<pin_list>
<pin id="387" dir="0" index="0" bw="8" slack="1"/>
<pin id="388" dir="1" index="1" bw="8" slack="1"/>
</pin_list>
<bind>
<opset="data_8_V_read34_rewind (phireg) "/>
</bind>
</comp>

<comp id="390" class="1004" name="data_8_V_read34_rewind_phi_fu_390">
<pin_list>
<pin id="391" dir="0" index="0" bw="1" slack="2"/>
<pin id="392" dir="0" index="1" bw="0" slack="2147483647"/>
<pin id="393" dir="0" index="2" bw="8" slack="0"/>
<pin id="394" dir="0" index="3" bw="0" slack="2147483647"/>
<pin id="395" dir="0" index="4" bw="1" slack="1"/>
<pin id="396" dir="0" index="5" bw="0" slack="2147483647"/>
<pin id="397" dir="1" index="6" bw="8" slack="0"/>
</pin_list>
<bind>
<opcode="phi(47) " fcode="phi"/>
<opset="data_8_V_read34_rewind/3 "/>
</bind>
</comp>

<comp id="400" class="1005" name="data_9_V_read35_rewind_reg_400">
<pin_list>
<pin id="401" dir="0" index="0" bw="8" slack="1"/>
<pin id="402" dir="1" index="1" bw="8" slack="1"/>
</pin_list>
<bind>
<opset="data_9_V_read35_rewind (phireg) "/>
</bind>
</comp>

<comp id="404" class="1004" name="data_9_V_read35_rewind_phi_fu_404">
<pin_list>
<pin id="405" dir="0" index="0" bw="1" slack="2"/>
<pin id="406" dir="0" index="1" bw="0" slack="2147483647"/>
<pin id="407" dir="0" index="2" bw="8" slack="0"/>
<pin id="408" dir="0" index="3" bw="0" slack="2147483647"/>
<pin id="409" dir="0" index="4" bw="1" slack="1"/>
<pin id="410" dir="0" index="5" bw="0" slack="2147483647"/>
<pin id="411" dir="1" index="6" bw="8" slack="0"/>
</pin_list>
<bind>
<opcode="phi(47) " fcode="phi"/>
<opset="data_9_V_read35_rewind/3 "/>
</bind>
</comp>

<comp id="414" class="1005" name="data_10_V_read36_rewind_reg_414">
<pin_list>
<pin id="415" dir="0" index="0" bw="8" slack="1"/>
<pin id="416" dir="1" index="1" bw="8" slack="1"/>
</pin_list>
<bind>
<opset="data_10_V_read36_rewind (phireg) "/>
</bind>
</comp>

<comp id="418" class="1004" name="data_10_V_read36_rewind_phi_fu_418">
<pin_list>
<pin id="419" dir="0" index="0" bw="1" slack="2"/>
<pin id="420" dir="0" index="1" bw="0" slack="2147483647"/>
<pin id="421" dir="0" index="2" bw="8" slack="0"/>
<pin id="422" dir="0" index="3" bw="0" slack="2147483647"/>
<pin id="423" dir="0" index="4" bw="1" slack="1"/>
<pin id="424" dir="0" index="5" bw="0" slack="2147483647"/>
<pin id="425" dir="1" index="6" bw="8" slack="0"/>
</pin_list>
<bind>
<opcode="phi(47) " fcode="phi"/>
<opset="data_10_V_read36_rewind/3 "/>
</bind>
</comp>

<comp id="428" class="1005" name="data_11_V_read37_rewind_reg_428">
<pin_list>
<pin id="429" dir="0" index="0" bw="8" slack="1"/>
<pin id="430" dir="1" index="1" bw="8" slack="1"/>
</pin_list>
<bind>
<opset="data_11_V_read37_rewind (phireg) "/>
</bind>
</comp>

<comp id="432" class="1004" name="data_11_V_read37_rewind_phi_fu_432">
<pin_list>
<pin id="433" dir="0" index="0" bw="1" slack="2"/>
<pin id="434" dir="0" index="1" bw="0" slack="2147483647"/>
<pin id="435" dir="0" index="2" bw="8" slack="0"/>
<pin id="436" dir="0" index="3" bw="0" slack="2147483647"/>
<pin id="437" dir="0" index="4" bw="1" slack="1"/>
<pin id="438" dir="0" index="5" bw="0" slack="2147483647"/>
<pin id="439" dir="1" index="6" bw="8" slack="0"/>
</pin_list>
<bind>
<opcode="phi(47) " fcode="phi"/>
<opset="data_11_V_read37_rewind/3 "/>
</bind>
</comp>

<comp id="442" class="1005" name="data_12_V_read38_rewind_reg_442">
<pin_list>
<pin id="443" dir="0" index="0" bw="8" slack="1"/>
<pin id="444" dir="1" index="1" bw="8" slack="1"/>
</pin_list>
<bind>
<opset="data_12_V_read38_rewind (phireg) "/>
</bind>
</comp>

<comp id="446" class="1004" name="data_12_V_read38_rewind_phi_fu_446">
<pin_list>
<pin id="447" dir="0" index="0" bw="1" slack="2"/>
<pin id="448" dir="0" index="1" bw="0" slack="2147483647"/>
<pin id="449" dir="0" index="2" bw="8" slack="0"/>
<pin id="450" dir="0" index="3" bw="0" slack="2147483647"/>
<pin id="451" dir="0" index="4" bw="1" slack="1"/>
<pin id="452" dir="0" index="5" bw="0" slack="2147483647"/>
<pin id="453" dir="1" index="6" bw="8" slack="0"/>
</pin_list>
<bind>
<opcode="phi(47) " fcode="phi"/>
<opset="data_12_V_read38_rewind/3 "/>
</bind>
</comp>

<comp id="456" class="1005" name="data_13_V_read39_rewind_reg_456">
<pin_list>
<pin id="457" dir="0" index="0" bw="8" slack="1"/>
<pin id="458" dir="1" index="1" bw="8" slack="1"/>
</pin_list>
<bind>
<opset="data_13_V_read39_rewind (phireg) "/>
</bind>
</comp>

<comp id="460" class="1004" name="data_13_V_read39_rewind_phi_fu_460">
<pin_list>
<pin id="461" dir="0" index="0" bw="1" slack="2"/>
<pin id="462" dir="0" index="1" bw="0" slack="2147483647"/>
<pin id="463" dir="0" index="2" bw="8" slack="0"/>
<pin id="464" dir="0" index="3" bw="0" slack="2147483647"/>
<pin id="465" dir="0" index="4" bw="1" slack="1"/>
<pin id="466" dir="0" index="5" bw="0" slack="2147483647"/>
<pin id="467" dir="1" index="6" bw="8" slack="0"/>
</pin_list>
<bind>
<opcode="phi(47) " fcode="phi"/>
<opset="data_13_V_read39_rewind/3 "/>
</bind>
</comp>

<comp id="470" class="1005" name="data_14_V_read40_rewind_reg_470">
<pin_list>
<pin id="471" dir="0" index="0" bw="8" slack="1"/>
<pin id="472" dir="1" index="1" bw="8" slack="1"/>
</pin_list>
<bind>
<opset="data_14_V_read40_rewind (phireg) "/>
</bind>
</comp>

<comp id="474" class="1004" name="data_14_V_read40_rewind_phi_fu_474">
<pin_list>
<pin id="475" dir="0" index="0" bw="1" slack="2"/>
<pin id="476" dir="0" index="1" bw="0" slack="2147483647"/>
<pin id="477" dir="0" index="2" bw="8" slack="0"/>
<pin id="478" dir="0" index="3" bw="0" slack="2147483647"/>
<pin id="479" dir="0" index="4" bw="1" slack="1"/>
<pin id="480" dir="0" index="5" bw="0" slack="2147483647"/>
<pin id="481" dir="1" index="6" bw="8" slack="0"/>
</pin_list>
<bind>
<opcode="phi(47) " fcode="phi"/>
<opset="data_14_V_read40_rewind/3 "/>
</bind>
</comp>

<comp id="484" class="1005" name="data_0_V_read26_phi_reg_484">
<pin_list>
<pin id="485" dir="0" index="0" bw="8" slack="0"/>
<pin id="486" dir="1" index="1" bw="8" slack="0"/>
</pin_list>
<bind>
<opset="data_0_V_read26_phi (phireg) "/>
</bind>
</comp>

<comp id="488" class="1004" name="data_0_V_read26_phi_phi_fu_488">
<pin_list>
<pin id="489" dir="0" index="0" bw="8" slack="1"/>
<pin id="490" dir="0" index="1" bw="0" slack="2147483647"/>
<pin id="491" dir="0" index="2" bw="8" slack="0"/>
<pin id="492" dir="0" index="3" bw="0" slack="2147483647"/>
<pin id="493" dir="1" index="4" bw="8" slack="0"/>
</pin_list>
<bind>
<opcode="phi(47) " fcode="phi"/>
<opset="data_0_V_read26_phi/3 "/>
</bind>
</comp>

<comp id="496" class="1005" name="data_1_V_read27_phi_reg_496">
<pin_list>
<pin id="497" dir="0" index="0" bw="8" slack="0"/>
<pin id="498" dir="1" index="1" bw="8" slack="0"/>
</pin_list>
<bind>
<opset="data_1_V_read27_phi (phireg) "/>
</bind>
</comp>

<comp id="500" class="1004" name="data_1_V_read27_phi_phi_fu_500">
<pin_list>
<pin id="501" dir="0" index="0" bw="8" slack="1"/>
<pin id="502" dir="0" index="1" bw="0" slack="2147483647"/>
<pin id="503" dir="0" index="2" bw="8" slack="0"/>
<pin id="504" dir="0" index="3" bw="0" slack="2147483647"/>
<pin id="505" dir="1" index="4" bw="8" slack="0"/>
</pin_list>
<bind>
<opcode="phi(47) " fcode="phi"/>
<opset="data_1_V_read27_phi/3 "/>
</bind>
</comp>

<comp id="508" class="1005" name="data_2_V_read28_phi_reg_508">
<pin_list>
<pin id="509" dir="0" index="0" bw="8" slack="0"/>
<pin id="510" dir="1" index="1" bw="8" slack="0"/>
</pin_list>
<bind>
<opset="data_2_V_read28_phi (phireg) "/>
</bind>
</comp>

<comp id="512" class="1004" name="data_2_V_read28_phi_phi_fu_512">
<pin_list>
<pin id="513" dir="0" index="0" bw="8" slack="1"/>
<pin id="514" dir="0" index="1" bw="0" slack="2147483647"/>
<pin id="515" dir="0" index="2" bw="8" slack="0"/>
<pin id="516" dir="0" index="3" bw="0" slack="2147483647"/>
<pin id="517" dir="1" index="4" bw="8" slack="0"/>
</pin_list>
<bind>
<opcode="phi(47) " fcode="phi"/>
<opset="data_2_V_read28_phi/3 "/>
</bind>
</comp>

<comp id="520" class="1005" name="data_3_V_read29_phi_reg_520">
<pin_list>
<pin id="521" dir="0" index="0" bw="8" slack="0"/>
<pin id="522" dir="1" index="1" bw="8" slack="0"/>
</pin_list>
<bind>
<opset="data_3_V_read29_phi (phireg) "/>
</bind>
</comp>

<comp id="524" class="1004" name="data_3_V_read29_phi_phi_fu_524">
<pin_list>
<pin id="525" dir="0" index="0" bw="8" slack="1"/>
<pin id="526" dir="0" index="1" bw="0" slack="2147483647"/>
<pin id="527" dir="0" index="2" bw="8" slack="0"/>
<pin id="528" dir="0" index="3" bw="0" slack="2147483647"/>
<pin id="529" dir="1" index="4" bw="8" slack="0"/>
</pin_list>
<bind>
<opcode="phi(47) " fcode="phi"/>
<opset="data_3_V_read29_phi/3 "/>
</bind>
</comp>

<comp id="532" class="1005" name="data_4_V_read30_phi_reg_532">
<pin_list>
<pin id="533" dir="0" index="0" bw="8" slack="0"/>
<pin id="534" dir="1" index="1" bw="8" slack="0"/>
</pin_list>
<bind>
<opset="data_4_V_read30_phi (phireg) "/>
</bind>
</comp>

<comp id="536" class="1004" name="data_4_V_read30_phi_phi_fu_536">
<pin_list>
<pin id="537" dir="0" index="0" bw="8" slack="1"/>
<pin id="538" dir="0" index="1" bw="0" slack="2147483647"/>
<pin id="539" dir="0" index="2" bw="8" slack="0"/>
<pin id="540" dir="0" index="3" bw="0" slack="2147483647"/>
<pin id="541" dir="1" index="4" bw="8" slack="0"/>
</pin_list>
<bind>
<opcode="phi(47) " fcode="phi"/>
<opset="data_4_V_read30_phi/3 "/>
</bind>
</comp>

<comp id="544" class="1005" name="data_5_V_read31_phi_reg_544">
<pin_list>
<pin id="545" dir="0" index="0" bw="8" slack="0"/>
<pin id="546" dir="1" index="1" bw="8" slack="0"/>
</pin_list>
<bind>
<opset="data_5_V_read31_phi (phireg) "/>
</bind>
</comp>

<comp id="548" class="1004" name="data_5_V_read31_phi_phi_fu_548">
<pin_list>
<pin id="549" dir="0" index="0" bw="8" slack="1"/>
<pin id="550" dir="0" index="1" bw="0" slack="2147483647"/>
<pin id="551" dir="0" index="2" bw="8" slack="0"/>
<pin id="552" dir="0" index="3" bw="0" slack="2147483647"/>
<pin id="553" dir="1" index="4" bw="8" slack="0"/>
</pin_list>
<bind>
<opcode="phi(47) " fcode="phi"/>
<opset="data_5_V_read31_phi/3 "/>
</bind>
</comp>

<comp id="556" class="1005" name="data_6_V_read32_phi_reg_556">
<pin_list>
<pin id="557" dir="0" index="0" bw="8" slack="0"/>
<pin id="558" dir="1" index="1" bw="8" slack="0"/>
</pin_list>
<bind>
<opset="data_6_V_read32_phi (phireg) "/>
</bind>
</comp>

<comp id="560" class="1004" name="data_6_V_read32_phi_phi_fu_560">
<pin_list>
<pin id="561" dir="0" index="0" bw="8" slack="1"/>
<pin id="562" dir="0" index="1" bw="0" slack="2147483647"/>
<pin id="563" dir="0" index="2" bw="8" slack="0"/>
<pin id="564" dir="0" index="3" bw="0" slack="2147483647"/>
<pin id="565" dir="1" index="4" bw="8" slack="0"/>
</pin_list>
<bind>
<opcode="phi(47) " fcode="phi"/>
<opset="data_6_V_read32_phi/3 "/>
</bind>
</comp>

<comp id="568" class="1005" name="data_7_V_read33_phi_reg_568">
<pin_list>
<pin id="569" dir="0" index="0" bw="8" slack="0"/>
<pin id="570" dir="1" index="1" bw="8" slack="0"/>
</pin_list>
<bind>
<opset="data_7_V_read33_phi (phireg) "/>
</bind>
</comp>

<comp id="572" class="1004" name="data_7_V_read33_phi_phi_fu_572">
<pin_list>
<pin id="573" dir="0" index="0" bw="8" slack="1"/>
<pin id="574" dir="0" index="1" bw="0" slack="2147483647"/>
<pin id="575" dir="0" index="2" bw="8" slack="0"/>
<pin id="576" dir="0" index="3" bw="0" slack="2147483647"/>
<pin id="577" dir="1" index="4" bw="8" slack="0"/>
</pin_list>
<bind>
<opcode="phi(47) " fcode="phi"/>
<opset="data_7_V_read33_phi/3 "/>
</bind>
</comp>

<comp id="580" class="1005" name="data_8_V_read34_phi_reg_580">
<pin_list>
<pin id="581" dir="0" index="0" bw="8" slack="0"/>
<pin id="582" dir="1" index="1" bw="8" slack="0"/>
</pin_list>
<bind>
<opset="data_8_V_read34_phi (phireg) "/>
</bind>
</comp>

<comp id="584" class="1004" name="data_8_V_read34_phi_phi_fu_584">
<pin_list>
<pin id="585" dir="0" index="0" bw="8" slack="1"/>
<pin id="586" dir="0" index="1" bw="0" slack="2147483647"/>
<pin id="587" dir="0" index="2" bw="8" slack="0"/>
<pin id="588" dir="0" index="3" bw="0" slack="2147483647"/>
<pin id="589" dir="1" index="4" bw="8" slack="0"/>
</pin_list>
<bind>
<opcode="phi(47) " fcode="phi"/>
<opset="data_8_V_read34_phi/3 "/>
</bind>
</comp>

<comp id="592" class="1005" name="data_9_V_read35_phi_reg_592">
<pin_list>
<pin id="593" dir="0" index="0" bw="8" slack="0"/>
<pin id="594" dir="1" index="1" bw="8" slack="0"/>
</pin_list>
<bind>
<opset="data_9_V_read35_phi (phireg) "/>
</bind>
</comp>

<comp id="596" class="1004" name="data_9_V_read35_phi_phi_fu_596">
<pin_list>
<pin id="597" dir="0" index="0" bw="8" slack="1"/>
<pin id="598" dir="0" index="1" bw="0" slack="2147483647"/>
<pin id="599" dir="0" index="2" bw="8" slack="0"/>
<pin id="600" dir="0" index="3" bw="0" slack="2147483647"/>
<pin id="601" dir="1" index="4" bw="8" slack="0"/>
</pin_list>
<bind>
<opcode="phi(47) " fcode="phi"/>
<opset="data_9_V_read35_phi/3 "/>
</bind>
</comp>

<comp id="604" class="1005" name="data_10_V_read36_phi_reg_604">
<pin_list>
<pin id="605" dir="0" index="0" bw="8" slack="0"/>
<pin id="606" dir="1" index="1" bw="8" slack="0"/>
</pin_list>
<bind>
<opset="data_10_V_read36_phi (phireg) "/>
</bind>
</comp>

<comp id="608" class="1004" name="data_10_V_read36_phi_phi_fu_608">
<pin_list>
<pin id="609" dir="0" index="0" bw="8" slack="1"/>
<pin id="610" dir="0" index="1" bw="0" slack="2147483647"/>
<pin id="611" dir="0" index="2" bw="8" slack="0"/>
<pin id="612" dir="0" index="3" bw="0" slack="2147483647"/>
<pin id="613" dir="1" index="4" bw="8" slack="0"/>
</pin_list>
<bind>
<opcode="phi(47) " fcode="phi"/>
<opset="data_10_V_read36_phi/3 "/>
</bind>
</comp>

<comp id="616" class="1005" name="data_11_V_read37_phi_reg_616">
<pin_list>
<pin id="617" dir="0" index="0" bw="8" slack="0"/>
<pin id="618" dir="1" index="1" bw="8" slack="0"/>
</pin_list>
<bind>
<opset="data_11_V_read37_phi (phireg) "/>
</bind>
</comp>

<comp id="620" class="1004" name="data_11_V_read37_phi_phi_fu_620">
<pin_list>
<pin id="621" dir="0" index="0" bw="8" slack="1"/>
<pin id="622" dir="0" index="1" bw="0" slack="2147483647"/>
<pin id="623" dir="0" index="2" bw="8" slack="0"/>
<pin id="624" dir="0" index="3" bw="0" slack="2147483647"/>
<pin id="625" dir="1" index="4" bw="8" slack="0"/>
</pin_list>
<bind>
<opcode="phi(47) " fcode="phi"/>
<opset="data_11_V_read37_phi/3 "/>
</bind>
</comp>

<comp id="628" class="1005" name="data_12_V_read38_phi_reg_628">
<pin_list>
<pin id="629" dir="0" index="0" bw="8" slack="0"/>
<pin id="630" dir="1" index="1" bw="8" slack="0"/>
</pin_list>
<bind>
<opset="data_12_V_read38_phi (phireg) "/>
</bind>
</comp>

<comp id="632" class="1004" name="data_12_V_read38_phi_phi_fu_632">
<pin_list>
<pin id="633" dir="0" index="0" bw="8" slack="1"/>
<pin id="634" dir="0" index="1" bw="0" slack="2147483647"/>
<pin id="635" dir="0" index="2" bw="8" slack="0"/>
<pin id="636" dir="0" index="3" bw="0" slack="2147483647"/>
<pin id="637" dir="1" index="4" bw="8" slack="0"/>
</pin_list>
<bind>
<opcode="phi(47) " fcode="phi"/>
<opset="data_12_V_read38_phi/3 "/>
</bind>
</comp>

<comp id="640" class="1005" name="data_13_V_read39_phi_reg_640">
<pin_list>
<pin id="641" dir="0" index="0" bw="8" slack="0"/>
<pin id="642" dir="1" index="1" bw="8" slack="0"/>
</pin_list>
<bind>
<opset="data_13_V_read39_phi (phireg) "/>
</bind>
</comp>

<comp id="644" class="1004" name="data_13_V_read39_phi_phi_fu_644">
<pin_list>
<pin id="645" dir="0" index="0" bw="8" slack="1"/>
<pin id="646" dir="0" index="1" bw="0" slack="2147483647"/>
<pin id="647" dir="0" index="2" bw="8" slack="0"/>
<pin id="648" dir="0" index="3" bw="0" slack="2147483647"/>
<pin id="649" dir="1" index="4" bw="8" slack="0"/>
</pin_list>
<bind>
<opcode="phi(47) " fcode="phi"/>
<opset="data_13_V_read39_phi/3 "/>
</bind>
</comp>

<comp id="652" class="1005" name="data_14_V_read40_phi_reg_652">
<pin_list>
<pin id="653" dir="0" index="0" bw="8" slack="0"/>
<pin id="654" dir="1" index="1" bw="8" slack="0"/>
</pin_list>
<bind>
<opset="data_14_V_read40_phi (phireg) "/>
</bind>
</comp>

<comp id="656" class="1004" name="data_14_V_read40_phi_phi_fu_656">
<pin_list>
<pin id="657" dir="0" index="0" bw="8" slack="1"/>
<pin id="658" dir="0" index="1" bw="0" slack="2147483647"/>
<pin id="659" dir="0" index="2" bw="8" slack="0"/>
<pin id="660" dir="0" index="3" bw="0" slack="2147483647"/>
<pin id="661" dir="1" index="4" bw="8" slack="0"/>
</pin_list>
<bind>
<opcode="phi(47) " fcode="phi"/>
<opset="data_14_V_read40_phi/3 "/>
</bind>
</comp>

<comp id="664" class="1005" name="acc_V_9_014_reg_664">
<pin_list>
<pin id="665" dir="0" index="0" bw="16" slack="2"/>
<pin id="666" dir="1" index="1" bw="16" slack="2"/>
</pin_list>
<bind>
<opset="acc_V_9_014 (phireg) "/>
</bind>
</comp>

<comp id="668" class="1004" name="acc_V_9_014_phi_fu_668">
<pin_list>
<pin id="669" dir="0" index="0" bw="1" slack="3"/>
<pin id="670" dir="0" index="1" bw="0" slack="2147483647"/>
<pin id="671" dir="0" index="2" bw="16" slack="0"/>
<pin id="672" dir="0" index="3" bw="0" slack="2147483647"/>
<pin id="673" dir="0" index="4" bw="1" slack="2"/>
<pin id="674" dir="0" index="5" bw="0" slack="2147483647"/>
<pin id="675" dir="1" index="6" bw="16" slack="0"/>
</pin_list>
<bind>
<opcode="phi(47) " fcode="phi"/>
<opset="acc_V_9_014/4 "/>
</bind>
</comp>

<comp id="678" class="1005" name="acc_V_8_013_reg_678">
<pin_list>
<pin id="679" dir="0" index="0" bw="16" slack="2"/>
<pin id="680" dir="1" index="1" bw="16" slack="2"/>
</pin_list>
<bind>
<opset="acc_V_8_013 (phireg) "/>
</bind>
</comp>

<comp id="682" class="1004" name="acc_V_8_013_phi_fu_682">
<pin_list>
<pin id="683" dir="0" index="0" bw="1" slack="3"/>
<pin id="684" dir="0" index="1" bw="0" slack="2147483647"/>
<pin id="685" dir="0" index="2" bw="16" slack="0"/>
<pin id="686" dir="0" index="3" bw="0" slack="2147483647"/>
<pin id="687" dir="0" index="4" bw="1" slack="2"/>
<pin id="688" dir="0" index="5" bw="0" slack="2147483647"/>
<pin id="689" dir="1" index="6" bw="16" slack="0"/>
</pin_list>
<bind>
<opcode="phi(47) " fcode="phi"/>
<opset="acc_V_8_013/4 "/>
</bind>
</comp>

<comp id="692" class="1005" name="acc_V_7_012_reg_692">
<pin_list>
<pin id="693" dir="0" index="0" bw="16" slack="2"/>
<pin id="694" dir="1" index="1" bw="16" slack="2"/>
</pin_list>
<bind>
<opset="acc_V_7_012 (phireg) "/>
</bind>
</comp>

<comp id="696" class="1004" name="acc_V_7_012_phi_fu_696">
<pin_list>
<pin id="697" dir="0" index="0" bw="1" slack="3"/>
<pin id="698" dir="0" index="1" bw="0" slack="2147483647"/>
<pin id="699" dir="0" index="2" bw="16" slack="0"/>
<pin id="700" dir="0" index="3" bw="0" slack="2147483647"/>
<pin id="701" dir="0" index="4" bw="1" slack="2"/>
<pin id="702" dir="0" index="5" bw="0" slack="2147483647"/>
<pin id="703" dir="1" index="6" bw="16" slack="0"/>
</pin_list>
<bind>
<opcode="phi(47) " fcode="phi"/>
<opset="acc_V_7_012/4 "/>
</bind>
</comp>

<comp id="706" class="1005" name="acc_V_6_011_reg_706">
<pin_list>
<pin id="707" dir="0" index="0" bw="16" slack="2"/>
<pin id="708" dir="1" index="1" bw="16" slack="2"/>
</pin_list>
<bind>
<opset="acc_V_6_011 (phireg) "/>
</bind>
</comp>

<comp id="710" class="1004" name="acc_V_6_011_phi_fu_710">
<pin_list>
<pin id="711" dir="0" index="0" bw="1" slack="3"/>
<pin id="712" dir="0" index="1" bw="0" slack="2147483647"/>
<pin id="713" dir="0" index="2" bw="16" slack="0"/>
<pin id="714" dir="0" index="3" bw="0" slack="2147483647"/>
<pin id="715" dir="0" index="4" bw="1" slack="2"/>
<pin id="716" dir="0" index="5" bw="0" slack="2147483647"/>
<pin id="717" dir="1" index="6" bw="16" slack="0"/>
</pin_list>
<bind>
<opcode="phi(47) " fcode="phi"/>
<opset="acc_V_6_011/4 "/>
</bind>
</comp>

<comp id="720" class="1005" name="acc_V_5_010_reg_720">
<pin_list>
<pin id="721" dir="0" index="0" bw="16" slack="2"/>
<pin id="722" dir="1" index="1" bw="16" slack="2"/>
</pin_list>
<bind>
<opset="acc_V_5_010 (phireg) "/>
</bind>
</comp>

<comp id="724" class="1004" name="acc_V_5_010_phi_fu_724">
<pin_list>
<pin id="725" dir="0" index="0" bw="1" slack="3"/>
<pin id="726" dir="0" index="1" bw="0" slack="2147483647"/>
<pin id="727" dir="0" index="2" bw="16" slack="0"/>
<pin id="728" dir="0" index="3" bw="0" slack="2147483647"/>
<pin id="729" dir="0" index="4" bw="1" slack="2"/>
<pin id="730" dir="0" index="5" bw="0" slack="2147483647"/>
<pin id="731" dir="1" index="6" bw="16" slack="0"/>
</pin_list>
<bind>
<opcode="phi(47) " fcode="phi"/>
<opset="acc_V_5_010/4 "/>
</bind>
</comp>

<comp id="734" class="1005" name="acc_V_4_09_reg_734">
<pin_list>
<pin id="735" dir="0" index="0" bw="16" slack="2"/>
<pin id="736" dir="1" index="1" bw="16" slack="2"/>
</pin_list>
<bind>
<opset="acc_V_4_09 (phireg) "/>
</bind>
</comp>

<comp id="738" class="1004" name="acc_V_4_09_phi_fu_738">
<pin_list>
<pin id="739" dir="0" index="0" bw="1" slack="3"/>
<pin id="740" dir="0" index="1" bw="0" slack="2147483647"/>
<pin id="741" dir="0" index="2" bw="16" slack="0"/>
<pin id="742" dir="0" index="3" bw="0" slack="2147483647"/>
<pin id="743" dir="0" index="4" bw="1" slack="2"/>
<pin id="744" dir="0" index="5" bw="0" slack="2147483647"/>
<pin id="745" dir="1" index="6" bw="16" slack="0"/>
</pin_list>
<bind>
<opcode="phi(47) " fcode="phi"/>
<opset="acc_V_4_09/4 "/>
</bind>
</comp>

<comp id="748" class="1005" name="acc_V_3_08_reg_748">
<pin_list>
<pin id="749" dir="0" index="0" bw="16" slack="2"/>
<pin id="750" dir="1" index="1" bw="16" slack="2"/>
</pin_list>
<bind>
<opset="acc_V_3_08 (phireg) "/>
</bind>
</comp>

<comp id="752" class="1004" name="acc_V_3_08_phi_fu_752">
<pin_list>
<pin id="753" dir="0" index="0" bw="1" slack="3"/>
<pin id="754" dir="0" index="1" bw="0" slack="2147483647"/>
<pin id="755" dir="0" index="2" bw="16" slack="0"/>
<pin id="756" dir="0" index="3" bw="0" slack="2147483647"/>
<pin id="757" dir="0" index="4" bw="1" slack="2"/>
<pin id="758" dir="0" index="5" bw="0" slack="2147483647"/>
<pin id="759" dir="1" index="6" bw="16" slack="0"/>
</pin_list>
<bind>
<opcode="phi(47) " fcode="phi"/>
<opset="acc_V_3_08/4 "/>
</bind>
</comp>

<comp id="762" class="1005" name="acc_V_2_07_reg_762">
<pin_list>
<pin id="763" dir="0" index="0" bw="16" slack="2"/>
<pin id="764" dir="1" index="1" bw="16" slack="2"/>
</pin_list>
<bind>
<opset="acc_V_2_07 (phireg) "/>
</bind>
</comp>

<comp id="766" class="1004" name="acc_V_2_07_phi_fu_766">
<pin_list>
<pin id="767" dir="0" index="0" bw="1" slack="3"/>
<pin id="768" dir="0" index="1" bw="0" slack="2147483647"/>
<pin id="769" dir="0" index="2" bw="16" slack="0"/>
<pin id="770" dir="0" index="3" bw="0" slack="2147483647"/>
<pin id="771" dir="0" index="4" bw="1" slack="2"/>
<pin id="772" dir="0" index="5" bw="0" slack="2147483647"/>
<pin id="773" dir="1" index="6" bw="16" slack="0"/>
</pin_list>
<bind>
<opcode="phi(47) " fcode="phi"/>
<opset="acc_V_2_07/4 "/>
</bind>
</comp>

<comp id="776" class="1005" name="acc_V_1_06_reg_776">
<pin_list>
<pin id="777" dir="0" index="0" bw="16" slack="2"/>
<pin id="778" dir="1" index="1" bw="16" slack="2"/>
</pin_list>
<bind>
<opset="acc_V_1_06 (phireg) "/>
</bind>
</comp>

<comp id="780" class="1004" name="acc_V_1_06_phi_fu_780">
<pin_list>
<pin id="781" dir="0" index="0" bw="1" slack="3"/>
<pin id="782" dir="0" index="1" bw="0" slack="2147483647"/>
<pin id="783" dir="0" index="2" bw="16" slack="0"/>
<pin id="784" dir="0" index="3" bw="0" slack="2147483647"/>
<pin id="785" dir="0" index="4" bw="1" slack="2"/>
<pin id="786" dir="0" index="5" bw="0" slack="2147483647"/>
<pin id="787" dir="1" index="6" bw="16" slack="0"/>
</pin_list>
<bind>
<opcode="phi(47) " fcode="phi"/>
<opset="acc_V_1_06/4 "/>
</bind>
</comp>

<comp id="790" class="1005" name="acc_V_0_05_reg_790">
<pin_list>
<pin id="791" dir="0" index="0" bw="16" slack="2"/>
<pin id="792" dir="1" index="1" bw="16" slack="2"/>
</pin_list>
<bind>
<opset="acc_V_0_05 (phireg) "/>
</bind>
</comp>

<comp id="794" class="1004" name="acc_V_0_05_phi_fu_794">
<pin_list>
<pin id="795" dir="0" index="0" bw="1" slack="3"/>
<pin id="796" dir="0" index="1" bw="0" slack="2147483647"/>
<pin id="797" dir="0" index="2" bw="16" slack="0"/>
<pin id="798" dir="0" index="3" bw="0" slack="2147483647"/>
<pin id="799" dir="0" index="4" bw="1" slack="2"/>
<pin id="800" dir="0" index="5" bw="0" slack="2147483647"/>
<pin id="801" dir="1" index="6" bw="16" slack="0"/>
</pin_list>
<bind>
<opcode="phi(47) " fcode="phi"/>
<opset="acc_V_0_05/4 "/>
</bind>
</comp>

<comp id="804" class="1004" name="zext_ln59_fu_804">
<pin_list>
<pin id="805" dir="0" index="0" bw="4" slack="0"/>
<pin id="806" dir="1" index="1" bw="64" slack="0"/>
</pin_list>
<bind>
<opcode="zext(34) " fcode="zext"/>
<opset="zext_ln59/2 "/>
</bind>
</comp>

<comp id="809" class="1004" name="w_index_fu_809">
<pin_list>
<pin id="810" dir="0" index="0" bw="1" slack="0"/>
<pin id="811" dir="0" index="1" bw="4" slack="0"/>
<pin id="812" dir="1" index="2" bw="4" slack="0"/>
</pin_list>
<bind>
<opcode="add(8) " fcode="add"/>
<opset="w_index/2 "/>
</bind>
</comp>

<comp id="815" class="1004" name="icmp_ln46_fu_815">
<pin_list>
<pin id="816" dir="0" index="0" bw="4" slack="0"/>
<pin id="817" dir="0" index="1" bw="4" slack="0"/>
<pin id="818" dir="1" index="2" bw="1" slack="1"/>
</pin_list>
<bind>
<opcode="icmp(45) " fcode="icmp"/>
<opset="icmp_ln46/2 "/>
</bind>
</comp>

<comp id="821" class="1004" name="tmp_14_fu_821">
<pin_list>
<pin id="822" dir="0" index="0" bw="8" slack="0"/>
<pin id="823" dir="0" index="1" bw="8" slack="0"/>
<pin id="824" dir="0" index="2" bw="8" slack="0"/>
<pin id="825" dir="0" index="3" bw="8" slack="0"/>
<pin id="826" dir="0" index="4" bw="8" slack="0"/>
<pin id="827" dir="0" index="5" bw="8" slack="0"/>
<pin id="828" dir="0" index="6" bw="8" slack="0"/>
<pin id="829" dir="0" index="7" bw="8" slack="0"/>
<pin id="830" dir="0" index="8" bw="8" slack="0"/>
<pin id="831" dir="0" index="9" bw="8" slack="0"/>
<pin id="832" dir="0" index="10" bw="8" slack="0"/>
<pin id="833" dir="0" index="11" bw="8" slack="0"/>
<pin id="834" dir="0" index="12" bw="8" slack="0"/>
<pin id="835" dir="0" index="13" bw="8" slack="0"/>
<pin id="836" dir="0" index="14" bw="8" slack="0"/>
<pin id="837" dir="0" index="15" bw="8" slack="0"/>
<pin id="838" dir="0" index="16" bw="4" slack="1"/>
<pin id="839" dir="1" index="17" bw="8" slack="1"/>
</pin_list>
<bind>
<opcode="mux(1196) " fcode="mux"/>
<opset="tmp_14/3 "/>
</bind>
</comp>

<comp id="857" class="1004" name="trunc_ln59_fu_857">
<pin_list>
<pin id="858" dir="0" index="0" bw="78" slack="0"/>
<pin id="859" dir="1" index="1" bw="8" slack="1"/>
</pin_list>
<bind>
<opcode="trunc(33) " fcode="trunc"/>
<opset="trunc_ln59/3 "/>
</bind>
</comp>

<comp id="861" class="1004" name="tmp_6_fu_861">
<pin_list>
<pin id="862" dir="0" index="0" bw="8" slack="0"/>
<pin id="863" dir="0" index="1" bw="78" slack="0"/>
<pin id="864" dir="0" index="2" bw="5" slack="0"/>
<pin id="865" dir="0" index="3" bw="5" slack="0"/>
<pin id="866" dir="1" index="4" bw="8" slack="1"/>
</pin_list>
<bind>
<opcode="partselect(1002) " fcode="partselect"/>
<opset="tmp_6/3 "/>
</bind>
</comp>

<comp id="871" class="1004" name="tmp_7_fu_871">
<pin_list>
<pin id="872" dir="0" index="0" bw="8" slack="0"/>
<pin id="873" dir="0" index="1" bw="78" slack="0"/>
<pin id="874" dir="0" index="2" bw="6" slack="0"/>
<pin id="875" dir="0" index="3" bw="6" slack="0"/>
<pin id="876" dir="1" index="4" bw="8" slack="1"/>
</pin_list>
<bind>
<opcode="partselect(1002) " fcode="partselect"/>
<opset="tmp_7/3 "/>
</bind>
</comp>

<comp id="881" class="1004" name="tmp_8_fu_881">
<pin_list>
<pin id="882" dir="0" index="0" bw="8" slack="0"/>
<pin id="883" dir="0" index="1" bw="78" slack="0"/>
<pin id="884" dir="0" index="2" bw="6" slack="0"/>
<pin id="885" dir="0" index="3" bw="6" slack="0"/>
<pin id="886" dir="1" index="4" bw="8" slack="1"/>
</pin_list>
<bind>
<opcode="partselect(1002) " fcode="partselect"/>
<opset="tmp_8/3 "/>
</bind>
</comp>

<comp id="891" class="1004" name="tmp_9_fu_891">
<pin_list>
<pin id="892" dir="0" index="0" bw="8" slack="0"/>
<pin id="893" dir="0" index="1" bw="78" slack="0"/>
<pin id="894" dir="0" index="2" bw="7" slack="0"/>
<pin id="895" dir="0" index="3" bw="7" slack="0"/>
<pin id="896" dir="1" index="4" bw="8" slack="1"/>
</pin_list>
<bind>
<opcode="partselect(1002) " fcode="partselect"/>
<opset="tmp_9/3 "/>
</bind>
</comp>

<comp id="901" class="1004" name="tmp_10_fu_901">
<pin_list>
<pin id="902" dir="0" index="0" bw="8" slack="0"/>
<pin id="903" dir="0" index="1" bw="78" slack="0"/>
<pin id="904" dir="0" index="2" bw="7" slack="0"/>
<pin id="905" dir="0" index="3" bw="7" slack="0"/>
<pin id="906" dir="1" index="4" bw="8" slack="1"/>
</pin_list>
<bind>
<opcode="partselect(1002) " fcode="partselect"/>
<opset="tmp_10/3 "/>
</bind>
</comp>

<comp id="911" class="1004" name="tmp_11_fu_911">
<pin_list>
<pin id="912" dir="0" index="0" bw="8" slack="0"/>
<pin id="913" dir="0" index="1" bw="78" slack="0"/>
<pin id="914" dir="0" index="2" bw="7" slack="0"/>
<pin id="915" dir="0" index="3" bw="7" slack="0"/>
<pin id="916" dir="1" index="4" bw="8" slack="1"/>
</pin_list>
<bind>
<opcode="partselect(1002) " fcode="partselect"/>
<opset="tmp_11/3 "/>
</bind>
</comp>

<comp id="921" class="1004" name="tmp_12_fu_921">
<pin_list>
<pin id="922" dir="0" index="0" bw="8" slack="0"/>
<pin id="923" dir="0" index="1" bw="78" slack="0"/>
<pin id="924" dir="0" index="2" bw="7" slack="0"/>
<pin id="925" dir="0" index="3" bw="7" slack="0"/>
<pin id="926" dir="1" index="4" bw="8" slack="1"/>
</pin_list>
<bind>
<opcode="partselect(1002) " fcode="partselect"/>
<opset="tmp_12/3 "/>
</bind>
</comp>

<comp id="931" class="1004" name="tmp_13_fu_931">
<pin_list>
<pin id="932" dir="0" index="0" bw="8" slack="0"/>
<pin id="933" dir="0" index="1" bw="78" slack="0"/>
<pin id="934" dir="0" index="2" bw="8" slack="0"/>
<pin id="935" dir="0" index="3" bw="8" slack="0"/>
<pin id="936" dir="1" index="4" bw="8" slack="1"/>
</pin_list>
<bind>
<opcode="partselect(1002) " fcode="partselect"/>
<opset="tmp_13/3 "/>
</bind>
</comp>

<comp id="941" class="1004" name="tmp_15_fu_941">
<pin_list>
<pin id="942" dir="0" index="0" bw="6" slack="0"/>
<pin id="943" dir="0" index="1" bw="78" slack="0"/>
<pin id="944" dir="0" index="2" bw="8" slack="0"/>
<pin id="945" dir="0" index="3" bw="8" slack="0"/>
<pin id="946" dir="1" index="4" bw="6" slack="1"/>
</pin_list>
<bind>
<opcode="partselect(1002) " fcode="partselect"/>
<opset="tmp_15/3 "/>
</bind>
</comp>

<comp id="951" class="1004" name="zext_ln1116_fu_951">
<pin_list>
<pin id="952" dir="0" index="0" bw="8" slack="1"/>
<pin id="953" dir="1" index="1" bw="16" slack="0"/>
</pin_list>
<bind>
<opcode="zext(34) " fcode="zext"/>
<opset="zext_ln1116/4 "/>
</bind>
</comp>

<comp id="954" class="1004" name="sext_ln1118_fu_954">
<pin_list>
<pin id="955" dir="0" index="0" bw="8" slack="1"/>
<pin id="956" dir="1" index="1" bw="16" slack="0"/>
</pin_list>
<bind>
<opcode="sext(35) " fcode="sext"/>
<opset="sext_ln1118/4 "/>
</bind>
</comp>

<comp id="957" class="1004" name="mul_ln1118_fu_957">
<pin_list>
<pin id="958" dir="0" index="0" bw="8" slack="0"/>
<pin id="959" dir="0" index="1" bw="8" slack="0"/>
<pin id="960" dir="1" index="2" bw="16" slack="0"/>
</pin_list>
<bind>
<opcode="mul(12) " fcode="mul"/>
<opset="mul_ln1118/4 "/>
</bind>
</comp>

<comp id="963" class="1004" name="trunc_ln_fu_963">
<pin_list>
<pin id="964" dir="0" index="0" bw="15" slack="0"/>
<pin id="965" dir="0" index="1" bw="16" slack="0"/>
<pin id="966" dir="0" index="2" bw="1" slack="0"/>
<pin id="967" dir="0" index="3" bw="5" slack="0"/>
<pin id="968" dir="1" index="4" bw="15" slack="0"/>
</pin_list>
<bind>
<opcode="partselect(1002) " fcode="partselect"/>
<opset="trunc_ln/4 "/>
</bind>
</comp>

<comp id="973" class="1004" name="sext_ln708_fu_973">
<pin_list>
<pin id="974" dir="0" index="0" bw="15" slack="0"/>
<pin id="975" dir="1" index="1" bw="16" slack="0"/>
</pin_list>
<bind>
<opcode="sext(35) " fcode="sext"/>
<opset="sext_ln708/4 "/>
</bind>
</comp>

<comp id="977" class="1004" name="trunc_ln703_s_fu_977">
<pin_list>
<pin id="978" dir="0" index="0" bw="12" slack="0"/>
<pin id="979" dir="0" index="1" bw="16" slack="0"/>
<pin id="980" dir="0" index="2" bw="1" slack="0"/>
<pin id="981" dir="0" index="3" bw="5" slack="0"/>
<pin id="982" dir="1" index="4" bw="12" slack="0"/>
</pin_list>
<bind>
<opcode="partselect(1002) " fcode="partselect"/>
<opset="trunc_ln703_s/4 "/>
</bind>
</comp>

<comp id="987" class="1004" name="trunc_ln703_fu_987">
<pin_list>
<pin id="988" dir="0" index="0" bw="16" slack="0"/>
<pin id="989" dir="1" index="1" bw="12" slack="0"/>
</pin_list>
<bind>
<opcode="trunc(33) " fcode="trunc"/>
<opset="trunc_ln703/4 "/>
</bind>
</comp>

<comp id="991" class="1004" name="acc_0_V_fu_991">
<pin_list>
<pin id="992" dir="0" index="0" bw="16" slack="0"/>
<pin id="993" dir="0" index="1" bw="15" slack="0"/>
<pin id="994" dir="1" index="2" bw="16" slack="0"/>
</pin_list>
<bind>
<opcode="add(8) " fcode="add"/>
<opset="acc_0_V/4 "/>
</bind>
</comp>

<comp id="997" class="1004" name="add_ln703_6_fu_997">
<pin_list>
<pin id="998" dir="0" index="0" bw="12" slack="0"/>
<pin id="999" dir="0" index="1" bw="12" slack="0"/>
<pin id="1000" dir="1" index="2" bw="12" slack="0"/>
</pin_list>
<bind>
<opcode="add(8) " fcode="add"/>
<opset="add_ln703_6/4 "/>
</bind>
</comp>

<comp id="1003" class="1004" name="sext_ln1118_1_fu_1003">
<pin_list>
<pin id="1004" dir="0" index="0" bw="8" slack="1"/>
<pin id="1005" dir="1" index="1" bw="16" slack="0"/>
</pin_list>
<bind>
<opcode="sext(35) " fcode="sext"/>
<opset="sext_ln1118_1/4 "/>
</bind>
</comp>

<comp id="1006" class="1004" name="mul_ln1118_5_fu_1006">
<pin_list>
<pin id="1007" dir="0" index="0" bw="8" slack="0"/>
<pin id="1008" dir="0" index="1" bw="8" slack="0"/>
<pin id="1009" dir="1" index="2" bw="16" slack="0"/>
</pin_list>
<bind>
<opcode="mul(12) " fcode="mul"/>
<opset="mul_ln1118_5/4 "/>
</bind>
</comp>

<comp id="1012" class="1004" name="trunc_ln708_s_fu_1012">
<pin_list>
<pin id="1013" dir="0" index="0" bw="15" slack="0"/>
<pin id="1014" dir="0" index="1" bw="16" slack="0"/>
<pin id="1015" dir="0" index="2" bw="1" slack="0"/>
<pin id="1016" dir="0" index="3" bw="5" slack="0"/>
<pin id="1017" dir="1" index="4" bw="15" slack="0"/>
</pin_list>
<bind>
<opcode="partselect(1002) " fcode="partselect"/>
<opset="trunc_ln708_s/4 "/>
</bind>
</comp>

<comp id="1022" class="1004" name="sext_ln708_5_fu_1022">
<pin_list>
<pin id="1023" dir="0" index="0" bw="15" slack="0"/>
<pin id="1024" dir="1" index="1" bw="16" slack="0"/>
</pin_list>
<bind>
<opcode="sext(35) " fcode="sext"/>
<opset="sext_ln708_5/4 "/>
</bind>
</comp>

<comp id="1026" class="1004" name="trunc_ln3_fu_1026">
<pin_list>
<pin id="1027" dir="0" index="0" bw="12" slack="0"/>
<pin id="1028" dir="0" index="1" bw="16" slack="0"/>
<pin id="1029" dir="0" index="2" bw="1" slack="0"/>
<pin id="1030" dir="0" index="3" bw="5" slack="0"/>
<pin id="1031" dir="1" index="4" bw="12" slack="0"/>
</pin_list>
<bind>
<opcode="partselect(1002) " fcode="partselect"/>
<opset="trunc_ln3/4 "/>
</bind>
</comp>

<comp id="1036" class="1004" name="trunc_ln703_7_fu_1036">
<pin_list>
<pin id="1037" dir="0" index="0" bw="16" slack="0"/>
<pin id="1038" dir="1" index="1" bw="12" slack="0"/>
</pin_list>
<bind>
<opcode="trunc(33) " fcode="trunc"/>
<opset="trunc_ln703_7/4 "/>
</bind>
</comp>

<comp id="1040" class="1004" name="acc_1_V_fu_1040">
<pin_list>
<pin id="1041" dir="0" index="0" bw="16" slack="0"/>
<pin id="1042" dir="0" index="1" bw="15" slack="0"/>
<pin id="1043" dir="1" index="2" bw="16" slack="0"/>
</pin_list>
<bind>
<opcode="add(8) " fcode="add"/>
<opset="acc_1_V/4 "/>
</bind>
</comp>

<comp id="1046" class="1004" name="add_ln703_7_fu_1046">
<pin_list>
<pin id="1047" dir="0" index="0" bw="12" slack="0"/>
<pin id="1048" dir="0" index="1" bw="12" slack="0"/>
<pin id="1049" dir="1" index="2" bw="12" slack="0"/>
</pin_list>
<bind>
<opcode="add(8) " fcode="add"/>
<opset="add_ln703_7/4 "/>
</bind>
</comp>

<comp id="1052" class="1004" name="sext_ln1118_2_fu_1052">
<pin_list>
<pin id="1053" dir="0" index="0" bw="8" slack="1"/>
<pin id="1054" dir="1" index="1" bw="16" slack="0"/>
</pin_list>
<bind>
<opcode="sext(35) " fcode="sext"/>
<opset="sext_ln1118_2/4 "/>
</bind>
</comp>

<comp id="1055" class="1004" name="mul_ln1118_6_fu_1055">
<pin_list>
<pin id="1056" dir="0" index="0" bw="8" slack="0"/>
<pin id="1057" dir="0" index="1" bw="8" slack="0"/>
<pin id="1058" dir="1" index="2" bw="16" slack="0"/>
</pin_list>
<bind>
<opcode="mul(12) " fcode="mul"/>
<opset="mul_ln1118_6/4 "/>
</bind>
</comp>

<comp id="1061" class="1004" name="trunc_ln708_17_fu_1061">
<pin_list>
<pin id="1062" dir="0" index="0" bw="15" slack="0"/>
<pin id="1063" dir="0" index="1" bw="16" slack="0"/>
<pin id="1064" dir="0" index="2" bw="1" slack="0"/>
<pin id="1065" dir="0" index="3" bw="5" slack="0"/>
<pin id="1066" dir="1" index="4" bw="15" slack="0"/>
</pin_list>
<bind>
<opcode="partselect(1002) " fcode="partselect"/>
<opset="trunc_ln708_17/4 "/>
</bind>
</comp>

<comp id="1071" class="1004" name="sext_ln708_6_fu_1071">
<pin_list>
<pin id="1072" dir="0" index="0" bw="15" slack="0"/>
<pin id="1073" dir="1" index="1" bw="16" slack="0"/>
</pin_list>
<bind>
<opcode="sext(35) " fcode="sext"/>
<opset="sext_ln708_6/4 "/>
</bind>
</comp>

<comp id="1075" class="1004" name="trunc_ln703_6_fu_1075">
<pin_list>
<pin id="1076" dir="0" index="0" bw="12" slack="0"/>
<pin id="1077" dir="0" index="1" bw="16" slack="0"/>
<pin id="1078" dir="0" index="2" bw="1" slack="0"/>
<pin id="1079" dir="0" index="3" bw="5" slack="0"/>
<pin id="1080" dir="1" index="4" bw="12" slack="0"/>
</pin_list>
<bind>
<opcode="partselect(1002) " fcode="partselect"/>
<opset="trunc_ln703_6/4 "/>
</bind>
</comp>

<comp id="1085" class="1004" name="trunc_ln703_9_fu_1085">
<pin_list>
<pin id="1086" dir="0" index="0" bw="16" slack="0"/>
<pin id="1087" dir="1" index="1" bw="12" slack="0"/>
</pin_list>
<bind>
<opcode="trunc(33) " fcode="trunc"/>
<opset="trunc_ln703_9/4 "/>
</bind>
</comp>

<comp id="1089" class="1004" name="acc_2_V_fu_1089">
<pin_list>
<pin id="1090" dir="0" index="0" bw="16" slack="0"/>
<pin id="1091" dir="0" index="1" bw="15" slack="0"/>
<pin id="1092" dir="1" index="2" bw="16" slack="0"/>
</pin_list>
<bind>
<opcode="add(8) " fcode="add"/>
<opset="acc_2_V/4 "/>
</bind>
</comp>

<comp id="1095" class="1004" name="add_ln703_8_fu_1095">
<pin_list>
<pin id="1096" dir="0" index="0" bw="12" slack="0"/>
<pin id="1097" dir="0" index="1" bw="12" slack="0"/>
<pin id="1098" dir="1" index="2" bw="12" slack="0"/>
</pin_list>
<bind>
<opcode="add(8) " fcode="add"/>
<opset="add_ln703_8/4 "/>
</bind>
</comp>

<comp id="1101" class="1004" name="sext_ln1118_3_fu_1101">
<pin_list>
<pin id="1102" dir="0" index="0" bw="8" slack="1"/>
<pin id="1103" dir="1" index="1" bw="16" slack="0"/>
</pin_list>
<bind>
<opcode="sext(35) " fcode="sext"/>
<opset="sext_ln1118_3/4 "/>
</bind>
</comp>

<comp id="1104" class="1004" name="mul_ln1118_7_fu_1104">
<pin_list>
<pin id="1105" dir="0" index="0" bw="8" slack="0"/>
<pin id="1106" dir="0" index="1" bw="8" slack="0"/>
<pin id="1107" dir="1" index="2" bw="16" slack="0"/>
</pin_list>
<bind>
<opcode="mul(12) " fcode="mul"/>
<opset="mul_ln1118_7/4 "/>
</bind>
</comp>

<comp id="1110" class="1004" name="trunc_ln708_18_fu_1110">
<pin_list>
<pin id="1111" dir="0" index="0" bw="15" slack="0"/>
<pin id="1112" dir="0" index="1" bw="16" slack="0"/>
<pin id="1113" dir="0" index="2" bw="1" slack="0"/>
<pin id="1114" dir="0" index="3" bw="5" slack="0"/>
<pin id="1115" dir="1" index="4" bw="15" slack="0"/>
</pin_list>
<bind>
<opcode="partselect(1002) " fcode="partselect"/>
<opset="trunc_ln708_18/4 "/>
</bind>
</comp>

<comp id="1120" class="1004" name="sext_ln708_7_fu_1120">
<pin_list>
<pin id="1121" dir="0" index="0" bw="15" slack="0"/>
<pin id="1122" dir="1" index="1" bw="16" slack="0"/>
</pin_list>
<bind>
<opcode="sext(35) " fcode="sext"/>
<opset="sext_ln708_7/4 "/>
</bind>
</comp>

<comp id="1124" class="1004" name="trunc_ln703_8_fu_1124">
<pin_list>
<pin id="1125" dir="0" index="0" bw="12" slack="0"/>
<pin id="1126" dir="0" index="1" bw="16" slack="0"/>
<pin id="1127" dir="0" index="2" bw="1" slack="0"/>
<pin id="1128" dir="0" index="3" bw="5" slack="0"/>
<pin id="1129" dir="1" index="4" bw="12" slack="0"/>
</pin_list>
<bind>
<opcode="partselect(1002) " fcode="partselect"/>
<opset="trunc_ln703_8/4 "/>
</bind>
</comp>

<comp id="1134" class="1004" name="trunc_ln703_11_fu_1134">
<pin_list>
<pin id="1135" dir="0" index="0" bw="16" slack="0"/>
<pin id="1136" dir="1" index="1" bw="12" slack="0"/>
</pin_list>
<bind>
<opcode="trunc(33) " fcode="trunc"/>
<opset="trunc_ln703_11/4 "/>
</bind>
</comp>

<comp id="1138" class="1004" name="acc_3_V_fu_1138">
<pin_list>
<pin id="1139" dir="0" index="0" bw="16" slack="0"/>
<pin id="1140" dir="0" index="1" bw="15" slack="0"/>
<pin id="1141" dir="1" index="2" bw="16" slack="0"/>
</pin_list>
<bind>
<opcode="add(8) " fcode="add"/>
<opset="acc_3_V/4 "/>
</bind>
</comp>

<comp id="1144" class="1004" name="add_ln703_9_fu_1144">
<pin_list>
<pin id="1145" dir="0" index="0" bw="12" slack="0"/>
<pin id="1146" dir="0" index="1" bw="12" slack="0"/>
<pin id="1147" dir="1" index="2" bw="12" slack="0"/>
</pin_list>
<bind>
<opcode="add(8) " fcode="add"/>
<opset="add_ln703_9/4 "/>
</bind>
</comp>

<comp id="1150" class="1004" name="sext_ln1118_4_fu_1150">
<pin_list>
<pin id="1151" dir="0" index="0" bw="8" slack="1"/>
<pin id="1152" dir="1" index="1" bw="16" slack="0"/>
</pin_list>
<bind>
<opcode="sext(35) " fcode="sext"/>
<opset="sext_ln1118_4/4 "/>
</bind>
</comp>

<comp id="1153" class="1004" name="mul_ln1118_8_fu_1153">
<pin_list>
<pin id="1154" dir="0" index="0" bw="8" slack="0"/>
<pin id="1155" dir="0" index="1" bw="8" slack="0"/>
<pin id="1156" dir="1" index="2" bw="16" slack="0"/>
</pin_list>
<bind>
<opcode="mul(12) " fcode="mul"/>
<opset="mul_ln1118_8/4 "/>
</bind>
</comp>

<comp id="1159" class="1004" name="trunc_ln708_19_fu_1159">
<pin_list>
<pin id="1160" dir="0" index="0" bw="15" slack="0"/>
<pin id="1161" dir="0" index="1" bw="16" slack="0"/>
<pin id="1162" dir="0" index="2" bw="1" slack="0"/>
<pin id="1163" dir="0" index="3" bw="5" slack="0"/>
<pin id="1164" dir="1" index="4" bw="15" slack="0"/>
</pin_list>
<bind>
<opcode="partselect(1002) " fcode="partselect"/>
<opset="trunc_ln708_19/4 "/>
</bind>
</comp>

<comp id="1169" class="1004" name="sext_ln708_8_fu_1169">
<pin_list>
<pin id="1170" dir="0" index="0" bw="15" slack="0"/>
<pin id="1171" dir="1" index="1" bw="16" slack="0"/>
</pin_list>
<bind>
<opcode="sext(35) " fcode="sext"/>
<opset="sext_ln708_8/4 "/>
</bind>
</comp>

<comp id="1173" class="1004" name="trunc_ln703_1_fu_1173">
<pin_list>
<pin id="1174" dir="0" index="0" bw="12" slack="0"/>
<pin id="1175" dir="0" index="1" bw="16" slack="0"/>
<pin id="1176" dir="0" index="2" bw="1" slack="0"/>
<pin id="1177" dir="0" index="3" bw="5" slack="0"/>
<pin id="1178" dir="1" index="4" bw="12" slack="0"/>
</pin_list>
<bind>
<opcode="partselect(1002) " fcode="partselect"/>
<opset="trunc_ln703_1/4 "/>
</bind>
</comp>

<comp id="1183" class="1004" name="trunc_ln703_13_fu_1183">
<pin_list>
<pin id="1184" dir="0" index="0" bw="16" slack="0"/>
<pin id="1185" dir="1" index="1" bw="12" slack="0"/>
</pin_list>
<bind>
<opcode="trunc(33) " fcode="trunc"/>
<opset="trunc_ln703_13/4 "/>
</bind>
</comp>

<comp id="1187" class="1004" name="acc_4_V_fu_1187">
<pin_list>
<pin id="1188" dir="0" index="0" bw="16" slack="0"/>
<pin id="1189" dir="0" index="1" bw="15" slack="0"/>
<pin id="1190" dir="1" index="2" bw="16" slack="0"/>
</pin_list>
<bind>
<opcode="add(8) " fcode="add"/>
<opset="acc_4_V/4 "/>
</bind>
</comp>

<comp id="1193" class="1004" name="add_ln703_10_fu_1193">
<pin_list>
<pin id="1194" dir="0" index="0" bw="12" slack="0"/>
<pin id="1195" dir="0" index="1" bw="12" slack="0"/>
<pin id="1196" dir="1" index="2" bw="12" slack="0"/>
</pin_list>
<bind>
<opcode="add(8) " fcode="add"/>
<opset="add_ln703_10/4 "/>
</bind>
</comp>

<comp id="1199" class="1004" name="sext_ln1118_5_fu_1199">
<pin_list>
<pin id="1200" dir="0" index="0" bw="8" slack="1"/>
<pin id="1201" dir="1" index="1" bw="16" slack="0"/>
</pin_list>
<bind>
<opcode="sext(35) " fcode="sext"/>
<opset="sext_ln1118_5/4 "/>
</bind>
</comp>

<comp id="1202" class="1004" name="mul_ln1118_9_fu_1202">
<pin_list>
<pin id="1203" dir="0" index="0" bw="8" slack="0"/>
<pin id="1204" dir="0" index="1" bw="8" slack="0"/>
<pin id="1205" dir="1" index="2" bw="16" slack="0"/>
</pin_list>
<bind>
<opcode="mul(12) " fcode="mul"/>
<opset="mul_ln1118_9/4 "/>
</bind>
</comp>

<comp id="1208" class="1004" name="trunc_ln708_20_fu_1208">
<pin_list>
<pin id="1209" dir="0" index="0" bw="15" slack="0"/>
<pin id="1210" dir="0" index="1" bw="16" slack="0"/>
<pin id="1211" dir="0" index="2" bw="1" slack="0"/>
<pin id="1212" dir="0" index="3" bw="5" slack="0"/>
<pin id="1213" dir="1" index="4" bw="15" slack="0"/>
</pin_list>
<bind>
<opcode="partselect(1002) " fcode="partselect"/>
<opset="trunc_ln708_20/4 "/>
</bind>
</comp>

<comp id="1218" class="1004" name="sext_ln708_9_fu_1218">
<pin_list>
<pin id="1219" dir="0" index="0" bw="15" slack="0"/>
<pin id="1220" dir="1" index="1" bw="16" slack="0"/>
</pin_list>
<bind>
<opcode="sext(35) " fcode="sext"/>
<opset="sext_ln708_9/4 "/>
</bind>
</comp>

<comp id="1222" class="1004" name="trunc_ln703_2_fu_1222">
<pin_list>
<pin id="1223" dir="0" index="0" bw="12" slack="0"/>
<pin id="1224" dir="0" index="1" bw="16" slack="0"/>
<pin id="1225" dir="0" index="2" bw="1" slack="0"/>
<pin id="1226" dir="0" index="3" bw="5" slack="0"/>
<pin id="1227" dir="1" index="4" bw="12" slack="0"/>
</pin_list>
<bind>
<opcode="partselect(1002) " fcode="partselect"/>
<opset="trunc_ln703_2/4 "/>
</bind>
</comp>

<comp id="1232" class="1004" name="trunc_ln703_15_fu_1232">
<pin_list>
<pin id="1233" dir="0" index="0" bw="16" slack="0"/>
<pin id="1234" dir="1" index="1" bw="12" slack="0"/>
</pin_list>
<bind>
<opcode="trunc(33) " fcode="trunc"/>
<opset="trunc_ln703_15/4 "/>
</bind>
</comp>

<comp id="1236" class="1004" name="acc_5_V_fu_1236">
<pin_list>
<pin id="1237" dir="0" index="0" bw="16" slack="0"/>
<pin id="1238" dir="0" index="1" bw="15" slack="0"/>
<pin id="1239" dir="1" index="2" bw="16" slack="0"/>
</pin_list>
<bind>
<opcode="add(8) " fcode="add"/>
<opset="acc_5_V/4 "/>
</bind>
</comp>

<comp id="1242" class="1004" name="add_ln703_11_fu_1242">
<pin_list>
<pin id="1243" dir="0" index="0" bw="12" slack="0"/>
<pin id="1244" dir="0" index="1" bw="12" slack="0"/>
<pin id="1245" dir="1" index="2" bw="12" slack="0"/>
</pin_list>
<bind>
<opcode="add(8) " fcode="add"/>
<opset="add_ln703_11/4 "/>
</bind>
</comp>

<comp id="1248" class="1004" name="sext_ln1118_6_fu_1248">
<pin_list>
<pin id="1249" dir="0" index="0" bw="8" slack="1"/>
<pin id="1250" dir="1" index="1" bw="16" slack="0"/>
</pin_list>
<bind>
<opcode="sext(35) " fcode="sext"/>
<opset="sext_ln1118_6/4 "/>
</bind>
</comp>

<comp id="1251" class="1004" name="mul_ln1118_10_fu_1251">
<pin_list>
<pin id="1252" dir="0" index="0" bw="8" slack="0"/>
<pin id="1253" dir="0" index="1" bw="8" slack="0"/>
<pin id="1254" dir="1" index="2" bw="16" slack="0"/>
</pin_list>
<bind>
<opcode="mul(12) " fcode="mul"/>
<opset="mul_ln1118_10/4 "/>
</bind>
</comp>

<comp id="1257" class="1004" name="trunc_ln708_21_fu_1257">
<pin_list>
<pin id="1258" dir="0" index="0" bw="15" slack="0"/>
<pin id="1259" dir="0" index="1" bw="16" slack="0"/>
<pin id="1260" dir="0" index="2" bw="1" slack="0"/>
<pin id="1261" dir="0" index="3" bw="5" slack="0"/>
<pin id="1262" dir="1" index="4" bw="15" slack="0"/>
</pin_list>
<bind>
<opcode="partselect(1002) " fcode="partselect"/>
<opset="trunc_ln708_21/4 "/>
</bind>
</comp>

<comp id="1267" class="1004" name="sext_ln708_10_fu_1267">
<pin_list>
<pin id="1268" dir="0" index="0" bw="15" slack="0"/>
<pin id="1269" dir="1" index="1" bw="16" slack="0"/>
</pin_list>
<bind>
<opcode="sext(35) " fcode="sext"/>
<opset="sext_ln708_10/4 "/>
</bind>
</comp>

<comp id="1271" class="1004" name="trunc_ln703_3_fu_1271">
<pin_list>
<pin id="1272" dir="0" index="0" bw="12" slack="0"/>
<pin id="1273" dir="0" index="1" bw="16" slack="0"/>
<pin id="1274" dir="0" index="2" bw="1" slack="0"/>
<pin id="1275" dir="0" index="3" bw="5" slack="0"/>
<pin id="1276" dir="1" index="4" bw="12" slack="0"/>
</pin_list>
<bind>
<opcode="partselect(1002) " fcode="partselect"/>
<opset="trunc_ln703_3/4 "/>
</bind>
</comp>

<comp id="1281" class="1004" name="trunc_ln703_17_fu_1281">
<pin_list>
<pin id="1282" dir="0" index="0" bw="16" slack="0"/>
<pin id="1283" dir="1" index="1" bw="12" slack="0"/>
</pin_list>
<bind>
<opcode="trunc(33) " fcode="trunc"/>
<opset="trunc_ln703_17/4 "/>
</bind>
</comp>

<comp id="1285" class="1004" name="acc_6_V_fu_1285">
<pin_list>
<pin id="1286" dir="0" index="0" bw="16" slack="0"/>
<pin id="1287" dir="0" index="1" bw="15" slack="0"/>
<pin id="1288" dir="1" index="2" bw="16" slack="0"/>
</pin_list>
<bind>
<opcode="add(8) " fcode="add"/>
<opset="acc_6_V/4 "/>
</bind>
</comp>

<comp id="1291" class="1004" name="add_ln703_12_fu_1291">
<pin_list>
<pin id="1292" dir="0" index="0" bw="12" slack="0"/>
<pin id="1293" dir="0" index="1" bw="12" slack="0"/>
<pin id="1294" dir="1" index="2" bw="12" slack="0"/>
</pin_list>
<bind>
<opcode="add(8) " fcode="add"/>
<opset="add_ln703_12/4 "/>
</bind>
</comp>

<comp id="1297" class="1004" name="sext_ln1118_7_fu_1297">
<pin_list>
<pin id="1298" dir="0" index="0" bw="8" slack="1"/>
<pin id="1299" dir="1" index="1" bw="16" slack="0"/>
</pin_list>
<bind>
<opcode="sext(35) " fcode="sext"/>
<opset="sext_ln1118_7/4 "/>
</bind>
</comp>

<comp id="1300" class="1004" name="mul_ln1118_11_fu_1300">
<pin_list>
<pin id="1301" dir="0" index="0" bw="8" slack="0"/>
<pin id="1302" dir="0" index="1" bw="8" slack="0"/>
<pin id="1303" dir="1" index="2" bw="16" slack="0"/>
</pin_list>
<bind>
<opcode="mul(12) " fcode="mul"/>
<opset="mul_ln1118_11/4 "/>
</bind>
</comp>

<comp id="1306" class="1004" name="trunc_ln708_22_fu_1306">
<pin_list>
<pin id="1307" dir="0" index="0" bw="15" slack="0"/>
<pin id="1308" dir="0" index="1" bw="16" slack="0"/>
<pin id="1309" dir="0" index="2" bw="1" slack="0"/>
<pin id="1310" dir="0" index="3" bw="5" slack="0"/>
<pin id="1311" dir="1" index="4" bw="15" slack="0"/>
</pin_list>
<bind>
<opcode="partselect(1002) " fcode="partselect"/>
<opset="trunc_ln708_22/4 "/>
</bind>
</comp>

<comp id="1316" class="1004" name="sext_ln708_11_fu_1316">
<pin_list>
<pin id="1317" dir="0" index="0" bw="15" slack="0"/>
<pin id="1318" dir="1" index="1" bw="16" slack="0"/>
</pin_list>
<bind>
<opcode="sext(35) " fcode="sext"/>
<opset="sext_ln708_11/4 "/>
</bind>
</comp>

<comp id="1320" class="1004" name="trunc_ln703_4_fu_1320">
<pin_list>
<pin id="1321" dir="0" index="0" bw="12" slack="0"/>
<pin id="1322" dir="0" index="1" bw="16" slack="0"/>
<pin id="1323" dir="0" index="2" bw="1" slack="0"/>
<pin id="1324" dir="0" index="3" bw="5" slack="0"/>
<pin id="1325" dir="1" index="4" bw="12" slack="0"/>
</pin_list>
<bind>
<opcode="partselect(1002) " fcode="partselect"/>
<opset="trunc_ln703_4/4 "/>
</bind>
</comp>

<comp id="1330" class="1004" name="trunc_ln703_19_fu_1330">
<pin_list>
<pin id="1331" dir="0" index="0" bw="16" slack="0"/>
<pin id="1332" dir="1" index="1" bw="12" slack="0"/>
</pin_list>
<bind>
<opcode="trunc(33) " fcode="trunc"/>
<opset="trunc_ln703_19/4 "/>
</bind>
</comp>

<comp id="1334" class="1004" name="acc_7_V_fu_1334">
<pin_list>
<pin id="1335" dir="0" index="0" bw="16" slack="0"/>
<pin id="1336" dir="0" index="1" bw="15" slack="0"/>
<pin id="1337" dir="1" index="2" bw="16" slack="0"/>
</pin_list>
<bind>
<opcode="add(8) " fcode="add"/>
<opset="acc_7_V/4 "/>
</bind>
</comp>

<comp id="1340" class="1004" name="add_ln703_13_fu_1340">
<pin_list>
<pin id="1341" dir="0" index="0" bw="12" slack="0"/>
<pin id="1342" dir="0" index="1" bw="12" slack="0"/>
<pin id="1343" dir="1" index="2" bw="12" slack="0"/>
</pin_list>
<bind>
<opcode="add(8) " fcode="add"/>
<opset="add_ln703_13/4 "/>
</bind>
</comp>

<comp id="1346" class="1004" name="sext_ln1118_8_fu_1346">
<pin_list>
<pin id="1347" dir="0" index="0" bw="8" slack="1"/>
<pin id="1348" dir="1" index="1" bw="16" slack="0"/>
</pin_list>
<bind>
<opcode="sext(35) " fcode="sext"/>
<opset="sext_ln1118_8/4 "/>
</bind>
</comp>

<comp id="1349" class="1004" name="mul_ln1118_12_fu_1349">
<pin_list>
<pin id="1350" dir="0" index="0" bw="8" slack="0"/>
<pin id="1351" dir="0" index="1" bw="8" slack="0"/>
<pin id="1352" dir="1" index="2" bw="16" slack="0"/>
</pin_list>
<bind>
<opcode="mul(12) " fcode="mul"/>
<opset="mul_ln1118_12/4 "/>
</bind>
</comp>

<comp id="1355" class="1004" name="trunc_ln708_23_fu_1355">
<pin_list>
<pin id="1356" dir="0" index="0" bw="15" slack="0"/>
<pin id="1357" dir="0" index="1" bw="16" slack="0"/>
<pin id="1358" dir="0" index="2" bw="1" slack="0"/>
<pin id="1359" dir="0" index="3" bw="5" slack="0"/>
<pin id="1360" dir="1" index="4" bw="15" slack="0"/>
</pin_list>
<bind>
<opcode="partselect(1002) " fcode="partselect"/>
<opset="trunc_ln708_23/4 "/>
</bind>
</comp>

<comp id="1365" class="1004" name="sext_ln708_12_fu_1365">
<pin_list>
<pin id="1366" dir="0" index="0" bw="15" slack="0"/>
<pin id="1367" dir="1" index="1" bw="16" slack="0"/>
</pin_list>
<bind>
<opcode="sext(35) " fcode="sext"/>
<opset="sext_ln708_12/4 "/>
</bind>
</comp>

<comp id="1369" class="1004" name="trunc_ln703_5_fu_1369">
<pin_list>
<pin id="1370" dir="0" index="0" bw="12" slack="0"/>
<pin id="1371" dir="0" index="1" bw="16" slack="0"/>
<pin id="1372" dir="0" index="2" bw="1" slack="0"/>
<pin id="1373" dir="0" index="3" bw="5" slack="0"/>
<pin id="1374" dir="1" index="4" bw="12" slack="0"/>
</pin_list>
<bind>
<opcode="partselect(1002) " fcode="partselect"/>
<opset="trunc_ln703_5/4 "/>
</bind>
</comp>

<comp id="1379" class="1004" name="trunc_ln703_21_fu_1379">
<pin_list>
<pin id="1380" dir="0" index="0" bw="16" slack="0"/>
<pin id="1381" dir="1" index="1" bw="12" slack="0"/>
</pin_list>
<bind>
<opcode="trunc(33) " fcode="trunc"/>
<opset="trunc_ln703_21/4 "/>
</bind>
</comp>

<comp id="1383" class="1004" name="acc_8_V_fu_1383">
<pin_list>
<pin id="1384" dir="0" index="0" bw="16" slack="0"/>
<pin id="1385" dir="0" index="1" bw="15" slack="0"/>
<pin id="1386" dir="1" index="2" bw="16" slack="0"/>
</pin_list>
<bind>
<opcode="add(8) " fcode="add"/>
<opset="acc_8_V/4 "/>
</bind>
</comp>

<comp id="1389" class="1004" name="add_ln703_14_fu_1389">
<pin_list>
<pin id="1390" dir="0" index="0" bw="12" slack="0"/>
<pin id="1391" dir="0" index="1" bw="12" slack="0"/>
<pin id="1392" dir="1" index="2" bw="12" slack="0"/>
</pin_list>
<bind>
<opcode="add(8) " fcode="add"/>
<opset="add_ln703_14/4 "/>
</bind>
</comp>

<comp id="1395" class="1004" name="zext_ln1118_fu_1395">
<pin_list>
<pin id="1396" dir="0" index="0" bw="8" slack="1"/>
<pin id="1397" dir="1" index="1" bw="14" slack="0"/>
</pin_list>
<bind>
<opcode="zext(34) " fcode="zext"/>
<opset="zext_ln1118/4 "/>
</bind>
</comp>

<comp id="1398" class="1004" name="sext_ln1118_9_fu_1398">
<pin_list>
<pin id="1399" dir="0" index="0" bw="6" slack="1"/>
<pin id="1400" dir="1" index="1" bw="14" slack="0"/>
</pin_list>
<bind>
<opcode="sext(35) " fcode="sext"/>
<opset="sext_ln1118_9/4 "/>
</bind>
</comp>

<comp id="1401" class="1004" name="mul_ln1118_13_fu_1401">
<pin_list>
<pin id="1402" dir="0" index="0" bw="6" slack="0"/>
<pin id="1403" dir="0" index="1" bw="8" slack="0"/>
<pin id="1404" dir="1" index="2" bw="14" slack="0"/>
</pin_list>
<bind>
<opcode="mul(12) " fcode="mul"/>
<opset="mul_ln1118_13/4 "/>
</bind>
</comp>

<comp id="1407" class="1004" name="trunc_ln708_24_fu_1407">
<pin_list>
<pin id="1408" dir="0" index="0" bw="13" slack="0"/>
<pin id="1409" dir="0" index="1" bw="14" slack="0"/>
<pin id="1410" dir="0" index="2" bw="1" slack="0"/>
<pin id="1411" dir="0" index="3" bw="5" slack="0"/>
<pin id="1412" dir="1" index="4" bw="13" slack="0"/>
</pin_list>
<bind>
<opcode="partselect(1002) " fcode="partselect"/>
<opset="trunc_ln708_24/4 "/>
</bind>
</comp>

<comp id="1417" class="1004" name="sext_ln708_13_fu_1417">
<pin_list>
<pin id="1418" dir="0" index="0" bw="13" slack="0"/>
<pin id="1419" dir="1" index="1" bw="16" slack="0"/>
</pin_list>
<bind>
<opcode="sext(35) " fcode="sext"/>
<opset="sext_ln708_13/4 "/>
</bind>
</comp>

<comp id="1421" class="1004" name="trunc_ln703_10_fu_1421">
<pin_list>
<pin id="1422" dir="0" index="0" bw="12" slack="0"/>
<pin id="1423" dir="0" index="1" bw="14" slack="0"/>
<pin id="1424" dir="0" index="2" bw="1" slack="0"/>
<pin id="1425" dir="0" index="3" bw="5" slack="0"/>
<pin id="1426" dir="1" index="4" bw="12" slack="0"/>
</pin_list>
<bind>
<opcode="partselect(1002) " fcode="partselect"/>
<opset="trunc_ln703_10/4 "/>
</bind>
</comp>

<comp id="1431" class="1004" name="trunc_ln703_22_fu_1431">
<pin_list>
<pin id="1432" dir="0" index="0" bw="16" slack="0"/>
<pin id="1433" dir="1" index="1" bw="12" slack="0"/>
</pin_list>
<bind>
<opcode="trunc(33) " fcode="trunc"/>
<opset="trunc_ln703_22/4 "/>
</bind>
</comp>

<comp id="1435" class="1004" name="acc_9_V_fu_1435">
<pin_list>
<pin id="1436" dir="0" index="0" bw="16" slack="0"/>
<pin id="1437" dir="0" index="1" bw="13" slack="0"/>
<pin id="1438" dir="1" index="2" bw="16" slack="0"/>
</pin_list>
<bind>
<opcode="add(8) " fcode="add"/>
<opset="acc_9_V/4 "/>
</bind>
</comp>

<comp id="1441" class="1004" name="add_ln703_15_fu_1441">
<pin_list>
<pin id="1442" dir="0" index="0" bw="12" slack="0"/>
<pin id="1443" dir="0" index="1" bw="12" slack="0"/>
<pin id="1444" dir="1" index="2" bw="12" slack="0"/>
</pin_list>
<bind>
<opcode="add(8) " fcode="add"/>
<opset="add_ln703_15/4 "/>
</bind>
</comp>

<comp id="1447" class="1004" name="trunc_ln4_fu_1447">
<pin_list>
<pin id="1448" dir="0" index="0" bw="8" slack="0"/>
<pin id="1449" dir="0" index="1" bw="12" slack="0"/>
<pin id="1450" dir="0" index="2" bw="4" slack="0"/>
<pin id="1451" dir="0" index="3" bw="5" slack="0"/>
<pin id="1452" dir="1" index="4" bw="8" slack="0"/>
</pin_list>
<bind>
<opcode="partselect(1002) " fcode="partselect"/>
<opset="trunc_ln4/4 "/>
</bind>
</comp>

<comp id="1457" class="1004" name="trunc_ln46_5_fu_1457">
<pin_list>
<pin id="1458" dir="0" index="0" bw="8" slack="0"/>
<pin id="1459" dir="0" index="1" bw="12" slack="0"/>
<pin id="1460" dir="0" index="2" bw="4" slack="0"/>
<pin id="1461" dir="0" index="3" bw="5" slack="0"/>
<pin id="1462" dir="1" index="4" bw="8" slack="0"/>
</pin_list>
<bind>
<opcode="partselect(1002) " fcode="partselect"/>
<opset="trunc_ln46_5/4 "/>
</bind>
</comp>

<comp id="1467" class="1004" name="trunc_ln46_6_fu_1467">
<pin_list>
<pin id="1468" dir="0" index="0" bw="8" slack="0"/>
<pin id="1469" dir="0" index="1" bw="12" slack="0"/>
<pin id="1470" dir="0" index="2" bw="4" slack="0"/>
<pin id="1471" dir="0" index="3" bw="5" slack="0"/>
<pin id="1472" dir="1" index="4" bw="8" slack="0"/>
</pin_list>
<bind>
<opcode="partselect(1002) " fcode="partselect"/>
<opset="trunc_ln46_6/4 "/>
</bind>
</comp>

<comp id="1477" class="1004" name="trunc_ln46_7_fu_1477">
<pin_list>
<pin id="1478" dir="0" index="0" bw="8" slack="0"/>
<pin id="1479" dir="0" index="1" bw="12" slack="0"/>
<pin id="1480" dir="0" index="2" bw="4" slack="0"/>
<pin id="1481" dir="0" index="3" bw="5" slack="0"/>
<pin id="1482" dir="1" index="4" bw="8" slack="0"/>
</pin_list>
<bind>
<opcode="partselect(1002) " fcode="partselect"/>
<opset="trunc_ln46_7/4 "/>
</bind>
</comp>

<comp id="1487" class="1004" name="trunc_ln46_8_fu_1487">
<pin_list>
<pin id="1488" dir="0" index="0" bw="8" slack="0"/>
<pin id="1489" dir="0" index="1" bw="12" slack="0"/>
<pin id="1490" dir="0" index="2" bw="4" slack="0"/>
<pin id="1491" dir="0" index="3" bw="5" slack="0"/>
<pin id="1492" dir="1" index="4" bw="8" slack="0"/>
</pin_list>
<bind>
<opcode="partselect(1002) " fcode="partselect"/>
<opset="trunc_ln46_8/4 "/>
</bind>
</comp>

<comp id="1497" class="1004" name="trunc_ln46_9_fu_1497">
<pin_list>
<pin id="1498" dir="0" index="0" bw="8" slack="0"/>
<pin id="1499" dir="0" index="1" bw="12" slack="0"/>
<pin id="1500" dir="0" index="2" bw="4" slack="0"/>
<pin id="1501" dir="0" index="3" bw="5" slack="0"/>
<pin id="1502" dir="1" index="4" bw="8" slack="0"/>
</pin_list>
<bind>
<opcode="partselect(1002) " fcode="partselect"/>
<opset="trunc_ln46_9/4 "/>
</bind>
</comp>

<comp id="1507" class="1004" name="trunc_ln46_s_fu_1507">
<pin_list>
<pin id="1508" dir="0" index="0" bw="8" slack="0"/>
<pin id="1509" dir="0" index="1" bw="12" slack="0"/>
<pin id="1510" dir="0" index="2" bw="4" slack="0"/>
<pin id="1511" dir="0" index="3" bw="5" slack="0"/>
<pin id="1512" dir="1" index="4" bw="8" slack="0"/>
</pin_list>
<bind>
<opcode="partselect(1002) " fcode="partselect"/>
<opset="trunc_ln46_s/4 "/>
</bind>
</comp>

<comp id="1517" class="1004" name="trunc_ln46_1_fu_1517">
<pin_list>
<pin id="1518" dir="0" index="0" bw="8" slack="0"/>
<pin id="1519" dir="0" index="1" bw="12" slack="0"/>
<pin id="1520" dir="0" index="2" bw="4" slack="0"/>
<pin id="1521" dir="0" index="3" bw="5" slack="0"/>
<pin id="1522" dir="1" index="4" bw="8" slack="0"/>
</pin_list>
<bind>
<opcode="partselect(1002) " fcode="partselect"/>
<opset="trunc_ln46_1/4 "/>
</bind>
</comp>

<comp id="1527" class="1004" name="trunc_ln46_2_fu_1527">
<pin_list>
<pin id="1528" dir="0" index="0" bw="8" slack="0"/>
<pin id="1529" dir="0" index="1" bw="12" slack="0"/>
<pin id="1530" dir="0" index="2" bw="4" slack="0"/>
<pin id="1531" dir="0" index="3" bw="5" slack="0"/>
<pin id="1532" dir="1" index="4" bw="8" slack="0"/>
</pin_list>
<bind>
<opcode="partselect(1002) " fcode="partselect"/>
<opset="trunc_ln46_2/4 "/>
</bind>
</comp>

<comp id="1537" class="1004" name="trunc_ln46_3_fu_1537">
<pin_list>
<pin id="1538" dir="0" index="0" bw="8" slack="0"/>
<pin id="1539" dir="0" index="1" bw="12" slack="0"/>
<pin id="1540" dir="0" index="2" bw="4" slack="0"/>
<pin id="1541" dir="0" index="3" bw="5" slack="0"/>
<pin id="1542" dir="1" index="4" bw="8" slack="0"/>
</pin_list>
<bind>
<opcode="partselect(1002) " fcode="partselect"/>
<opset="trunc_ln46_3/4 "/>
</bind>
</comp>

<comp id="1547" class="1004" name="mrv_fu_1547">
<pin_list>
<pin id="1548" dir="0" index="0" bw="80" slack="0"/>
<pin id="1549" dir="0" index="1" bw="8" slack="0"/>
<pin id="1550" dir="1" index="2" bw="80" slack="0"/>
</pin_list>
<bind>
<opcode="insertvalue(57) " fcode="insertvalue"/>
<opset="mrv/4 "/>
</bind>
</comp>

<comp id="1553" class="1004" name="mrv_1_fu_1553">
<pin_list>
<pin id="1554" dir="0" index="0" bw="80" slack="0"/>
<pin id="1555" dir="0" index="1" bw="8" slack="0"/>
<pin id="1556" dir="1" index="2" bw="80" slack="0"/>
</pin_list>
<bind>
<opcode="insertvalue(57) " fcode="insertvalue"/>
<opset="mrv_1/4 "/>
</bind>
</comp>

<comp id="1559" class="1004" name="mrv_2_fu_1559">
<pin_list>
<pin id="1560" dir="0" index="0" bw="80" slack="0"/>
<pin id="1561" dir="0" index="1" bw="8" slack="0"/>
<pin id="1562" dir="1" index="2" bw="80" slack="0"/>
</pin_list>
<bind>
<opcode="insertvalue(57) " fcode="insertvalue"/>
<opset="mrv_2/4 "/>
</bind>
</comp>

<comp id="1565" class="1004" name="mrv_3_fu_1565">
<pin_list>
<pin id="1566" dir="0" index="0" bw="80" slack="0"/>
<pin id="1567" dir="0" index="1" bw="8" slack="0"/>
<pin id="1568" dir="1" index="2" bw="80" slack="0"/>
</pin_list>
<bind>
<opcode="insertvalue(57) " fcode="insertvalue"/>
<opset="mrv_3/4 "/>
</bind>
</comp>

<comp id="1571" class="1004" name="mrv_4_fu_1571">
<pin_list>
<pin id="1572" dir="0" index="0" bw="80" slack="0"/>
<pin id="1573" dir="0" index="1" bw="8" slack="0"/>
<pin id="1574" dir="1" index="2" bw="80" slack="0"/>
</pin_list>
<bind>
<opcode="insertvalue(57) " fcode="insertvalue"/>
<opset="mrv_4/4 "/>
</bind>
</comp>

<comp id="1577" class="1004" name="mrv_5_fu_1577">
<pin_list>
<pin id="1578" dir="0" index="0" bw="80" slack="0"/>
<pin id="1579" dir="0" index="1" bw="8" slack="0"/>
<pin id="1580" dir="1" index="2" bw="80" slack="0"/>
</pin_list>
<bind>
<opcode="insertvalue(57) " fcode="insertvalue"/>
<opset="mrv_5/4 "/>
</bind>
</comp>

<comp id="1583" class="1004" name="mrv_6_fu_1583">
<pin_list>
<pin id="1584" dir="0" index="0" bw="80" slack="0"/>
<pin id="1585" dir="0" index="1" bw="8" slack="0"/>
<pin id="1586" dir="1" index="2" bw="80" slack="0"/>
</pin_list>
<bind>
<opcode="insertvalue(57) " fcode="insertvalue"/>
<opset="mrv_6/4 "/>
</bind>
</comp>

<comp id="1589" class="1004" name="mrv_7_fu_1589">
<pin_list>
<pin id="1590" dir="0" index="0" bw="80" slack="0"/>
<pin id="1591" dir="0" index="1" bw="8" slack="0"/>
<pin id="1592" dir="1" index="2" bw="80" slack="0"/>
</pin_list>
<bind>
<opcode="insertvalue(57) " fcode="insertvalue"/>
<opset="mrv_7/4 "/>
</bind>
</comp>

<comp id="1595" class="1004" name="mrv_8_fu_1595">
<pin_list>
<pin id="1596" dir="0" index="0" bw="80" slack="0"/>
<pin id="1597" dir="0" index="1" bw="8" slack="0"/>
<pin id="1598" dir="1" index="2" bw="80" slack="0"/>
</pin_list>
<bind>
<opcode="insertvalue(57) " fcode="insertvalue"/>
<opset="mrv_8/4 "/>
</bind>
</comp>

<comp id="1601" class="1004" name="mrv_9_fu_1601">
<pin_list>
<pin id="1602" dir="0" index="0" bw="80" slack="0"/>
<pin id="1603" dir="0" index="1" bw="8" slack="0"/>
<pin id="1604" dir="1" index="2" bw="80" slack="0"/>
</pin_list>
<bind>
<opcode="insertvalue(57) " fcode="insertvalue"/>
<opset="mrv_9/4 "/>
</bind>
</comp>

<comp id="1607" class="1004" name="return_ln21_fu_1607">
<pin_list>
<pin id="1608" dir="0" index="0" bw="80" slack="0"/>
<pin id="1609" dir="1" index="1" bw="0" slack="2147483647"/>
</pin_list>
<bind>
<opcode="return(1203) " fcode="return"/>
<opset="return_ln21/4 "/>
</bind>
</comp>

<comp id="1611" class="1005" name="data_14_V_read_1_reg_1611">
<pin_list>
<pin id="1612" dir="0" index="0" bw="8" slack="1"/>
<pin id="1613" dir="1" index="1" bw="8" slack="1"/>
</pin_list>
<bind>
<opset="data_14_V_read_1 "/>
</bind>
</comp>

<comp id="1616" class="1005" name="data_13_V_read_1_reg_1616">
<pin_list>
<pin id="1617" dir="0" index="0" bw="8" slack="1"/>
<pin id="1618" dir="1" index="1" bw="8" slack="1"/>
</pin_list>
<bind>
<opset="data_13_V_read_1 "/>
</bind>
</comp>

<comp id="1621" class="1005" name="data_12_V_read_1_reg_1621">
<pin_list>
<pin id="1622" dir="0" index="0" bw="8" slack="1"/>
<pin id="1623" dir="1" index="1" bw="8" slack="1"/>
</pin_list>
<bind>
<opset="data_12_V_read_1 "/>
</bind>
</comp>

<comp id="1626" class="1005" name="data_11_V_read_1_reg_1626">
<pin_list>
<pin id="1627" dir="0" index="0" bw="8" slack="1"/>
<pin id="1628" dir="1" index="1" bw="8" slack="1"/>
</pin_list>
<bind>
<opset="data_11_V_read_1 "/>
</bind>
</comp>

<comp id="1631" class="1005" name="data_10_V_read_1_reg_1631">
<pin_list>
<pin id="1632" dir="0" index="0" bw="8" slack="1"/>
<pin id="1633" dir="1" index="1" bw="8" slack="1"/>
</pin_list>
<bind>
<opset="data_10_V_read_1 "/>
</bind>
</comp>

<comp id="1636" class="1005" name="data_9_V_read_2_reg_1636">
<pin_list>
<pin id="1637" dir="0" index="0" bw="8" slack="1"/>
<pin id="1638" dir="1" index="1" bw="8" slack="1"/>
</pin_list>
<bind>
<opset="data_9_V_read_2 "/>
</bind>
</comp>

<comp id="1641" class="1005" name="data_8_V_read_2_reg_1641">
<pin_list>
<pin id="1642" dir="0" index="0" bw="8" slack="1"/>
<pin id="1643" dir="1" index="1" bw="8" slack="1"/>
</pin_list>
<bind>
<opset="data_8_V_read_2 "/>
</bind>
</comp>

<comp id="1646" class="1005" name="data_7_V_read_2_reg_1646">
<pin_list>
<pin id="1647" dir="0" index="0" bw="8" slack="1"/>
<pin id="1648" dir="1" index="1" bw="8" slack="1"/>
</pin_list>
<bind>
<opset="data_7_V_read_2 "/>
</bind>
</comp>

<comp id="1651" class="1005" name="data_6_V_read_2_reg_1651">
<pin_list>
<pin id="1652" dir="0" index="0" bw="8" slack="1"/>
<pin id="1653" dir="1" index="1" bw="8" slack="1"/>
</pin_list>
<bind>
<opset="data_6_V_read_2 "/>
</bind>
</comp>

<comp id="1656" class="1005" name="data_5_V_read31_reg_1656">
<pin_list>
<pin id="1657" dir="0" index="0" bw="8" slack="1"/>
<pin id="1658" dir="1" index="1" bw="8" slack="1"/>
</pin_list>
<bind>
<opset="data_5_V_read31 "/>
</bind>
</comp>

<comp id="1661" class="1005" name="data_4_V_read_2_reg_1661">
<pin_list>
<pin id="1662" dir="0" index="0" bw="8" slack="1"/>
<pin id="1663" dir="1" index="1" bw="8" slack="1"/>
</pin_list>
<bind>
<opset="data_4_V_read_2 "/>
</bind>
</comp>

<comp id="1666" class="1005" name="data_3_V_read_2_reg_1666">
<pin_list>
<pin id="1667" dir="0" index="0" bw="8" slack="1"/>
<pin id="1668" dir="1" index="1" bw="8" slack="1"/>
</pin_list>
<bind>
<opset="data_3_V_read_2 "/>
</bind>
</comp>

<comp id="1671" class="1005" name="data_2_V_read_2_reg_1671">
<pin_list>
<pin id="1672" dir="0" index="0" bw="8" slack="1"/>
<pin id="1673" dir="1" index="1" bw="8" slack="1"/>
</pin_list>
<bind>
<opset="data_2_V_read_2 "/>
</bind>
</comp>

<comp id="1676" class="1005" name="data_1_V_read_2_reg_1676">
<pin_list>
<pin id="1677" dir="0" index="0" bw="8" slack="1"/>
<pin id="1678" dir="1" index="1" bw="8" slack="1"/>
</pin_list>
<bind>
<opset="data_1_V_read_2 "/>
</bind>
</comp>

<comp id="1681" class="1005" name="data_0_V_read_2_reg_1681">
<pin_list>
<pin id="1682" dir="0" index="0" bw="8" slack="1"/>
<pin id="1683" dir="1" index="1" bw="8" slack="1"/>
</pin_list>
<bind>
<opset="data_0_V_read_2 "/>
</bind>
</comp>

<comp id="1686" class="1005" name="w18_V_addr_reg_1686">
<pin_list>
<pin id="1687" dir="0" index="0" bw="4" slack="1"/>
<pin id="1688" dir="1" index="1" bw="4" slack="1"/>
</pin_list>
<bind>
<opset="w18_V_addr "/>
</bind>
</comp>

<comp id="1691" class="1005" name="w_index_reg_1691">
<pin_list>
<pin id="1692" dir="0" index="0" bw="4" slack="0"/>
<pin id="1693" dir="1" index="1" bw="4" slack="0"/>
</pin_list>
<bind>
<opset="w_index "/>
</bind>
</comp>

<comp id="1696" class="1005" name="icmp_ln46_reg_1696">
<pin_list>
<pin id="1697" dir="0" index="0" bw="1" slack="1"/>
<pin id="1698" dir="1" index="1" bw="1" slack="2147483647"/>
</pin_list>
<bind>
<opset="icmp_ln46 "/>
</bind>
</comp>

<comp id="1700" class="1005" name="tmp_14_reg_1700">
<pin_list>
<pin id="1701" dir="0" index="0" bw="8" slack="1"/>
<pin id="1702" dir="1" index="1" bw="8" slack="1"/>
</pin_list>
<bind>
<opset="tmp_14 "/>
</bind>
</comp>

<comp id="1706" class="1005" name="trunc_ln59_reg_1706">
<pin_list>
<pin id="1707" dir="0" index="0" bw="8" slack="1"/>
<pin id="1708" dir="1" index="1" bw="8" slack="1"/>
</pin_list>
<bind>
<opset="trunc_ln59 "/>
</bind>
</comp>

<comp id="1711" class="1005" name="tmp_6_reg_1711">
<pin_list>
<pin id="1712" dir="0" index="0" bw="8" slack="1"/>
<pin id="1713" dir="1" index="1" bw="8" slack="1"/>
</pin_list>
<bind>
<opset="tmp_6 "/>
</bind>
</comp>

<comp id="1716" class="1005" name="tmp_7_reg_1716">
<pin_list>
<pin id="1717" dir="0" index="0" bw="8" slack="1"/>
<pin id="1718" dir="1" index="1" bw="8" slack="1"/>
</pin_list>
<bind>
<opset="tmp_7 "/>
</bind>
</comp>

<comp id="1721" class="1005" name="tmp_8_reg_1721">
<pin_list>
<pin id="1722" dir="0" index="0" bw="8" slack="1"/>
<pin id="1723" dir="1" index="1" bw="8" slack="1"/>
</pin_list>
<bind>
<opset="tmp_8 "/>
</bind>
</comp>

<comp id="1726" class="1005" name="tmp_9_reg_1726">
<pin_list>
<pin id="1727" dir="0" index="0" bw="8" slack="1"/>
<pin id="1728" dir="1" index="1" bw="8" slack="1"/>
</pin_list>
<bind>
<opset="tmp_9 "/>
</bind>
</comp>

<comp id="1731" class="1005" name="tmp_10_reg_1731">
<pin_list>
<pin id="1732" dir="0" index="0" bw="8" slack="1"/>
<pin id="1733" dir="1" index="1" bw="8" slack="1"/>
</pin_list>
<bind>
<opset="tmp_10 "/>
</bind>
</comp>

<comp id="1736" class="1005" name="tmp_11_reg_1736">
<pin_list>
<pin id="1737" dir="0" index="0" bw="8" slack="1"/>
<pin id="1738" dir="1" index="1" bw="8" slack="1"/>
</pin_list>
<bind>
<opset="tmp_11 "/>
</bind>
</comp>

<comp id="1741" class="1005" name="tmp_12_reg_1741">
<pin_list>
<pin id="1742" dir="0" index="0" bw="8" slack="1"/>
<pin id="1743" dir="1" index="1" bw="8" slack="1"/>
</pin_list>
<bind>
<opset="tmp_12 "/>
</bind>
</comp>

<comp id="1746" class="1005" name="tmp_13_reg_1746">
<pin_list>
<pin id="1747" dir="0" index="0" bw="8" slack="1"/>
<pin id="1748" dir="1" index="1" bw="8" slack="1"/>
</pin_list>
<bind>
<opset="tmp_13 "/>
</bind>
</comp>

<comp id="1751" class="1005" name="tmp_15_reg_1751">
<pin_list>
<pin id="1752" dir="0" index="0" bw="6" slack="1"/>
<pin id="1753" dir="1" index="1" bw="6" slack="1"/>
</pin_list>
<bind>
<opset="tmp_15 "/>
</bind>
</comp>

<comp id="1756" class="1005" name="acc_0_V_reg_1756">
<pin_list>
<pin id="1757" dir="0" index="0" bw="16" slack="0"/>
<pin id="1758" dir="1" index="1" bw="16" slack="0"/>
</pin_list>
<bind>
<opset="acc_0_V "/>
</bind>
</comp>

<comp id="1761" class="1005" name="acc_1_V_reg_1761">
<pin_list>
<pin id="1762" dir="0" index="0" bw="16" slack="0"/>
<pin id="1763" dir="1" index="1" bw="16" slack="0"/>
</pin_list>
<bind>
<opset="acc_1_V "/>
</bind>
</comp>

<comp id="1766" class="1005" name="acc_2_V_reg_1766">
<pin_list>
<pin id="1767" dir="0" index="0" bw="16" slack="0"/>
<pin id="1768" dir="1" index="1" bw="16" slack="0"/>
</pin_list>
<bind>
<opset="acc_2_V "/>
</bind>
</comp>

<comp id="1771" class="1005" name="acc_3_V_reg_1771">
<pin_list>
<pin id="1772" dir="0" index="0" bw="16" slack="0"/>
<pin id="1773" dir="1" index="1" bw="16" slack="0"/>
</pin_list>
<bind>
<opset="acc_3_V "/>
</bind>
</comp>

<comp id="1776" class="1005" name="acc_4_V_reg_1776">
<pin_list>
<pin id="1777" dir="0" index="0" bw="16" slack="0"/>
<pin id="1778" dir="1" index="1" bw="16" slack="0"/>
</pin_list>
<bind>
<opset="acc_4_V "/>
</bind>
</comp>

<comp id="1781" class="1005" name="acc_5_V_reg_1781">
<pin_list>
<pin id="1782" dir="0" index="0" bw="16" slack="0"/>
<pin id="1783" dir="1" index="1" bw="16" slack="0"/>
</pin_list>
<bind>
<opset="acc_5_V "/>
</bind>
</comp>

<comp id="1786" class="1005" name="acc_6_V_reg_1786">
<pin_list>
<pin id="1787" dir="0" index="0" bw="16" slack="0"/>
<pin id="1788" dir="1" index="1" bw="16" slack="0"/>
</pin_list>
<bind>
<opset="acc_6_V "/>
</bind>
</comp>

<comp id="1791" class="1005" name="acc_7_V_reg_1791">
<pin_list>
<pin id="1792" dir="0" index="0" bw="16" slack="0"/>
<pin id="1793" dir="1" index="1" bw="16" slack="0"/>
</pin_list>
<bind>
<opset="acc_7_V "/>
</bind>
</comp>

<comp id="1796" class="1005" name="acc_8_V_reg_1796">
<pin_list>
<pin id="1797" dir="0" index="0" bw="16" slack="0"/>
<pin id="1798" dir="1" index="1" bw="16" slack="0"/>
</pin_list>
<bind>
<opset="acc_8_V "/>
</bind>
</comp>

<comp id="1801" class="1005" name="acc_9_V_reg_1801">
<pin_list>
<pin id="1802" dir="0" index="0" bw="16" slack="0"/>
<pin id="1803" dir="1" index="1" bw="16" slack="0"/>
</pin_list>
<bind>
<opset="acc_9_V "/>
</bind>
</comp>

</comp_list>

<net_list>
<net id="144"><net_src comp="42" pin="0"/><net_sink comp="140" pin=0"/></net>

<net id="145"><net_src comp="28" pin="0"/><net_sink comp="140" pin=1"/></net>

<net id="150"><net_src comp="42" pin="0"/><net_sink comp="146" pin=0"/></net>

<net id="151"><net_src comp="26" pin="0"/><net_sink comp="146" pin=1"/></net>

<net id="156"><net_src comp="42" pin="0"/><net_sink comp="152" pin=0"/></net>

<net id="157"><net_src comp="24" pin="0"/><net_sink comp="152" pin=1"/></net>

<net id="162"><net_src comp="42" pin="0"/><net_sink comp="158" pin=0"/></net>

<net id="163"><net_src comp="22" pin="0"/><net_sink comp="158" pin=1"/></net>

<net id="168"><net_src comp="42" pin="0"/><net_sink comp="164" pin=0"/></net>

<net id="169"><net_src comp="20" pin="0"/><net_sink comp="164" pin=1"/></net>

<net id="174"><net_src comp="42" pin="0"/><net_sink comp="170" pin=0"/></net>

<net id="175"><net_src comp="18" pin="0"/><net_sink comp="170" pin=1"/></net>

<net id="180"><net_src comp="42" pin="0"/><net_sink comp="176" pin=0"/></net>

<net id="181"><net_src comp="16" pin="0"/><net_sink comp="176" pin=1"/></net>

<net id="186"><net_src comp="42" pin="0"/><net_sink comp="182" pin=0"/></net>

<net id="187"><net_src comp="14" pin="0"/><net_sink comp="182" pin=1"/></net>

<net id="192"><net_src comp="42" pin="0"/><net_sink comp="188" pin=0"/></net>

<net id="193"><net_src comp="12" pin="0"/><net_sink comp="188" pin=1"/></net>

<net id="198"><net_src comp="42" pin="0"/><net_sink comp="194" pin=0"/></net>

<net id="199"><net_src comp="10" pin="0"/><net_sink comp="194" pin=1"/></net>

<net id="204"><net_src comp="42" pin="0"/><net_sink comp="200" pin=0"/></net>

<net id="205"><net_src comp="8" pin="0"/><net_sink comp="200" pin=1"/></net>

<net id="210"><net_src comp="42" pin="0"/><net_sink comp="206" pin=0"/></net>

<net id="211"><net_src comp="6" pin="0"/><net_sink comp="206" pin=1"/></net>

<net id="216"><net_src comp="42" pin="0"/><net_sink comp="212" pin=0"/></net>

<net id="217"><net_src comp="4" pin="0"/><net_sink comp="212" pin=1"/></net>

<net id="222"><net_src comp="42" pin="0"/><net_sink comp="218" pin=0"/></net>

<net id="223"><net_src comp="2" pin="0"/><net_sink comp="218" pin=1"/></net>

<net id="228"><net_src comp="42" pin="0"/><net_sink comp="224" pin=0"/></net>

<net id="229"><net_src comp="0" pin="0"/><net_sink comp="224" pin=1"/></net>

<net id="235"><net_src comp="30" pin="0"/><net_sink comp="230" pin=0"/></net>

<net id="236"><net_src comp="54" pin="0"/><net_sink comp="230" pin=1"/></net>

<net id="242"><net_src comp="230" pin="3"/><net_sink comp="237" pin=0"/></net>

<net id="246"><net_src comp="36" pin="0"/><net_sink comp="243" pin=0"/></net>

<net id="255"><net_src comp="243" pin="1"/><net_sink comp="247" pin=0"/></net>

<net id="256"><net_src comp="38" pin="0"/><net_sink comp="247" pin=2"/></net>

<net id="257"><net_src comp="36" pin="0"/><net_sink comp="247" pin=4"/></net>

<net id="258"><net_src comp="247" pin="6"/><net_sink comp="243" pin=0"/></net>

<net id="262"><net_src comp="40" pin="0"/><net_sink comp="259" pin=0"/></net>

<net id="271"><net_src comp="259" pin="1"/><net_sink comp="263" pin=0"/></net>

<net id="272"><net_src comp="40" pin="0"/><net_sink comp="263" pin=4"/></net>

<net id="273"><net_src comp="263" pin="6"/><net_sink comp="259" pin=0"/></net>

<net id="277"><net_src comp="60" pin="0"/><net_sink comp="274" pin=0"/></net>

<net id="286"><net_src comp="274" pin="1"/><net_sink comp="278" pin=0"/></net>

<net id="287"><net_src comp="274" pin="1"/><net_sink comp="278" pin=4"/></net>

<net id="291"><net_src comp="60" pin="0"/><net_sink comp="288" pin=0"/></net>

<net id="300"><net_src comp="288" pin="1"/><net_sink comp="292" pin=0"/></net>

<net id="301"><net_src comp="288" pin="1"/><net_sink comp="292" pin=4"/></net>

<net id="305"><net_src comp="60" pin="0"/><net_sink comp="302" pin=0"/></net>

<net id="314"><net_src comp="302" pin="1"/><net_sink comp="306" pin=0"/></net>

<net id="315"><net_src comp="302" pin="1"/><net_sink comp="306" pin=4"/></net>

<net id="319"><net_src comp="60" pin="0"/><net_sink comp="316" pin=0"/></net>

<net id="328"><net_src comp="316" pin="1"/><net_sink comp="320" pin=0"/></net>

<net id="329"><net_src comp="316" pin="1"/><net_sink comp="320" pin=4"/></net>

<net id="333"><net_src comp="60" pin="0"/><net_sink comp="330" pin=0"/></net>

<net id="342"><net_src comp="330" pin="1"/><net_sink comp="334" pin=0"/></net>

<net id="343"><net_src comp="330" pin="1"/><net_sink comp="334" pin=4"/></net>

<net id="347"><net_src comp="60" pin="0"/><net_sink comp="344" pin=0"/></net>

<net id="356"><net_src comp="344" pin="1"/><net_sink comp="348" pin=0"/></net>

<net id="357"><net_src comp="344" pin="1"/><net_sink comp="348" pin=4"/></net>

<net id="361"><net_src comp="60" pin="0"/><net_sink comp="358" pin=0"/></net>

<net id="370"><net_src comp="358" pin="1"/><net_sink comp="362" pin=0"/></net>

<net id="371"><net_src comp="358" pin="1"/><net_sink comp="362" pin=4"/></net>

<net id="375"><net_src comp="60" pin="0"/><net_sink comp="372" pin=0"/></net>

<net id="384"><net_src comp="372" pin="1"/><net_sink comp="376" pin=0"/></net>

<net id="385"><net_src comp="372" pin="1"/><net_sink comp="376" pin=4"/></net>

<net id="389"><net_src comp="60" pin="0"/><net_sink comp="386" pin=0"/></net>

<net id="398"><net_src comp="386" pin="1"/><net_sink comp="390" pin=0"/></net>

<net id="399"><net_src comp="386" pin="1"/><net_sink comp="390" pin=4"/></net>

<net id="403"><net_src comp="60" pin="0"/><net_sink comp="400" pin=0"/></net>

<net id="412"><net_src comp="400" pin="1"/><net_sink comp="404" pin=0"/></net>

<net id="413"><net_src comp="400" pin="1"/><net_sink comp="404" pin=4"/></net>

<net id="417"><net_src comp="60" pin="0"/><net_sink comp="414" pin=0"/></net>

<net id="426"><net_src comp="414" pin="1"/><net_sink comp="418" pin=0"/></net>

<net id="427"><net_src comp="414" pin="1"/><net_sink comp="418" pin=4"/></net>

<net id="431"><net_src comp="60" pin="0"/><net_sink comp="428" pin=0"/></net>

<net id="440"><net_src comp="428" pin="1"/><net_sink comp="432" pin=0"/></net>

<net id="441"><net_src comp="428" pin="1"/><net_sink comp="432" pin=4"/></net>

<net id="445"><net_src comp="60" pin="0"/><net_sink comp="442" pin=0"/></net>

<net id="454"><net_src comp="442" pin="1"/><net_sink comp="446" pin=0"/></net>

<net id="455"><net_src comp="442" pin="1"/><net_sink comp="446" pin=4"/></net>

<net id="459"><net_src comp="60" pin="0"/><net_sink comp="456" pin=0"/></net>

<net id="468"><net_src comp="456" pin="1"/><net_sink comp="460" pin=0"/></net>

<net id="469"><net_src comp="456" pin="1"/><net_sink comp="460" pin=4"/></net>

<net id="473"><net_src comp="60" pin="0"/><net_sink comp="470" pin=0"/></net>

<net id="482"><net_src comp="470" pin="1"/><net_sink comp="474" pin=0"/></net>

<net id="483"><net_src comp="470" pin="1"/><net_sink comp="474" pin=4"/></net>

<net id="487"><net_src comp="484" pin="1"/><net_sink comp="278" pin=2"/></net>

<net id="494"><net_src comp="278" pin="6"/><net_sink comp="488" pin=2"/></net>

<net id="495"><net_src comp="488" pin="4"/><net_sink comp="484" pin=0"/></net>

<net id="499"><net_src comp="496" pin="1"/><net_sink comp="292" pin=2"/></net>

<net id="506"><net_src comp="292" pin="6"/><net_sink comp="500" pin=2"/></net>

<net id="507"><net_src comp="500" pin="4"/><net_sink comp="496" pin=0"/></net>

<net id="511"><net_src comp="508" pin="1"/><net_sink comp="306" pin=2"/></net>

<net id="518"><net_src comp="306" pin="6"/><net_sink comp="512" pin=2"/></net>

<net id="519"><net_src comp="512" pin="4"/><net_sink comp="508" pin=0"/></net>

<net id="523"><net_src comp="520" pin="1"/><net_sink comp="320" pin=2"/></net>

<net id="530"><net_src comp="320" pin="6"/><net_sink comp="524" pin=2"/></net>

<net id="531"><net_src comp="524" pin="4"/><net_sink comp="520" pin=0"/></net>

<net id="535"><net_src comp="532" pin="1"/><net_sink comp="334" pin=2"/></net>

<net id="542"><net_src comp="334" pin="6"/><net_sink comp="536" pin=2"/></net>

<net id="543"><net_src comp="536" pin="4"/><net_sink comp="532" pin=0"/></net>

<net id="547"><net_src comp="544" pin="1"/><net_sink comp="348" pin=2"/></net>

<net id="554"><net_src comp="348" pin="6"/><net_sink comp="548" pin=2"/></net>

<net id="555"><net_src comp="548" pin="4"/><net_sink comp="544" pin=0"/></net>

<net id="559"><net_src comp="556" pin="1"/><net_sink comp="362" pin=2"/></net>

<net id="566"><net_src comp="362" pin="6"/><net_sink comp="560" pin=2"/></net>

<net id="567"><net_src comp="560" pin="4"/><net_sink comp="556" pin=0"/></net>

<net id="571"><net_src comp="568" pin="1"/><net_sink comp="376" pin=2"/></net>

<net id="578"><net_src comp="376" pin="6"/><net_sink comp="572" pin=2"/></net>

<net id="579"><net_src comp="572" pin="4"/><net_sink comp="568" pin=0"/></net>

<net id="583"><net_src comp="580" pin="1"/><net_sink comp="390" pin=2"/></net>

<net id="590"><net_src comp="390" pin="6"/><net_sink comp="584" pin=2"/></net>

<net id="591"><net_src comp="584" pin="4"/><net_sink comp="580" pin=0"/></net>

<net id="595"><net_src comp="592" pin="1"/><net_sink comp="404" pin=2"/></net>

<net id="602"><net_src comp="404" pin="6"/><net_sink comp="596" pin=2"/></net>

<net id="603"><net_src comp="596" pin="4"/><net_sink comp="592" pin=0"/></net>

<net id="607"><net_src comp="604" pin="1"/><net_sink comp="418" pin=2"/></net>

<net id="614"><net_src comp="418" pin="6"/><net_sink comp="608" pin=2"/></net>

<net id="615"><net_src comp="608" pin="4"/><net_sink comp="604" pin=0"/></net>

<net id="619"><net_src comp="616" pin="1"/><net_sink comp="432" pin=2"/></net>

<net id="626"><net_src comp="432" pin="6"/><net_sink comp="620" pin=2"/></net>

<net id="627"><net_src comp="620" pin="4"/><net_sink comp="616" pin=0"/></net>

<net id="631"><net_src comp="628" pin="1"/><net_sink comp="446" pin=2"/></net>

<net id="638"><net_src comp="446" pin="6"/><net_sink comp="632" pin=2"/></net>

<net id="639"><net_src comp="632" pin="4"/><net_sink comp="628" pin=0"/></net>

<net id="643"><net_src comp="640" pin="1"/><net_sink comp="460" pin=2"/></net>

<net id="650"><net_src comp="460" pin="6"/><net_sink comp="644" pin=2"/></net>

<net id="651"><net_src comp="644" pin="4"/><net_sink comp="640" pin=0"/></net>

<net id="655"><net_src comp="652" pin="1"/><net_sink comp="474" pin=2"/></net>

<net id="662"><net_src comp="474" pin="6"/><net_sink comp="656" pin=2"/></net>

<net id="663"><net_src comp="656" pin="4"/><net_sink comp="652" pin=0"/></net>

<net id="667"><net_src comp="104" pin="0"/><net_sink comp="664" pin=0"/></net>

<net id="676"><net_src comp="664" pin="1"/><net_sink comp="668" pin=0"/></net>

<net id="677"><net_src comp="664" pin="1"/><net_sink comp="668" pin=4"/></net>

<net id="681"><net_src comp="104" pin="0"/><net_sink comp="678" pin=0"/></net>

<net id="690"><net_src comp="678" pin="1"/><net_sink comp="682" pin=0"/></net>

<net id="691"><net_src comp="678" pin="1"/><net_sink comp="682" pin=4"/></net>

<net id="695"><net_src comp="104" pin="0"/><net_sink comp="692" pin=0"/></net>

<net id="704"><net_src comp="692" pin="1"/><net_sink comp="696" pin=0"/></net>

<net id="705"><net_src comp="692" pin="1"/><net_sink comp="696" pin=4"/></net>

<net id="709"><net_src comp="104" pin="0"/><net_sink comp="706" pin=0"/></net>

<net id="718"><net_src comp="706" pin="1"/><net_sink comp="710" pin=0"/></net>

<net id="719"><net_src comp="706" pin="1"/><net_sink comp="710" pin=4"/></net>

<net id="723"><net_src comp="104" pin="0"/><net_sink comp="720" pin=0"/></net>

<net id="732"><net_src comp="720" pin="1"/><net_sink comp="724" pin=0"/></net>

<net id="733"><net_src comp="720" pin="1"/><net_sink comp="724" pin=4"/></net>

<net id="737"><net_src comp="104" pin="0"/><net_sink comp="734" pin=0"/></net>

<net id="746"><net_src comp="734" pin="1"/><net_sink comp="738" pin=0"/></net>

<net id="747"><net_src comp="734" pin="1"/><net_sink comp="738" pin=4"/></net>

<net id="751"><net_src comp="104" pin="0"/><net_sink comp="748" pin=0"/></net>

<net id="760"><net_src comp="748" pin="1"/><net_sink comp="752" pin=0"/></net>

<net id="761"><net_src comp="748" pin="1"/><net_sink comp="752" pin=4"/></net>

<net id="765"><net_src comp="104" pin="0"/><net_sink comp="762" pin=0"/></net>

<net id="774"><net_src comp="762" pin="1"/><net_sink comp="766" pin=0"/></net>

<net id="775"><net_src comp="762" pin="1"/><net_sink comp="766" pin=4"/></net>

<net id="779"><net_src comp="104" pin="0"/><net_sink comp="776" pin=0"/></net>

<net id="788"><net_src comp="776" pin="1"/><net_sink comp="780" pin=0"/></net>

<net id="789"><net_src comp="776" pin="1"/><net_sink comp="780" pin=4"/></net>

<net id="793"><net_src comp="104" pin="0"/><net_sink comp="790" pin=0"/></net>

<net id="802"><net_src comp="790" pin="1"/><net_sink comp="794" pin=0"/></net>

<net id="803"><net_src comp="790" pin="1"/><net_sink comp="794" pin=4"/></net>

<net id="807"><net_src comp="263" pin="6"/><net_sink comp="804" pin=0"/></net>

<net id="808"><net_src comp="804" pin="1"/><net_sink comp="230" pin=2"/></net>

<net id="813"><net_src comp="56" pin="0"/><net_sink comp="809" pin=0"/></net>

<net id="814"><net_src comp="263" pin="6"/><net_sink comp="809" pin=1"/></net>

<net id="819"><net_src comp="263" pin="6"/><net_sink comp="815" pin=0"/></net>

<net id="820"><net_src comp="58" pin="0"/><net_sink comp="815" pin=1"/></net>

<net id="840"><net_src comp="62" pin="0"/><net_sink comp="821" pin=0"/></net>

<net id="841"><net_src comp="488" pin="4"/><net_sink comp="821" pin=1"/></net>

<net id="842"><net_src comp="500" pin="4"/><net_sink comp="821" pin=2"/></net>

<net id="843"><net_src comp="512" pin="4"/><net_sink comp="821" pin=3"/></net>

<net id="844"><net_src comp="524" pin="4"/><net_sink comp="821" pin=4"/></net>

<net id="845"><net_src comp="536" pin="4"/><net_sink comp="821" pin=5"/></net>

<net id="846"><net_src comp="548" pin="4"/><net_sink comp="821" pin=6"/></net>

<net id="847"><net_src comp="560" pin="4"/><net_sink comp="821" pin=7"/></net>

<net id="848"><net_src comp="572" pin="4"/><net_sink comp="821" pin=8"/></net>

<net id="849"><net_src comp="584" pin="4"/><net_sink comp="821" pin=9"/></net>

<net id="850"><net_src comp="596" pin="4"/><net_sink comp="821" pin=10"/></net>

<net id="851"><net_src comp="608" pin="4"/><net_sink comp="821" pin=11"/></net>

<net id="852"><net_src comp="620" pin="4"/><net_sink comp="821" pin=12"/></net>

<net id="853"><net_src comp="632" pin="4"/><net_sink comp="821" pin=13"/></net>

<net id="854"><net_src comp="644" pin="4"/><net_sink comp="821" pin=14"/></net>

<net id="855"><net_src comp="656" pin="4"/><net_sink comp="821" pin=15"/></net>

<net id="856"><net_src comp="259" pin="1"/><net_sink comp="821" pin=16"/></net>

<net id="860"><net_src comp="237" pin="3"/><net_sink comp="857" pin=0"/></net>

<net id="867"><net_src comp="64" pin="0"/><net_sink comp="861" pin=0"/></net>

<net id="868"><net_src comp="237" pin="3"/><net_sink comp="861" pin=1"/></net>

<net id="869"><net_src comp="66" pin="0"/><net_sink comp="861" pin=2"/></net>

<net id="870"><net_src comp="68" pin="0"/><net_sink comp="861" pin=3"/></net>

<net id="877"><net_src comp="64" pin="0"/><net_sink comp="871" pin=0"/></net>

<net id="878"><net_src comp="237" pin="3"/><net_sink comp="871" pin=1"/></net>

<net id="879"><net_src comp="70" pin="0"/><net_sink comp="871" pin=2"/></net>

<net id="880"><net_src comp="72" pin="0"/><net_sink comp="871" pin=3"/></net>

<net id="887"><net_src comp="64" pin="0"/><net_sink comp="881" pin=0"/></net>

<net id="888"><net_src comp="237" pin="3"/><net_sink comp="881" pin=1"/></net>

<net id="889"><net_src comp="74" pin="0"/><net_sink comp="881" pin=2"/></net>

<net id="890"><net_src comp="76" pin="0"/><net_sink comp="881" pin=3"/></net>

<net id="897"><net_src comp="64" pin="0"/><net_sink comp="891" pin=0"/></net>

<net id="898"><net_src comp="237" pin="3"/><net_sink comp="891" pin=1"/></net>

<net id="899"><net_src comp="78" pin="0"/><net_sink comp="891" pin=2"/></net>

<net id="900"><net_src comp="80" pin="0"/><net_sink comp="891" pin=3"/></net>

<net id="907"><net_src comp="64" pin="0"/><net_sink comp="901" pin=0"/></net>

<net id="908"><net_src comp="237" pin="3"/><net_sink comp="901" pin=1"/></net>

<net id="909"><net_src comp="82" pin="0"/><net_sink comp="901" pin=2"/></net>

<net id="910"><net_src comp="84" pin="0"/><net_sink comp="901" pin=3"/></net>

<net id="917"><net_src comp="64" pin="0"/><net_sink comp="911" pin=0"/></net>

<net id="918"><net_src comp="237" pin="3"/><net_sink comp="911" pin=1"/></net>

<net id="919"><net_src comp="86" pin="0"/><net_sink comp="911" pin=2"/></net>

<net id="920"><net_src comp="88" pin="0"/><net_sink comp="911" pin=3"/></net>

<net id="927"><net_src comp="64" pin="0"/><net_sink comp="921" pin=0"/></net>

<net id="928"><net_src comp="237" pin="3"/><net_sink comp="921" pin=1"/></net>

<net id="929"><net_src comp="90" pin="0"/><net_sink comp="921" pin=2"/></net>

<net id="930"><net_src comp="92" pin="0"/><net_sink comp="921" pin=3"/></net>

<net id="937"><net_src comp="64" pin="0"/><net_sink comp="931" pin=0"/></net>

<net id="938"><net_src comp="237" pin="3"/><net_sink comp="931" pin=1"/></net>

<net id="939"><net_src comp="94" pin="0"/><net_sink comp="931" pin=2"/></net>

<net id="940"><net_src comp="96" pin="0"/><net_sink comp="931" pin=3"/></net>

<net id="947"><net_src comp="98" pin="0"/><net_sink comp="941" pin=0"/></net>

<net id="948"><net_src comp="237" pin="3"/><net_sink comp="941" pin=1"/></net>

<net id="949"><net_src comp="100" pin="0"/><net_sink comp="941" pin=2"/></net>

<net id="950"><net_src comp="102" pin="0"/><net_sink comp="941" pin=3"/></net>

<net id="961"><net_src comp="951" pin="1"/><net_sink comp="957" pin=0"/></net>

<net id="962"><net_src comp="954" pin="1"/><net_sink comp="957" pin=1"/></net>

<net id="969"><net_src comp="116" pin="0"/><net_sink comp="963" pin=0"/></net>

<net id="970"><net_src comp="957" pin="2"/><net_sink comp="963" pin=1"/></net>

<net id="971"><net_src comp="112" pin="0"/><net_sink comp="963" pin=2"/></net>

<net id="972"><net_src comp="68" pin="0"/><net_sink comp="963" pin=3"/></net>

<net id="976"><net_src comp="963" pin="4"/><net_sink comp="973" pin=0"/></net>

<net id="983"><net_src comp="118" pin="0"/><net_sink comp="977" pin=0"/></net>

<net id="984"><net_src comp="957" pin="2"/><net_sink comp="977" pin=1"/></net>

<net id="985"><net_src comp="112" pin="0"/><net_sink comp="977" pin=2"/></net>

<net id="986"><net_src comp="120" pin="0"/><net_sink comp="977" pin=3"/></net>

<net id="990"><net_src comp="794" pin="6"/><net_sink comp="987" pin=0"/></net>

<net id="995"><net_src comp="794" pin="6"/><net_sink comp="991" pin=0"/></net>

<net id="996"><net_src comp="973" pin="1"/><net_sink comp="991" pin=1"/></net>

<net id="1001"><net_src comp="987" pin="1"/><net_sink comp="997" pin=0"/></net>

<net id="1002"><net_src comp="977" pin="4"/><net_sink comp="997" pin=1"/></net>

<net id="1010"><net_src comp="951" pin="1"/><net_sink comp="1006" pin=0"/></net>

<net id="1011"><net_src comp="1003" pin="1"/><net_sink comp="1006" pin=1"/></net>

<net id="1018"><net_src comp="116" pin="0"/><net_sink comp="1012" pin=0"/></net>

<net id="1019"><net_src comp="1006" pin="2"/><net_sink comp="1012" pin=1"/></net>

<net id="1020"><net_src comp="112" pin="0"/><net_sink comp="1012" pin=2"/></net>

<net id="1021"><net_src comp="68" pin="0"/><net_sink comp="1012" pin=3"/></net>

<net id="1025"><net_src comp="1012" pin="4"/><net_sink comp="1022" pin=0"/></net>

<net id="1032"><net_src comp="118" pin="0"/><net_sink comp="1026" pin=0"/></net>

<net id="1033"><net_src comp="1006" pin="2"/><net_sink comp="1026" pin=1"/></net>

<net id="1034"><net_src comp="112" pin="0"/><net_sink comp="1026" pin=2"/></net>

<net id="1035"><net_src comp="120" pin="0"/><net_sink comp="1026" pin=3"/></net>

<net id="1039"><net_src comp="780" pin="6"/><net_sink comp="1036" pin=0"/></net>

<net id="1044"><net_src comp="780" pin="6"/><net_sink comp="1040" pin=0"/></net>

<net id="1045"><net_src comp="1022" pin="1"/><net_sink comp="1040" pin=1"/></net>

<net id="1050"><net_src comp="1036" pin="1"/><net_sink comp="1046" pin=0"/></net>

<net id="1051"><net_src comp="1026" pin="4"/><net_sink comp="1046" pin=1"/></net>

<net id="1059"><net_src comp="951" pin="1"/><net_sink comp="1055" pin=0"/></net>

<net id="1060"><net_src comp="1052" pin="1"/><net_sink comp="1055" pin=1"/></net>

<net id="1067"><net_src comp="116" pin="0"/><net_sink comp="1061" pin=0"/></net>

<net id="1068"><net_src comp="1055" pin="2"/><net_sink comp="1061" pin=1"/></net>

<net id="1069"><net_src comp="112" pin="0"/><net_sink comp="1061" pin=2"/></net>

<net id="1070"><net_src comp="68" pin="0"/><net_sink comp="1061" pin=3"/></net>

<net id="1074"><net_src comp="1061" pin="4"/><net_sink comp="1071" pin=0"/></net>

<net id="1081"><net_src comp="118" pin="0"/><net_sink comp="1075" pin=0"/></net>

<net id="1082"><net_src comp="1055" pin="2"/><net_sink comp="1075" pin=1"/></net>

<net id="1083"><net_src comp="112" pin="0"/><net_sink comp="1075" pin=2"/></net>

<net id="1084"><net_src comp="120" pin="0"/><net_sink comp="1075" pin=3"/></net>

<net id="1088"><net_src comp="766" pin="6"/><net_sink comp="1085" pin=0"/></net>

<net id="1093"><net_src comp="766" pin="6"/><net_sink comp="1089" pin=0"/></net>

<net id="1094"><net_src comp="1071" pin="1"/><net_sink comp="1089" pin=1"/></net>

<net id="1099"><net_src comp="1085" pin="1"/><net_sink comp="1095" pin=0"/></net>

<net id="1100"><net_src comp="1075" pin="4"/><net_sink comp="1095" pin=1"/></net>

<net id="1108"><net_src comp="951" pin="1"/><net_sink comp="1104" pin=0"/></net>

<net id="1109"><net_src comp="1101" pin="1"/><net_sink comp="1104" pin=1"/></net>

<net id="1116"><net_src comp="116" pin="0"/><net_sink comp="1110" pin=0"/></net>

<net id="1117"><net_src comp="1104" pin="2"/><net_sink comp="1110" pin=1"/></net>

<net id="1118"><net_src comp="112" pin="0"/><net_sink comp="1110" pin=2"/></net>

<net id="1119"><net_src comp="68" pin="0"/><net_sink comp="1110" pin=3"/></net>

<net id="1123"><net_src comp="1110" pin="4"/><net_sink comp="1120" pin=0"/></net>

<net id="1130"><net_src comp="118" pin="0"/><net_sink comp="1124" pin=0"/></net>

<net id="1131"><net_src comp="1104" pin="2"/><net_sink comp="1124" pin=1"/></net>

<net id="1132"><net_src comp="112" pin="0"/><net_sink comp="1124" pin=2"/></net>

<net id="1133"><net_src comp="120" pin="0"/><net_sink comp="1124" pin=3"/></net>

<net id="1137"><net_src comp="752" pin="6"/><net_sink comp="1134" pin=0"/></net>

<net id="1142"><net_src comp="752" pin="6"/><net_sink comp="1138" pin=0"/></net>

<net id="1143"><net_src comp="1120" pin="1"/><net_sink comp="1138" pin=1"/></net>

<net id="1148"><net_src comp="1134" pin="1"/><net_sink comp="1144" pin=0"/></net>

<net id="1149"><net_src comp="1124" pin="4"/><net_sink comp="1144" pin=1"/></net>

<net id="1157"><net_src comp="951" pin="1"/><net_sink comp="1153" pin=0"/></net>

<net id="1158"><net_src comp="1150" pin="1"/><net_sink comp="1153" pin=1"/></net>

<net id="1165"><net_src comp="116" pin="0"/><net_sink comp="1159" pin=0"/></net>

<net id="1166"><net_src comp="1153" pin="2"/><net_sink comp="1159" pin=1"/></net>

<net id="1167"><net_src comp="112" pin="0"/><net_sink comp="1159" pin=2"/></net>

<net id="1168"><net_src comp="68" pin="0"/><net_sink comp="1159" pin=3"/></net>

<net id="1172"><net_src comp="1159" pin="4"/><net_sink comp="1169" pin=0"/></net>

<net id="1179"><net_src comp="118" pin="0"/><net_sink comp="1173" pin=0"/></net>

<net id="1180"><net_src comp="1153" pin="2"/><net_sink comp="1173" pin=1"/></net>

<net id="1181"><net_src comp="112" pin="0"/><net_sink comp="1173" pin=2"/></net>

<net id="1182"><net_src comp="120" pin="0"/><net_sink comp="1173" pin=3"/></net>

<net id="1186"><net_src comp="738" pin="6"/><net_sink comp="1183" pin=0"/></net>

<net id="1191"><net_src comp="738" pin="6"/><net_sink comp="1187" pin=0"/></net>

<net id="1192"><net_src comp="1169" pin="1"/><net_sink comp="1187" pin=1"/></net>

<net id="1197"><net_src comp="1183" pin="1"/><net_sink comp="1193" pin=0"/></net>

<net id="1198"><net_src comp="1173" pin="4"/><net_sink comp="1193" pin=1"/></net>

<net id="1206"><net_src comp="951" pin="1"/><net_sink comp="1202" pin=0"/></net>

<net id="1207"><net_src comp="1199" pin="1"/><net_sink comp="1202" pin=1"/></net>

<net id="1214"><net_src comp="116" pin="0"/><net_sink comp="1208" pin=0"/></net>

<net id="1215"><net_src comp="1202" pin="2"/><net_sink comp="1208" pin=1"/></net>

<net id="1216"><net_src comp="112" pin="0"/><net_sink comp="1208" pin=2"/></net>

<net id="1217"><net_src comp="68" pin="0"/><net_sink comp="1208" pin=3"/></net>

<net id="1221"><net_src comp="1208" pin="4"/><net_sink comp="1218" pin=0"/></net>

<net id="1228"><net_src comp="118" pin="0"/><net_sink comp="1222" pin=0"/></net>

<net id="1229"><net_src comp="1202" pin="2"/><net_sink comp="1222" pin=1"/></net>

<net id="1230"><net_src comp="112" pin="0"/><net_sink comp="1222" pin=2"/></net>

<net id="1231"><net_src comp="120" pin="0"/><net_sink comp="1222" pin=3"/></net>

<net id="1235"><net_src comp="724" pin="6"/><net_sink comp="1232" pin=0"/></net>

<net id="1240"><net_src comp="724" pin="6"/><net_sink comp="1236" pin=0"/></net>

<net id="1241"><net_src comp="1218" pin="1"/><net_sink comp="1236" pin=1"/></net>

<net id="1246"><net_src comp="1232" pin="1"/><net_sink comp="1242" pin=0"/></net>

<net id="1247"><net_src comp="1222" pin="4"/><net_sink comp="1242" pin=1"/></net>

<net id="1255"><net_src comp="951" pin="1"/><net_sink comp="1251" pin=0"/></net>

<net id="1256"><net_src comp="1248" pin="1"/><net_sink comp="1251" pin=1"/></net>

<net id="1263"><net_src comp="116" pin="0"/><net_sink comp="1257" pin=0"/></net>

<net id="1264"><net_src comp="1251" pin="2"/><net_sink comp="1257" pin=1"/></net>

<net id="1265"><net_src comp="112" pin="0"/><net_sink comp="1257" pin=2"/></net>

<net id="1266"><net_src comp="68" pin="0"/><net_sink comp="1257" pin=3"/></net>

<net id="1270"><net_src comp="1257" pin="4"/><net_sink comp="1267" pin=0"/></net>

<net id="1277"><net_src comp="118" pin="0"/><net_sink comp="1271" pin=0"/></net>

<net id="1278"><net_src comp="1251" pin="2"/><net_sink comp="1271" pin=1"/></net>

<net id="1279"><net_src comp="112" pin="0"/><net_sink comp="1271" pin=2"/></net>

<net id="1280"><net_src comp="120" pin="0"/><net_sink comp="1271" pin=3"/></net>

<net id="1284"><net_src comp="710" pin="6"/><net_sink comp="1281" pin=0"/></net>

<net id="1289"><net_src comp="710" pin="6"/><net_sink comp="1285" pin=0"/></net>

<net id="1290"><net_src comp="1267" pin="1"/><net_sink comp="1285" pin=1"/></net>

<net id="1295"><net_src comp="1281" pin="1"/><net_sink comp="1291" pin=0"/></net>

<net id="1296"><net_src comp="1271" pin="4"/><net_sink comp="1291" pin=1"/></net>

<net id="1304"><net_src comp="951" pin="1"/><net_sink comp="1300" pin=0"/></net>

<net id="1305"><net_src comp="1297" pin="1"/><net_sink comp="1300" pin=1"/></net>

<net id="1312"><net_src comp="116" pin="0"/><net_sink comp="1306" pin=0"/></net>

<net id="1313"><net_src comp="1300" pin="2"/><net_sink comp="1306" pin=1"/></net>

<net id="1314"><net_src comp="112" pin="0"/><net_sink comp="1306" pin=2"/></net>

<net id="1315"><net_src comp="68" pin="0"/><net_sink comp="1306" pin=3"/></net>

<net id="1319"><net_src comp="1306" pin="4"/><net_sink comp="1316" pin=0"/></net>

<net id="1326"><net_src comp="118" pin="0"/><net_sink comp="1320" pin=0"/></net>

<net id="1327"><net_src comp="1300" pin="2"/><net_sink comp="1320" pin=1"/></net>

<net id="1328"><net_src comp="112" pin="0"/><net_sink comp="1320" pin=2"/></net>

<net id="1329"><net_src comp="120" pin="0"/><net_sink comp="1320" pin=3"/></net>

<net id="1333"><net_src comp="696" pin="6"/><net_sink comp="1330" pin=0"/></net>

<net id="1338"><net_src comp="696" pin="6"/><net_sink comp="1334" pin=0"/></net>

<net id="1339"><net_src comp="1316" pin="1"/><net_sink comp="1334" pin=1"/></net>

<net id="1344"><net_src comp="1330" pin="1"/><net_sink comp="1340" pin=0"/></net>

<net id="1345"><net_src comp="1320" pin="4"/><net_sink comp="1340" pin=1"/></net>

<net id="1353"><net_src comp="951" pin="1"/><net_sink comp="1349" pin=0"/></net>

<net id="1354"><net_src comp="1346" pin="1"/><net_sink comp="1349" pin=1"/></net>

<net id="1361"><net_src comp="116" pin="0"/><net_sink comp="1355" pin=0"/></net>

<net id="1362"><net_src comp="1349" pin="2"/><net_sink comp="1355" pin=1"/></net>

<net id="1363"><net_src comp="112" pin="0"/><net_sink comp="1355" pin=2"/></net>

<net id="1364"><net_src comp="68" pin="0"/><net_sink comp="1355" pin=3"/></net>

<net id="1368"><net_src comp="1355" pin="4"/><net_sink comp="1365" pin=0"/></net>

<net id="1375"><net_src comp="118" pin="0"/><net_sink comp="1369" pin=0"/></net>

<net id="1376"><net_src comp="1349" pin="2"/><net_sink comp="1369" pin=1"/></net>

<net id="1377"><net_src comp="112" pin="0"/><net_sink comp="1369" pin=2"/></net>

<net id="1378"><net_src comp="120" pin="0"/><net_sink comp="1369" pin=3"/></net>

<net id="1382"><net_src comp="682" pin="6"/><net_sink comp="1379" pin=0"/></net>

<net id="1387"><net_src comp="682" pin="6"/><net_sink comp="1383" pin=0"/></net>

<net id="1388"><net_src comp="1365" pin="1"/><net_sink comp="1383" pin=1"/></net>

<net id="1393"><net_src comp="1379" pin="1"/><net_sink comp="1389" pin=0"/></net>

<net id="1394"><net_src comp="1369" pin="4"/><net_sink comp="1389" pin=1"/></net>

<net id="1405"><net_src comp="1398" pin="1"/><net_sink comp="1401" pin=0"/></net>

<net id="1406"><net_src comp="1395" pin="1"/><net_sink comp="1401" pin=1"/></net>

<net id="1413"><net_src comp="122" pin="0"/><net_sink comp="1407" pin=0"/></net>

<net id="1414"><net_src comp="1401" pin="2"/><net_sink comp="1407" pin=1"/></net>

<net id="1415"><net_src comp="112" pin="0"/><net_sink comp="1407" pin=2"/></net>

<net id="1416"><net_src comp="124" pin="0"/><net_sink comp="1407" pin=3"/></net>

<net id="1420"><net_src comp="1407" pin="4"/><net_sink comp="1417" pin=0"/></net>

<net id="1427"><net_src comp="126" pin="0"/><net_sink comp="1421" pin=0"/></net>

<net id="1428"><net_src comp="1401" pin="2"/><net_sink comp="1421" pin=1"/></net>

<net id="1429"><net_src comp="112" pin="0"/><net_sink comp="1421" pin=2"/></net>

<net id="1430"><net_src comp="120" pin="0"/><net_sink comp="1421" pin=3"/></net>

<net id="1434"><net_src comp="668" pin="6"/><net_sink comp="1431" pin=0"/></net>

<net id="1439"><net_src comp="668" pin="6"/><net_sink comp="1435" pin=0"/></net>

<net id="1440"><net_src comp="1417" pin="1"/><net_sink comp="1435" pin=1"/></net>

<net id="1445"><net_src comp="1431" pin="1"/><net_sink comp="1441" pin=0"/></net>

<net id="1446"><net_src comp="1421" pin="4"/><net_sink comp="1441" pin=1"/></net>

<net id="1453"><net_src comp="128" pin="0"/><net_sink comp="1447" pin=0"/></net>

<net id="1454"><net_src comp="997" pin="2"/><net_sink comp="1447" pin=1"/></net>

<net id="1455"><net_src comp="130" pin="0"/><net_sink comp="1447" pin=2"/></net>

<net id="1456"><net_src comp="132" pin="0"/><net_sink comp="1447" pin=3"/></net>

<net id="1463"><net_src comp="128" pin="0"/><net_sink comp="1457" pin=0"/></net>

<net id="1464"><net_src comp="1046" pin="2"/><net_sink comp="1457" pin=1"/></net>

<net id="1465"><net_src comp="130" pin="0"/><net_sink comp="1457" pin=2"/></net>

<net id="1466"><net_src comp="132" pin="0"/><net_sink comp="1457" pin=3"/></net>

<net id="1473"><net_src comp="128" pin="0"/><net_sink comp="1467" pin=0"/></net>

<net id="1474"><net_src comp="1095" pin="2"/><net_sink comp="1467" pin=1"/></net>

<net id="1475"><net_src comp="130" pin="0"/><net_sink comp="1467" pin=2"/></net>

<net id="1476"><net_src comp="132" pin="0"/><net_sink comp="1467" pin=3"/></net>

<net id="1483"><net_src comp="128" pin="0"/><net_sink comp="1477" pin=0"/></net>

<net id="1484"><net_src comp="1144" pin="2"/><net_sink comp="1477" pin=1"/></net>

<net id="1485"><net_src comp="130" pin="0"/><net_sink comp="1477" pin=2"/></net>

<net id="1486"><net_src comp="132" pin="0"/><net_sink comp="1477" pin=3"/></net>

<net id="1493"><net_src comp="128" pin="0"/><net_sink comp="1487" pin=0"/></net>

<net id="1494"><net_src comp="1193" pin="2"/><net_sink comp="1487" pin=1"/></net>

<net id="1495"><net_src comp="130" pin="0"/><net_sink comp="1487" pin=2"/></net>

<net id="1496"><net_src comp="132" pin="0"/><net_sink comp="1487" pin=3"/></net>

<net id="1503"><net_src comp="128" pin="0"/><net_sink comp="1497" pin=0"/></net>

<net id="1504"><net_src comp="1242" pin="2"/><net_sink comp="1497" pin=1"/></net>

<net id="1505"><net_src comp="130" pin="0"/><net_sink comp="1497" pin=2"/></net>

<net id="1506"><net_src comp="132" pin="0"/><net_sink comp="1497" pin=3"/></net>

<net id="1513"><net_src comp="128" pin="0"/><net_sink comp="1507" pin=0"/></net>

<net id="1514"><net_src comp="1291" pin="2"/><net_sink comp="1507" pin=1"/></net>

<net id="1515"><net_src comp="130" pin="0"/><net_sink comp="1507" pin=2"/></net>

<net id="1516"><net_src comp="132" pin="0"/><net_sink comp="1507" pin=3"/></net>

<net id="1523"><net_src comp="128" pin="0"/><net_sink comp="1517" pin=0"/></net>

<net id="1524"><net_src comp="1340" pin="2"/><net_sink comp="1517" pin=1"/></net>

<net id="1525"><net_src comp="130" pin="0"/><net_sink comp="1517" pin=2"/></net>

<net id="1526"><net_src comp="132" pin="0"/><net_sink comp="1517" pin=3"/></net>

<net id="1533"><net_src comp="128" pin="0"/><net_sink comp="1527" pin=0"/></net>

<net id="1534"><net_src comp="1389" pin="2"/><net_sink comp="1527" pin=1"/></net>

<net id="1535"><net_src comp="130" pin="0"/><net_sink comp="1527" pin=2"/></net>

<net id="1536"><net_src comp="132" pin="0"/><net_sink comp="1527" pin=3"/></net>

<net id="1543"><net_src comp="128" pin="0"/><net_sink comp="1537" pin=0"/></net>

<net id="1544"><net_src comp="1441" pin="2"/><net_sink comp="1537" pin=1"/></net>

<net id="1545"><net_src comp="130" pin="0"/><net_sink comp="1537" pin=2"/></net>

<net id="1546"><net_src comp="132" pin="0"/><net_sink comp="1537" pin=3"/></net>

<net id="1551"><net_src comp="138" pin="0"/><net_sink comp="1547" pin=0"/></net>

<net id="1552"><net_src comp="1447" pin="4"/><net_sink comp="1547" pin=1"/></net>

<net id="1557"><net_src comp="1547" pin="2"/><net_sink comp="1553" pin=0"/></net>

<net id="1558"><net_src comp="1457" pin="4"/><net_sink comp="1553" pin=1"/></net>

<net id="1563"><net_src comp="1553" pin="2"/><net_sink comp="1559" pin=0"/></net>

<net id="1564"><net_src comp="1467" pin="4"/><net_sink comp="1559" pin=1"/></net>

<net id="1569"><net_src comp="1559" pin="2"/><net_sink comp="1565" pin=0"/></net>

<net id="1570"><net_src comp="1477" pin="4"/><net_sink comp="1565" pin=1"/></net>

<net id="1575"><net_src comp="1565" pin="2"/><net_sink comp="1571" pin=0"/></net>

<net id="1576"><net_src comp="1487" pin="4"/><net_sink comp="1571" pin=1"/></net>

<net id="1581"><net_src comp="1571" pin="2"/><net_sink comp="1577" pin=0"/></net>

<net id="1582"><net_src comp="1497" pin="4"/><net_sink comp="1577" pin=1"/></net>

<net id="1587"><net_src comp="1577" pin="2"/><net_sink comp="1583" pin=0"/></net>

<net id="1588"><net_src comp="1507" pin="4"/><net_sink comp="1583" pin=1"/></net>

<net id="1593"><net_src comp="1583" pin="2"/><net_sink comp="1589" pin=0"/></net>

<net id="1594"><net_src comp="1517" pin="4"/><net_sink comp="1589" pin=1"/></net>

<net id="1599"><net_src comp="1589" pin="2"/><net_sink comp="1595" pin=0"/></net>

<net id="1600"><net_src comp="1527" pin="4"/><net_sink comp="1595" pin=1"/></net>

<net id="1605"><net_src comp="1595" pin="2"/><net_sink comp="1601" pin=0"/></net>

<net id="1606"><net_src comp="1537" pin="4"/><net_sink comp="1601" pin=1"/></net>

<net id="1610"><net_src comp="1601" pin="2"/><net_sink comp="1607" pin=0"/></net>

<net id="1614"><net_src comp="140" pin="2"/><net_sink comp="1611" pin=0"/></net>

<net id="1615"><net_src comp="1611" pin="1"/><net_sink comp="656" pin=0"/></net>

<net id="1619"><net_src comp="146" pin="2"/><net_sink comp="1616" pin=0"/></net>

<net id="1620"><net_src comp="1616" pin="1"/><net_sink comp="644" pin=0"/></net>

<net id="1624"><net_src comp="152" pin="2"/><net_sink comp="1621" pin=0"/></net>

<net id="1625"><net_src comp="1621" pin="1"/><net_sink comp="632" pin=0"/></net>

<net id="1629"><net_src comp="158" pin="2"/><net_sink comp="1626" pin=0"/></net>

<net id="1630"><net_src comp="1626" pin="1"/><net_sink comp="620" pin=0"/></net>

<net id="1634"><net_src comp="164" pin="2"/><net_sink comp="1631" pin=0"/></net>

<net id="1635"><net_src comp="1631" pin="1"/><net_sink comp="608" pin=0"/></net>

<net id="1639"><net_src comp="170" pin="2"/><net_sink comp="1636" pin=0"/></net>

<net id="1640"><net_src comp="1636" pin="1"/><net_sink comp="596" pin=0"/></net>

<net id="1644"><net_src comp="176" pin="2"/><net_sink comp="1641" pin=0"/></net>

<net id="1645"><net_src comp="1641" pin="1"/><net_sink comp="584" pin=0"/></net>

<net id="1649"><net_src comp="182" pin="2"/><net_sink comp="1646" pin=0"/></net>

<net id="1650"><net_src comp="1646" pin="1"/><net_sink comp="572" pin=0"/></net>

<net id="1654"><net_src comp="188" pin="2"/><net_sink comp="1651" pin=0"/></net>

<net id="1655"><net_src comp="1651" pin="1"/><net_sink comp="560" pin=0"/></net>

<net id="1659"><net_src comp="194" pin="2"/><net_sink comp="1656" pin=0"/></net>

<net id="1660"><net_src comp="1656" pin="1"/><net_sink comp="548" pin=0"/></net>

<net id="1664"><net_src comp="200" pin="2"/><net_sink comp="1661" pin=0"/></net>

<net id="1665"><net_src comp="1661" pin="1"/><net_sink comp="536" pin=0"/></net>

<net id="1669"><net_src comp="206" pin="2"/><net_sink comp="1666" pin=0"/></net>

<net id="1670"><net_src comp="1666" pin="1"/><net_sink comp="524" pin=0"/></net>

<net id="1674"><net_src comp="212" pin="2"/><net_sink comp="1671" pin=0"/></net>

<net id="1675"><net_src comp="1671" pin="1"/><net_sink comp="512" pin=0"/></net>

<net id="1679"><net_src comp="218" pin="2"/><net_sink comp="1676" pin=0"/></net>

<net id="1680"><net_src comp="1676" pin="1"/><net_sink comp="500" pin=0"/></net>

<net id="1684"><net_src comp="224" pin="2"/><net_sink comp="1681" pin=0"/></net>

<net id="1685"><net_src comp="1681" pin="1"/><net_sink comp="488" pin=0"/></net>

<net id="1689"><net_src comp="230" pin="3"/><net_sink comp="1686" pin=0"/></net>

<net id="1690"><net_src comp="1686" pin="1"/><net_sink comp="237" pin=0"/></net>

<net id="1694"><net_src comp="809" pin="2"/><net_sink comp="1691" pin=0"/></net>

<net id="1695"><net_src comp="1691" pin="1"/><net_sink comp="263" pin=2"/></net>

<net id="1699"><net_src comp="815" pin="2"/><net_sink comp="1696" pin=0"/></net>

<net id="1703"><net_src comp="821" pin="17"/><net_sink comp="1700" pin=0"/></net>

<net id="1704"><net_src comp="1700" pin="1"/><net_sink comp="951" pin=0"/></net>

<net id="1705"><net_src comp="1700" pin="1"/><net_sink comp="1395" pin=0"/></net>

<net id="1709"><net_src comp="857" pin="1"/><net_sink comp="1706" pin=0"/></net>

<net id="1710"><net_src comp="1706" pin="1"/><net_sink comp="954" pin=0"/></net>

<net id="1714"><net_src comp="861" pin="4"/><net_sink comp="1711" pin=0"/></net>

<net id="1715"><net_src comp="1711" pin="1"/><net_sink comp="1003" pin=0"/></net>

<net id="1719"><net_src comp="871" pin="4"/><net_sink comp="1716" pin=0"/></net>

<net id="1720"><net_src comp="1716" pin="1"/><net_sink comp="1052" pin=0"/></net>

<net id="1724"><net_src comp="881" pin="4"/><net_sink comp="1721" pin=0"/></net>

<net id="1725"><net_src comp="1721" pin="1"/><net_sink comp="1101" pin=0"/></net>

<net id="1729"><net_src comp="891" pin="4"/><net_sink comp="1726" pin=0"/></net>

<net id="1730"><net_src comp="1726" pin="1"/><net_sink comp="1150" pin=0"/></net>

<net id="1734"><net_src comp="901" pin="4"/><net_sink comp="1731" pin=0"/></net>

<net id="1735"><net_src comp="1731" pin="1"/><net_sink comp="1199" pin=0"/></net>

<net id="1739"><net_src comp="911" pin="4"/><net_sink comp="1736" pin=0"/></net>

<net id="1740"><net_src comp="1736" pin="1"/><net_sink comp="1248" pin=0"/></net>

<net id="1744"><net_src comp="921" pin="4"/><net_sink comp="1741" pin=0"/></net>

<net id="1745"><net_src comp="1741" pin="1"/><net_sink comp="1297" pin=0"/></net>

<net id="1749"><net_src comp="931" pin="4"/><net_sink comp="1746" pin=0"/></net>

<net id="1750"><net_src comp="1746" pin="1"/><net_sink comp="1346" pin=0"/></net>

<net id="1754"><net_src comp="941" pin="4"/><net_sink comp="1751" pin=0"/></net>

<net id="1755"><net_src comp="1751" pin="1"/><net_sink comp="1398" pin=0"/></net>

<net id="1759"><net_src comp="991" pin="2"/><net_sink comp="1756" pin=0"/></net>

<net id="1760"><net_src comp="1756" pin="1"/><net_sink comp="794" pin=2"/></net>

<net id="1764"><net_src comp="1040" pin="2"/><net_sink comp="1761" pin=0"/></net>

<net id="1765"><net_src comp="1761" pin="1"/><net_sink comp="780" pin=2"/></net>

<net id="1769"><net_src comp="1089" pin="2"/><net_sink comp="1766" pin=0"/></net>

<net id="1770"><net_src comp="1766" pin="1"/><net_sink comp="766" pin=2"/></net>

<net id="1774"><net_src comp="1138" pin="2"/><net_sink comp="1771" pin=0"/></net>

<net id="1775"><net_src comp="1771" pin="1"/><net_sink comp="752" pin=2"/></net>

<net id="1779"><net_src comp="1187" pin="2"/><net_sink comp="1776" pin=0"/></net>

<net id="1780"><net_src comp="1776" pin="1"/><net_sink comp="738" pin=2"/></net>

<net id="1784"><net_src comp="1236" pin="2"/><net_sink comp="1781" pin=0"/></net>

<net id="1785"><net_src comp="1781" pin="1"/><net_sink comp="724" pin=2"/></net>

<net id="1789"><net_src comp="1285" pin="2"/><net_sink comp="1786" pin=0"/></net>

<net id="1790"><net_src comp="1786" pin="1"/><net_sink comp="710" pin=2"/></net>

<net id="1794"><net_src comp="1334" pin="2"/><net_sink comp="1791" pin=0"/></net>

<net id="1795"><net_src comp="1791" pin="1"/><net_sink comp="696" pin=2"/></net>

<net id="1799"><net_src comp="1383" pin="2"/><net_sink comp="1796" pin=0"/></net>

<net id="1800"><net_src comp="1796" pin="1"/><net_sink comp="682" pin=2"/></net>

<net id="1804"><net_src comp="1435" pin="2"/><net_sink comp="1801" pin=0"/></net>

<net id="1805"><net_src comp="1801" pin="1"/><net_sink comp="668" pin=2"/></net>

</net_list>

</model> 
---------------- Datapath Model END ------------------

* FSMD analyzer results:
  - Output states:
	Port: w18_V | {}
 - Input state : 
	Port: dense_wrapper<ap_ufixed<8, 2, 5, 3, 0>, ap_fixed<8, 2, 5, 3, 0>, config18> : data_0_V_read | {2 }
	Port: dense_wrapper<ap_ufixed<8, 2, 5, 3, 0>, ap_fixed<8, 2, 5, 3, 0>, config18> : data_1_V_read | {2 }
	Port: dense_wrapper<ap_ufixed<8, 2, 5, 3, 0>, ap_fixed<8, 2, 5, 3, 0>, config18> : data_2_V_read | {2 }
	Port: dense_wrapper<ap_ufixed<8, 2, 5, 3, 0>, ap_fixed<8, 2, 5, 3, 0>, config18> : data_3_V_read | {2 }
	Port: dense_wrapper<ap_ufixed<8, 2, 5, 3, 0>, ap_fixed<8, 2, 5, 3, 0>, config18> : data_4_V_read | {2 }
	Port: dense_wrapper<ap_ufixed<8, 2, 5, 3, 0>, ap_fixed<8, 2, 5, 3, 0>, config18> : data_5_V_read | {2 }
	Port: dense_wrapper<ap_ufixed<8, 2, 5, 3, 0>, ap_fixed<8, 2, 5, 3, 0>, config18> : data_6_V_read | {2 }
	Port: dense_wrapper<ap_ufixed<8, 2, 5, 3, 0>, ap_fixed<8, 2, 5, 3, 0>, config18> : data_7_V_read | {2 }
	Port: dense_wrapper<ap_ufixed<8, 2, 5, 3, 0>, ap_fixed<8, 2, 5, 3, 0>, config18> : data_8_V_read | {2 }
	Port: dense_wrapper<ap_ufixed<8, 2, 5, 3, 0>, ap_fixed<8, 2, 5, 3, 0>, config18> : data_9_V_read | {2 }
	Port: dense_wrapper<ap_ufixed<8, 2, 5, 3, 0>, ap_fixed<8, 2, 5, 3, 0>, config18> : data_10_V_read | {2 }
	Port: dense_wrapper<ap_ufixed<8, 2, 5, 3, 0>, ap_fixed<8, 2, 5, 3, 0>, config18> : data_11_V_read | {2 }
	Port: dense_wrapper<ap_ufixed<8, 2, 5, 3, 0>, ap_fixed<8, 2, 5, 3, 0>, config18> : data_12_V_read | {2 }
	Port: dense_wrapper<ap_ufixed<8, 2, 5, 3, 0>, ap_fixed<8, 2, 5, 3, 0>, config18> : data_13_V_read | {2 }
	Port: dense_wrapper<ap_ufixed<8, 2, 5, 3, 0>, ap_fixed<8, 2, 5, 3, 0>, config18> : data_14_V_read | {2 }
	Port: dense_wrapper<ap_ufixed<8, 2, 5, 3, 0>, ap_fixed<8, 2, 5, 3, 0>, config18> : w18_V | {2 3 }
  - Chain level:
	State 1
	State 2
		zext_ln59 : 1
		w18_V_addr : 2
		w18_V_load : 3
		w_index : 1
		icmp_ln46 : 1
		br_ln46 : 2
	State 3
		data_0_V_read26_phi : 1
		data_1_V_read27_phi : 1
		data_2_V_read28_phi : 1
		data_3_V_read29_phi : 1
		data_4_V_read30_phi : 1
		data_5_V_read31_phi : 1
		data_6_V_read32_phi : 1
		data_7_V_read33_phi : 1
		data_8_V_read34_phi : 1
		data_9_V_read35_phi : 1
		data_10_V_read36_phi : 1
		data_11_V_read37_phi : 1
		data_12_V_read38_phi : 1
		data_13_V_read39_phi : 1
		data_14_V_read40_phi : 1
		tmp_14 : 2
		trunc_ln59 : 1
		tmp_6 : 1
		tmp_7 : 1
		tmp_8 : 1
		tmp_9 : 1
		tmp_10 : 1
		tmp_11 : 1
		tmp_12 : 1
		tmp_13 : 1
		tmp_15 : 1
	State 4
		mul_ln1118 : 1
		trunc_ln : 2
		sext_ln708 : 3
		trunc_ln703_s : 2
		trunc_ln703 : 1
		acc_0_V : 4
		add_ln703_6 : 3
		mul_ln1118_5 : 1
		trunc_ln708_s : 2
		sext_ln708_5 : 3
		trunc_ln3 : 2
		trunc_ln703_7 : 1
		acc_1_V : 4
		add_ln703_7 : 3
		mul_ln1118_6 : 1
		trunc_ln708_17 : 2
		sext_ln708_6 : 3
		trunc_ln703_6 : 2
		trunc_ln703_9 : 1
		acc_2_V : 4
		add_ln703_8 : 3
		mul_ln1118_7 : 1
		trunc_ln708_18 : 2
		sext_ln708_7 : 3
		trunc_ln703_8 : 2
		trunc_ln703_11 : 1
		acc_3_V : 4
		add_ln703_9 : 3
		mul_ln1118_8 : 1
		trunc_ln708_19 : 2
		sext_ln708_8 : 3
		trunc_ln703_1 : 2
		trunc_ln703_13 : 1
		acc_4_V : 4
		add_ln703_10 : 3
		mul_ln1118_9 : 1
		trunc_ln708_20 : 2
		sext_ln708_9 : 3
		trunc_ln703_2 : 2
		trunc_ln703_15 : 1
		acc_5_V : 4
		add_ln703_11 : 3
		mul_ln1118_10 : 1
		trunc_ln708_21 : 2
		sext_ln708_10 : 3
		trunc_ln703_3 : 2
		trunc_ln703_17 : 1
		acc_6_V : 4
		add_ln703_12 : 3
		mul_ln1118_11 : 1
		trunc_ln708_22 : 2
		sext_ln708_11 : 3
		trunc_ln703_4 : 2
		trunc_ln703_19 : 1
		acc_7_V : 4
		add_ln703_13 : 3
		mul_ln1118_12 : 1
		trunc_ln708_23 : 2
		sext_ln708_12 : 3
		trunc_ln703_5 : 2
		trunc_ln703_21 : 1
		acc_8_V : 4
		add_ln703_14 : 3
		mul_ln1118_13 : 1
		trunc_ln708_24 : 2
		sext_ln708_13 : 3
		trunc_ln703_10 : 2
		trunc_ln703_22 : 1
		acc_9_V : 4
		add_ln703_15 : 3
		empty : 1
		trunc_ln4 : 4
		trunc_ln46_5 : 4
		trunc_ln46_6 : 4
		trunc_ln46_7 : 4
		trunc_ln46_8 : 4
		trunc_ln46_9 : 4
		trunc_ln46_s : 4
		trunc_ln46_1 : 4
		trunc_ln46_2 : 4
		trunc_ln46_3 : 4
		mrv : 5
		mrv_1 : 6
		mrv_2 : 7
		mrv_3 : 8
		mrv_4 : 9
		mrv_5 : 10
		mrv_6 : 11
		mrv_7 : 12
		mrv_8 : 13
		mrv_9 : 14
		return_ln21 : 15


============================================================
+ Verbose Summary: Datapath Resource usage 
============================================================

* Functional unit list:
|----------|------------------------------|---------|---------|---------|
| Operation|        Functional Unit       |  DSP48E |    FF   |   LUT   |
|----------|------------------------------|---------|---------|---------|
|          |        w_index_fu_809        |    0    |    0    |    12   |
|          |        acc_0_V_fu_991        |    0    |    0    |    23   |
|          |      add_ln703_6_fu_997      |    0    |    0    |    19   |
|          |        acc_1_V_fu_1040       |    0    |    0    |    23   |
|          |      add_ln703_7_fu_1046     |    0    |    0    |    19   |
|          |        acc_2_V_fu_1089       |    0    |    0    |    23   |
|          |      add_ln703_8_fu_1095     |    0    |    0    |    19   |
|          |        acc_3_V_fu_1138       |    0    |    0    |    23   |
|          |      add_ln703_9_fu_1144     |    0    |    0    |    19   |
|          |        acc_4_V_fu_1187       |    0    |    0    |    23   |
|    add   |     add_ln703_10_fu_1193     |    0    |    0    |    19   |
|          |        acc_5_V_fu_1236       |    0    |    0    |    23   |
|          |     add_ln703_11_fu_1242     |    0    |    0    |    19   |
|          |        acc_6_V_fu_1285       |    0    |    0    |    23   |
|          |     add_ln703_12_fu_1291     |    0    |    0    |    19   |
|          |        acc_7_V_fu_1334       |    0    |    0    |    23   |
|          |     add_ln703_13_fu_1340     |    0    |    0    |    19   |
|          |        acc_8_V_fu_1383       |    0    |    0    |    23   |
|          |     add_ln703_14_fu_1389     |    0    |    0    |    19   |
|          |        acc_9_V_fu_1435       |    0    |    0    |    23   |
|          |     add_ln703_15_fu_1441     |    0    |    0    |    19   |
|----------|------------------------------|---------|---------|---------|
|          |       mul_ln1118_fu_957      |    0    |    0    |    40   |
|          |     mul_ln1118_5_fu_1006     |    0    |    0    |    40   |
|          |     mul_ln1118_6_fu_1055     |    0    |    0    |    40   |
|          |     mul_ln1118_7_fu_1104     |    0    |    0    |    40   |
|    mul   |     mul_ln1118_8_fu_1153     |    0    |    0    |    40   |
|          |     mul_ln1118_9_fu_1202     |    0    |    0    |    40   |
|          |     mul_ln1118_10_fu_1251    |    0    |    0    |    40   |
|          |     mul_ln1118_11_fu_1300    |    0    |    0    |    40   |
|          |     mul_ln1118_12_fu_1349    |    0    |    0    |    40   |
|          |     mul_ln1118_13_fu_1401    |    0    |    0    |    40   |
|----------|------------------------------|---------|---------|---------|
|    mux   |         tmp_14_fu_821        |    0    |    0    |    53   |
|----------|------------------------------|---------|---------|---------|
|   icmp   |       icmp_ln46_fu_815       |    0    |    0    |    9    |
|----------|------------------------------|---------|---------|---------|
|          | data_14_V_read_1_read_fu_140 |    0    |    0    |    0    |
|          | data_13_V_read_1_read_fu_146 |    0    |    0    |    0    |
|          | data_12_V_read_1_read_fu_152 |    0    |    0    |    0    |
|          | data_11_V_read_1_read_fu_158 |    0    |    0    |    0    |
|          | data_10_V_read_1_read_fu_164 |    0    |    0    |    0    |
|          |  data_9_V_read_2_read_fu_170 |    0    |    0    |    0    |
|          |  data_8_V_read_2_read_fu_176 |    0    |    0    |    0    |
|   read   |  data_7_V_read_2_read_fu_182 |    0    |    0    |    0    |
|          |  data_6_V_read_2_read_fu_188 |    0    |    0    |    0    |
|          |  data_5_V_read31_read_fu_194 |    0    |    0    |    0    |
|          |  data_4_V_read_2_read_fu_200 |    0    |    0    |    0    |
|          |  data_3_V_read_2_read_fu_206 |    0    |    0    |    0    |
|          |  data_2_V_read_2_read_fu_212 |    0    |    0    |    0    |
|          |  data_1_V_read_2_read_fu_218 |    0    |    0    |    0    |
|          |  data_0_V_read_2_read_fu_224 |    0    |    0    |    0    |
|----------|------------------------------|---------|---------|---------|
|          |       zext_ln59_fu_804       |    0    |    0    |    0    |
|   zext   |      zext_ln1116_fu_951      |    0    |    0    |    0    |
|          |      zext_ln1118_fu_1395     |    0    |    0    |    0    |
|----------|------------------------------|---------|---------|---------|
|          |       trunc_ln59_fu_857      |    0    |    0    |    0    |
|          |      trunc_ln703_fu_987      |    0    |    0    |    0    |
|          |     trunc_ln703_7_fu_1036    |    0    |    0    |    0    |
|          |     trunc_ln703_9_fu_1085    |    0    |    0    |    0    |
|          |    trunc_ln703_11_fu_1134    |    0    |    0    |    0    |
|   trunc  |    trunc_ln703_13_fu_1183    |    0    |    0    |    0    |
|          |    trunc_ln703_15_fu_1232    |    0    |    0    |    0    |
|          |    trunc_ln703_17_fu_1281    |    0    |    0    |    0    |
|          |    trunc_ln703_19_fu_1330    |    0    |    0    |    0    |
|          |    trunc_ln703_21_fu_1379    |    0    |    0    |    0    |
|          |    trunc_ln703_22_fu_1431    |    0    |    0    |    0    |
|----------|------------------------------|---------|---------|---------|
|          |         tmp_6_fu_861         |    0    |    0    |    0    |
|          |         tmp_7_fu_871         |    0    |    0    |    0    |
|          |         tmp_8_fu_881         |    0    |    0    |    0    |
|          |         tmp_9_fu_891         |    0    |    0    |    0    |
|          |         tmp_10_fu_901        |    0    |    0    |    0    |
|          |         tmp_11_fu_911        |    0    |    0    |    0    |
|          |         tmp_12_fu_921        |    0    |    0    |    0    |
|          |         tmp_13_fu_931        |    0    |    0    |    0    |
|          |         tmp_15_fu_941        |    0    |    0    |    0    |
|          |        trunc_ln_fu_963       |    0    |    0    |    0    |
|          |     trunc_ln703_s_fu_977     |    0    |    0    |    0    |
|          |     trunc_ln708_s_fu_1012    |    0    |    0    |    0    |
|          |       trunc_ln3_fu_1026      |    0    |    0    |    0    |
|          |    trunc_ln708_17_fu_1061    |    0    |    0    |    0    |
|          |     trunc_ln703_6_fu_1075    |    0    |    0    |    0    |
|          |    trunc_ln708_18_fu_1110    |    0    |    0    |    0    |
|          |     trunc_ln703_8_fu_1124    |    0    |    0    |    0    |
|          |    trunc_ln708_19_fu_1159    |    0    |    0    |    0    |
|          |     trunc_ln703_1_fu_1173    |    0    |    0    |    0    |
|partselect|    trunc_ln708_20_fu_1208    |    0    |    0    |    0    |
|          |     trunc_ln703_2_fu_1222    |    0    |    0    |    0    |
|          |    trunc_ln708_21_fu_1257    |    0    |    0    |    0    |
|          |     trunc_ln703_3_fu_1271    |    0    |    0    |    0    |
|          |    trunc_ln708_22_fu_1306    |    0    |    0    |    0    |
|          |     trunc_ln703_4_fu_1320    |    0    |    0    |    0    |
|          |    trunc_ln708_23_fu_1355    |    0    |    0    |    0    |
|          |     trunc_ln703_5_fu_1369    |    0    |    0    |    0    |
|          |    trunc_ln708_24_fu_1407    |    0    |    0    |    0    |
|          |    trunc_ln703_10_fu_1421    |    0    |    0    |    0    |
|          |       trunc_ln4_fu_1447      |    0    |    0    |    0    |
|          |     trunc_ln46_5_fu_1457     |    0    |    0    |    0    |
|          |     trunc_ln46_6_fu_1467     |    0    |    0    |    0    |
|          |     trunc_ln46_7_fu_1477     |    0    |    0    |    0    |
|          |     trunc_ln46_8_fu_1487     |    0    |    0    |    0    |
|          |     trunc_ln46_9_fu_1497     |    0    |    0    |    0    |
|          |     trunc_ln46_s_fu_1507     |    0    |    0    |    0    |
|          |     trunc_ln46_1_fu_1517     |    0    |    0    |    0    |
|          |     trunc_ln46_2_fu_1527     |    0    |    0    |    0    |
|          |     trunc_ln46_3_fu_1537     |    0    |    0    |    0    |
|----------|------------------------------|---------|---------|---------|
|          |      sext_ln1118_fu_954      |    0    |    0    |    0    |
|          |       sext_ln708_fu_973      |    0    |    0    |    0    |
|          |     sext_ln1118_1_fu_1003    |    0    |    0    |    0    |
|          |     sext_ln708_5_fu_1022     |    0    |    0    |    0    |
|          |     sext_ln1118_2_fu_1052    |    0    |    0    |    0    |
|          |     sext_ln708_6_fu_1071     |    0    |    0    |    0    |
|          |     sext_ln1118_3_fu_1101    |    0    |    0    |    0    |
|          |     sext_ln708_7_fu_1120     |    0    |    0    |    0    |
|          |     sext_ln1118_4_fu_1150    |    0    |    0    |    0    |
|   sext   |     sext_ln708_8_fu_1169     |    0    |    0    |    0    |
|          |     sext_ln1118_5_fu_1199    |    0    |    0    |    0    |
|          |     sext_ln708_9_fu_1218     |    0    |    0    |    0    |
|          |     sext_ln1118_6_fu_1248    |    0    |    0    |    0    |
|          |     sext_ln708_10_fu_1267    |    0    |    0    |    0    |
|          |     sext_ln1118_7_fu_1297    |    0    |    0    |    0    |
|          |     sext_ln708_11_fu_1316    |    0    |    0    |    0    |
|          |     sext_ln1118_8_fu_1346    |    0    |    0    |    0    |
|          |     sext_ln708_12_fu_1365    |    0    |    0    |    0    |
|          |     sext_ln1118_9_fu_1398    |    0    |    0    |    0    |
|          |     sext_ln708_13_fu_1417    |    0    |    0    |    0    |
|----------|------------------------------|---------|---------|---------|
|          |          mrv_fu_1547         |    0    |    0    |    0    |
|          |         mrv_1_fu_1553        |    0    |    0    |    0    |
|          |         mrv_2_fu_1559        |    0    |    0    |    0    |
|          |         mrv_3_fu_1565        |    0    |    0    |    0    |
|insertvalue|         mrv_4_fu_1571        |    0    |    0    |    0    |
|          |         mrv_5_fu_1577        |    0    |    0    |    0    |
|          |         mrv_6_fu_1583        |    0    |    0    |    0    |
|          |         mrv_7_fu_1589        |    0    |    0    |    0    |
|          |         mrv_8_fu_1595        |    0    |    0    |    0    |
|          |         mrv_9_fu_1601        |    0    |    0    |    0    |
|----------|------------------------------|---------|---------|---------|
|  return  |      return_ln21_fu_1607     |    0    |    0    |    0    |
|----------|------------------------------|---------|---------|---------|
|   Total  |                              |    0    |    0    |   894   |
|----------|------------------------------|---------|---------|---------|

Memories:
N/A

* Register list:
+-------------------------------+--------+
|                               |   FF   |
+-------------------------------+--------+
|        acc_0_V_reg_1756       |   16   |
|        acc_1_V_reg_1761       |   16   |
|        acc_2_V_reg_1766       |   16   |
|        acc_3_V_reg_1771       |   16   |
|        acc_4_V_reg_1776       |   16   |
|        acc_5_V_reg_1781       |   16   |
|        acc_6_V_reg_1786       |   16   |
|        acc_7_V_reg_1791       |   16   |
|        acc_8_V_reg_1796       |   16   |
|        acc_9_V_reg_1801       |   16   |
|       acc_V_0_05_reg_790      |   16   |
|       acc_V_1_06_reg_776      |   16   |
|       acc_V_2_07_reg_762      |   16   |
|       acc_V_3_08_reg_748      |   16   |
|       acc_V_4_09_reg_734      |   16   |
|      acc_V_5_010_reg_720      |   16   |
|      acc_V_6_011_reg_706      |   16   |
|      acc_V_7_012_reg_692      |   16   |
|      acc_V_8_013_reg_678      |   16   |
|      acc_V_9_014_reg_664      |   16   |
|  data_0_V_read26_phi_reg_484  |    8   |
| data_0_V_read26_rewind_reg_274|    8   |
|    data_0_V_read_2_reg_1681   |    8   |
|  data_10_V_read36_phi_reg_604 |    8   |
|data_10_V_read36_rewind_reg_414|    8   |
|   data_10_V_read_1_reg_1631   |    8   |
|  data_11_V_read37_phi_reg_616 |    8   |
|data_11_V_read37_rewind_reg_428|    8   |
|   data_11_V_read_1_reg_1626   |    8   |
|  data_12_V_read38_phi_reg_628 |    8   |
|data_12_V_read38_rewind_reg_442|    8   |
|   data_12_V_read_1_reg_1621   |    8   |
|  data_13_V_read39_phi_reg_640 |    8   |
|data_13_V_read39_rewind_reg_456|    8   |
|   data_13_V_read_1_reg_1616   |    8   |
|  data_14_V_read40_phi_reg_652 |    8   |
|data_14_V_read40_rewind_reg_470|    8   |
|   data_14_V_read_1_reg_1611   |    8   |
|  data_1_V_read27_phi_reg_496  |    8   |
| data_1_V_read27_rewind_reg_288|    8   |
|    data_1_V_read_2_reg_1676   |    8   |
|  data_2_V_read28_phi_reg_508  |    8   |
| data_2_V_read28_rewind_reg_302|    8   |
|    data_2_V_read_2_reg_1671   |    8   |
|  data_3_V_read29_phi_reg_520  |    8   |
| data_3_V_read29_rewind_reg_316|    8   |
|    data_3_V_read_2_reg_1666   |    8   |
|  data_4_V_read30_phi_reg_532  |    8   |
| data_4_V_read30_rewind_reg_330|    8   |
|    data_4_V_read_2_reg_1661   |    8   |
|  data_5_V_read31_phi_reg_544  |    8   |
|    data_5_V_read31_reg_1656   |    8   |
| data_5_V_read31_rewind_reg_344|    8   |
|  data_6_V_read32_phi_reg_556  |    8   |
| data_6_V_read32_rewind_reg_358|    8   |
|    data_6_V_read_2_reg_1651   |    8   |
|  data_7_V_read33_phi_reg_568  |    8   |
| data_7_V_read33_rewind_reg_372|    8   |
|    data_7_V_read_2_reg_1646   |    8   |
|  data_8_V_read34_phi_reg_580  |    8   |
| data_8_V_read34_rewind_reg_386|    8   |
|    data_8_V_read_2_reg_1641   |    8   |
|  data_9_V_read35_phi_reg_592  |    8   |
| data_9_V_read35_rewind_reg_400|    8   |
|    data_9_V_read_2_reg_1636   |    8   |
|        do_init_reg_243        |    1   |
|       icmp_ln46_reg_1696      |    1   |
|        tmp_10_reg_1731        |    8   |
|        tmp_11_reg_1736        |    8   |
|        tmp_12_reg_1741        |    8   |
|        tmp_13_reg_1746        |    8   |
|        tmp_14_reg_1700        |    8   |
|        tmp_15_reg_1751        |    6   |
|         tmp_6_reg_1711        |    8   |
|         tmp_7_reg_1716        |    8   |
|         tmp_8_reg_1721        |    8   |
|         tmp_9_reg_1726        |    8   |
|      trunc_ln59_reg_1706      |    8   |
|      w18_V_addr_reg_1686      |    4   |
|       w_index25_reg_259       |    4   |
|        w_index_reg_1691       |    4   |
+-------------------------------+--------+
|             Total             |   780  |
+-------------------------------+--------+

* Multiplexer (MUX) list: 
|-------------------|------|------|------|--------||---------||---------|
|        Comp       |  Pin | Size |  BW  | S x BW ||  Delay  ||   LUT   |
|-------------------|------|------|------|--------||---------||---------|
| grp_access_fu_237 |  p0  |   2  |   4  |    8   ||    9    |
|  do_init_reg_243  |  p0  |   2  |   1  |    2   ||    9    |
| w_index25_reg_259 |  p0  |   2  |   4  |    8   ||    9    |
|-------------------|------|------|------|--------||---------||---------|
|       Total       |      |      |      |   18   ||  2.505  ||    27   |
|-------------------|------|------|------|--------||---------||---------|



* Summary:
+-----------+--------+--------+--------+--------+
|           | DSP48E |  Delay |   FF   |   LUT  |
+-----------+--------+--------+--------+--------+
|  Function |    0   |    -   |    0   |   894  |
|   Memory  |    -   |    -   |    -   |    -   |
|Multiplexer|    -   |    2   |    -   |   27   |
|  Register |    -   |    -   |   780  |    -   |
+-----------+--------+--------+--------+--------+
|   Total   |    0   |    2   |   780  |   921  |
+-----------+--------+--------+--------+--------+
