

================================================================
== Vivado HLS Report for 'dense_wrapper_ap_ufixed_8_2_5_3_0_ap_fixed_8_2_5_3_0_config21_s'
================================================================
* Date:           Mon Aug 10 20:49:02 2026

* Version:        2019.1 (Build 2552052 on Fri May 24 15:28:33 MDT 2019)
* Project:        myproject_prj
* Solution:       solution1
* Product family: kintexu
* Target device:  xcku035-fbva676-2-e


================================================================
== Performance Estimates
================================================================
+ Timing (ns): 
    * Summary: 
    +--------+-------+----------+------------+
    |  Clock | Target| Estimated| Uncertainty|
    +--------+-------+----------+------------+
    |ap_clk  |   5.00|     3.859|        0.62|
    +--------+-------+----------+------------+

+ Latency (clock cycles): 
    * Summary: 
    +-----+-----+-----+-----+---------------------------------------------+
    |  Latency  |  Interval |                   Pipeline                  |
    | min | max | min | max |                     Type                    |
    +-----+-----+-----+-----+---------------------------------------------+
    |   11|   12|   10|   10| loop rewind(delay=0 initiation interval(s)) |
    +-----+-----+-----+-----+---------------------------------------------+

    + Detail: 
        * Instance: 
        N/A

        * Loop: 
        +-------------+-----+-----+----------+-----------+-----------+------+----------+
        |             |  Latency  | Iteration|  Initiation Interval  | Trip |          |
        |  Loop Name  | min | max |  Latency |  achieved |   target  | Count| Pipelined|
        +-------------+-----+-----+----------+-----------+-----------+------+----------+
        |- ReuseLoop  |   11|   11|         3|          1|          1|    10|    yes   |
        +-------------+-----+-----+----------+-----------+-----------+------+----------+



================================================================
== Utilization Estimates
================================================================
* Summary: 
+-----------------+---------+-------+--------+--------+-----+
|       Name      | BRAM_18K| DSP48E|   FF   |   LUT  | URAM|
+-----------------+---------+-------+--------+--------+-----+
|DSP              |        -|      -|       -|       -|    -|
|Expression       |        -|      0|       0|     439|    -|
|FIFO             |        -|      -|       -|       -|    -|
|Instance         |        -|      -|       0|      53|    -|
|Memory           |        2|      -|       0|       0|    -|
|Multiplexer      |        -|      -|       -|     522|    -|
|Register         |        -|      -|     421|       -|    -|
+-----------------+---------+-------+--------+--------+-----+
|Total            |        2|      0|     421|    1014|    0|
+-----------------+---------+-------+--------+--------+-----+
|Available        |     1080|   1700|  406256|  203128|    0|
+-----------------+---------+-------+--------+--------+-----+
|Utilization (%)  |    ~0   |      0|   ~0   |   ~0   |    0|
+-----------------+---------+-------+--------+--------+-----+

+ Detail: 
    * Instance: 
    +------------------------------+-------------------------+---------+-------+---+----+-----+
    |           Instance           |          Module         | BRAM_18K| DSP48E| FF| LUT| URAM|
    +------------------------------+-------------------------+---------+-------+---+----+-----+
    |myproject_mux_104_8_1_1_U858  |myproject_mux_104_8_1_1  |        0|      0|  0|  53|    0|
    +------------------------------+-------------------------+---------+-------+---+----+-----+
    |Total                         |                         |        0|      0|  0|  53|    0|
    +------------------------------+-------------------------+---------+-------+---+----+-----+

    * DSP48E: 
    N/A

    * Memory: 
    +---------+-----------------------------------------------------------------------+---------+---+----+-----+------+-----+------+-------------+
    |  Memory |                                 Module                                | BRAM_18K| FF| LUT| URAM| Words| Bits| Banks| W*Bits*Banks|
    +---------+-----------------------------------------------------------------------+---------+---+----+-----+------+-----+------+-------------+
    |w21_V_U  |dense_wrapper_ap_ufixed_8_2_5_3_0_ap_fixed_8_2_5_3_0_config21_s_w21_V  |        2|  0|   0|    0|    10|   38|     1|          380|
    +---------+-----------------------------------------------------------------------+---------+---+----+-----+------+-----+------+-------------+
    |Total    |                                                                       |        2|  0|   0|    0|    10|   38|     1|          380|
    +---------+-----------------------------------------------------------------------+---------+---+----+-----+------+-----+------+-------------+

    * FIFO: 
    N/A

    * Expression: 
    +------------------------+----------+-------+---+----+------------+------------+
    |      Variable Name     | Operation| DSP48E| FF| LUT| Bitwidth P0| Bitwidth P1|
    +------------------------+----------+-------+---+----+------------+------------+
    |mul_ln1118_1_fu_686_p2  |     *    |      0|  0|  40|           8|           8|
    |mul_ln1118_2_fu_735_p2  |     *    |      0|  0|  40|           8|           8|
    |mul_ln1118_3_fu_784_p2  |     *    |      0|  0|  40|           8|           8|
    |mul_ln1118_4_fu_836_p2  |     *    |      0|  0|  40|           6|           8|
    |mul_ln1118_fu_637_p2    |     *    |      0|  0|  40|           8|           8|
    |acc_0_V_fu_671_p2       |     +    |      0|  0|  23|          16|          16|
    |acc_1_V_fu_720_p2       |     +    |      0|  0|  23|          16|          16|
    |acc_2_V_fu_769_p2       |     +    |      0|  0|  23|          16|          16|
    |acc_3_V_fu_818_p2       |     +    |      0|  0|  23|          16|          16|
    |acc_4_V_fu_870_p2       |     +    |      0|  0|  23|          16|          16|
    |add_ln703_1_fu_677_p2   |     +    |      0|  0|  19|          12|          12|
    |add_ln703_2_fu_726_p2   |     +    |      0|  0|  19|          12|          12|
    |add_ln703_3_fu_775_p2   |     +    |      0|  0|  19|          12|          12|
    |add_ln703_4_fu_824_p2   |     +    |      0|  0|  19|          12|          12|
    |add_ln703_5_fu_876_p2   |     +    |      0|  0|  19|          12|          12|
    |w_index_fu_549_p2       |     +    |      0|  0|  12|           1|           4|
    |ap_condition_186        |    and   |      0|  0|   2|           1|           1|
    |ap_condition_192        |    and   |      0|  0|   2|           1|           1|
    |ap_condition_40         |    and   |      0|  0|   2|           1|           1|
    |icmp_ln46_fu_555_p2     |   icmp   |      0|  0|   9|           4|           4|
    |ap_enable_pp0           |    xor   |      0|  0|   2|           1|           2|
    +------------------------+----------+-------+---+----+------------+------------+
    |Total                   |          |      0|  0| 439|         187|         193|
    +------------------------+----------+-------+---+----+------------+------------+

    * Multiplexer: 
    +--------------------------------------------------+----+-----------+-----+-----------+
    |                       Name                       | LUT| Input Size| Bits| Total Bits|
    +--------------------------------------------------+----+-----------+-----+-----------+
    |acc_V_0_05_reg_530                                |   9|          2|   16|         32|
    |acc_V_1_06_reg_516                                |   9|          2|   16|         32|
    |acc_V_2_07_reg_502                                |   9|          2|   16|         32|
    |acc_V_3_08_reg_488                                |   9|          2|   16|         32|
    |acc_V_4_09_reg_474                                |   9|          2|   16|         32|
    |ap_NS_fsm                                         |  15|          3|    1|          3|
    |ap_enable_reg_pp0_iter1                           |   9|          2|    1|          2|
    |ap_enable_reg_pp0_iter2                           |   9|          2|    1|          2|
    |ap_phi_mux_data_0_V_read16_phi_phi_fu_358_p4      |   9|          2|    8|         16|
    |ap_phi_mux_data_0_V_read16_rewind_phi_fu_218_p6   |   9|          2|    8|         16|
    |ap_phi_mux_data_1_V_read17_phi_phi_fu_370_p4      |   9|          2|    8|         16|
    |ap_phi_mux_data_1_V_read17_rewind_phi_fu_232_p6   |   9|          2|    8|         16|
    |ap_phi_mux_data_2_V_read18_phi_phi_fu_382_p4      |   9|          2|    8|         16|
    |ap_phi_mux_data_2_V_read18_rewind_phi_fu_246_p6   |   9|          2|    8|         16|
    |ap_phi_mux_data_3_V_read19_phi_phi_fu_394_p4      |   9|          2|    8|         16|
    |ap_phi_mux_data_3_V_read19_rewind_phi_fu_260_p6   |   9|          2|    8|         16|
    |ap_phi_mux_data_4_V_read20_phi_phi_fu_406_p4      |   9|          2|    8|         16|
    |ap_phi_mux_data_4_V_read20_rewind_phi_fu_274_p6   |   9|          2|    8|         16|
    |ap_phi_mux_data_5_V_read21_phi_phi_fu_418_p4      |   9|          2|    8|         16|
    |ap_phi_mux_data_5_V_read21_rewind_phi_fu_288_p6   |   9|          2|    8|         16|
    |ap_phi_mux_data_6_V_read22_phi_phi_fu_430_p4      |   9|          2|    8|         16|
    |ap_phi_mux_data_6_V_read22_rewind_phi_fu_302_p6   |   9|          2|    8|         16|
    |ap_phi_mux_data_7_V_read23_phi_phi_fu_442_p4      |   9|          2|    8|         16|
    |ap_phi_mux_data_7_V_read23_rewind_phi_fu_316_p6   |   9|          2|    8|         16|
    |ap_phi_mux_data_8_V_read24_phi_phi_fu_454_p4      |   9|          2|    8|         16|
    |ap_phi_mux_data_8_V_read24_rewind_phi_fu_330_p6   |   9|          2|    8|         16|
    |ap_phi_mux_data_9_V_read25_phi_phi_fu_466_p4      |   9|          2|    8|         16|
    |ap_phi_mux_data_9_V_read25_rewind_phi_fu_344_p6   |   9|          2|    8|         16|
    |ap_phi_mux_do_init_phi_fu_187_p6                  |  15|          3|    1|          3|
    |ap_phi_mux_w_index15_phi_fu_203_p6                |  15|          3|    4|         12|
    |ap_phi_reg_pp0_iter1_data_0_V_read16_phi_reg_354  |   9|          2|    8|         16|
    |ap_phi_reg_pp0_iter1_data_1_V_read17_phi_reg_366  |   9|          2|    8|         16|
    |ap_phi_reg_pp0_iter1_data_2_V_read18_phi_reg_378  |   9|          2|    8|         16|
    |ap_phi_reg_pp0_iter1_data_3_V_read19_phi_reg_390  |   9|          2|    8|         16|
    |ap_phi_reg_pp0_iter1_data_4_V_read20_phi_reg_402  |   9|          2|    8|         16|
    |ap_phi_reg_pp0_iter1_data_5_V_read21_phi_reg_414  |   9|          2|    8|         16|
    |ap_phi_reg_pp0_iter1_data_6_V_read22_phi_reg_426  |   9|          2|    8|         16|
    |ap_phi_reg_pp0_iter1_data_7_V_read23_phi_reg_438  |   9|          2|    8|         16|
    |ap_phi_reg_pp0_iter1_data_8_V_read24_phi_reg_450  |   9|          2|    8|         16|
    |ap_phi_reg_pp0_iter1_data_9_V_read25_phi_reg_462  |   9|          2|    8|         16|
    |ap_return_0                                       |   9|          2|    8|         16|
    |ap_return_1                                       |   9|          2|    8|         16|
    |ap_return_2                                       |   9|          2|    8|         16|
    |ap_return_3                                       |   9|          2|    8|         16|
    |ap_return_4                                       |   9|          2|    8|         16|
    |data_0_V_read16_phi_reg_354                       |   9|          2|    8|         16|
    |data_1_V_read17_phi_reg_366                       |   9|          2|    8|         16|
    |data_2_V_read18_phi_reg_378                       |   9|          2|    8|         16|
    |data_3_V_read19_phi_reg_390                       |   9|          2|    8|         16|
    |data_4_V_read20_phi_reg_402                       |   9|          2|    8|         16|
    |data_5_V_read21_phi_reg_414                       |   9|          2|    8|         16|
    |data_6_V_read22_phi_reg_426                       |   9|          2|    8|         16|
    |data_7_V_read23_phi_reg_438                       |   9|          2|    8|         16|
    |data_8_V_read24_phi_reg_450                       |   9|          2|    8|         16|
    |data_9_V_read25_phi_reg_462                       |   9|          2|    8|         16|
    |w_index15_reg_199                                 |   9|          2|    4|          8|
    +--------------------------------------------------+----+-----------+-----+-----------+
    |Total                                             | 522|        115|  452|        910|
    +--------------------------------------------------+----+-----------+-----+-----------+

    * Register: 
    +--------------------------------------------------+----+----+-----+-----------+
    |                       Name                       | FF | LUT| Bits| Const Bits|
    +--------------------------------------------------+----+----+-----+-----------+
    |acc_V_0_05_reg_530                                |  16|   0|   16|          0|
    |acc_V_1_06_reg_516                                |  16|   0|   16|          0|
    |acc_V_2_07_reg_502                                |  16|   0|   16|          0|
    |acc_V_3_08_reg_488                                |  16|   0|   16|          0|
    |acc_V_4_09_reg_474                                |  16|   0|   16|          0|
    |ap_CS_fsm                                         |   2|   0|    2|          0|
    |ap_enable_reg_pp0_iter1                           |   1|   0|    1|          0|
    |ap_enable_reg_pp0_iter2                           |   1|   0|    1|          0|
    |ap_phi_reg_pp0_iter1_data_0_V_read16_phi_reg_354  |   8|   0|    8|          0|
    |ap_phi_reg_pp0_iter1_data_1_V_read17_phi_reg_366  |   8|   0|    8|          0|
    |ap_phi_reg_pp0_iter1_data_2_V_read18_phi_reg_378  |   8|   0|    8|          0|
    |ap_phi_reg_pp0_iter1_data_3_V_read19_phi_reg_390  |   8|   0|    8|          0|
    |ap_phi_reg_pp0_iter1_data_4_V_read20_phi_reg_402  |   8|   0|    8|          0|
    |ap_phi_reg_pp0_iter1_data_5_V_read21_phi_reg_414  |   8|   0|    8|          0|
    |ap_phi_reg_pp0_iter1_data_6_V_read22_phi_reg_426  |   8|   0|    8|          0|
    |ap_phi_reg_pp0_iter1_data_7_V_read23_phi_reg_438  |   8|   0|    8|          0|
    |ap_phi_reg_pp0_iter1_data_8_V_read24_phi_reg_450  |   8|   0|    8|          0|
    |ap_phi_reg_pp0_iter1_data_9_V_read25_phi_reg_462  |   8|   0|    8|          0|
    |ap_return_0_preg                                  |   8|   0|    8|          0|
    |ap_return_1_preg                                  |   8|   0|    8|          0|
    |ap_return_2_preg                                  |   8|   0|    8|          0|
    |ap_return_3_preg                                  |   8|   0|    8|          0|
    |ap_return_4_preg                                  |   8|   0|    8|          0|
    |data_0_V_read16_phi_reg_354                       |   8|   0|    8|          0|
    |data_0_V_read16_rewind_reg_214                    |   8|   0|    8|          0|
    |data_1_V_read17_phi_reg_366                       |   8|   0|    8|          0|
    |data_1_V_read17_rewind_reg_228                    |   8|   0|    8|          0|
    |data_2_V_read18_phi_reg_378                       |   8|   0|    8|          0|
    |data_2_V_read18_rewind_reg_242                    |   8|   0|    8|          0|
    |data_3_V_read19_phi_reg_390                       |   8|   0|    8|          0|
    |data_3_V_read19_rewind_reg_256                    |   8|   0|    8|          0|
    |data_4_V_read20_phi_reg_402                       |   8|   0|    8|          0|
    |data_4_V_read20_rewind_reg_270                    |   8|   0|    8|          0|
    |data_5_V_read21_phi_reg_414                       |   8|   0|    8|          0|
    |data_5_V_read21_rewind_reg_284                    |   8|   0|    8|          0|
    |data_6_V_read22_phi_reg_426                       |   8|   0|    8|          0|
    |data_6_V_read22_rewind_reg_298                    |   8|   0|    8|          0|
    |data_7_V_read23_phi_reg_438                       |   8|   0|    8|          0|
    |data_7_V_read23_rewind_reg_312                    |   8|   0|    8|          0|
    |data_8_V_read24_phi_reg_450                       |   8|   0|    8|          0|
    |data_8_V_read24_rewind_reg_326                    |   8|   0|    8|          0|
    |data_9_V_read25_phi_reg_462                       |   8|   0|    8|          0|
    |data_9_V_read25_rewind_reg_340                    |   8|   0|    8|          0|
    |do_init_reg_183                                   |   1|   0|    1|          0|
    |icmp_ln46_reg_1026                                |   1|   0|    1|          0|
    |icmp_ln46_reg_1026_pp0_iter1_reg                  |   1|   0|    1|          0|
    |tmp_11_reg_1030                                   |   8|   0|    8|          0|
    |tmp_12_reg_1056                                   |   6|   0|    6|          0|
    |tmp_2_reg_1041                                    |   8|   0|    8|          0|
    |tmp_3_reg_1046                                    |   8|   0|    8|          0|
    |tmp_4_reg_1051                                    |   8|   0|    8|          0|
    |trunc_ln59_reg_1036                               |   8|   0|    8|          0|
    |w_index15_reg_199                                 |   4|   0|    4|          0|
    |w_index_reg_1021                                  |   4|   0|    4|          0|
    +--------------------------------------------------+----+----+-----+-----------+
    |Total                                             | 421|   0|  421|          0|
    +--------------------------------------------------+----+----+-----+-----------+



================================================================
== Interface
================================================================
* Summary: 
+---------------+-----+-----+------------+----------------------------------------------------------------------------+--------------+
|   RTL Ports   | Dir | Bits|  Protocol  |                                Source Object                               |    C Type    |
+---------------+-----+-----+------------+----------------------------------------------------------------------------+--------------+
|ap_clk         |  in |    1| ap_ctrl_hs | dense_wrapper<ap_ufixed<8, 2, 5, 3, 0>, ap_fixed<8, 2, 5, 3, 0>, config21> | return value |
|ap_rst         |  in |    1| ap_ctrl_hs | dense_wrapper<ap_ufixed<8, 2, 5, 3, 0>, ap_fixed<8, 2, 5, 3, 0>, config21> | return value |
|ap_start       |  in |    1| ap_ctrl_hs | dense_wrapper<ap_ufixed<8, 2, 5, 3, 0>, ap_fixed<8, 2, 5, 3, 0>, config21> | return value |
|ap_done        | out |    1| ap_ctrl_hs | dense_wrapper<ap_ufixed<8, 2, 5, 3, 0>, ap_fixed<8, 2, 5, 3, 0>, config21> | return value |
|ap_idle        | out |    1| ap_ctrl_hs | dense_wrapper<ap_ufixed<8, 2, 5, 3, 0>, ap_fixed<8, 2, 5, 3, 0>, config21> | return value |
|ap_ready       | out |    1| ap_ctrl_hs | dense_wrapper<ap_ufixed<8, 2, 5, 3, 0>, ap_fixed<8, 2, 5, 3, 0>, config21> | return value |
|ap_return_0    | out |    8| ap_ctrl_hs | dense_wrapper<ap_ufixed<8, 2, 5, 3, 0>, ap_fixed<8, 2, 5, 3, 0>, config21> | return value |
|ap_return_1    | out |    8| ap_ctrl_hs | dense_wrapper<ap_ufixed<8, 2, 5, 3, 0>, ap_fixed<8, 2, 5, 3, 0>, config21> | return value |
|ap_return_2    | out |    8| ap_ctrl_hs | dense_wrapper<ap_ufixed<8, 2, 5, 3, 0>, ap_fixed<8, 2, 5, 3, 0>, config21> | return value |
|ap_return_3    | out |    8| ap_ctrl_hs | dense_wrapper<ap_ufixed<8, 2, 5, 3, 0>, ap_fixed<8, 2, 5, 3, 0>, config21> | return value |
|ap_return_4    | out |    8| ap_ctrl_hs | dense_wrapper<ap_ufixed<8, 2, 5, 3, 0>, ap_fixed<8, 2, 5, 3, 0>, config21> | return value |
|data_0_V_read  |  in |    8|   ap_none  |                                data_0_V_read                               |    scalar    |
|data_1_V_read  |  in |    8|   ap_none  |                                data_1_V_read                               |    scalar    |
|data_2_V_read  |  in |    8|   ap_none  |                                data_2_V_read                               |    scalar    |
|data_3_V_read  |  in |    8|   ap_none  |                                data_3_V_read                               |    scalar    |
|data_4_V_read  |  in |    8|   ap_none  |                                data_4_V_read                               |    scalar    |
|data_5_V_read  |  in |    8|   ap_none  |                                data_5_V_read                               |    scalar    |
|data_6_V_read  |  in |    8|   ap_none  |                                data_6_V_read                               |    scalar    |
|data_7_V_read  |  in |    8|   ap_none  |                                data_7_V_read                               |    scalar    |
|data_8_V_read  |  in |    8|   ap_none  |                                data_8_V_read                               |    scalar    |
|data_9_V_read  |  in |    8|   ap_none  |                                data_9_V_read                               |    scalar    |
+---------------+-----+-----+------------+----------------------------------------------------------------------------+--------------+

============================================================
+ Verbose Summary: Synthesis Manager
============================================================
InlineROM: 1
ExposeGlobal: 0
============================================================
+ Verbose Summary: CDFG Model
============================================================
IsTopModel: 0
ResetActiveHigh: 1
IsCombinational: 2
IsDatapathOnly: 2
HasWiredReturn: 1
HasMFsm: 0
HasVarLatency: 1
IsPipeline: 0
IsRtlPipelined: 0
IsInstanceOverlapped: 0
IsDontTouch: 0
HasImplIP: 0
IsGatedGlobalClock: 0

+ Individual pipeline summary: 
  * Pipeline-0: initiation interval (II) = 1, depth = 3


============================================================
+ Verbose Summary: Schedule
============================================================
* Number of FSM states : 4
* Pipeline : 1
  Pipeline-0 : II = 1, D = 3, States = { 2 3 4 }
* Dataflow Pipeline: 0

* FSM state transitions: 
1 --> 2 
2 --> 3 
3 --> 4 
4 --> 2 

* FSM state operations: 

State 1 <SV = 0> <Delay = 0.83>
ST_1 : Operation 5 [1/1] (0.00ns)   --->   "%tmp = call i32 (...)* @_ssdm_op_SpecRegionBegin([13 x i8]* @p_str49)" [firmware/nnet_utils/nnet_dense_resource.h:32->firmware/nnet_utils/nnet_dense.h:65->firmware/nnet_utils/nnet_dense_stream.h:20]   --->   Operation 5 'specregionbegin' 'tmp' <Predicate = true> <Delay = 0.00>
ST_1 : Operation 6 [1/1] (0.83ns)   --->   "br label %rewind_header" [firmware/nnet_utils/nnet_dense_resource.h:46->firmware/nnet_utils/nnet_dense.h:65->firmware/nnet_utils/nnet_dense_stream.h:20]   --->   Operation 6 'br' <Predicate = true> <Delay = 0.83>

State 2 <SV = 1> <Delay = 1.77>
ST_2 : Operation 7 [1/1] (0.00ns)   --->   "%do_init = phi i1 [ true, %hls_label_48_begin ], [ false, %ReuseLoop ], [ true, %"cast<ap_ufixed<8, 2, 5, 3, 0>, ap_fixed<8, 2, 5, 3, 0>, config21>.exit.0" ]"   --->   Operation 7 'phi' 'do_init' <Predicate = true> <Delay = 0.00>
ST_2 : Operation 8 [1/1] (0.00ns)   --->   "%w_index15 = phi i4 [ 0, %hls_label_48_begin ], [ %w_index, %ReuseLoop ], [ 0, %"cast<ap_ufixed<8, 2, 5, 3, 0>, ap_fixed<8, 2, 5, 3, 0>, config21>.exit.0" ]"   --->   Operation 8 'phi' 'w_index15' <Predicate = true> <Delay = 0.00>
ST_2 : Operation 9 [1/1] (0.00ns)   --->   "%data_9_V_read_1 = call i8 @_ssdm_op_Read.ap_auto.i8(i8 %data_9_V_read)" [firmware/nnet_utils/nnet_dense_stream.h:13]   --->   Operation 9 'read' 'data_9_V_read_1' <Predicate = (do_init)> <Delay = 0.00>
ST_2 : Operation 10 [1/1] (0.00ns)   --->   "%data_8_V_read_1 = call i8 @_ssdm_op_Read.ap_auto.i8(i8 %data_8_V_read)" [firmware/nnet_utils/nnet_dense_stream.h:13]   --->   Operation 10 'read' 'data_8_V_read_1' <Predicate = (do_init)> <Delay = 0.00>
ST_2 : Operation 11 [1/1] (0.00ns)   --->   "%data_7_V_read_1 = call i8 @_ssdm_op_Read.ap_auto.i8(i8 %data_7_V_read)" [firmware/nnet_utils/nnet_dense_stream.h:13]   --->   Operation 11 'read' 'data_7_V_read_1' <Predicate = (do_init)> <Delay = 0.00>
ST_2 : Operation 12 [1/1] (0.00ns)   --->   "%data_6_V_read_1 = call i8 @_ssdm_op_Read.ap_auto.i8(i8 %data_6_V_read)" [firmware/nnet_utils/nnet_dense_stream.h:13]   --->   Operation 12 'read' 'data_6_V_read_1' <Predicate = (do_init)> <Delay = 0.00>
ST_2 : Operation 13 [1/1] (0.00ns)   --->   "%data_5_V_read_1 = call i8 @_ssdm_op_Read.ap_auto.i8(i8 %data_5_V_read)" [firmware/nnet_utils/nnet_dense_stream.h:13]   --->   Operation 13 'read' 'data_5_V_read_1' <Predicate = (do_init)> <Delay = 0.00>
ST_2 : Operation 14 [1/1] (0.00ns)   --->   "%data_4_V_read_1 = call i8 @_ssdm_op_Read.ap_auto.i8(i8 %data_4_V_read)" [firmware/nnet_utils/nnet_dense_stream.h:13]   --->   Operation 14 'read' 'data_4_V_read_1' <Predicate = (do_init)> <Delay = 0.00>
ST_2 : Operation 15 [1/1] (0.00ns)   --->   "%data_3_V_read_1 = call i8 @_ssdm_op_Read.ap_auto.i8(i8 %data_3_V_read)" [firmware/nnet_utils/nnet_dense_stream.h:13]   --->   Operation 15 'read' 'data_3_V_read_1' <Predicate = (do_init)> <Delay = 0.00>
ST_2 : Operation 16 [1/1] (0.00ns)   --->   "%data_2_V_read_1 = call i8 @_ssdm_op_Read.ap_auto.i8(i8 %data_2_V_read)" [firmware/nnet_utils/nnet_dense_stream.h:13]   --->   Operation 16 'read' 'data_2_V_read_1' <Predicate = (do_init)> <Delay = 0.00>
ST_2 : Operation 17 [1/1] (0.00ns)   --->   "%data_1_V_read_1 = call i8 @_ssdm_op_Read.ap_auto.i8(i8 %data_1_V_read)" [firmware/nnet_utils/nnet_dense_stream.h:13]   --->   Operation 17 'read' 'data_1_V_read_1' <Predicate = (do_init)> <Delay = 0.00>
ST_2 : Operation 18 [1/1] (0.00ns)   --->   "%data_0_V_read_1 = call i8 @_ssdm_op_Read.ap_auto.i8(i8 %data_0_V_read)" [firmware/nnet_utils/nnet_dense_stream.h:13]   --->   Operation 18 'read' 'data_0_V_read_1' <Predicate = (do_init)> <Delay = 0.00>
ST_2 : Operation 19 [1/1] (0.83ns)   --->   "br label %ReuseLoop" [firmware/nnet_utils/nnet_dense_resource.h:46->firmware/nnet_utils/nnet_dense.h:65->firmware/nnet_utils/nnet_dense_stream.h:20]   --->   Operation 19 'br' <Predicate = (do_init)> <Delay = 0.83>
ST_2 : Operation 20 [1/1] (0.00ns)   --->   "%zext_ln59 = zext i4 %w_index15 to i64" [firmware/nnet_utils/nnet_dense_resource.h:59->firmware/nnet_utils/nnet_dense.h:65->firmware/nnet_utils/nnet_dense_stream.h:20]   --->   Operation 20 'zext' 'zext_ln59' <Predicate = true> <Delay = 0.00>
ST_2 : Operation 21 [1/1] (0.00ns)   --->   "%w21_V_addr = getelementptr [10 x i38]* @w21_V, i64 0, i64 %zext_ln59" [firmware/nnet_utils/nnet_dense_resource.h:59->firmware/nnet_utils/nnet_dense.h:65->firmware/nnet_utils/nnet_dense_stream.h:20]   --->   Operation 21 'getelementptr' 'w21_V_addr' <Predicate = true> <Delay = 0.00>
ST_2 : Operation 22 [2/2] (1.77ns)   --->   "%w21_V_load = load i38* %w21_V_addr, align 8" [firmware/nnet_utils/nnet_dense_resource.h:59->firmware/nnet_utils/nnet_dense.h:65->firmware/nnet_utils/nnet_dense_stream.h:20]   --->   Operation 22 'load' 'w21_V_load' <Predicate = true> <Delay = 1.77> <Core = "ROM_nP_BRAM">   --->   Core 55 'ROM_nP_BRAM' <Latency = 1> <II = 1> <Delay = 1.77> <Storage> <Opcode : 'load'> <Ports = 0> <Width = 38> <Depth = 10> <ROM>
ST_2 : Operation 23 [1/1] (0.94ns)   --->   "%w_index = add i4 1, %w_index15" [firmware/nnet_utils/nnet_dense_resource.h:46->firmware/nnet_utils/nnet_dense.h:65->firmware/nnet_utils/nnet_dense_stream.h:20]   --->   Operation 23 'add' 'w_index' <Predicate = true> <Delay = 0.94> <Core = "AddSub">   --->   Core 14 'AddSub' <Latency = 0> <II = 1> <Delay = 0.94> <FuncUnit> <Opcode : 'add' 'sub'> <InPorts = 2> <OutPorts = 1>
ST_2 : Operation 24 [1/1] (0.90ns)   --->   "%icmp_ln46 = icmp eq i4 %w_index15, -7" [firmware/nnet_utils/nnet_dense_resource.h:46->firmware/nnet_utils/nnet_dense.h:65->firmware/nnet_utils/nnet_dense_stream.h:20]   --->   Operation 24 'icmp' 'icmp_ln46' <Predicate = true> <Delay = 0.90> <Core = "Cmp">   --->   Core 25 'Cmp' <Latency = 0> <II = 1> <Delay = 0.90> <FuncUnit> <Opcode : 'icmp'> <InPorts = 2> <OutPorts = 1>
ST_2 : Operation 25 [1/1] (0.00ns)   --->   "br i1 %icmp_ln46, label %"cast<ap_ufixed<8, 2, 5, 3, 0>, ap_fixed<8, 2, 5, 3, 0>, config21>.exit.0", label %rewind_header" [firmware/nnet_utils/nnet_dense_resource.h:46->firmware/nnet_utils/nnet_dense.h:65->firmware/nnet_utils/nnet_dense_stream.h:20]   --->   Operation 25 'br' <Predicate = true> <Delay = 0.00>
ST_2 : Operation 26 [1/1] (0.00ns)   --->   "br label %rewind_header" [firmware/nnet_utils/nnet_dense_stream.h:21]   --->   Operation 26 'br' <Predicate = (icmp_ln46)> <Delay = 0.00>

State 3 <SV = 2> <Delay = 1.77>
ST_3 : Operation 27 [1/1] (0.00ns)   --->   "%data_0_V_read16_rewind = phi i8 [ undef, %hls_label_48_begin ], [ %data_0_V_read16_phi, %ReuseLoop ], [ undef, %"cast<ap_ufixed<8, 2, 5, 3, 0>, ap_fixed<8, 2, 5, 3, 0>, config21>.exit.0" ]" [firmware/nnet_utils/nnet_dense_stream.h:13]   --->   Operation 27 'phi' 'data_0_V_read16_rewind' <Predicate = true> <Delay = 0.00>
ST_3 : Operation 28 [1/1] (0.00ns)   --->   "%data_1_V_read17_rewind = phi i8 [ undef, %hls_label_48_begin ], [ %data_1_V_read17_phi, %ReuseLoop ], [ undef, %"cast<ap_ufixed<8, 2, 5, 3, 0>, ap_fixed<8, 2, 5, 3, 0>, config21>.exit.0" ]" [firmware/nnet_utils/nnet_dense_stream.h:13]   --->   Operation 28 'phi' 'data_1_V_read17_rewind' <Predicate = true> <Delay = 0.00>
ST_3 : Operation 29 [1/1] (0.00ns)   --->   "%data_2_V_read18_rewind = phi i8 [ undef, %hls_label_48_begin ], [ %data_2_V_read18_phi, %ReuseLoop ], [ undef, %"cast<ap_ufixed<8, 2, 5, 3, 0>, ap_fixed<8, 2, 5, 3, 0>, config21>.exit.0" ]" [firmware/nnet_utils/nnet_dense_stream.h:13]   --->   Operation 29 'phi' 'data_2_V_read18_rewind' <Predicate = true> <Delay = 0.00>
ST_3 : Operation 30 [1/1] (0.00ns)   --->   "%data_3_V_read19_rewind = phi i8 [ undef, %hls_label_48_begin ], [ %data_3_V_read19_phi, %ReuseLoop ], [ undef, %"cast<ap_ufixed<8, 2, 5, 3, 0>, ap_fixed<8, 2, 5, 3, 0>, config21>.exit.0" ]" [firmware/nnet_utils/nnet_dense_stream.h:13]   --->   Operation 30 'phi' 'data_3_V_read19_rewind' <Predicate = true> <Delay = 0.00>
ST_3 : Operation 31 [1/1] (0.00ns)   --->   "%data_4_V_read20_rewind = phi i8 [ undef, %hls_label_48_begin ], [ %data_4_V_read20_phi, %ReuseLoop ], [ undef, %"cast<ap_ufixed<8, 2, 5, 3, 0>, ap_fixed<8, 2, 5, 3, 0>, config21>.exit.0" ]" [firmware/nnet_utils/nnet_dense_stream.h:13]   --->   Operation 31 'phi' 'data_4_V_read20_rewind' <Predicate = true> <Delay = 0.00>
ST_3 : Operation 32 [1/1] (0.00ns)   --->   "%data_5_V_read21_rewind = phi i8 [ undef, %hls_label_48_begin ], [ %data_5_V_read21_phi, %ReuseLoop ], [ undef, %"cast<ap_ufixed<8, 2, 5, 3, 0>, ap_fixed<8, 2, 5, 3, 0>, config21>.exit.0" ]" [firmware/nnet_utils/nnet_dense_stream.h:13]   --->   Operation 32 'phi' 'data_5_V_read21_rewind' <Predicate = true> <Delay = 0.00>
ST_3 : Operation 33 [1/1] (0.00ns)   --->   "%data_6_V_read22_rewind = phi i8 [ undef, %hls_label_48_begin ], [ %data_6_V_read22_phi, %ReuseLoop ], [ undef, %"cast<ap_ufixed<8, 2, 5, 3, 0>, ap_fixed<8, 2, 5, 3, 0>, config21>.exit.0" ]" [firmware/nnet_utils/nnet_dense_stream.h:13]   --->   Operation 33 'phi' 'data_6_V_read22_rewind' <Predicate = true> <Delay = 0.00>
ST_3 : Operation 34 [1/1] (0.00ns)   --->   "%data_7_V_read23_rewind = phi i8 [ undef, %hls_label_48_begin ], [ %data_7_V_read23_phi, %ReuseLoop ], [ undef, %"cast<ap_ufixed<8, 2, 5, 3, 0>, ap_fixed<8, 2, 5, 3, 0>, config21>.exit.0" ]" [firmware/nnet_utils/nnet_dense_stream.h:13]   --->   Operation 34 'phi' 'data_7_V_read23_rewind' <Predicate = true> <Delay = 0.00>
ST_3 : Operation 35 [1/1] (0.00ns)   --->   "%data_8_V_read24_rewind = phi i8 [ undef, %hls_label_48_begin ], [ %data_8_V_read24_phi, %ReuseLoop ], [ undef, %"cast<ap_ufixed<8, 2, 5, 3, 0>, ap_fixed<8, 2, 5, 3, 0>, config21>.exit.0" ]" [firmware/nnet_utils/nnet_dense_stream.h:13]   --->   Operation 35 'phi' 'data_8_V_read24_rewind' <Predicate = true> <Delay = 0.00>
ST_3 : Operation 36 [1/1] (0.00ns)   --->   "%data_9_V_read25_rewind = phi i8 [ undef, %hls_label_48_begin ], [ %data_9_V_read25_phi, %ReuseLoop ], [ undef, %"cast<ap_ufixed<8, 2, 5, 3, 0>, ap_fixed<8, 2, 5, 3, 0>, config21>.exit.0" ]" [firmware/nnet_utils/nnet_dense_stream.h:13]   --->   Operation 36 'phi' 'data_9_V_read25_rewind' <Predicate = true> <Delay = 0.00>
ST_3 : Operation 37 [1/1] (0.83ns)   --->   "br i1 %do_init, label %hls_label_48_end, label %ReuseLoop"   --->   Operation 37 'br' <Predicate = true> <Delay = 0.83>
ST_3 : Operation 38 [1/1] (0.00ns)   --->   "%data_0_V_read16_phi = phi i8 [ %data_0_V_read_1, %hls_label_48_end ], [ %data_0_V_read16_rewind, %rewind_header ]" [firmware/nnet_utils/nnet_dense_stream.h:13]   --->   Operation 38 'phi' 'data_0_V_read16_phi' <Predicate = true> <Delay = 0.00>
ST_3 : Operation 39 [1/1] (0.00ns)   --->   "%data_1_V_read17_phi = phi i8 [ %data_1_V_read_1, %hls_label_48_end ], [ %data_1_V_read17_rewind, %rewind_header ]" [firmware/nnet_utils/nnet_dense_stream.h:13]   --->   Operation 39 'phi' 'data_1_V_read17_phi' <Predicate = true> <Delay = 0.00>
ST_3 : Operation 40 [1/1] (0.00ns)   --->   "%data_2_V_read18_phi = phi i8 [ %data_2_V_read_1, %hls_label_48_end ], [ %data_2_V_read18_rewind, %rewind_header ]" [firmware/nnet_utils/nnet_dense_stream.h:13]   --->   Operation 40 'phi' 'data_2_V_read18_phi' <Predicate = true> <Delay = 0.00>
ST_3 : Operation 41 [1/1] (0.00ns)   --->   "%data_3_V_read19_phi = phi i8 [ %data_3_V_read_1, %hls_label_48_end ], [ %data_3_V_read19_rewind, %rewind_header ]" [firmware/nnet_utils/nnet_dense_stream.h:13]   --->   Operation 41 'phi' 'data_3_V_read19_phi' <Predicate = true> <Delay = 0.00>
ST_3 : Operation 42 [1/1] (0.00ns)   --->   "%data_4_V_read20_phi = phi i8 [ %data_4_V_read_1, %hls_label_48_end ], [ %data_4_V_read20_rewind, %rewind_header ]" [firmware/nnet_utils/nnet_dense_stream.h:13]   --->   Operation 42 'phi' 'data_4_V_read20_phi' <Predicate = true> <Delay = 0.00>
ST_3 : Operation 43 [1/1] (0.00ns)   --->   "%data_5_V_read21_phi = phi i8 [ %data_5_V_read_1, %hls_label_48_end ], [ %data_5_V_read21_rewind, %rewind_header ]" [firmware/nnet_utils/nnet_dense_stream.h:13]   --->   Operation 43 'phi' 'data_5_V_read21_phi' <Predicate = true> <Delay = 0.00>
ST_3 : Operation 44 [1/1] (0.00ns)   --->   "%data_6_V_read22_phi = phi i8 [ %data_6_V_read_1, %hls_label_48_end ], [ %data_6_V_read22_rewind, %rewind_header ]" [firmware/nnet_utils/nnet_dense_stream.h:13]   --->   Operation 44 'phi' 'data_6_V_read22_phi' <Predicate = true> <Delay = 0.00>
ST_3 : Operation 45 [1/1] (0.00ns)   --->   "%data_7_V_read23_phi = phi i8 [ %data_7_V_read_1, %hls_label_48_end ], [ %data_7_V_read23_rewind, %rewind_header ]" [firmware/nnet_utils/nnet_dense_stream.h:13]   --->   Operation 45 'phi' 'data_7_V_read23_phi' <Predicate = true> <Delay = 0.00>
ST_3 : Operation 46 [1/1] (0.00ns)   --->   "%data_8_V_read24_phi = phi i8 [ %data_8_V_read_1, %hls_label_48_end ], [ %data_8_V_read24_rewind, %rewind_header ]" [firmware/nnet_utils/nnet_dense_stream.h:13]   --->   Operation 46 'phi' 'data_8_V_read24_phi' <Predicate = true> <Delay = 0.00>
ST_3 : Operation 47 [1/1] (0.00ns)   --->   "%data_9_V_read25_phi = phi i8 [ %data_9_V_read_1, %hls_label_48_end ], [ %data_9_V_read25_rewind, %rewind_header ]" [firmware/nnet_utils/nnet_dense_stream.h:13]   --->   Operation 47 'phi' 'data_9_V_read25_phi' <Predicate = true> <Delay = 0.00>
ST_3 : Operation 48 [1/1] (0.87ns)   --->   "%tmp_11 = call i8 @_ssdm_op_Mux.ap_auto.10i8.i4(i8 %data_0_V_read16_phi, i8 %data_1_V_read17_phi, i8 %data_2_V_read18_phi, i8 %data_3_V_read19_phi, i8 %data_4_V_read20_phi, i8 %data_5_V_read21_phi, i8 %data_6_V_read22_phi, i8 %data_7_V_read23_phi, i8 %data_8_V_read24_phi, i8 %data_9_V_read25_phi, i4 %w_index15)" [firmware/nnet_utils/nnet_dense_resource.h:59->firmware/nnet_utils/nnet_dense.h:65->firmware/nnet_utils/nnet_dense_stream.h:20]   --->   Operation 48 'mux' 'tmp_11' <Predicate = true> <Delay = 0.87> <Core = "MuxnS">   --->   Core 31 'MuxnS' <Latency = 0> <II = 1> <Delay = 0.87> <FuncUnit> <Opcode : 'mux'> <InPorts = 2> <OutPorts = 1>
ST_3 : Operation 49 [1/2] (1.77ns)   --->   "%w21_V_load = load i38* %w21_V_addr, align 8" [firmware/nnet_utils/nnet_dense_resource.h:59->firmware/nnet_utils/nnet_dense.h:65->firmware/nnet_utils/nnet_dense_stream.h:20]   --->   Operation 49 'load' 'w21_V_load' <Predicate = true> <Delay = 1.77> <Core = "ROM_nP_BRAM">   --->   Core 55 'ROM_nP_BRAM' <Latency = 1> <II = 1> <Delay = 1.77> <Storage> <Opcode : 'load'> <Ports = 0> <Width = 38> <Depth = 10> <ROM>
ST_3 : Operation 50 [1/1] (0.00ns)   --->   "%trunc_ln59 = trunc i38 %w21_V_load to i8" [firmware/nnet_utils/nnet_dense_resource.h:59->firmware/nnet_utils/nnet_dense.h:65->firmware/nnet_utils/nnet_dense_stream.h:20]   --->   Operation 50 'trunc' 'trunc_ln59' <Predicate = true> <Delay = 0.00>
ST_3 : Operation 51 [1/1] (0.00ns)   --->   "%tmp_2 = call i8 @_ssdm_op_PartSelect.i8.i38.i32.i32(i38 %w21_V_load, i32 8, i32 15)" [firmware/nnet_utils/nnet_dense_resource.h:59->firmware/nnet_utils/nnet_dense.h:65->firmware/nnet_utils/nnet_dense_stream.h:20]   --->   Operation 51 'partselect' 'tmp_2' <Predicate = true> <Delay = 0.00>
ST_3 : Operation 52 [1/1] (0.00ns)   --->   "%tmp_3 = call i8 @_ssdm_op_PartSelect.i8.i38.i32.i32(i38 %w21_V_load, i32 16, i32 23)" [firmware/nnet_utils/nnet_dense_resource.h:59->firmware/nnet_utils/nnet_dense.h:65->firmware/nnet_utils/nnet_dense_stream.h:20]   --->   Operation 52 'partselect' 'tmp_3' <Predicate = true> <Delay = 0.00>
ST_3 : Operation 53 [1/1] (0.00ns)   --->   "%tmp_4 = call i8 @_ssdm_op_PartSelect.i8.i38.i32.i32(i38 %w21_V_load, i32 24, i32 31)" [firmware/nnet_utils/nnet_dense_resource.h:59->firmware/nnet_utils/nnet_dense.h:65->firmware/nnet_utils/nnet_dense_stream.h:20]   --->   Operation 53 'partselect' 'tmp_4' <Predicate = true> <Delay = 0.00>
ST_3 : Operation 54 [1/1] (0.00ns)   --->   "%tmp_12 = call i6 @_ssdm_op_PartSelect.i6.i38.i32.i32(i38 %w21_V_load, i32 32, i32 37)" [firmware/nnet_utils/nnet_dense_resource.h:59->firmware/nnet_utils/nnet_dense.h:65->firmware/nnet_utils/nnet_dense_stream.h:20]   --->   Operation 54 'partselect' 'tmp_12' <Predicate = true> <Delay = 0.00>

State 4 <SV = 3> <Delay = 3.85>
ST_4 : Operation 55 [1/1] (0.00ns)   --->   "%acc_V_4_09 = phi i16 [ 0, %hls_label_48_begin ], [ %acc_4_V, %ReuseLoop ], [ 0, %"cast<ap_ufixed<8, 2, 5, 3, 0>, ap_fixed<8, 2, 5, 3, 0>, config21>.exit.0" ]"   --->   Operation 55 'phi' 'acc_V_4_09' <Predicate = true> <Delay = 0.00>
ST_4 : Operation 56 [1/1] (0.00ns)   --->   "%acc_V_3_08 = phi i16 [ 0, %hls_label_48_begin ], [ %acc_3_V, %ReuseLoop ], [ 0, %"cast<ap_ufixed<8, 2, 5, 3, 0>, ap_fixed<8, 2, 5, 3, 0>, config21>.exit.0" ]"   --->   Operation 56 'phi' 'acc_V_3_08' <Predicate = true> <Delay = 0.00>
ST_4 : Operation 57 [1/1] (0.00ns)   --->   "%acc_V_2_07 = phi i16 [ 0, %hls_label_48_begin ], [ %acc_2_V, %ReuseLoop ], [ 0, %"cast<ap_ufixed<8, 2, 5, 3, 0>, ap_fixed<8, 2, 5, 3, 0>, config21>.exit.0" ]"   --->   Operation 57 'phi' 'acc_V_2_07' <Predicate = true> <Delay = 0.00>
ST_4 : Operation 58 [1/1] (0.00ns)   --->   "%acc_V_1_06 = phi i16 [ 0, %hls_label_48_begin ], [ %acc_1_V, %ReuseLoop ], [ 0, %"cast<ap_ufixed<8, 2, 5, 3, 0>, ap_fixed<8, 2, 5, 3, 0>, config21>.exit.0" ]"   --->   Operation 58 'phi' 'acc_V_1_06' <Predicate = true> <Delay = 0.00>
ST_4 : Operation 59 [1/1] (0.00ns)   --->   "%acc_V_0_05 = phi i16 [ 0, %hls_label_48_begin ], [ %acc_0_V, %ReuseLoop ], [ 0, %"cast<ap_ufixed<8, 2, 5, 3, 0>, ap_fixed<8, 2, 5, 3, 0>, config21>.exit.0" ]"   --->   Operation 59 'phi' 'acc_V_0_05' <Predicate = true> <Delay = 0.00>
ST_4 : Operation 60 [1/1] (0.00ns)   --->   "call void (...)* @_ssdm_op_SpecMemCore([10 x i38]* @w21_V, [1 x i8]* @p_str17, [12 x i8]* @p_str50, [1 x i8]* @p_str17, i32 -1, [1 x i8]* @p_str17, [1 x i8]* @p_str17, [1 x i8]* @p_str17, [1 x i8]* @p_str17, [1 x i8]* @p_str17)"   --->   Operation 60 'specmemcore' <Predicate = (do_init)> <Delay = 0.00>
ST_4 : Operation 61 [1/1] (0.00ns)   --->   "%empty_226 = call i32 (...)* @_ssdm_op_SpecRegionEnd([13 x i8]* @p_str49, i32 %tmp)" [firmware/nnet_utils/nnet_dense_resource.h:34->firmware/nnet_utils/nnet_dense.h:65->firmware/nnet_utils/nnet_dense_stream.h:20]   --->   Operation 61 'specregionend' 'empty_226' <Predicate = (do_init)> <Delay = 0.00>
ST_4 : Operation 62 [1/1] (0.00ns)   --->   "call void (...)* @_ssdm_op_SpecLoopName([10 x i8]* @p_str52) nounwind" [firmware/nnet_utils/nnet_dense_resource.h:46->firmware/nnet_utils/nnet_dense.h:65->firmware/nnet_utils/nnet_dense_stream.h:20]   --->   Operation 62 'specloopname' <Predicate = true> <Delay = 0.00>
ST_4 : Operation 63 [1/1] (0.00ns)   --->   "%tmp_s = call i32 (...)* @_ssdm_op_SpecRegionBegin([10 x i8]* @p_str52)" [firmware/nnet_utils/nnet_dense_resource.h:46->firmware/nnet_utils/nnet_dense.h:65->firmware/nnet_utils/nnet_dense_stream.h:20]   --->   Operation 63 'specregionbegin' 'tmp_s' <Predicate = true> <Delay = 0.00>
ST_4 : Operation 64 [1/1] (0.00ns)   --->   "call void (...)* @_ssdm_op_SpecPipeline(i32 1, i32 1, i32 1, i32 0, [1 x i8]* @p_str17) nounwind" [firmware/nnet_utils/nnet_dense_resource.h:47->firmware/nnet_utils/nnet_dense.h:65->firmware/nnet_utils/nnet_dense_stream.h:20]   --->   Operation 64 'specpipeline' <Predicate = true> <Delay = 0.00>
ST_4 : Operation 65 [1/1] (0.00ns)   --->   "%zext_ln1116 = zext i8 %tmp_11 to i16" [firmware/nnet_utils/nnet_mult.h:73->firmware/nnet_utils/nnet_dense_resource.h:59->firmware/nnet_utils/nnet_dense.h:65->firmware/nnet_utils/nnet_dense_stream.h:20]   --->   Operation 65 'zext' 'zext_ln1116' <Predicate = true> <Delay = 0.00>
ST_4 : Operation 66 [1/1] (0.00ns)   --->   "%sext_ln1118 = sext i8 %trunc_ln59 to i16" [firmware/nnet_utils/nnet_mult.h:73->firmware/nnet_utils/nnet_dense_resource.h:59->firmware/nnet_utils/nnet_dense.h:65->firmware/nnet_utils/nnet_dense_stream.h:20]   --->   Operation 66 'sext' 'sext_ln1118' <Predicate = true> <Delay = 0.00>
ST_4 : Operation 67 [1/1] (2.44ns)   --->   "%mul_ln1118 = mul i16 %zext_ln1116, %sext_ln1118" [firmware/nnet_utils/nnet_mult.h:73->firmware/nnet_utils/nnet_dense_resource.h:59->firmware/nnet_utils/nnet_dense.h:65->firmware/nnet_utils/nnet_dense_stream.h:20]   --->   Operation 67 'mul' 'mul_ln1118' <Predicate = true> <Delay = 2.44> <Core = "Mul">   --->   Core 16 'Mul' <Latency = 0> <II = 1> <Delay = 2.44> <FuncUnit> <Opcode : 'mul'> <InPorts = 2> <OutPorts = 1>
ST_4 : Operation 68 [1/1] (0.00ns)   --->   "%trunc_ln = call i15 @_ssdm_op_PartSelect.i15.i16.i32.i32(i16 %mul_ln1118, i32 1, i32 15)" [firmware/nnet_utils/nnet_dense_resource.h:59->firmware/nnet_utils/nnet_dense.h:65->firmware/nnet_utils/nnet_dense_stream.h:20]   --->   Operation 68 'partselect' 'trunc_ln' <Predicate = true> <Delay = 0.00>
ST_4 : Operation 69 [1/1] (0.00ns)   --->   "%sext_ln708 = sext i15 %trunc_ln to i16" [firmware/nnet_utils/nnet_dense_resource.h:59->firmware/nnet_utils/nnet_dense.h:65->firmware/nnet_utils/nnet_dense_stream.h:20]   --->   Operation 69 'sext' 'sext_ln708' <Predicate = true> <Delay = 0.00>
ST_4 : Operation 70 [1/1] (0.00ns)   --->   "%trunc_ln703_5 = call i12 @_ssdm_op_PartSelect.i12.i16.i32.i32(i16 %mul_ln1118, i32 1, i32 12)" [firmware/nnet_utils/nnet_dense_resource.h:59->firmware/nnet_utils/nnet_dense.h:65->firmware/nnet_utils/nnet_dense_stream.h:20]   --->   Operation 70 'partselect' 'trunc_ln703_5' <Predicate = true> <Delay = 0.00>
ST_4 : Operation 71 [1/1] (0.00ns)   --->   "%trunc_ln703 = trunc i16 %acc_V_0_05 to i12" [firmware/nnet_utils/nnet_dense_resource.h:59->firmware/nnet_utils/nnet_dense.h:65->firmware/nnet_utils/nnet_dense_stream.h:20]   --->   Operation 71 'trunc' 'trunc_ln703' <Predicate = true> <Delay = 0.00>
ST_4 : Operation 72 [1/1] (1.41ns)   --->   "%acc_0_V = add i16 %acc_V_0_05, %sext_ln708" [firmware/nnet_utils/nnet_dense_resource.h:59->firmware/nnet_utils/nnet_dense.h:65->firmware/nnet_utils/nnet_dense_stream.h:20]   --->   Operation 72 'add' 'acc_0_V' <Predicate = true> <Delay = 1.41> <Core = "AddSub">   --->   Core 14 'AddSub' <Latency = 0> <II = 1> <Delay = 0.94> <FuncUnit> <Opcode : 'add' 'sub'> <InPorts = 2> <OutPorts = 1>
ST_4 : Operation 73 [1/1] (1.35ns)   --->   "%add_ln703_1 = add i12 %trunc_ln703, %trunc_ln703_5" [firmware/nnet_utils/nnet_dense_resource.h:59->firmware/nnet_utils/nnet_dense.h:65->firmware/nnet_utils/nnet_dense_stream.h:20]   --->   Operation 73 'add' 'add_ln703_1' <Predicate = true> <Delay = 1.35> <Core = "AddSub">   --->   Core 14 'AddSub' <Latency = 0> <II = 1> <Delay = 0.94> <FuncUnit> <Opcode : 'add' 'sub'> <InPorts = 2> <OutPorts = 1>
ST_4 : Operation 74 [1/1] (0.00ns)   --->   "%sext_ln1118_1 = sext i8 %tmp_2 to i16" [firmware/nnet_utils/nnet_mult.h:73->firmware/nnet_utils/nnet_dense_resource.h:59->firmware/nnet_utils/nnet_dense.h:65->firmware/nnet_utils/nnet_dense_stream.h:20]   --->   Operation 74 'sext' 'sext_ln1118_1' <Predicate = true> <Delay = 0.00>
ST_4 : Operation 75 [1/1] (2.44ns)   --->   "%mul_ln1118_1 = mul i16 %zext_ln1116, %sext_ln1118_1" [firmware/nnet_utils/nnet_mult.h:73->firmware/nnet_utils/nnet_dense_resource.h:59->firmware/nnet_utils/nnet_dense.h:65->firmware/nnet_utils/nnet_dense_stream.h:20]   --->   Operation 75 'mul' 'mul_ln1118_1' <Predicate = true> <Delay = 2.44> <Core = "Mul">   --->   Core 16 'Mul' <Latency = 0> <II = 1> <Delay = 2.44> <FuncUnit> <Opcode : 'mul'> <InPorts = 2> <OutPorts = 1>
ST_4 : Operation 76 [1/1] (0.00ns)   --->   "%trunc_ln708_s = call i15 @_ssdm_op_PartSelect.i15.i16.i32.i32(i16 %mul_ln1118_1, i32 1, i32 15)" [firmware/nnet_utils/nnet_dense_resource.h:59->firmware/nnet_utils/nnet_dense.h:65->firmware/nnet_utils/nnet_dense_stream.h:20]   --->   Operation 76 'partselect' 'trunc_ln708_s' <Predicate = true> <Delay = 0.00>
ST_4 : Operation 77 [1/1] (0.00ns)   --->   "%sext_ln708_1 = sext i15 %trunc_ln708_s to i16" [firmware/nnet_utils/nnet_dense_resource.h:59->firmware/nnet_utils/nnet_dense.h:65->firmware/nnet_utils/nnet_dense_stream.h:20]   --->   Operation 77 'sext' 'sext_ln708_1' <Predicate = true> <Delay = 0.00>
ST_4 : Operation 78 [1/1] (0.00ns)   --->   "%trunc_ln1 = call i12 @_ssdm_op_PartSelect.i12.i16.i32.i32(i16 %mul_ln1118_1, i32 1, i32 12)" [firmware/nnet_utils/nnet_dense_resource.h:59->firmware/nnet_utils/nnet_dense.h:65->firmware/nnet_utils/nnet_dense_stream.h:20]   --->   Operation 78 'partselect' 'trunc_ln1' <Predicate = true> <Delay = 0.00>
ST_4 : Operation 79 [1/1] (0.00ns)   --->   "%trunc_ln703_1 = trunc i16 %acc_V_1_06 to i12" [firmware/nnet_utils/nnet_dense_resource.h:59->firmware/nnet_utils/nnet_dense.h:65->firmware/nnet_utils/nnet_dense_stream.h:20]   --->   Operation 79 'trunc' 'trunc_ln703_1' <Predicate = true> <Delay = 0.00>
ST_4 : Operation 80 [1/1] (1.41ns)   --->   "%acc_1_V = add i16 %acc_V_1_06, %sext_ln708_1" [firmware/nnet_utils/nnet_dense_resource.h:59->firmware/nnet_utils/nnet_dense.h:65->firmware/nnet_utils/nnet_dense_stream.h:20]   --->   Operation 80 'add' 'acc_1_V' <Predicate = true> <Delay = 1.41> <Core = "AddSub">   --->   Core 14 'AddSub' <Latency = 0> <II = 1> <Delay = 0.94> <FuncUnit> <Opcode : 'add' 'sub'> <InPorts = 2> <OutPorts = 1>
ST_4 : Operation 81 [1/1] (1.35ns)   --->   "%add_ln703_2 = add i12 %trunc_ln703_1, %trunc_ln1" [firmware/nnet_utils/nnet_dense_resource.h:59->firmware/nnet_utils/nnet_dense.h:65->firmware/nnet_utils/nnet_dense_stream.h:20]   --->   Operation 81 'add' 'add_ln703_2' <Predicate = true> <Delay = 1.35> <Core = "AddSub">   --->   Core 14 'AddSub' <Latency = 0> <II = 1> <Delay = 0.94> <FuncUnit> <Opcode : 'add' 'sub'> <InPorts = 2> <OutPorts = 1>
ST_4 : Operation 82 [1/1] (0.00ns)   --->   "%sext_ln1118_2 = sext i8 %tmp_3 to i16" [firmware/nnet_utils/nnet_mult.h:73->firmware/nnet_utils/nnet_dense_resource.h:59->firmware/nnet_utils/nnet_dense.h:65->firmware/nnet_utils/nnet_dense_stream.h:20]   --->   Operation 82 'sext' 'sext_ln1118_2' <Predicate = true> <Delay = 0.00>
ST_4 : Operation 83 [1/1] (2.44ns)   --->   "%mul_ln1118_2 = mul i16 %zext_ln1116, %sext_ln1118_2" [firmware/nnet_utils/nnet_mult.h:73->firmware/nnet_utils/nnet_dense_resource.h:59->firmware/nnet_utils/nnet_dense.h:65->firmware/nnet_utils/nnet_dense_stream.h:20]   --->   Operation 83 'mul' 'mul_ln1118_2' <Predicate = true> <Delay = 2.44> <Core = "Mul">   --->   Core 16 'Mul' <Latency = 0> <II = 1> <Delay = 2.44> <FuncUnit> <Opcode : 'mul'> <InPorts = 2> <OutPorts = 1>
ST_4 : Operation 84 [1/1] (0.00ns)   --->   "%trunc_ln708_14 = call i15 @_ssdm_op_PartSelect.i15.i16.i32.i32(i16 %mul_ln1118_2, i32 1, i32 15)" [firmware/nnet_utils/nnet_dense_resource.h:59->firmware/nnet_utils/nnet_dense.h:65->firmware/nnet_utils/nnet_dense_stream.h:20]   --->   Operation 84 'partselect' 'trunc_ln708_14' <Predicate = true> <Delay = 0.00>
ST_4 : Operation 85 [1/1] (0.00ns)   --->   "%sext_ln708_2 = sext i15 %trunc_ln708_14 to i16" [firmware/nnet_utils/nnet_dense_resource.h:59->firmware/nnet_utils/nnet_dense.h:65->firmware/nnet_utils/nnet_dense_stream.h:20]   --->   Operation 85 'sext' 'sext_ln708_2' <Predicate = true> <Delay = 0.00>
ST_4 : Operation 86 [1/1] (0.00ns)   --->   "%trunc_ln703_8 = call i12 @_ssdm_op_PartSelect.i12.i16.i32.i32(i16 %mul_ln1118_2, i32 1, i32 12)" [firmware/nnet_utils/nnet_dense_resource.h:59->firmware/nnet_utils/nnet_dense.h:65->firmware/nnet_utils/nnet_dense_stream.h:20]   --->   Operation 86 'partselect' 'trunc_ln703_8' <Predicate = true> <Delay = 0.00>
ST_4 : Operation 87 [1/1] (0.00ns)   --->   "%trunc_ln703_3 = trunc i16 %acc_V_2_07 to i12" [firmware/nnet_utils/nnet_dense_resource.h:59->firmware/nnet_utils/nnet_dense.h:65->firmware/nnet_utils/nnet_dense_stream.h:20]   --->   Operation 87 'trunc' 'trunc_ln703_3' <Predicate = true> <Delay = 0.00>
ST_4 : Operation 88 [1/1] (1.41ns)   --->   "%acc_2_V = add i16 %acc_V_2_07, %sext_ln708_2" [firmware/nnet_utils/nnet_dense_resource.h:59->firmware/nnet_utils/nnet_dense.h:65->firmware/nnet_utils/nnet_dense_stream.h:20]   --->   Operation 88 'add' 'acc_2_V' <Predicate = true> <Delay = 1.41> <Core = "AddSub">   --->   Core 14 'AddSub' <Latency = 0> <II = 1> <Delay = 0.94> <FuncUnit> <Opcode : 'add' 'sub'> <InPorts = 2> <OutPorts = 1>
ST_4 : Operation 89 [1/1] (1.35ns)   --->   "%add_ln703_3 = add i12 %trunc_ln703_3, %trunc_ln703_8" [firmware/nnet_utils/nnet_dense_resource.h:59->firmware/nnet_utils/nnet_dense.h:65->firmware/nnet_utils/nnet_dense_stream.h:20]   --->   Operation 89 'add' 'add_ln703_3' <Predicate = true> <Delay = 1.35> <Core = "AddSub">   --->   Core 14 'AddSub' <Latency = 0> <II = 1> <Delay = 0.94> <FuncUnit> <Opcode : 'add' 'sub'> <InPorts = 2> <OutPorts = 1>
ST_4 : Operation 90 [1/1] (0.00ns)   --->   "%sext_ln1118_3 = sext i8 %tmp_4 to i16" [firmware/nnet_utils/nnet_mult.h:73->firmware/nnet_utils/nnet_dense_resource.h:59->firmware/nnet_utils/nnet_dense.h:65->firmware/nnet_utils/nnet_dense_stream.h:20]   --->   Operation 90 'sext' 'sext_ln1118_3' <Predicate = true> <Delay = 0.00>
ST_4 : Operation 91 [1/1] (2.44ns)   --->   "%mul_ln1118_3 = mul i16 %zext_ln1116, %sext_ln1118_3" [firmware/nnet_utils/nnet_mult.h:73->firmware/nnet_utils/nnet_dense_resource.h:59->firmware/nnet_utils/nnet_dense.h:65->firmware/nnet_utils/nnet_dense_stream.h:20]   --->   Operation 91 'mul' 'mul_ln1118_3' <Predicate = true> <Delay = 2.44> <Core = "Mul">   --->   Core 16 'Mul' <Latency = 0> <II = 1> <Delay = 2.44> <FuncUnit> <Opcode : 'mul'> <InPorts = 2> <OutPorts = 1>
ST_4 : Operation 92 [1/1] (0.00ns)   --->   "%trunc_ln708_15 = call i15 @_ssdm_op_PartSelect.i15.i16.i32.i32(i16 %mul_ln1118_3, i32 1, i32 15)" [firmware/nnet_utils/nnet_dense_resource.h:59->firmware/nnet_utils/nnet_dense.h:65->firmware/nnet_utils/nnet_dense_stream.h:20]   --->   Operation 92 'partselect' 'trunc_ln708_15' <Predicate = true> <Delay = 0.00>
ST_4 : Operation 93 [1/1] (0.00ns)   --->   "%sext_ln708_3 = sext i15 %trunc_ln708_15 to i16" [firmware/nnet_utils/nnet_dense_resource.h:59->firmware/nnet_utils/nnet_dense.h:65->firmware/nnet_utils/nnet_dense_stream.h:20]   --->   Operation 93 'sext' 'sext_ln708_3' <Predicate = true> <Delay = 0.00>
ST_4 : Operation 94 [1/1] (0.00ns)   --->   "%trunc_ln703_s = call i12 @_ssdm_op_PartSelect.i12.i16.i32.i32(i16 %mul_ln1118_3, i32 1, i32 12)" [firmware/nnet_utils/nnet_dense_resource.h:59->firmware/nnet_utils/nnet_dense.h:65->firmware/nnet_utils/nnet_dense_stream.h:20]   --->   Operation 94 'partselect' 'trunc_ln703_s' <Predicate = true> <Delay = 0.00>
ST_4 : Operation 95 [1/1] (0.00ns)   --->   "%trunc_ln703_4 = trunc i16 %acc_V_3_08 to i12" [firmware/nnet_utils/nnet_dense_resource.h:59->firmware/nnet_utils/nnet_dense.h:65->firmware/nnet_utils/nnet_dense_stream.h:20]   --->   Operation 95 'trunc' 'trunc_ln703_4' <Predicate = true> <Delay = 0.00>
ST_4 : Operation 96 [1/1] (1.41ns)   --->   "%acc_3_V = add i16 %acc_V_3_08, %sext_ln708_3" [firmware/nnet_utils/nnet_dense_resource.h:59->firmware/nnet_utils/nnet_dense.h:65->firmware/nnet_utils/nnet_dense_stream.h:20]   --->   Operation 96 'add' 'acc_3_V' <Predicate = true> <Delay = 1.41> <Core = "AddSub">   --->   Core 14 'AddSub' <Latency = 0> <II = 1> <Delay = 0.94> <FuncUnit> <Opcode : 'add' 'sub'> <InPorts = 2> <OutPorts = 1>
ST_4 : Operation 97 [1/1] (1.35ns)   --->   "%add_ln703_4 = add i12 %trunc_ln703_4, %trunc_ln703_s" [firmware/nnet_utils/nnet_dense_resource.h:59->firmware/nnet_utils/nnet_dense.h:65->firmware/nnet_utils/nnet_dense_stream.h:20]   --->   Operation 97 'add' 'add_ln703_4' <Predicate = true> <Delay = 1.35> <Core = "AddSub">   --->   Core 14 'AddSub' <Latency = 0> <II = 1> <Delay = 0.94> <FuncUnit> <Opcode : 'add' 'sub'> <InPorts = 2> <OutPorts = 1>
ST_4 : Operation 98 [1/1] (0.00ns)   --->   "%zext_ln1118 = zext i8 %tmp_11 to i14" [firmware/nnet_utils/nnet_mult.h:73->firmware/nnet_utils/nnet_dense_resource.h:59->firmware/nnet_utils/nnet_dense.h:65->firmware/nnet_utils/nnet_dense_stream.h:20]   --->   Operation 98 'zext' 'zext_ln1118' <Predicate = true> <Delay = 0.00>
ST_4 : Operation 99 [1/1] (0.00ns)   --->   "%sext_ln1118_4 = sext i6 %tmp_12 to i14" [firmware/nnet_utils/nnet_mult.h:73->firmware/nnet_utils/nnet_dense_resource.h:59->firmware/nnet_utils/nnet_dense.h:65->firmware/nnet_utils/nnet_dense_stream.h:20]   --->   Operation 99 'sext' 'sext_ln1118_4' <Predicate = true> <Delay = 0.00>
ST_4 : Operation 100 [1/1] (2.44ns)   --->   "%mul_ln1118_4 = mul i14 %sext_ln1118_4, %zext_ln1118" [firmware/nnet_utils/nnet_mult.h:73->firmware/nnet_utils/nnet_dense_resource.h:59->firmware/nnet_utils/nnet_dense.h:65->firmware/nnet_utils/nnet_dense_stream.h:20]   --->   Operation 100 'mul' 'mul_ln1118_4' <Predicate = true> <Delay = 2.44> <Core = "Mul">   --->   Core 16 'Mul' <Latency = 0> <II = 1> <Delay = 2.44> <FuncUnit> <Opcode : 'mul'> <InPorts = 2> <OutPorts = 1>
ST_4 : Operation 101 [1/1] (0.00ns)   --->   "%trunc_ln708_16 = call i13 @_ssdm_op_PartSelect.i13.i14.i32.i32(i14 %mul_ln1118_4, i32 1, i32 13)" [firmware/nnet_utils/nnet_dense_resource.h:59->firmware/nnet_utils/nnet_dense.h:65->firmware/nnet_utils/nnet_dense_stream.h:20]   --->   Operation 101 'partselect' 'trunc_ln708_16' <Predicate = true> <Delay = 0.00>
ST_4 : Operation 102 [1/1] (0.00ns)   --->   "%sext_ln708_4 = sext i13 %trunc_ln708_16 to i16" [firmware/nnet_utils/nnet_dense_resource.h:59->firmware/nnet_utils/nnet_dense.h:65->firmware/nnet_utils/nnet_dense_stream.h:20]   --->   Operation 102 'sext' 'sext_ln708_4' <Predicate = true> <Delay = 0.00>
ST_4 : Operation 103 [1/1] (0.00ns)   --->   "%trunc_ln703_2 = call i12 @_ssdm_op_PartSelect.i12.i14.i32.i32(i14 %mul_ln1118_4, i32 1, i32 12)" [firmware/nnet_utils/nnet_dense_resource.h:59->firmware/nnet_utils/nnet_dense.h:65->firmware/nnet_utils/nnet_dense_stream.h:20]   --->   Operation 103 'partselect' 'trunc_ln703_2' <Predicate = true> <Delay = 0.00>
ST_4 : Operation 104 [1/1] (0.00ns)   --->   "%trunc_ln703_6 = trunc i16 %acc_V_4_09 to i12" [firmware/nnet_utils/nnet_dense_resource.h:59->firmware/nnet_utils/nnet_dense.h:65->firmware/nnet_utils/nnet_dense_stream.h:20]   --->   Operation 104 'trunc' 'trunc_ln703_6' <Predicate = true> <Delay = 0.00>
ST_4 : Operation 105 [1/1] (1.41ns)   --->   "%acc_4_V = add i16 %acc_V_4_09, %sext_ln708_4" [firmware/nnet_utils/nnet_dense_resource.h:59->firmware/nnet_utils/nnet_dense.h:65->firmware/nnet_utils/nnet_dense_stream.h:20]   --->   Operation 105 'add' 'acc_4_V' <Predicate = true> <Delay = 1.41> <Core = "AddSub">   --->   Core 14 'AddSub' <Latency = 0> <II = 1> <Delay = 0.94> <FuncUnit> <Opcode : 'add' 'sub'> <InPorts = 2> <OutPorts = 1>
ST_4 : Operation 106 [1/1] (1.35ns)   --->   "%add_ln703_5 = add i12 %trunc_ln703_6, %trunc_ln703_2" [firmware/nnet_utils/nnet_dense_resource.h:59->firmware/nnet_utils/nnet_dense.h:65->firmware/nnet_utils/nnet_dense_stream.h:20]   --->   Operation 106 'add' 'add_ln703_5' <Predicate = true> <Delay = 1.35> <Core = "AddSub">   --->   Core 14 'AddSub' <Latency = 0> <II = 1> <Delay = 0.94> <FuncUnit> <Opcode : 'add' 'sub'> <InPorts = 2> <OutPorts = 1>
ST_4 : Operation 107 [1/1] (0.00ns)   --->   "%empty = call i32 (...)* @_ssdm_op_SpecRegionEnd([10 x i8]* @p_str52, i32 %tmp_s)" [firmware/nnet_utils/nnet_dense_resource.h:76->firmware/nnet_utils/nnet_dense.h:65->firmware/nnet_utils/nnet_dense_stream.h:20]   --->   Operation 107 'specregionend' 'empty' <Predicate = true> <Delay = 0.00>
ST_4 : Operation 108 [1/1] (0.00ns)   --->   "%trunc_ln2 = call i8 @_ssdm_op_PartSelect.i8.i12.i32.i32(i12 %add_ln703_1, i32 4, i32 11)" [firmware/nnet_utils/nnet_dense_resource.h:46->firmware/nnet_utils/nnet_dense.h:65->firmware/nnet_utils/nnet_dense_stream.h:20]   --->   Operation 108 'partselect' 'trunc_ln2' <Predicate = true> <Delay = 0.00>
ST_4 : Operation 109 [1/1] (0.00ns)   --->   "%trunc_ln46_1 = call i8 @_ssdm_op_PartSelect.i8.i12.i32.i32(i12 %add_ln703_2, i32 4, i32 11)" [firmware/nnet_utils/nnet_dense_resource.h:46->firmware/nnet_utils/nnet_dense.h:65->firmware/nnet_utils/nnet_dense_stream.h:20]   --->   Operation 109 'partselect' 'trunc_ln46_1' <Predicate = true> <Delay = 0.00>
ST_4 : Operation 110 [1/1] (0.00ns)   --->   "%trunc_ln46_2 = call i8 @_ssdm_op_PartSelect.i8.i12.i32.i32(i12 %add_ln703_3, i32 4, i32 11)" [firmware/nnet_utils/nnet_dense_resource.h:46->firmware/nnet_utils/nnet_dense.h:65->firmware/nnet_utils/nnet_dense_stream.h:20]   --->   Operation 110 'partselect' 'trunc_ln46_2' <Predicate = true> <Delay = 0.00>
ST_4 : Operation 111 [1/1] (0.00ns)   --->   "%trunc_ln46_3 = call i8 @_ssdm_op_PartSelect.i8.i12.i32.i32(i12 %add_ln703_4, i32 4, i32 11)" [firmware/nnet_utils/nnet_dense_resource.h:46->firmware/nnet_utils/nnet_dense.h:65->firmware/nnet_utils/nnet_dense_stream.h:20]   --->   Operation 111 'partselect' 'trunc_ln46_3' <Predicate = true> <Delay = 0.00>
ST_4 : Operation 112 [1/1] (0.00ns)   --->   "%trunc_ln46_4 = call i8 @_ssdm_op_PartSelect.i8.i12.i32.i32(i12 %add_ln703_5, i32 4, i32 11)" [firmware/nnet_utils/nnet_dense_resource.h:46->firmware/nnet_utils/nnet_dense.h:65->firmware/nnet_utils/nnet_dense_stream.h:20]   --->   Operation 112 'partselect' 'trunc_ln46_4' <Predicate = true> <Delay = 0.00>
ST_4 : Operation 113 [1/1] (0.00ns)   --->   "%empty_225 = call i32 (...)* @_ssdm_op_SpecLoopTripCount(i64 10, i64 10, i64 10)"   --->   Operation 113 'speclooptripcount' 'empty_225' <Predicate = true> <Delay = 0.00>
ST_4 : Operation 114 [1/1] (0.00ns)   --->   "%mrv = insertvalue { i8, i8, i8, i8, i8 } undef, i8 %trunc_ln2, 0" [firmware/nnet_utils/nnet_dense_stream.h:21]   --->   Operation 114 'insertvalue' 'mrv' <Predicate = (icmp_ln46)> <Delay = 0.00>
ST_4 : Operation 115 [1/1] (0.00ns)   --->   "%mrv_1 = insertvalue { i8, i8, i8, i8, i8 } %mrv, i8 %trunc_ln46_1, 1" [firmware/nnet_utils/nnet_dense_stream.h:21]   --->   Operation 115 'insertvalue' 'mrv_1' <Predicate = (icmp_ln46)> <Delay = 0.00>
ST_4 : Operation 116 [1/1] (0.00ns)   --->   "%mrv_2 = insertvalue { i8, i8, i8, i8, i8 } %mrv_1, i8 %trunc_ln46_2, 2" [firmware/nnet_utils/nnet_dense_stream.h:21]   --->   Operation 116 'insertvalue' 'mrv_2' <Predicate = (icmp_ln46)> <Delay = 0.00>
ST_4 : Operation 117 [1/1] (0.00ns)   --->   "%mrv_3 = insertvalue { i8, i8, i8, i8, i8 } %mrv_2, i8 %trunc_ln46_3, 3" [firmware/nnet_utils/nnet_dense_stream.h:21]   --->   Operation 117 'insertvalue' 'mrv_3' <Predicate = (icmp_ln46)> <Delay = 0.00>
ST_4 : Operation 118 [1/1] (0.00ns)   --->   "%mrv_4 = insertvalue { i8, i8, i8, i8, i8 } %mrv_3, i8 %trunc_ln46_4, 4" [firmware/nnet_utils/nnet_dense_stream.h:21]   --->   Operation 118 'insertvalue' 'mrv_4' <Predicate = (icmp_ln46)> <Delay = 0.00>
ST_4 : Operation 119 [1/1] (0.00ns)   --->   "call void (...)* @_ssdm_op_Return({ i8, i8, i8, i8, i8 } %mrv_4)" [firmware/nnet_utils/nnet_dense_stream.h:21]   --->   Operation 119 'return' <Predicate = (icmp_ln46)> <Delay = 0.00>


============================================================
+ Verbose Summary: Binding
============================================================
STG Binding: 
---------------- STG Properties BEGIN ----------------
- Is combinational: 0
- Is one-state seq: 0
- Is datapath-only: 0
- Is pipelined: 0
- Is top level: 0
Port [ Return ] is wired: 1; IO mode=ap_ctrl_hs:ce=0
Port [ data_0_V_read]:  wired=1; compound=0; hidden=0; nouse=0; global=0; static=0; extern=0; dir=0; type=0; pingpong=0; private_global=0; IO mode=ap_none:ce=0
Port [ data_1_V_read]:  wired=1; compound=0; hidden=0; nouse=0; global=0; static=0; extern=0; dir=0; type=0; pingpong=0; private_global=0; IO mode=ap_none:ce=0
Port [ data_2_V_read]:  wired=1; compound=0; hidden=0; nouse=0; global=0; static=0; extern=0; dir=0; type=0; pingpong=0; private_global=0; IO mode=ap_none:ce=0
Port [ data_3_V_read]:  wired=1; compound=0; hidden=0; nouse=0; global=0; static=0; extern=0; dir=0; type=0; pingpong=0; private_global=0; IO mode=ap_none:ce=0
Port [ data_4_V_read]:  wired=1; compound=0; hidden=0; nouse=0; global=0; static=0; extern=0; dir=0; type=0; pingpong=0; private_global=0; IO mode=ap_none:ce=0
Port [ data_5_V_read]:  wired=1; compound=0; hidden=0; nouse=0; global=0; static=0; extern=0; dir=0; type=0; pingpong=0; private_global=0; IO mode=ap_none:ce=0
Port [ data_6_V_read]:  wired=1; compound=0; hidden=0; nouse=0; global=0; static=0; extern=0; dir=0; type=0; pingpong=0; private_global=0; IO mode=ap_none:ce=0
Port [ data_7_V_read]:  wired=1; compound=0; hidden=0; nouse=0; global=0; static=0; extern=0; dir=0; type=0; pingpong=0; private_global=0; IO mode=ap_none:ce=0
Port [ data_8_V_read]:  wired=1; compound=0; hidden=0; nouse=0; global=0; static=0; extern=0; dir=0; type=0; pingpong=0; private_global=0; IO mode=ap_none:ce=0
Port [ data_9_V_read]:  wired=1; compound=0; hidden=0; nouse=0; global=0; static=0; extern=0; dir=0; type=0; pingpong=0; private_global=0; IO mode=ap_none:ce=0
Port [ w21_V]:  wired=0; compound=1; hidden=1; nouse=0; global=1; static=0; extern=0; dir=0; type=1; pingpong=0; private_global=1; linkage=0; visibility=0; MemPort=[1]; IO mode=ap_memory:ce=0
---------------- STG Properties END ------------------

---------------- Datapath Model BEGIN ----------------

<LifeTime>
<method=bitvector/>
tmp                    (specregionbegin  ) [ 00111]
br_ln46                (br               ) [ 01111]
do_init                (phi              ) [ 00111]
w_index15              (phi              ) [ 00111]
data_9_V_read_1        (read             ) [ 00111]
data_8_V_read_1        (read             ) [ 00111]
data_7_V_read_1        (read             ) [ 00111]
data_6_V_read_1        (read             ) [ 00111]
data_5_V_read_1        (read             ) [ 00111]
data_4_V_read_1        (read             ) [ 00111]
data_3_V_read_1        (read             ) [ 00111]
data_2_V_read_1        (read             ) [ 00111]
data_1_V_read_1        (read             ) [ 00111]
data_0_V_read_1        (read             ) [ 00111]
br_ln46                (br               ) [ 00111]
zext_ln59              (zext             ) [ 00000]
w21_V_addr             (getelementptr    ) [ 00110]
w_index                (add              ) [ 01111]
icmp_ln46              (icmp             ) [ 00111]
br_ln46                (br               ) [ 01111]
br_ln21                (br               ) [ 01111]
data_0_V_read16_rewind (phi              ) [ 00110]
data_1_V_read17_rewind (phi              ) [ 00110]
data_2_V_read18_rewind (phi              ) [ 00110]
data_3_V_read19_rewind (phi              ) [ 00110]
data_4_V_read20_rewind (phi              ) [ 00110]
data_5_V_read21_rewind (phi              ) [ 00110]
data_6_V_read22_rewind (phi              ) [ 00110]
data_7_V_read23_rewind (phi              ) [ 00110]
data_8_V_read24_rewind (phi              ) [ 00110]
data_9_V_read25_rewind (phi              ) [ 00110]
br_ln0                 (br               ) [ 00000]
data_0_V_read16_phi    (phi              ) [ 01111]
data_1_V_read17_phi    (phi              ) [ 01111]
data_2_V_read18_phi    (phi              ) [ 01111]
data_3_V_read19_phi    (phi              ) [ 01111]
data_4_V_read20_phi    (phi              ) [ 01111]
data_5_V_read21_phi    (phi              ) [ 01111]
data_6_V_read22_phi    (phi              ) [ 01111]
data_7_V_read23_phi    (phi              ) [ 01111]
data_8_V_read24_phi    (phi              ) [ 01111]
data_9_V_read25_phi    (phi              ) [ 01111]
tmp_11                 (mux              ) [ 00101]
w21_V_load             (load             ) [ 00000]
trunc_ln59             (trunc            ) [ 00101]
tmp_2                  (partselect       ) [ 00101]
tmp_3                  (partselect       ) [ 00101]
tmp_4                  (partselect       ) [ 00101]
tmp_12                 (partselect       ) [ 00101]
acc_V_4_09             (phi              ) [ 00111]
acc_V_3_08             (phi              ) [ 00111]
acc_V_2_07             (phi              ) [ 00111]
acc_V_1_06             (phi              ) [ 00111]
acc_V_0_05             (phi              ) [ 00111]
specmemcore_ln0        (specmemcore      ) [ 00000]
empty_226              (specregionend    ) [ 00000]
specloopname_ln46      (specloopname     ) [ 00000]
tmp_s                  (specregionbegin  ) [ 00000]
specpipeline_ln47      (specpipeline     ) [ 00000]
zext_ln1116            (zext             ) [ 00000]
sext_ln1118            (sext             ) [ 00000]
mul_ln1118             (mul              ) [ 00000]
trunc_ln               (partselect       ) [ 00000]
sext_ln708             (sext             ) [ 00000]
trunc_ln703_5          (partselect       ) [ 00000]
trunc_ln703            (trunc            ) [ 00000]
acc_0_V                (add              ) [ 01111]
add_ln703_1            (add              ) [ 00000]
sext_ln1118_1          (sext             ) [ 00000]
mul_ln1118_1           (mul              ) [ 00000]
trunc_ln708_s          (partselect       ) [ 00000]
sext_ln708_1           (sext             ) [ 00000]
trunc_ln1              (partselect       ) [ 00000]
trunc_ln703_1          (trunc            ) [ 00000]
acc_1_V                (add              ) [ 01111]
add_ln703_2            (add              ) [ 00000]
sext_ln1118_2          (sext             ) [ 00000]
mul_ln1118_2           (mul              ) [ 00000]
trunc_ln708_14         (partselect       ) [ 00000]
sext_ln708_2           (sext             ) [ 00000]
trunc_ln703_8          (partselect       ) [ 00000]
trunc_ln703_3          (trunc            ) [ 00000]
acc_2_V                (add              ) [ 01111]
add_ln703_3            (add              ) [ 00000]
sext_ln1118_3          (sext             ) [ 00000]
mul_ln1118_3           (mul              ) [ 00000]
trunc_ln708_15         (partselect       ) [ 00000]
sext_ln708_3           (sext             ) [ 00000]
trunc_ln703_s          (partselect       ) [ 00000]
trunc_ln703_4          (trunc            ) [ 00000]
acc_3_V                (add              ) [ 01111]
add_ln703_4            (add              ) [ 00000]
zext_ln1118            (zext             ) [ 00000]
sext_ln1118_4          (sext             ) [ 00000]
mul_ln1118_4           (mul              ) [ 00000]
trunc_ln708_16         (partselect       ) [ 00000]
sext_ln708_4           (sext             ) [ 00000]
trunc_ln703_2          (partselect       ) [ 00000]
trunc_ln703_6          (trunc            ) [ 00000]
acc_4_V                (add              ) [ 01111]
add_ln703_5            (add              ) [ 00000]
empty                  (specregionend    ) [ 00000]
trunc_ln2              (partselect       ) [ 00000]
trunc_ln46_1           (partselect       ) [ 00000]
trunc_ln46_2           (partselect       ) [ 00000]
trunc_ln46_3           (partselect       ) [ 00000]
trunc_ln46_4           (partselect       ) [ 00000]
empty_225              (speclooptripcount) [ 00000]
mrv                    (insertvalue      ) [ 00000]
mrv_1                  (insertvalue      ) [ 00000]
mrv_2                  (insertvalue      ) [ 00000]
mrv_3                  (insertvalue      ) [ 00000]
mrv_4                  (insertvalue      ) [ 00000]
return_ln21            (return           ) [ 00000]
</LifeTime>

<model>

<comp_list>
<comp id="0" class="1000" name="data_0_V_read">
<pin_list>
<pin id="1" dir="1" index="0" bw="1" slack="0"/>
</pin_list>
<bind>
<StgValue><ssdm name="data_0_V_read"/></StgValue>
</bind>
</comp>

<comp id="2" class="1000" name="data_1_V_read">
<pin_list>
<pin id="3" dir="1" index="0" bw="1" slack="0"/>
</pin_list>
<bind>
<StgValue><ssdm name="data_1_V_read"/></StgValue>
</bind>
</comp>

<comp id="4" class="1000" name="data_2_V_read">
<pin_list>
<pin id="5" dir="1" index="0" bw="1" slack="0"/>
</pin_list>
<bind>
<StgValue><ssdm name="data_2_V_read"/></StgValue>
</bind>
</comp>

<comp id="6" class="1000" name="data_3_V_read">
<pin_list>
<pin id="7" dir="1" index="0" bw="1" slack="0"/>
</pin_list>
<bind>
<StgValue><ssdm name="data_3_V_read"/></StgValue>
</bind>
</comp>

<comp id="8" class="1000" name="data_4_V_read">
<pin_list>
<pin id="9" dir="1" index="0" bw="1" slack="0"/>
</pin_list>
<bind>
<StgValue><ssdm name="data_4_V_read"/></StgValue>
</bind>
</comp>

<comp id="10" class="1000" name="data_5_V_read">
<pin_list>
<pin id="11" dir="1" index="0" bw="1" slack="0"/>
</pin_list>
<bind>
<StgValue><ssdm name="data_5_V_read"/></StgValue>
</bind>
</comp>

<comp id="12" class="1000" name="data_6_V_read">
<pin_list>
<pin id="13" dir="1" index="0" bw="1" slack="0"/>
</pin_list>
<bind>
<StgValue><ssdm name="data_6_V_read"/></StgValue>
</bind>
</comp>

<comp id="14" class="1000" name="data_7_V_read">
<pin_list>
<pin id="15" dir="1" index="0" bw="1" slack="0"/>
</pin_list>
<bind>
<StgValue><ssdm name="data_7_V_read"/></StgValue>
</bind>
</comp>

<comp id="16" class="1000" name="data_8_V_read">
<pin_list>
<pin id="17" dir="1" index="0" bw="1" slack="0"/>
</pin_list>
<bind>
<StgValue><ssdm name="data_8_V_read"/></StgValue>
</bind>
</comp>

<comp id="18" class="1000" name="data_9_V_read">
<pin_list>
<pin id="19" dir="1" index="0" bw="1" slack="0"/>
</pin_list>
<bind>
<StgValue><ssdm name="data_9_V_read"/></StgValue>
</bind>
</comp>

<comp id="20" class="1000" name="w21_V">
<pin_list>
<pin id="21" dir="1" index="0" bw="1" slack="0"/>
</pin_list>
<bind>
<StgValue><ssdm name="w21_V"/><MemPortTyVec>1 </MemPortTyVec>
</StgValue>
</bind>
</comp>

<comp id="22" class="1001" name="const_22">
<pin_list>
<pin id="23" dir="1" index="0" bw="1" slack="2147483647"/>
</pin_list>
<bind>
<StgValue><ssdm name="_ssdm_op_SpecRegionBegin"/></StgValue>
</bind>
</comp>

<comp id="24" class="1001" name="const_24">
<pin_list>
<pin id="25" dir="1" index="0" bw="1" slack="2147483647"/>
</pin_list>
<bind>
<StgValue><ssdm name="p_str49"/></StgValue>
</bind>
</comp>

<comp id="26" class="1001" name="const_26">
<pin_list>
<pin id="27" dir="1" index="0" bw="1" slack="0"/>
</pin_list>
<bind>
<StgValue><ssdm name=""/></StgValue>
</bind>
</comp>

<comp id="28" class="1001" name="const_28">
<pin_list>
<pin id="29" dir="1" index="0" bw="1" slack="0"/>
</pin_list>
<bind>
<StgValue><ssdm name=""/></StgValue>
</bind>
</comp>

<comp id="30" class="1001" name="const_30">
<pin_list>
<pin id="31" dir="1" index="0" bw="1" slack="0"/>
</pin_list>
<bind>
<StgValue><ssdm name=""/></StgValue>
</bind>
</comp>

<comp id="32" class="1001" name="const_32">
<pin_list>
<pin id="33" dir="1" index="0" bw="1" slack="0"/>
</pin_list>
<bind>
<StgValue><ssdm name="_ssdm_op_Read.ap_auto.i8"/></StgValue>
</bind>
</comp>

<comp id="34" class="1001" name="const_34">
<pin_list>
<pin id="35" dir="1" index="0" bw="1" slack="0"/>
</pin_list>
<bind>
<StgValue><ssdm name=""/></StgValue>
</bind>
</comp>

<comp id="36" class="1001" name="const_36">
<pin_list>
<pin id="37" dir="1" index="0" bw="1" slack="0"/>
</pin_list>
<bind>
<StgValue><ssdm name=""/></StgValue>
</bind>
</comp>

<comp id="38" class="1001" name="const_38">
<pin_list>
<pin id="39" dir="1" index="0" bw="1" slack="0"/>
</pin_list>
<bind>
<StgValue><ssdm name=""/></StgValue>
</bind>
</comp>

<comp id="40" class="1001" name="const_40">
<pin_list>
<pin id="41" dir="1" index="0" bw="1" slack="1"/>
</pin_list>
<bind>
<StgValue><ssdm name=""/></StgValue>
</bind>
</comp>

<comp id="42" class="1001" name="const_42">
<pin_list>
<pin id="43" dir="1" index="0" bw="1" slack="0"/>
</pin_list>
<bind>
<StgValue><ssdm name="_ssdm_op_Mux.ap_auto.10i8.i4"/></StgValue>
</bind>
</comp>

<comp id="44" class="1001" name="const_44">
<pin_list>
<pin id="45" dir="1" index="0" bw="1" slack="0"/>
</pin_list>
<bind>
<StgValue><ssdm name="_ssdm_op_PartSelect.i8.i38.i32.i32"/></StgValue>
</bind>
</comp>

<comp id="46" class="1001" name="const_46">
<pin_list>
<pin id="47" dir="1" index="0" bw="1" slack="0"/>
</pin_list>
<bind>
<StgValue><ssdm name=""/></StgValue>
</bind>
</comp>

<comp id="48" class="1001" name="const_48">
<pin_list>
<pin id="49" dir="1" index="0" bw="1" slack="0"/>
</pin_list>
<bind>
<StgValue><ssdm name=""/></StgValue>
</bind>
</comp>

<comp id="50" class="1001" name="const_50">
<pin_list>
<pin id="51" dir="1" index="0" bw="1" slack="0"/>
</pin_list>
<bind>
<StgValue><ssdm name=""/></StgValue>
</bind>
</comp>

<comp id="52" class="1001" name="const_52">
<pin_list>
<pin id="53" dir="1" index="0" bw="1" slack="0"/>
</pin_list>
<bind>
<StgValue><ssdm name=""/></StgValue>
</bind>
</comp>

<comp id="54" class="1001" name="const_54">
<pin_list>
<pin id="55" dir="1" index="0" bw="1" slack="0"/>
</pin_list>
<bind>
<StgValue><ssdm name=""/></StgValue>
</bind>
</comp>

<comp id="56" class="1001" name="const_56">
<pin_list>
<pin id="57" dir="1" index="0" bw="1" slack="0"/>
</pin_list>
<bind>
<StgValue><ssdm name=""/></StgValue>
</bind>
</comp>

<comp id="58" class="1001" name="const_58">
<pin_list>
<pin id="59" dir="1" index="0" bw="1" slack="0"/>
</pin_list>
<bind>
<StgValue><ssdm name="_ssdm_op_PartSelect.i6.i38.i32.i32"/></StgValue>
</bind>
</comp>

<comp id="60" class="1001" name="const_60">
<pin_list>
<pin id="61" dir="1" index="0" bw="1" slack="0"/>
</pin_list>
<bind>
<StgValue><ssdm name=""/></StgValue>
</bind>
</comp>

<comp id="62" class="1001" name="const_62">
<pin_list>
<pin id="63" dir="1" index="0" bw="1" slack="0"/>
</pin_list>
<bind>
<StgValue><ssdm name=""/></StgValue>
</bind>
</comp>

<comp id="64" class="1001" name="const_64">
<pin_list>
<pin id="65" dir="1" index="0" bw="1" slack="2"/>
</pin_list>
<bind>
<StgValue><ssdm name=""/></StgValue>
</bind>
</comp>

<comp id="66" class="1001" name="const_66">
<pin_list>
<pin id="67" dir="1" index="0" bw="1" slack="2147483647"/>
</pin_list>
<bind>
<StgValue><ssdm name="_ssdm_op_SpecMemCore"/></StgValue>
</bind>
</comp>

<comp id="68" class="1001" name="const_68">
<pin_list>
<pin id="69" dir="1" index="0" bw="1" slack="2147483647"/>
</pin_list>
<bind>
<StgValue><ssdm name="p_str17"/></StgValue>
</bind>
</comp>

<comp id="70" class="1001" name="const_70">
<pin_list>
<pin id="71" dir="1" index="0" bw="1" slack="2147483647"/>
</pin_list>
<bind>
<StgValue><ssdm name="p_str50"/></StgValue>
</bind>
</comp>

<comp id="72" class="1001" name="const_72">
<pin_list>
<pin id="73" dir="1" index="0" bw="1" slack="2147483647"/>
</pin_list>
<bind>
<StgValue><ssdm name=""/></StgValue>
</bind>
</comp>

<comp id="74" class="1001" name="const_74">
<pin_list>
<pin id="75" dir="1" index="0" bw="1" slack="2147483647"/>
</pin_list>
<bind>
<StgValue><ssdm name="_ssdm_op_SpecRegionEnd"/></StgValue>
</bind>
</comp>

<comp id="76" class="1001" name="const_76">
<pin_list>
<pin id="77" dir="1" index="0" bw="1" slack="2147483647"/>
</pin_list>
<bind>
<StgValue><ssdm name="_ssdm_op_SpecLoopName"/></StgValue>
</bind>
</comp>

<comp id="78" class="1001" name="const_78">
<pin_list>
<pin id="79" dir="1" index="0" bw="1" slack="2147483647"/>
</pin_list>
<bind>
<StgValue><ssdm name="p_str52"/></StgValue>
</bind>
</comp>

<comp id="80" class="1001" name="const_80">
<pin_list>
<pin id="81" dir="1" index="0" bw="1" slack="2147483647"/>
</pin_list>
<bind>
<StgValue><ssdm name="_ssdm_op_SpecPipeline"/></StgValue>
</bind>
</comp>

<comp id="82" class="1001" name="const_82">
<pin_list>
<pin id="83" dir="1" index="0" bw="1" slack="0"/>
</pin_list>
<bind>
<StgValue><ssdm name=""/></StgValue>
</bind>
</comp>

<comp id="84" class="1001" name="const_84">
<pin_list>
<pin id="85" dir="1" index="0" bw="1" slack="2147483647"/>
</pin_list>
<bind>
<StgValue><ssdm name=""/></StgValue>
</bind>
</comp>

<comp id="86" class="1001" name="const_86">
<pin_list>
<pin id="87" dir="1" index="0" bw="1" slack="0"/>
</pin_list>
<bind>
<StgValue><ssdm name="_ssdm_op_PartSelect.i15.i16.i32.i32"/></StgValue>
</bind>
</comp>

<comp id="88" class="1001" name="const_88">
<pin_list>
<pin id="89" dir="1" index="0" bw="1" slack="0"/>
</pin_list>
<bind>
<StgValue><ssdm name="_ssdm_op_PartSelect.i12.i16.i32.i32"/></StgValue>
</bind>
</comp>

<comp id="90" class="1001" name="const_90">
<pin_list>
<pin id="91" dir="1" index="0" bw="1" slack="0"/>
</pin_list>
<bind>
<StgValue><ssdm name=""/></StgValue>
</bind>
</comp>

<comp id="92" class="1001" name="const_92">
<pin_list>
<pin id="93" dir="1" index="0" bw="1" slack="0"/>
</pin_list>
<bind>
<StgValue><ssdm name="_ssdm_op_PartSelect.i13.i14.i32.i32"/></StgValue>
</bind>
</comp>

<comp id="94" class="1001" name="const_94">
<pin_list>
<pin id="95" dir="1" index="0" bw="1" slack="0"/>
</pin_list>
<bind>
<StgValue><ssdm name=""/></StgValue>
</bind>
</comp>

<comp id="96" class="1001" name="const_96">
<pin_list>
<pin id="97" dir="1" index="0" bw="1" slack="0"/>
</pin_list>
<bind>
<StgValue><ssdm name="_ssdm_op_PartSelect.i12.i14.i32.i32"/></StgValue>
</bind>
</comp>

<comp id="98" class="1001" name="const_98">
<pin_list>
<pin id="99" dir="1" index="0" bw="1" slack="0"/>
</pin_list>
<bind>
<StgValue><ssdm name="_ssdm_op_PartSelect.i8.i12.i32.i32"/></StgValue>
</bind>
</comp>

<comp id="100" class="1001" name="const_100">
<pin_list>
<pin id="101" dir="1" index="0" bw="1" slack="0"/>
</pin_list>
<bind>
<StgValue><ssdm name=""/></StgValue>
</bind>
</comp>

<comp id="102" class="1001" name="const_102">
<pin_list>
<pin id="103" dir="1" index="0" bw="1" slack="0"/>
</pin_list>
<bind>
<StgValue><ssdm name=""/></StgValue>
</bind>
</comp>

<comp id="104" class="1001" name="const_104">
<pin_list>
<pin id="105" dir="1" index="0" bw="1" slack="2147483647"/>
</pin_list>
<bind>
<StgValue><ssdm name="_ssdm_op_SpecLoopTripCount"/></StgValue>
</bind>
</comp>

<comp id="106" class="1001" name="const_106">
<pin_list>
<pin id="107" dir="1" index="0" bw="1" slack="2147483647"/>
</pin_list>
<bind>
<StgValue><ssdm name=""/></StgValue>
</bind>
</comp>

<comp id="108" class="1001" name="const_108">
<pin_list>
<pin id="109" dir="1" index="0" bw="1" slack="0"/>
</pin_list>
<bind>
<StgValue><ssdm name=""/></StgValue>
</bind>
</comp>

<comp id="110" class="1004" name="data_9_V_read_1_read_fu_110">
<pin_list>
<pin id="111" dir="0" index="0" bw="8" slack="0"/>
<pin id="112" dir="0" index="1" bw="8" slack="0"/>
<pin id="113" dir="1" index="2" bw="8" slack="1"/>
</pin_list>
<bind>
<opcode="read(1150) " fcode="read"/>
<opset="data_9_V_read_1/2 "/>
</bind>
</comp>

<comp id="116" class="1004" name="data_8_V_read_1_read_fu_116">
<pin_list>
<pin id="117" dir="0" index="0" bw="8" slack="0"/>
<pin id="118" dir="0" index="1" bw="8" slack="0"/>
<pin id="119" dir="1" index="2" bw="8" slack="1"/>
</pin_list>
<bind>
<opcode="read(1150) " fcode="read"/>
<opset="data_8_V_read_1/2 "/>
</bind>
</comp>

<comp id="122" class="1004" name="data_7_V_read_1_read_fu_122">
<pin_list>
<pin id="123" dir="0" index="0" bw="8" slack="0"/>
<pin id="124" dir="0" index="1" bw="8" slack="0"/>
<pin id="125" dir="1" index="2" bw="8" slack="1"/>
</pin_list>
<bind>
<opcode="read(1150) " fcode="read"/>
<opset="data_7_V_read_1/2 "/>
</bind>
</comp>

<comp id="128" class="1004" name="data_6_V_read_1_read_fu_128">
<pin_list>
<pin id="129" dir="0" index="0" bw="8" slack="0"/>
<pin id="130" dir="0" index="1" bw="8" slack="0"/>
<pin id="131" dir="1" index="2" bw="8" slack="1"/>
</pin_list>
<bind>
<opcode="read(1150) " fcode="read"/>
<opset="data_6_V_read_1/2 "/>
</bind>
</comp>

<comp id="134" class="1004" name="data_5_V_read_1_read_fu_134">
<pin_list>
<pin id="135" dir="0" index="0" bw="8" slack="0"/>
<pin id="136" dir="0" index="1" bw="8" slack="0"/>
<pin id="137" dir="1" index="2" bw="8" slack="1"/>
</pin_list>
<bind>
<opcode="read(1150) " fcode="read"/>
<opset="data_5_V_read_1/2 "/>
</bind>
</comp>

<comp id="140" class="1004" name="data_4_V_read_1_read_fu_140">
<pin_list>
<pin id="141" dir="0" index="0" bw="8" slack="0"/>
<pin id="142" dir="0" index="1" bw="8" slack="0"/>
<pin id="143" dir="1" index="2" bw="8" slack="1"/>
</pin_list>
<bind>
<opcode="read(1150) " fcode="read"/>
<opset="data_4_V_read_1/2 "/>
</bind>
</comp>

<comp id="146" class="1004" name="data_3_V_read_1_read_fu_146">
<pin_list>
<pin id="147" dir="0" index="0" bw="8" slack="0"/>
<pin id="148" dir="0" index="1" bw="8" slack="0"/>
<pin id="149" dir="1" index="2" bw="8" slack="1"/>
</pin_list>
<bind>
<opcode="read(1150) " fcode="read"/>
<opset="data_3_V_read_1/2 "/>
</bind>
</comp>

<comp id="152" class="1004" name="data_2_V_read_1_read_fu_152">
<pin_list>
<pin id="153" dir="0" index="0" bw="8" slack="0"/>
<pin id="154" dir="0" index="1" bw="8" slack="0"/>
<pin id="155" dir="1" index="2" bw="8" slack="1"/>
</pin_list>
<bind>
<opcode="read(1150) " fcode="read"/>
<opset="data_2_V_read_1/2 "/>
</bind>
</comp>

<comp id="158" class="1004" name="data_1_V_read_1_read_fu_158">
<pin_list>
<pin id="159" dir="0" index="0" bw="8" slack="0"/>
<pin id="160" dir="0" index="1" bw="8" slack="0"/>
<pin id="161" dir="1" index="2" bw="8" slack="1"/>
</pin_list>
<bind>
<opcode="read(1150) " fcode="read"/>
<opset="data_1_V_read_1/2 "/>
</bind>
</comp>

<comp id="164" class="1004" name="data_0_V_read_1_read_fu_164">
<pin_list>
<pin id="165" dir="0" index="0" bw="8" slack="0"/>
<pin id="166" dir="0" index="1" bw="8" slack="0"/>
<pin id="167" dir="1" index="2" bw="8" slack="1"/>
</pin_list>
<bind>
<opcode="read(1150) " fcode="read"/>
<opset="data_0_V_read_1/2 "/>
</bind>
</comp>

<comp id="170" class="1004" name="w21_V_addr_gep_fu_170">
<pin_list>
<pin id="171" dir="0" index="0" bw="38" slack="0"/>
<pin id="172" dir="0" index="1" bw="1" slack="0"/>
<pin id="173" dir="0" index="2" bw="4" slack="0"/>
<pin id="174" dir="1" index="3" bw="4" slack="0"/>
</pin_list>
<bind>
<opcode="getelementptr(29) " fcode="getelementptr"/>
<opset="w21_V_addr/2 "/>
</bind>
</comp>

<comp id="177" class="1004" name="grp_access_fu_177">
<pin_list>
<pin id="178" dir="0" index="0" bw="4" slack="0"/>
<pin id="179" dir="0" index="1" bw="38" slack="2147483647"/>
<pin id="180" dir="0" index="2" bw="0" slack="2147483647"/>
<pin id="181" dir="1" index="3" bw="38" slack="0"/>
</pin_list>
<bind>
<opcode="load(27) " fcode="load"/>
<opset="w21_V_load/2 "/>
</bind>
</comp>

<comp id="183" class="1005" name="do_init_reg_183">
<pin_list>
<pin id="184" dir="0" index="0" bw="1" slack="1"/>
<pin id="185" dir="1" index="1" bw="1" slack="1"/>
</pin_list>
<bind>
<opset="do_init (phireg) "/>
</bind>
</comp>

<comp id="187" class="1004" name="do_init_phi_fu_187">
<pin_list>
<pin id="188" dir="0" index="0" bw="1" slack="1"/>
<pin id="189" dir="0" index="1" bw="0" slack="2147483647"/>
<pin id="190" dir="0" index="2" bw="1" slack="0"/>
<pin id="191" dir="0" index="3" bw="0" slack="2147483647"/>
<pin id="192" dir="0" index="4" bw="1" slack="0"/>
<pin id="193" dir="0" index="5" bw="0" slack="2147483647"/>
<pin id="194" dir="1" index="6" bw="1" slack="1"/>
</pin_list>
<bind>
<opcode="phi(47) " fcode="phi"/>
<opset="do_init/2 "/>
</bind>
</comp>

<comp id="199" class="1005" name="w_index15_reg_199">
<pin_list>
<pin id="200" dir="0" index="0" bw="4" slack="1"/>
<pin id="201" dir="1" index="1" bw="4" slack="1"/>
</pin_list>
<bind>
<opset="w_index15 (phireg) "/>
</bind>
</comp>

<comp id="203" class="1004" name="w_index15_phi_fu_203">
<pin_list>
<pin id="204" dir="0" index="0" bw="1" slack="1"/>
<pin id="205" dir="0" index="1" bw="0" slack="2147483647"/>
<pin id="206" dir="0" index="2" bw="4" slack="0"/>
<pin id="207" dir="0" index="3" bw="0" slack="2147483647"/>
<pin id="208" dir="0" index="4" bw="1" slack="0"/>
<pin id="209" dir="0" index="5" bw="0" slack="2147483647"/>
<pin id="210" dir="1" index="6" bw="4" slack="0"/>
</pin_list>
<bind>
<opcode="phi(47) " fcode="phi"/>
<opset="w_index15/2 "/>
</bind>
</comp>

<comp id="214" class="1005" name="data_0_V_read16_rewind_reg_214">
<pin_list>
<pin id="215" dir="0" index="0" bw="8" slack="1"/>
<pin id="216" dir="1" index="1" bw="8" slack="1"/>
</pin_list>
<bind>
<opset="data_0_V_read16_rewind (phireg) "/>
</bind>
</comp>

<comp id="218" class="1004" name="data_0_V_read16_rewind_phi_fu_218">
<pin_list>
<pin id="219" dir="0" index="0" bw="1" slack="2"/>
<pin id="220" dir="0" index="1" bw="0" slack="2147483647"/>
<pin id="221" dir="0" index="2" bw="8" slack="0"/>
<pin id="222" dir="0" index="3" bw="0" slack="2147483647"/>
<pin id="223" dir="0" index="4" bw="1" slack="1"/>
<pin id="224" dir="0" index="5" bw="0" slack="2147483647"/>
<pin id="225" dir="1" index="6" bw="8" slack="0"/>
</pin_list>
<bind>
<opcode="phi(47) " fcode="phi"/>
<opset="data_0_V_read16_rewind/3 "/>
</bind>
</comp>

<comp id="228" class="1005" name="data_1_V_read17_rewind_reg_228">
<pin_list>
<pin id="229" dir="0" index="0" bw="8" slack="1"/>
<pin id="230" dir="1" index="1" bw="8" slack="1"/>
</pin_list>
<bind>
<opset="data_1_V_read17_rewind (phireg) "/>
</bind>
</comp>

<comp id="232" class="1004" name="data_1_V_read17_rewind_phi_fu_232">
<pin_list>
<pin id="233" dir="0" index="0" bw="1" slack="2"/>
<pin id="234" dir="0" index="1" bw="0" slack="2147483647"/>
<pin id="235" dir="0" index="2" bw="8" slack="0"/>
<pin id="236" dir="0" index="3" bw="0" slack="2147483647"/>
<pin id="237" dir="0" index="4" bw="1" slack="1"/>
<pin id="238" dir="0" index="5" bw="0" slack="2147483647"/>
<pin id="239" dir="1" index="6" bw="8" slack="0"/>
</pin_list>
<bind>
<opcode="phi(47) " fcode="phi"/>
<opset="data_1_V_read17_rewind/3 "/>
</bind>
</comp>

<comp id="242" class="1005" name="data_2_V_read18_rewind_reg_242">
<pin_list>
<pin id="243" dir="0" index="0" bw="8" slack="1"/>
<pin id="244" dir="1" index="1" bw="8" slack="1"/>
</pin_list>
<bind>
<opset="data_2_V_read18_rewind (phireg) "/>
</bind>
</comp>

<comp id="246" class="1004" name="data_2_V_read18_rewind_phi_fu_246">
<pin_list>
<pin id="247" dir="0" index="0" bw="1" slack="2"/>
<pin id="248" dir="0" index="1" bw="0" slack="2147483647"/>
<pin id="249" dir="0" index="2" bw="8" slack="0"/>
<pin id="250" dir="0" index="3" bw="0" slack="2147483647"/>
<pin id="251" dir="0" index="4" bw="1" slack="1"/>
<pin id="252" dir="0" index="5" bw="0" slack="2147483647"/>
<pin id="253" dir="1" index="6" bw="8" slack="0"/>
</pin_list>
<bind>
<opcode="phi(47) " fcode="phi"/>
<opset="data_2_V_read18_rewind/3 "/>
</bind>
</comp>

<comp id="256" class="1005" name="data_3_V_read19_rewind_reg_256">
<pin_list>
<pin id="257" dir="0" index="0" bw="8" slack="1"/>
<pin id="258" dir="1" index="1" bw="8" slack="1"/>
</pin_list>
<bind>
<opset="data_3_V_read19_rewind (phireg) "/>
</bind>
</comp>

<comp id="260" class="1004" name="data_3_V_read19_rewind_phi_fu_260">
<pin_list>
<pin id="261" dir="0" index="0" bw="1" slack="2"/>
<pin id="262" dir="0" index="1" bw="0" slack="2147483647"/>
<pin id="263" dir="0" index="2" bw="8" slack="0"/>
<pin id="264" dir="0" index="3" bw="0" slack="2147483647"/>
<pin id="265" dir="0" index="4" bw="1" slack="1"/>
<pin id="266" dir="0" index="5" bw="0" slack="2147483647"/>
<pin id="267" dir="1" index="6" bw="8" slack="0"/>
</pin_list>
<bind>
<opcode="phi(47) " fcode="phi"/>
<opset="data_3_V_read19_rewind/3 "/>
</bind>
</comp>

<comp id="270" class="1005" name="data_4_V_read20_rewind_reg_270">
<pin_list>
<pin id="271" dir="0" index="0" bw="8" slack="1"/>
<pin id="272" dir="1" index="1" bw="8" slack="1"/>
</pin_list>
<bind>
<opset="data_4_V_read20_rewind (phireg) "/>
</bind>
</comp>

<comp id="274" class="1004" name="data_4_V_read20_rewind_phi_fu_274">
<pin_list>
<pin id="275" dir="0" index="0" bw="1" slack="2"/>
<pin id="276" dir="0" index="1" bw="0" slack="2147483647"/>
<pin id="277" dir="0" index="2" bw="8" slack="0"/>
<pin id="278" dir="0" index="3" bw="0" slack="2147483647"/>
<pin id="279" dir="0" index="4" bw="1" slack="1"/>
<pin id="280" dir="0" index="5" bw="0" slack="2147483647"/>
<pin id="281" dir="1" index="6" bw="8" slack="0"/>
</pin_list>
<bind>
<opcode="phi(47) " fcode="phi"/>
<opset="data_4_V_read20_rewind/3 "/>
</bind>
</comp>

<comp id="284" class="1005" name="data_5_V_read21_rewind_reg_284">
<pin_list>
<pin id="285" dir="0" index="0" bw="8" slack="1"/>
<pin id="286" dir="1" index="1" bw="8" slack="1"/>
</pin_list>
<bind>
<opset="data_5_V_read21_rewind (phireg) "/>
</bind>
</comp>

<comp id="288" class="1004" name="data_5_V_read21_rewind_phi_fu_288">
<pin_list>
<pin id="289" dir="0" index="0" bw="1" slack="2"/>
<pin id="290" dir="0" index="1" bw="0" slack="2147483647"/>
<pin id="291" dir="0" index="2" bw="8" slack="0"/>
<pin id="292" dir="0" index="3" bw="0" slack="2147483647"/>
<pin id="293" dir="0" index="4" bw="1" slack="1"/>
<pin id="294" dir="0" index="5" bw="0" slack="2147483647"/>
<pin id="295" dir="1" index="6" bw="8" slack="0"/>
</pin_list>
<bind>
<opcode="phi(47) " fcode="phi"/>
<opset="data_5_V_read21_rewind/3 "/>
</bind>
</comp>

<comp id="298" class="1005" name="data_6_V_read22_rewind_reg_298">
<pin_list>
<pin id="299" dir="0" index="0" bw="8" slack="1"/>
<pin id="300" dir="1" index="1" bw="8" slack="1"/>
</pin_list>
<bind>
<opset="data_6_V_read22_rewind (phireg) "/>
</bind>
</comp>

<comp id="302" class="1004" name="data_6_V_read22_rewind_phi_fu_302">
<pin_list>
<pin id="303" dir="0" index="0" bw="1" slack="2"/>
<pin id="304" dir="0" index="1" bw="0" slack="2147483647"/>
<pin id="305" dir="0" index="2" bw="8" slack="0"/>
<pin id="306" dir="0" index="3" bw="0" slack="2147483647"/>
<pin id="307" dir="0" index="4" bw="1" slack="1"/>
<pin id="308" dir="0" index="5" bw="0" slack="2147483647"/>
<pin id="309" dir="1" index="6" bw="8" slack="0"/>
</pin_list>
<bind>
<opcode="phi(47) " fcode="phi"/>
<opset="data_6_V_read22_rewind/3 "/>
</bind>
</comp>

<comp id="312" class="1005" name="data_7_V_read23_rewind_reg_312">
<pin_list>
<pin id="313" dir="0" index="0" bw="8" slack="1"/>
<pin id="314" dir="1" index="1" bw="8" slack="1"/>
</pin_list>
<bind>
<opset="data_7_V_read23_rewind (phireg) "/>
</bind>
</comp>

<comp id="316" class="1004" name="data_7_V_read23_rewind_phi_fu_316">
<pin_list>
<pin id="317" dir="0" index="0" bw="1" slack="2"/>
<pin id="318" dir="0" index="1" bw="0" slack="2147483647"/>
<pin id="319" dir="0" index="2" bw="8" slack="0"/>
<pin id="320" dir="0" index="3" bw="0" slack="2147483647"/>
<pin id="321" dir="0" index="4" bw="1" slack="1"/>
<pin id="322" dir="0" index="5" bw="0" slack="2147483647"/>
<pin id="323" dir="1" index="6" bw="8" slack="0"/>
</pin_list>
<bind>
<opcode="phi(47) " fcode="phi"/>
<opset="data_7_V_read23_rewind/3 "/>
</bind>
</comp>

<comp id="326" class="1005" name="data_8_V_read24_rewind_reg_326">
<pin_list>
<pin id="327" dir="0" index="0" bw="8" slack="1"/>
<pin id="328" dir="1" index="1" bw="8" slack="1"/>
</pin_list>
<bind>
<opset="data_8_V_read24_rewind (phireg) "/>
</bind>
</comp>

<comp id="330" class="1004" name="data_8_V_read24_rewind_phi_fu_330">
<pin_list>
<pin id="331" dir="0" index="0" bw="1" slack="2"/>
<pin id="332" dir="0" index="1" bw="0" slack="2147483647"/>
<pin id="333" dir="0" index="2" bw="8" slack="0"/>
<pin id="334" dir="0" index="3" bw="0" slack="2147483647"/>
<pin id="335" dir="0" index="4" bw="1" slack="1"/>
<pin id="336" dir="0" index="5" bw="0" slack="2147483647"/>
<pin id="337" dir="1" index="6" bw="8" slack="0"/>
</pin_list>
<bind>
<opcode="phi(47) " fcode="phi"/>
<opset="data_8_V_read24_rewind/3 "/>
</bind>
</comp>

<comp id="340" class="1005" name="data_9_V_read25_rewind_reg_340">
<pin_list>
<pin id="341" dir="0" index="0" bw="8" slack="1"/>
<pin id="342" dir="1" index="1" bw="8" slack="1"/>
</pin_list>
<bind>
<opset="data_9_V_read25_rewind (phireg) "/>
</bind>
</comp>

<comp id="344" class="1004" name="data_9_V_read25_rewind_phi_fu_344">
<pin_list>
<pin id="345" dir="0" index="0" bw="1" slack="2"/>
<pin id="346" dir="0" index="1" bw="0" slack="2147483647"/>
<pin id="347" dir="0" index="2" bw="8" slack="0"/>
<pin id="348" dir="0" index="3" bw="0" slack="2147483647"/>
<pin id="349" dir="0" index="4" bw="1" slack="1"/>
<pin id="350" dir="0" index="5" bw="0" slack="2147483647"/>
<pin id="351" dir="1" index="6" bw="8" slack="0"/>
</pin_list>
<bind>
<opcode="phi(47) " fcode="phi"/>
<opset="data_9_V_read25_rewind/3 "/>
</bind>
</comp>

<comp id="354" class="1005" name="data_0_V_read16_phi_reg_354">
<pin_list>
<pin id="355" dir="0" index="0" bw="8" slack="0"/>
<pin id="356" dir="1" index="1" bw="8" slack="0"/>
</pin_list>
<bind>
<opset="data_0_V_read16_phi (phireg) "/>
</bind>
</comp>

<comp id="358" class="1004" name="data_0_V_read16_phi_phi_fu_358">
<pin_list>
<pin id="359" dir="0" index="0" bw="8" slack="1"/>
<pin id="360" dir="0" index="1" bw="0" slack="2147483647"/>
<pin id="361" dir="0" index="2" bw="8" slack="0"/>
<pin id="362" dir="0" index="3" bw="0" slack="2147483647"/>
<pin id="363" dir="1" index="4" bw="8" slack="0"/>
</pin_list>
<bind>
<opcode="phi(47) " fcode="phi"/>
<opset="data_0_V_read16_phi/3 "/>
</bind>
</comp>

<comp id="366" class="1005" name="data_1_V_read17_phi_reg_366">
<pin_list>
<pin id="367" dir="0" index="0" bw="8" slack="0"/>
<pin id="368" dir="1" index="1" bw="8" slack="0"/>
</pin_list>
<bind>
<opset="data_1_V_read17_phi (phireg) "/>
</bind>
</comp>

<comp id="370" class="1004" name="data_1_V_read17_phi_phi_fu_370">
<pin_list>
<pin id="371" dir="0" index="0" bw="8" slack="1"/>
<pin id="372" dir="0" index="1" bw="0" slack="2147483647"/>
<pin id="373" dir="0" index="2" bw="8" slack="0"/>
<pin id="374" dir="0" index="3" bw="0" slack="2147483647"/>
<pin id="375" dir="1" index="4" bw="8" slack="0"/>
</pin_list>
<bind>
<opcode="phi(47) " fcode="phi"/>
<opset="data_1_V_read17_phi/3 "/>
</bind>
</comp>

<comp id="378" class="1005" name="data_2_V_read18_phi_reg_378">
<pin_list>
<pin id="379" dir="0" index="0" bw="8" slack="0"/>
<pin id="380" dir="1" index="1" bw="8" slack="0"/>
</pin_list>
<bind>
<opset="data_2_V_read18_phi (phireg) "/>
</bind>
</comp>

<comp id="382" class="1004" name="data_2_V_read18_phi_phi_fu_382">
<pin_list>
<pin id="383" dir="0" index="0" bw="8" slack="1"/>
<pin id="384" dir="0" index="1" bw="0" slack="2147483647"/>
<pin id="385" dir="0" index="2" bw="8" slack="0"/>
<pin id="386" dir="0" index="3" bw="0" slack="2147483647"/>
<pin id="387" dir="1" index="4" bw="8" slack="0"/>
</pin_list>
<bind>
<opcode="phi(47) " fcode="phi"/>
<opset="data_2_V_read18_phi/3 "/>
</bind>
</comp>

<comp id="390" class="1005" name="data_3_V_read19_phi_reg_390">
<pin_list>
<pin id="391" dir="0" index="0" bw="8" slack="0"/>
<pin id="392" dir="1" index="1" bw="8" slack="0"/>
</pin_list>
<bind>
<opset="data_3_V_read19_phi (phireg) "/>
</bind>
</comp>

<comp id="394" class="1004" name="data_3_V_read19_phi_phi_fu_394">
<pin_list>
<pin id="395" dir="0" index="0" bw="8" slack="1"/>
<pin id="396" dir="0" index="1" bw="0" slack="2147483647"/>
<pin id="397" dir="0" index="2" bw="8" slack="0"/>
<pin id="398" dir="0" index="3" bw="0" slack="2147483647"/>
<pin id="399" dir="1" index="4" bw="8" slack="0"/>
</pin_list>
<bind>
<opcode="phi(47) " fcode="phi"/>
<opset="data_3_V_read19_phi/3 "/>
</bind>
</comp>

<comp id="402" class="1005" name="data_4_V_read20_phi_reg_402">
<pin_list>
<pin id="403" dir="0" index="0" bw="8" slack="0"/>
<pin id="404" dir="1" index="1" bw="8" slack="0"/>
</pin_list>
<bind>
<opset="data_4_V_read20_phi (phireg) "/>
</bind>
</comp>

<comp id="406" class="1004" name="data_4_V_read20_phi_phi_fu_406">
<pin_list>
<pin id="407" dir="0" index="0" bw="8" slack="1"/>
<pin id="408" dir="0" index="1" bw="0" slack="2147483647"/>
<pin id="409" dir="0" index="2" bw="8" slack="0"/>
<pin id="410" dir="0" index="3" bw="0" slack="2147483647"/>
<pin id="411" dir="1" index="4" bw="8" slack="0"/>
</pin_list>
<bind>
<opcode="phi(47) " fcode="phi"/>
<opset="data_4_V_read20_phi/3 "/>
</bind>
</comp>

<comp id="414" class="1005" name="data_5_V_read21_phi_reg_414">
<pin_list>
<pin id="415" dir="0" index="0" bw="8" slack="0"/>
<pin id="416" dir="1" index="1" bw="8" slack="0"/>
</pin_list>
<bind>
<opset="data_5_V_read21_phi (phireg) "/>
</bind>
</comp>

<comp id="418" class="1004" name="data_5_V_read21_phi_phi_fu_418">
<pin_list>
<pin id="419" dir="0" index="0" bw="8" slack="1"/>
<pin id="420" dir="0" index="1" bw="0" slack="2147483647"/>
<pin id="421" dir="0" index="2" bw="8" slack="0"/>
<pin id="422" dir="0" index="3" bw="0" slack="2147483647"/>
<pin id="423" dir="1" index="4" bw="8" slack="0"/>
</pin_list>
<bind>
<opcode="phi(47) " fcode="phi"/>
<opset="data_5_V_read21_phi/3 "/>
</bind>
</comp>

<comp id="426" class="1005" name="data_6_V_read22_phi_reg_426">
<pin_list>
<pin id="427" dir="0" index="0" bw="8" slack="0"/>
<pin id="428" dir="1" index="1" bw="8" slack="0"/>
</pin_list>
<bind>
<opset="data_6_V_read22_phi (phireg) "/>
</bind>
</comp>

<comp id="430" class="1004" name="data_6_V_read22_phi_phi_fu_430">
<pin_list>
<pin id="431" dir="0" index="0" bw="8" slack="1"/>
<pin id="432" dir="0" index="1" bw="0" slack="2147483647"/>
<pin id="433" dir="0" index="2" bw="8" slack="0"/>
<pin id="434" dir="0" index="3" bw="0" slack="2147483647"/>
<pin id="435" dir="1" index="4" bw="8" slack="0"/>
</pin_list>
<bind>
<opcode="phi(47) " fcode="phi"/>
<opset="data_6_V_read22_phi/3 "/>
</bind>
</comp>

<comp id="438" class="1005" name="data_7_V_read23_phi_reg_438">
<pin_list>
<pin id="439" dir="0" index="0" bw="8" slack="0"/>
<pin id="440" dir="1" index="1" bw="8" slack="0"/>
</pin_list>
<bind>
<opset="data_7_V_read23_phi (phireg) "/>
</bind>
</comp>

<comp id="442" class="1004" name="data_7_V_read23_phi_phi_fu_442">
<pin_list>
<pin id="443" dir="0" index="0" bw="8" slack="1"/>
<pin id="444" dir="0" index="1" bw="0" slack="2147483647"/>
<pin id="445" dir="0" index="2" bw="8" slack="0"/>
<pin id="446" dir="0" index="3" bw="0" slack="2147483647"/>
<pin id="447" dir="1" index="4" bw="8" slack="0"/>
</pin_list>
<bind>
<opcode="phi(47) " fcode="phi"/>
<opset="data_7_V_read23_phi/3 "/>
</bind>
</comp>

<comp id="450" class="1005" name="data_8_V_read24_phi_reg_450">
<pin_list>
<pin id="451" dir="0" index="0" bw="8" slack="0"/>
<pin id="452" dir="1" index="1" bw="8" slack="0"/>
</pin_list>
<bind>
<opset="data_8_V_read24_phi (phireg) "/>
</bind>
</comp>

<comp id="454" class="1004" name="data_8_V_read24_phi_phi_fu_454">
<pin_list>
<pin id="455" dir="0" index="0" bw="8" slack="1"/>
<pin id="456" dir="0" index="1" bw="0" slack="2147483647"/>
<pin id="457" dir="0" index="2" bw="8" slack="0"/>
<pin id="458" dir="0" index="3" bw="0" slack="2147483647"/>
<pin id="459" dir="1" index="4" bw="8" slack="0"/>
</pin_list>
<bind>
<opcode="phi(47) " fcode="phi"/>
<opset="data_8_V_read24_phi/3 "/>
</bind>
</comp>

<comp id="462" class="1005" name="data_9_V_read25_phi_reg_462">
<pin_list>
<pin id="463" dir="0" index="0" bw="8" slack="0"/>
<pin id="464" dir="1" index="1" bw="8" slack="0"/>
</pin_list>
<bind>
<opset="data_9_V_read25_phi (phireg) "/>
</bind>
</comp>

<comp id="466" class="1004" name="data_9_V_read25_phi_phi_fu_466">
<pin_list>
<pin id="467" dir="0" index="0" bw="8" slack="1"/>
<pin id="468" dir="0" index="1" bw="0" slack="2147483647"/>
<pin id="469" dir="0" index="2" bw="8" slack="0"/>
<pin id="470" dir="0" index="3" bw="0" slack="2147483647"/>
<pin id="471" dir="1" index="4" bw="8" slack="0"/>
</pin_list>
<bind>
<opcode="phi(47) " fcode="phi"/>
<opset="data_9_V_read25_phi/3 "/>
</bind>
</comp>

<comp id="474" class="1005" name="acc_V_4_09_reg_474">
<pin_list>
<pin id="475" dir="0" index="0" bw="16" slack="2"/>
<pin id="476" dir="1" index="1" bw="16" slack="2"/>
</pin_list>
<bind>
<opset="acc_V_4_09 (phireg) "/>
</bind>
</comp>

<comp id="478" class="1004" name="acc_V_4_09_phi_fu_478">
<pin_list>
<pin id="479" dir="0" index="0" bw="1" slack="3"/>
<pin id="480" dir="0" index="1" bw="0" slack="2147483647"/>
<pin id="481" dir="0" index="2" bw="16" slack="0"/>
<pin id="482" dir="0" index="3" bw="0" slack="2147483647"/>
<pin id="483" dir="0" index="4" bw="1" slack="2"/>
<pin id="484" dir="0" index="5" bw="0" slack="2147483647"/>
<pin id="485" dir="1" index="6" bw="16" slack="0"/>
</pin_list>
<bind>
<opcode="phi(47) " fcode="phi"/>
<opset="acc_V_4_09/4 "/>
</bind>
</comp>

<comp id="488" class="1005" name="acc_V_3_08_reg_488">
<pin_list>
<pin id="489" dir="0" index="0" bw="16" slack="2"/>
<pin id="490" dir="1" index="1" bw="16" slack="2"/>
</pin_list>
<bind>
<opset="acc_V_3_08 (phireg) "/>
</bind>
</comp>

<comp id="492" class="1004" name="acc_V_3_08_phi_fu_492">
<pin_list>
<pin id="493" dir="0" index="0" bw="1" slack="3"/>
<pin id="494" dir="0" index="1" bw="0" slack="2147483647"/>
<pin id="495" dir="0" index="2" bw="16" slack="0"/>
<pin id="496" dir="0" index="3" bw="0" slack="2147483647"/>
<pin id="497" dir="0" index="4" bw="1" slack="2"/>
<pin id="498" dir="0" index="5" bw="0" slack="2147483647"/>
<pin id="499" dir="1" index="6" bw="16" slack="0"/>
</pin_list>
<bind>
<opcode="phi(47) " fcode="phi"/>
<opset="acc_V_3_08/4 "/>
</bind>
</comp>

<comp id="502" class="1005" name="acc_V_2_07_reg_502">
<pin_list>
<pin id="503" dir="0" index="0" bw="16" slack="2"/>
<pin id="504" dir="1" index="1" bw="16" slack="2"/>
</pin_list>
<bind>
<opset="acc_V_2_07 (phireg) "/>
</bind>
</comp>

<comp id="506" class="1004" name="acc_V_2_07_phi_fu_506">
<pin_list>
<pin id="507" dir="0" index="0" bw="1" slack="3"/>
<pin id="508" dir="0" index="1" bw="0" slack="2147483647"/>
<pin id="509" dir="0" index="2" bw="16" slack="0"/>
<pin id="510" dir="0" index="3" bw="0" slack="2147483647"/>
<pin id="511" dir="0" index="4" bw="1" slack="2"/>
<pin id="512" dir="0" index="5" bw="0" slack="2147483647"/>
<pin id="513" dir="1" index="6" bw="16" slack="0"/>
</pin_list>
<bind>
<opcode="phi(47) " fcode="phi"/>
<opset="acc_V_2_07/4 "/>
</bind>
</comp>

<comp id="516" class="1005" name="acc_V_1_06_reg_516">
<pin_list>
<pin id="517" dir="0" index="0" bw="16" slack="2"/>
<pin id="518" dir="1" index="1" bw="16" slack="2"/>
</pin_list>
<bind>
<opset="acc_V_1_06 (phireg) "/>
</bind>
</comp>

<comp id="520" class="1004" name="acc_V_1_06_phi_fu_520">
<pin_list>
<pin id="521" dir="0" index="0" bw="1" slack="3"/>
<pin id="522" dir="0" index="1" bw="0" slack="2147483647"/>
<pin id="523" dir="0" index="2" bw="16" slack="0"/>
<pin id="524" dir="0" index="3" bw="0" slack="2147483647"/>
<pin id="525" dir="0" index="4" bw="1" slack="2"/>
<pin id="526" dir="0" index="5" bw="0" slack="2147483647"/>
<pin id="527" dir="1" index="6" bw="16" slack="0"/>
</pin_list>
<bind>
<opcode="phi(47) " fcode="phi"/>
<opset="acc_V_1_06/4 "/>
</bind>
</comp>

<comp id="530" class="1005" name="acc_V_0_05_reg_530">
<pin_list>
<pin id="531" dir="0" index="0" bw="16" slack="2"/>
<pin id="532" dir="1" index="1" bw="16" slack="2"/>
</pin_list>
<bind>
<opset="acc_V_0_05 (phireg) "/>
</bind>
</comp>

<comp id="534" class="1004" name="acc_V_0_05_phi_fu_534">
<pin_list>
<pin id="535" dir="0" index="0" bw="1" slack="3"/>
<pin id="536" dir="0" index="1" bw="0" slack="2147483647"/>
<pin id="537" dir="0" index="2" bw="16" slack="0"/>
<pin id="538" dir="0" index="3" bw="0" slack="2147483647"/>
<pin id="539" dir="0" index="4" bw="1" slack="2"/>
<pin id="540" dir="0" index="5" bw="0" slack="2147483647"/>
<pin id="541" dir="1" index="6" bw="16" slack="0"/>
</pin_list>
<bind>
<opcode="phi(47) " fcode="phi"/>
<opset="acc_V_0_05/4 "/>
</bind>
</comp>

<comp id="544" class="1004" name="zext_ln59_fu_544">
<pin_list>
<pin id="545" dir="0" index="0" bw="4" slack="0"/>
<pin id="546" dir="1" index="1" bw="64" slack="0"/>
</pin_list>
<bind>
<opcode="zext(34) " fcode="zext"/>
<opset="zext_ln59/2 "/>
</bind>
</comp>

<comp id="549" class="1004" name="w_index_fu_549">
<pin_list>
<pin id="550" dir="0" index="0" bw="1" slack="0"/>
<pin id="551" dir="0" index="1" bw="4" slack="0"/>
<pin id="552" dir="1" index="2" bw="4" slack="0"/>
</pin_list>
<bind>
<opcode="add(8) " fcode="add"/>
<opset="w_index/2 "/>
</bind>
</comp>

<comp id="555" class="1004" name="icmp_ln46_fu_555">
<pin_list>
<pin id="556" dir="0" index="0" bw="4" slack="0"/>
<pin id="557" dir="0" index="1" bw="4" slack="0"/>
<pin id="558" dir="1" index="2" bw="1" slack="1"/>
</pin_list>
<bind>
<opcode="icmp(45) " fcode="icmp"/>
<opset="icmp_ln46/2 "/>
</bind>
</comp>

<comp id="561" class="1004" name="tmp_11_fu_561">
<pin_list>
<pin id="562" dir="0" index="0" bw="8" slack="0"/>
<pin id="563" dir="0" index="1" bw="8" slack="0"/>
<pin id="564" dir="0" index="2" bw="8" slack="0"/>
<pin id="565" dir="0" index="3" bw="8" slack="0"/>
<pin id="566" dir="0" index="4" bw="8" slack="0"/>
<pin id="567" dir="0" index="5" bw="8" slack="0"/>
<pin id="568" dir="0" index="6" bw="8" slack="0"/>
<pin id="569" dir="0" index="7" bw="8" slack="0"/>
<pin id="570" dir="0" index="8" bw="8" slack="0"/>
<pin id="571" dir="0" index="9" bw="8" slack="0"/>
<pin id="572" dir="0" index="10" bw="8" slack="0"/>
<pin id="573" dir="0" index="11" bw="4" slack="1"/>
<pin id="574" dir="1" index="12" bw="8" slack="1"/>
</pin_list>
<bind>
<opcode="mux(1196) " fcode="mux"/>
<opset="tmp_11/3 "/>
</bind>
</comp>

<comp id="587" class="1004" name="trunc_ln59_fu_587">
<pin_list>
<pin id="588" dir="0" index="0" bw="38" slack="0"/>
<pin id="589" dir="1" index="1" bw="8" slack="1"/>
</pin_list>
<bind>
<opcode="trunc(33) " fcode="trunc"/>
<opset="trunc_ln59/3 "/>
</bind>
</comp>

<comp id="591" class="1004" name="tmp_2_fu_591">
<pin_list>
<pin id="592" dir="0" index="0" bw="8" slack="0"/>
<pin id="593" dir="0" index="1" bw="38" slack="0"/>
<pin id="594" dir="0" index="2" bw="5" slack="0"/>
<pin id="595" dir="0" index="3" bw="5" slack="0"/>
<pin id="596" dir="1" index="4" bw="8" slack="1"/>
</pin_list>
<bind>
<opcode="partselect(1002) " fcode="partselect"/>
<opset="tmp_2/3 "/>
</bind>
</comp>

<comp id="601" class="1004" name="tmp_3_fu_601">
<pin_list>
<pin id="602" dir="0" index="0" bw="8" slack="0"/>
<pin id="603" dir="0" index="1" bw="38" slack="0"/>
<pin id="604" dir="0" index="2" bw="6" slack="0"/>
<pin id="605" dir="0" index="3" bw="6" slack="0"/>
<pin id="606" dir="1" index="4" bw="8" slack="1"/>
</pin_list>
<bind>
<opcode="partselect(1002) " fcode="partselect"/>
<opset="tmp_3/3 "/>
</bind>
</comp>

<comp id="611" class="1004" name="tmp_4_fu_611">
<pin_list>
<pin id="612" dir="0" index="0" bw="8" slack="0"/>
<pin id="613" dir="0" index="1" bw="38" slack="0"/>
<pin id="614" dir="0" index="2" bw="6" slack="0"/>
<pin id="615" dir="0" index="3" bw="6" slack="0"/>
<pin id="616" dir="1" index="4" bw="8" slack="1"/>
</pin_list>
<bind>
<opcode="partselect(1002) " fcode="partselect"/>
<opset="tmp_4/3 "/>
</bind>
</comp>

<comp id="621" class="1004" name="tmp_12_fu_621">
<pin_list>
<pin id="622" dir="0" index="0" bw="6" slack="0"/>
<pin id="623" dir="0" index="1" bw="38" slack="0"/>
<pin id="624" dir="0" index="2" bw="7" slack="0"/>
<pin id="625" dir="0" index="3" bw="7" slack="0"/>
<pin id="626" dir="1" index="4" bw="6" slack="1"/>
</pin_list>
<bind>
<opcode="partselect(1002) " fcode="partselect"/>
<opset="tmp_12/3 "/>
</bind>
</comp>

<comp id="631" class="1004" name="zext_ln1116_fu_631">
<pin_list>
<pin id="632" dir="0" index="0" bw="8" slack="1"/>
<pin id="633" dir="1" index="1" bw="16" slack="0"/>
</pin_list>
<bind>
<opcode="zext(34) " fcode="zext"/>
<opset="zext_ln1116/4 "/>
</bind>
</comp>

<comp id="634" class="1004" name="sext_ln1118_fu_634">
<pin_list>
<pin id="635" dir="0" index="0" bw="8" slack="1"/>
<pin id="636" dir="1" index="1" bw="16" slack="0"/>
</pin_list>
<bind>
<opcode="sext(35) " fcode="sext"/>
<opset="sext_ln1118/4 "/>
</bind>
</comp>

<comp id="637" class="1004" name="mul_ln1118_fu_637">
<pin_list>
<pin id="638" dir="0" index="0" bw="8" slack="0"/>
<pin id="639" dir="0" index="1" bw="8" slack="0"/>
<pin id="640" dir="1" index="2" bw="16" slack="0"/>
</pin_list>
<bind>
<opcode="mul(12) " fcode="mul"/>
<opset="mul_ln1118/4 "/>
</bind>
</comp>

<comp id="643" class="1004" name="trunc_ln_fu_643">
<pin_list>
<pin id="644" dir="0" index="0" bw="15" slack="0"/>
<pin id="645" dir="0" index="1" bw="16" slack="0"/>
<pin id="646" dir="0" index="2" bw="1" slack="0"/>
<pin id="647" dir="0" index="3" bw="5" slack="0"/>
<pin id="648" dir="1" index="4" bw="15" slack="0"/>
</pin_list>
<bind>
<opcode="partselect(1002) " fcode="partselect"/>
<opset="trunc_ln/4 "/>
</bind>
</comp>

<comp id="653" class="1004" name="sext_ln708_fu_653">
<pin_list>
<pin id="654" dir="0" index="0" bw="15" slack="0"/>
<pin id="655" dir="1" index="1" bw="16" slack="0"/>
</pin_list>
<bind>
<opcode="sext(35) " fcode="sext"/>
<opset="sext_ln708/4 "/>
</bind>
</comp>

<comp id="657" class="1004" name="trunc_ln703_5_fu_657">
<pin_list>
<pin id="658" dir="0" index="0" bw="12" slack="0"/>
<pin id="659" dir="0" index="1" bw="16" slack="0"/>
<pin id="660" dir="0" index="2" bw="1" slack="0"/>
<pin id="661" dir="0" index="3" bw="5" slack="0"/>
<pin id="662" dir="1" index="4" bw="12" slack="0"/>
</pin_list>
<bind>
<opcode="partselect(1002) " fcode="partselect"/>
<opset="trunc_ln703_5/4 "/>
</bind>
</comp>

<comp id="667" class="1004" name="trunc_ln703_fu_667">
<pin_list>
<pin id="668" dir="0" index="0" bw="16" slack="0"/>
<pin id="669" dir="1" index="1" bw="12" slack="0"/>
</pin_list>
<bind>
<opcode="trunc(33) " fcode="trunc"/>
<opset="trunc_ln703/4 "/>
</bind>
</comp>

<comp id="671" class="1004" name="acc_0_V_fu_671">
<pin_list>
<pin id="672" dir="0" index="0" bw="16" slack="0"/>
<pin id="673" dir="0" index="1" bw="15" slack="0"/>
<pin id="674" dir="1" index="2" bw="16" slack="0"/>
</pin_list>
<bind>
<opcode="add(8) " fcode="add"/>
<opset="acc_0_V/4 "/>
</bind>
</comp>

<comp id="677" class="1004" name="add_ln703_1_fu_677">
<pin_list>
<pin id="678" dir="0" index="0" bw="12" slack="0"/>
<pin id="679" dir="0" index="1" bw="12" slack="0"/>
<pin id="680" dir="1" index="2" bw="12" slack="0"/>
</pin_list>
<bind>
<opcode="add(8) " fcode="add"/>
<opset="add_ln703_1/4 "/>
</bind>
</comp>

<comp id="683" class="1004" name="sext_ln1118_1_fu_683">
<pin_list>
<pin id="684" dir="0" index="0" bw="8" slack="1"/>
<pin id="685" dir="1" index="1" bw="16" slack="0"/>
</pin_list>
<bind>
<opcode="sext(35) " fcode="sext"/>
<opset="sext_ln1118_1/4 "/>
</bind>
</comp>

<comp id="686" class="1004" name="mul_ln1118_1_fu_686">
<pin_list>
<pin id="687" dir="0" index="0" bw="8" slack="0"/>
<pin id="688" dir="0" index="1" bw="8" slack="0"/>
<pin id="689" dir="1" index="2" bw="16" slack="0"/>
</pin_list>
<bind>
<opcode="mul(12) " fcode="mul"/>
<opset="mul_ln1118_1/4 "/>
</bind>
</comp>

<comp id="692" class="1004" name="trunc_ln708_s_fu_692">
<pin_list>
<pin id="693" dir="0" index="0" bw="15" slack="0"/>
<pin id="694" dir="0" index="1" bw="16" slack="0"/>
<pin id="695" dir="0" index="2" bw="1" slack="0"/>
<pin id="696" dir="0" index="3" bw="5" slack="0"/>
<pin id="697" dir="1" index="4" bw="15" slack="0"/>
</pin_list>
<bind>
<opcode="partselect(1002) " fcode="partselect"/>
<opset="trunc_ln708_s/4 "/>
</bind>
</comp>

<comp id="702" class="1004" name="sext_ln708_1_fu_702">
<pin_list>
<pin id="703" dir="0" index="0" bw="15" slack="0"/>
<pin id="704" dir="1" index="1" bw="16" slack="0"/>
</pin_list>
<bind>
<opcode="sext(35) " fcode="sext"/>
<opset="sext_ln708_1/4 "/>
</bind>
</comp>

<comp id="706" class="1004" name="trunc_ln1_fu_706">
<pin_list>
<pin id="707" dir="0" index="0" bw="12" slack="0"/>
<pin id="708" dir="0" index="1" bw="16" slack="0"/>
<pin id="709" dir="0" index="2" bw="1" slack="0"/>
<pin id="710" dir="0" index="3" bw="5" slack="0"/>
<pin id="711" dir="1" index="4" bw="12" slack="0"/>
</pin_list>
<bind>
<opcode="partselect(1002) " fcode="partselect"/>
<opset="trunc_ln1/4 "/>
</bind>
</comp>

<comp id="716" class="1004" name="trunc_ln703_1_fu_716">
<pin_list>
<pin id="717" dir="0" index="0" bw="16" slack="0"/>
<pin id="718" dir="1" index="1" bw="12" slack="0"/>
</pin_list>
<bind>
<opcode="trunc(33) " fcode="trunc"/>
<opset="trunc_ln703_1/4 "/>
</bind>
</comp>

<comp id="720" class="1004" name="acc_1_V_fu_720">
<pin_list>
<pin id="721" dir="0" index="0" bw="16" slack="0"/>
<pin id="722" dir="0" index="1" bw="15" slack="0"/>
<pin id="723" dir="1" index="2" bw="16" slack="0"/>
</pin_list>
<bind>
<opcode="add(8) " fcode="add"/>
<opset="acc_1_V/4 "/>
</bind>
</comp>

<comp id="726" class="1004" name="add_ln703_2_fu_726">
<pin_list>
<pin id="727" dir="0" index="0" bw="12" slack="0"/>
<pin id="728" dir="0" index="1" bw="12" slack="0"/>
<pin id="729" dir="1" index="2" bw="12" slack="0"/>
</pin_list>
<bind>
<opcode="add(8) " fcode="add"/>
<opset="add_ln703_2/4 "/>
</bind>
</comp>

<comp id="732" class="1004" name="sext_ln1118_2_fu_732">
<pin_list>
<pin id="733" dir="0" index="0" bw="8" slack="1"/>
<pin id="734" dir="1" index="1" bw="16" slack="0"/>
</pin_list>
<bind>
<opcode="sext(35) " fcode="sext"/>
<opset="sext_ln1118_2/4 "/>
</bind>
</comp>

<comp id="735" class="1004" name="mul_ln1118_2_fu_735">
<pin_list>
<pin id="736" dir="0" index="0" bw="8" slack="0"/>
<pin id="737" dir="0" index="1" bw="8" slack="0"/>
<pin id="738" dir="1" index="2" bw="16" slack="0"/>
</pin_list>
<bind>
<opcode="mul(12) " fcode="mul"/>
<opset="mul_ln1118_2/4 "/>
</bind>
</comp>

<comp id="741" class="1004" name="trunc_ln708_14_fu_741">
<pin_list>
<pin id="742" dir="0" index="0" bw="15" slack="0"/>
<pin id="743" dir="0" index="1" bw="16" slack="0"/>
<pin id="744" dir="0" index="2" bw="1" slack="0"/>
<pin id="745" dir="0" index="3" bw="5" slack="0"/>
<pin id="746" dir="1" index="4" bw="15" slack="0"/>
</pin_list>
<bind>
<opcode="partselect(1002) " fcode="partselect"/>
<opset="trunc_ln708_14/4 "/>
</bind>
</comp>

<comp id="751" class="1004" name="sext_ln708_2_fu_751">
<pin_list>
<pin id="752" dir="0" index="0" bw="15" slack="0"/>
<pin id="753" dir="1" index="1" bw="16" slack="0"/>
</pin_list>
<bind>
<opcode="sext(35) " fcode="sext"/>
<opset="sext_ln708_2/4 "/>
</bind>
</comp>

<comp id="755" class="1004" name="trunc_ln703_8_fu_755">
<pin_list>
<pin id="756" dir="0" index="0" bw="12" slack="0"/>
<pin id="757" dir="0" index="1" bw="16" slack="0"/>
<pin id="758" dir="0" index="2" bw="1" slack="0"/>
<pin id="759" dir="0" index="3" bw="5" slack="0"/>
<pin id="760" dir="1" index="4" bw="12" slack="0"/>
</pin_list>
<bind>
<opcode="partselect(1002) " fcode="partselect"/>
<opset="trunc_ln703_8/4 "/>
</bind>
</comp>

<comp id="765" class="1004" name="trunc_ln703_3_fu_765">
<pin_list>
<pin id="766" dir="0" index="0" bw="16" slack="0"/>
<pin id="767" dir="1" index="1" bw="12" slack="0"/>
</pin_list>
<bind>
<opcode="trunc(33) " fcode="trunc"/>
<opset="trunc_ln703_3/4 "/>
</bind>
</comp>

<comp id="769" class="1004" name="acc_2_V_fu_769">
<pin_list>
<pin id="770" dir="0" index="0" bw="16" slack="0"/>
<pin id="771" dir="0" index="1" bw="15" slack="0"/>
<pin id="772" dir="1" index="2" bw="16" slack="0"/>
</pin_list>
<bind>
<opcode="add(8) " fcode="add"/>
<opset="acc_2_V/4 "/>
</bind>
</comp>

<comp id="775" class="1004" name="add_ln703_3_fu_775">
<pin_list>
<pin id="776" dir="0" index="0" bw="12" slack="0"/>
<pin id="777" dir="0" index="1" bw="12" slack="0"/>
<pin id="778" dir="1" index="2" bw="12" slack="0"/>
</pin_list>
<bind>
<opcode="add(8) " fcode="add"/>
<opset="add_ln703_3/4 "/>
</bind>
</comp>

<comp id="781" class="1004" name="sext_ln1118_3_fu_781">
<pin_list>
<pin id="782" dir="0" index="0" bw="8" slack="1"/>
<pin id="783" dir="1" index="1" bw="16" slack="0"/>
</pin_list>
<bind>
<opcode="sext(35) " fcode="sext"/>
<opset="sext_ln1118_3/4 "/>
</bind>
</comp>

<comp id="784" class="1004" name="mul_ln1118_3_fu_784">
<pin_list>
<pin id="785" dir="0" index="0" bw="8" slack="0"/>
<pin id="786" dir="0" index="1" bw="8" slack="0"/>
<pin id="787" dir="1" index="2" bw="16" slack="0"/>
</pin_list>
<bind>
<opcode="mul(12) " fcode="mul"/>
<opset="mul_ln1118_3/4 "/>
</bind>
</comp>

<comp id="790" class="1004" name="trunc_ln708_15_fu_790">
<pin_list>
<pin id="791" dir="0" index="0" bw="15" slack="0"/>
<pin id="792" dir="0" index="1" bw="16" slack="0"/>
<pin id="793" dir="0" index="2" bw="1" slack="0"/>
<pin id="794" dir="0" index="3" bw="5" slack="0"/>
<pin id="795" dir="1" index="4" bw="15" slack="0"/>
</pin_list>
<bind>
<opcode="partselect(1002) " fcode="partselect"/>
<opset="trunc_ln708_15/4 "/>
</bind>
</comp>

<comp id="800" class="1004" name="sext_ln708_3_fu_800">
<pin_list>
<pin id="801" dir="0" index="0" bw="15" slack="0"/>
<pin id="802" dir="1" index="1" bw="16" slack="0"/>
</pin_list>
<bind>
<opcode="sext(35) " fcode="sext"/>
<opset="sext_ln708_3/4 "/>
</bind>
</comp>

<comp id="804" class="1004" name="trunc_ln703_s_fu_804">
<pin_list>
<pin id="805" dir="0" index="0" bw="12" slack="0"/>
<pin id="806" dir="0" index="1" bw="16" slack="0"/>
<pin id="807" dir="0" index="2" bw="1" slack="0"/>
<pin id="808" dir="0" index="3" bw="5" slack="0"/>
<pin id="809" dir="1" index="4" bw="12" slack="0"/>
</pin_list>
<bind>
<opcode="partselect(1002) " fcode="partselect"/>
<opset="trunc_ln703_s/4 "/>
</bind>
</comp>

<comp id="814" class="1004" name="trunc_ln703_4_fu_814">
<pin_list>
<pin id="815" dir="0" index="0" bw="16" slack="0"/>
<pin id="816" dir="1" index="1" bw="12" slack="0"/>
</pin_list>
<bind>
<opcode="trunc(33) " fcode="trunc"/>
<opset="trunc_ln703_4/4 "/>
</bind>
</comp>

<comp id="818" class="1004" name="acc_3_V_fu_818">
<pin_list>
<pin id="819" dir="0" index="0" bw="16" slack="0"/>
<pin id="820" dir="0" index="1" bw="15" slack="0"/>
<pin id="821" dir="1" index="2" bw="16" slack="0"/>
</pin_list>
<bind>
<opcode="add(8) " fcode="add"/>
<opset="acc_3_V/4 "/>
</bind>
</comp>

<comp id="824" class="1004" name="add_ln703_4_fu_824">
<pin_list>
<pin id="825" dir="0" index="0" bw="12" slack="0"/>
<pin id="826" dir="0" index="1" bw="12" slack="0"/>
<pin id="827" dir="1" index="2" bw="12" slack="0"/>
</pin_list>
<bind>
<opcode="add(8) " fcode="add"/>
<opset="add_ln703_4/4 "/>
</bind>
</comp>

<comp id="830" class="1004" name="zext_ln1118_fu_830">
<pin_list>
<pin id="831" dir="0" index="0" bw="8" slack="1"/>
<pin id="832" dir="1" index="1" bw="14" slack="0"/>
</pin_list>
<bind>
<opcode="zext(34) " fcode="zext"/>
<opset="zext_ln1118/4 "/>
</bind>
</comp>

<comp id="833" class="1004" name="sext_ln1118_4_fu_833">
<pin_list>
<pin id="834" dir="0" index="0" bw="6" slack="1"/>
<pin id="835" dir="1" index="1" bw="14" slack="0"/>
</pin_list>
<bind>
<opcode="sext(35) " fcode="sext"/>
<opset="sext_ln1118_4/4 "/>
</bind>
</comp>

<comp id="836" class="1004" name="mul_ln1118_4_fu_836">
<pin_list>
<pin id="837" dir="0" index="0" bw="6" slack="0"/>
<pin id="838" dir="0" index="1" bw="8" slack="0"/>
<pin id="839" dir="1" index="2" bw="14" slack="0"/>
</pin_list>
<bind>
<opcode="mul(12) " fcode="mul"/>
<opset="mul_ln1118_4/4 "/>
</bind>
</comp>

<comp id="842" class="1004" name="trunc_ln708_16_fu_842">
<pin_list>
<pin id="843" dir="0" index="0" bw="13" slack="0"/>
<pin id="844" dir="0" index="1" bw="14" slack="0"/>
<pin id="845" dir="0" index="2" bw="1" slack="0"/>
<pin id="846" dir="0" index="3" bw="5" slack="0"/>
<pin id="847" dir="1" index="4" bw="13" slack="0"/>
</pin_list>
<bind>
<opcode="partselect(1002) " fcode="partselect"/>
<opset="trunc_ln708_16/4 "/>
</bind>
</comp>

<comp id="852" class="1004" name="sext_ln708_4_fu_852">
<pin_list>
<pin id="853" dir="0" index="0" bw="13" slack="0"/>
<pin id="854" dir="1" index="1" bw="16" slack="0"/>
</pin_list>
<bind>
<opcode="sext(35) " fcode="sext"/>
<opset="sext_ln708_4/4 "/>
</bind>
</comp>

<comp id="856" class="1004" name="trunc_ln703_2_fu_856">
<pin_list>
<pin id="857" dir="0" index="0" bw="12" slack="0"/>
<pin id="858" dir="0" index="1" bw="14" slack="0"/>
<pin id="859" dir="0" index="2" bw="1" slack="0"/>
<pin id="860" dir="0" index="3" bw="5" slack="0"/>
<pin id="861" dir="1" index="4" bw="12" slack="0"/>
</pin_list>
<bind>
<opcode="partselect(1002) " fcode="partselect"/>
<opset="trunc_ln703_2/4 "/>
</bind>
</comp>

<comp id="866" class="1004" name="trunc_ln703_6_fu_866">
<pin_list>
<pin id="867" dir="0" index="0" bw="16" slack="0"/>
<pin id="868" dir="1" index="1" bw="12" slack="0"/>
</pin_list>
<bind>
<opcode="trunc(33) " fcode="trunc"/>
<opset="trunc_ln703_6/4 "/>
</bind>
</comp>

<comp id="870" class="1004" name="acc_4_V_fu_870">
<pin_list>
<pin id="871" dir="0" index="0" bw="16" slack="0"/>
<pin id="872" dir="0" index="1" bw="13" slack="0"/>
<pin id="873" dir="1" index="2" bw="16" slack="0"/>
</pin_list>
<bind>
<opcode="add(8) " fcode="add"/>
<opset="acc_4_V/4 "/>
</bind>
</comp>

<comp id="876" class="1004" name="add_ln703_5_fu_876">
<pin_list>
<pin id="877" dir="0" index="0" bw="12" slack="0"/>
<pin id="878" dir="0" index="1" bw="12" slack="0"/>
<pin id="879" dir="1" index="2" bw="12" slack="0"/>
</pin_list>
<bind>
<opcode="add(8) " fcode="add"/>
<opset="add_ln703_5/4 "/>
</bind>
</comp>

<comp id="882" class="1004" name="trunc_ln2_fu_882">
<pin_list>
<pin id="883" dir="0" index="0" bw="8" slack="0"/>
<pin id="884" dir="0" index="1" bw="12" slack="0"/>
<pin id="885" dir="0" index="2" bw="4" slack="0"/>
<pin id="886" dir="0" index="3" bw="5" slack="0"/>
<pin id="887" dir="1" index="4" bw="8" slack="0"/>
</pin_list>
<bind>
<opcode="partselect(1002) " fcode="partselect"/>
<opset="trunc_ln2/4 "/>
</bind>
</comp>

<comp id="892" class="1004" name="trunc_ln46_1_fu_892">
<pin_list>
<pin id="893" dir="0" index="0" bw="8" slack="0"/>
<pin id="894" dir="0" index="1" bw="12" slack="0"/>
<pin id="895" dir="0" index="2" bw="4" slack="0"/>
<pin id="896" dir="0" index="3" bw="5" slack="0"/>
<pin id="897" dir="1" index="4" bw="8" slack="0"/>
</pin_list>
<bind>
<opcode="partselect(1002) " fcode="partselect"/>
<opset="trunc_ln46_1/4 "/>
</bind>
</comp>

<comp id="902" class="1004" name="trunc_ln46_2_fu_902">
<pin_list>
<pin id="903" dir="0" index="0" bw="8" slack="0"/>
<pin id="904" dir="0" index="1" bw="12" slack="0"/>
<pin id="905" dir="0" index="2" bw="4" slack="0"/>
<pin id="906" dir="0" index="3" bw="5" slack="0"/>
<pin id="907" dir="1" index="4" bw="8" slack="0"/>
</pin_list>
<bind>
<opcode="partselect(1002) " fcode="partselect"/>
<opset="trunc_ln46_2/4 "/>
</bind>
</comp>

<comp id="912" class="1004" name="trunc_ln46_3_fu_912">
<pin_list>
<pin id="913" dir="0" index="0" bw="8" slack="0"/>
<pin id="914" dir="0" index="1" bw="12" slack="0"/>
<pin id="915" dir="0" index="2" bw="4" slack="0"/>
<pin id="916" dir="0" index="3" bw="5" slack="0"/>
<pin id="917" dir="1" index="4" bw="8" slack="0"/>
</pin_list>
<bind>
<opcode="partselect(1002) " fcode="partselect"/>
<opset="trunc_ln46_3/4 "/>
</bind>
</comp>

<comp id="922" class="1004" name="trunc_ln46_4_fu_922">
<pin_list>
<pin id="923" dir="0" index="0" bw="8" slack="0"/>
<pin id="924" dir="0" index="1" bw="12" slack="0"/>
<pin id="925" dir="0" index="2" bw="4" slack="0"/>
<pin id="926" dir="0" index="3" bw="5" slack="0"/>
<pin id="927" dir="1" index="4" bw="8" slack="0"/>
</pin_list>
<bind>
<opcode="partselect(1002) " fcode="partselect"/>
<opset="trunc_ln46_4/4 "/>
</bind>
</comp>

<comp id="932" class="1004" name="mrv_fu_932">
<pin_list>
<pin id="933" dir="0" index="0" bw="40" slack="0"/>
<pin id="934" dir="0" index="1" bw="8" slack="0"/>
<pin id="935" dir="1" index="2" bw="40" slack="0"/>
</pin_list>
<bind>
<opcode="insertvalue(57) " fcode="insertvalue"/>
<opset="mrv/4 "/>
</bind>
</comp>

<comp id="938" class="1004" name="mrv_1_fu_938">
<pin_list>
<pin id="939" dir="0" index="0" bw="40" slack="0"/>
<pin id="940" dir="0" index="1" bw="8" slack="0"/>
<pin id="941" dir="1" index="2" bw="40" slack="0"/>
</pin_list>
<bind>
<opcode="insertvalue(57) " fcode="insertvalue"/>
<opset="mrv_1/4 "/>
</bind>
</comp>

<comp id="944" class="1004" name="mrv_2_fu_944">
<pin_list>
<pin id="945" dir="0" index="0" bw="40" slack="0"/>
<pin id="946" dir="0" index="1" bw="8" slack="0"/>
<pin id="947" dir="1" index="2" bw="40" slack="0"/>
</pin_list>
<bind>
<opcode="insertvalue(57) " fcode="insertvalue"/>
<opset="mrv_2/4 "/>
</bind>
</comp>

<comp id="950" class="1004" name="mrv_3_fu_950">
<pin_list>
<pin id="951" dir="0" index="0" bw="40" slack="0"/>
<pin id="952" dir="0" index="1" bw="8" slack="0"/>
<pin id="953" dir="1" index="2" bw="40" slack="0"/>
</pin_list>
<bind>
<opcode="insertvalue(57) " fcode="insertvalue"/>
<opset="mrv_3/4 "/>
</bind>
</comp>

<comp id="956" class="1004" name="mrv_4_fu_956">
<pin_list>
<pin id="957" dir="0" index="0" bw="40" slack="0"/>
<pin id="958" dir="0" index="1" bw="8" slack="0"/>
<pin id="959" dir="1" index="2" bw="40" slack="0"/>
</pin_list>
<bind>
<opcode="insertvalue(57) " fcode="insertvalue"/>
<opset="mrv_4/4 "/>
</bind>
</comp>

<comp id="962" class="1004" name="return_ln21_fu_962">
<pin_list>
<pin id="963" dir="0" index="0" bw="40" slack="0"/>
<pin id="964" dir="1" index="1" bw="0" slack="2147483647"/>
</pin_list>
<bind>
<opcode="return(1203) " fcode="return"/>
<opset="return_ln21/4 "/>
</bind>
</comp>

<comp id="966" class="1005" name="data_9_V_read_1_reg_966">
<pin_list>
<pin id="967" dir="0" index="0" bw="8" slack="1"/>
<pin id="968" dir="1" index="1" bw="8" slack="1"/>
</pin_list>
<bind>
<opset="data_9_V_read_1 "/>
</bind>
</comp>

<comp id="971" class="1005" name="data_8_V_read_1_reg_971">
<pin_list>
<pin id="972" dir="0" index="0" bw="8" slack="1"/>
<pin id="973" dir="1" index="1" bw="8" slack="1"/>
</pin_list>
<bind>
<opset="data_8_V_read_1 "/>
</bind>
</comp>

<comp id="976" class="1005" name="data_7_V_read_1_reg_976">
<pin_list>
<pin id="977" dir="0" index="0" bw="8" slack="1"/>
<pin id="978" dir="1" index="1" bw="8" slack="1"/>
</pin_list>
<bind>
<opset="data_7_V_read_1 "/>
</bind>
</comp>

<comp id="981" class="1005" name="data_6_V_read_1_reg_981">
<pin_list>
<pin id="982" dir="0" index="0" bw="8" slack="1"/>
<pin id="983" dir="1" index="1" bw="8" slack="1"/>
</pin_list>
<bind>
<opset="data_6_V_read_1 "/>
</bind>
</comp>

<comp id="986" class="1005" name="data_5_V_read_1_reg_986">
<pin_list>
<pin id="987" dir="0" index="0" bw="8" slack="1"/>
<pin id="988" dir="1" index="1" bw="8" slack="1"/>
</pin_list>
<bind>
<opset="data_5_V_read_1 "/>
</bind>
</comp>

<comp id="991" class="1005" name="data_4_V_read_1_reg_991">
<pin_list>
<pin id="992" dir="0" index="0" bw="8" slack="1"/>
<pin id="993" dir="1" index="1" bw="8" slack="1"/>
</pin_list>
<bind>
<opset="data_4_V_read_1 "/>
</bind>
</comp>

<comp id="996" class="1005" name="data_3_V_read_1_reg_996">
<pin_list>
<pin id="997" dir="0" index="0" bw="8" slack="1"/>
<pin id="998" dir="1" index="1" bw="8" slack="1"/>
</pin_list>
<bind>
<opset="data_3_V_read_1 "/>
</bind>
</comp>

<comp id="1001" class="1005" name="data_2_V_read_1_reg_1001">
<pin_list>
<pin id="1002" dir="0" index="0" bw="8" slack="1"/>
<pin id="1003" dir="1" index="1" bw="8" slack="1"/>
</pin_list>
<bind>
<opset="data_2_V_read_1 "/>
</bind>
</comp>

<comp id="1006" class="1005" name="data_1_V_read_1_reg_1006">
<pin_list>
<pin id="1007" dir="0" index="0" bw="8" slack="1"/>
<pin id="1008" dir="1" index="1" bw="8" slack="1"/>
</pin_list>
<bind>
<opset="data_1_V_read_1 "/>
</bind>
</comp>

<comp id="1011" class="1005" name="data_0_V_read_1_reg_1011">
<pin_list>
<pin id="1012" dir="0" index="0" bw="8" slack="1"/>
<pin id="1013" dir="1" index="1" bw="8" slack="1"/>
</pin_list>
<bind>
<opset="data_0_V_read_1 "/>
</bind>
</comp>

<comp id="1016" class="1005" name="w21_V_addr_reg_1016">
<pin_list>
<pin id="1017" dir="0" index="0" bw="4" slack="1"/>
<pin id="1018" dir="1" index="1" bw="4" slack="1"/>
</pin_list>
<bind>
<opset="w21_V_addr "/>
</bind>
</comp>

<comp id="1021" class="1005" name="w_index_reg_1021">
<pin_list>
<pin id="1022" dir="0" index="0" bw="4" slack="0"/>
<pin id="1023" dir="1" index="1" bw="4" slack="0"/>
</pin_list>
<bind>
<opset="w_index "/>
</bind>
</comp>

<comp id="1026" class="1005" name="icmp_ln46_reg_1026">
<pin_list>
<pin id="1027" dir="0" index="0" bw="1" slack="1"/>
<pin id="1028" dir="1" index="1" bw="1" slack="2147483647"/>
</pin_list>
<bind>
<opset="icmp_ln46 "/>
</bind>
</comp>

<comp id="1030" class="1005" name="tmp_11_reg_1030">
<pin_list>
<pin id="1031" dir="0" index="0" bw="8" slack="1"/>
<pin id="1032" dir="1" index="1" bw="8" slack="1"/>
</pin_list>
<bind>
<opset="tmp_11 "/>
</bind>
</comp>

<comp id="1036" class="1005" name="trunc_ln59_reg_1036">
<pin_list>
<pin id="1037" dir="0" index="0" bw="8" slack="1"/>
<pin id="1038" dir="1" index="1" bw="8" slack="1"/>
</pin_list>
<bind>
<opset="trunc_ln59 "/>
</bind>
</comp>

<comp id="1041" class="1005" name="tmp_2_reg_1041">
<pin_list>
<pin id="1042" dir="0" index="0" bw="8" slack="1"/>
<pin id="1043" dir="1" index="1" bw="8" slack="1"/>
</pin_list>
<bind>
<opset="tmp_2 "/>
</bind>
</comp>

<comp id="1046" class="1005" name="tmp_3_reg_1046">
<pin_list>
<pin id="1047" dir="0" index="0" bw="8" slack="1"/>
<pin id="1048" dir="1" index="1" bw="8" slack="1"/>
</pin_list>
<bind>
<opset="tmp_3 "/>
</bind>
</comp>

<comp id="1051" class="1005" name="tmp_4_reg_1051">
<pin_list>
<pin id="1052" dir="0" index="0" bw="8" slack="1"/>
<pin id="1053" dir="1" index="1" bw="8" slack="1"/>
</pin_list>
<bind>
<opset="tmp_4 "/>
</bind>
</comp>

<comp id="1056" class="1005" name="tmp_12_reg_1056">
<pin_list>
<pin id="1057" dir="0" index="0" bw="6" slack="1"/>
<pin id="1058" dir="1" index="1" bw="6" slack="1"/>
</pin_list>
<bind>
<opset="tmp_12 "/>
</bind>
</comp>

<comp id="1061" class="1005" name="acc_0_V_reg_1061">
<pin_list>
<pin id="1062" dir="0" index="0" bw="16" slack="0"/>
<pin id="1063" dir="1" index="1" bw="16" slack="0"/>
</pin_list>
<bind>
<opset="acc_0_V "/>
</bind>
</comp>

<comp id="1066" class="1005" name="acc_1_V_reg_1066">
<pin_list>
<pin id="1067" dir="0" index="0" bw="16" slack="0"/>
<pin id="1068" dir="1" index="1" bw="16" slack="0"/>
</pin_list>
<bind>
<opset="acc_1_V "/>
</bind>
</comp>

<comp id="1071" class="1005" name="acc_2_V_reg_1071">
<pin_list>
<pin id="1072" dir="0" index="0" bw="16" slack="0"/>
<pin id="1073" dir="1" index="1" bw="16" slack="0"/>
</pin_list>
<bind>
<opset="acc_2_V "/>
</bind>
</comp>

<comp id="1076" class="1005" name="acc_3_V_reg_1076">
<pin_list>
<pin id="1077" dir="0" index="0" bw="16" slack="0"/>
<pin id="1078" dir="1" index="1" bw="16" slack="0"/>
</pin_list>
<bind>
<opset="acc_3_V "/>
</bind>
</comp>

<comp id="1081" class="1005" name="acc_4_V_reg_1081">
<pin_list>
<pin id="1082" dir="0" index="0" bw="16" slack="0"/>
<pin id="1083" dir="1" index="1" bw="16" slack="0"/>
</pin_list>
<bind>
<opset="acc_4_V "/>
</bind>
</comp>

</comp_list>

<net_list>
<net id="114"><net_src comp="32" pin="0"/><net_sink comp="110" pin=0"/></net>

<net id="115"><net_src comp="18" pin="0"/><net_sink comp="110" pin=1"/></net>

<net id="120"><net_src comp="32" pin="0"/><net_sink comp="116" pin=0"/></net>

<net id="121"><net_src comp="16" pin="0"/><net_sink comp="116" pin=1"/></net>

<net id="126"><net_src comp="32" pin="0"/><net_sink comp="122" pin=0"/></net>

<net id="127"><net_src comp="14" pin="0"/><net_sink comp="122" pin=1"/></net>

<net id="132"><net_src comp="32" pin="0"/><net_sink comp="128" pin=0"/></net>

<net id="133"><net_src comp="12" pin="0"/><net_sink comp="128" pin=1"/></net>

<net id="138"><net_src comp="32" pin="0"/><net_sink comp="134" pin=0"/></net>

<net id="139"><net_src comp="10" pin="0"/><net_sink comp="134" pin=1"/></net>

<net id="144"><net_src comp="32" pin="0"/><net_sink comp="140" pin=0"/></net>

<net id="145"><net_src comp="8" pin="0"/><net_sink comp="140" pin=1"/></net>

<net id="150"><net_src comp="32" pin="0"/><net_sink comp="146" pin=0"/></net>

<net id="151"><net_src comp="6" pin="0"/><net_sink comp="146" pin=1"/></net>

<net id="156"><net_src comp="32" pin="0"/><net_sink comp="152" pin=0"/></net>

<net id="157"><net_src comp="4" pin="0"/><net_sink comp="152" pin=1"/></net>

<net id="162"><net_src comp="32" pin="0"/><net_sink comp="158" pin=0"/></net>

<net id="163"><net_src comp="2" pin="0"/><net_sink comp="158" pin=1"/></net>

<net id="168"><net_src comp="32" pin="0"/><net_sink comp="164" pin=0"/></net>

<net id="169"><net_src comp="0" pin="0"/><net_sink comp="164" pin=1"/></net>

<net id="175"><net_src comp="20" pin="0"/><net_sink comp="170" pin=0"/></net>

<net id="176"><net_src comp="34" pin="0"/><net_sink comp="170" pin=1"/></net>

<net id="182"><net_src comp="170" pin="3"/><net_sink comp="177" pin=0"/></net>

<net id="186"><net_src comp="26" pin="0"/><net_sink comp="183" pin=0"/></net>

<net id="195"><net_src comp="183" pin="1"/><net_sink comp="187" pin=0"/></net>

<net id="196"><net_src comp="28" pin="0"/><net_sink comp="187" pin=2"/></net>

<net id="197"><net_src comp="26" pin="0"/><net_sink comp="187" pin=4"/></net>

<net id="198"><net_src comp="187" pin="6"/><net_sink comp="183" pin=0"/></net>

<net id="202"><net_src comp="30" pin="0"/><net_sink comp="199" pin=0"/></net>

<net id="211"><net_src comp="199" pin="1"/><net_sink comp="203" pin=0"/></net>

<net id="212"><net_src comp="30" pin="0"/><net_sink comp="203" pin=4"/></net>

<net id="213"><net_src comp="203" pin="6"/><net_sink comp="199" pin=0"/></net>

<net id="217"><net_src comp="40" pin="0"/><net_sink comp="214" pin=0"/></net>

<net id="226"><net_src comp="214" pin="1"/><net_sink comp="218" pin=0"/></net>

<net id="227"><net_src comp="214" pin="1"/><net_sink comp="218" pin=4"/></net>

<net id="231"><net_src comp="40" pin="0"/><net_sink comp="228" pin=0"/></net>

<net id="240"><net_src comp="228" pin="1"/><net_sink comp="232" pin=0"/></net>

<net id="241"><net_src comp="228" pin="1"/><net_sink comp="232" pin=4"/></net>

<net id="245"><net_src comp="40" pin="0"/><net_sink comp="242" pin=0"/></net>

<net id="254"><net_src comp="242" pin="1"/><net_sink comp="246" pin=0"/></net>

<net id="255"><net_src comp="242" pin="1"/><net_sink comp="246" pin=4"/></net>

<net id="259"><net_src comp="40" pin="0"/><net_sink comp="256" pin=0"/></net>

<net id="268"><net_src comp="256" pin="1"/><net_sink comp="260" pin=0"/></net>

<net id="269"><net_src comp="256" pin="1"/><net_sink comp="260" pin=4"/></net>

<net id="273"><net_src comp="40" pin="0"/><net_sink comp="270" pin=0"/></net>

<net id="282"><net_src comp="270" pin="1"/><net_sink comp="274" pin=0"/></net>

<net id="283"><net_src comp="270" pin="1"/><net_sink comp="274" pin=4"/></net>

<net id="287"><net_src comp="40" pin="0"/><net_sink comp="284" pin=0"/></net>

<net id="296"><net_src comp="284" pin="1"/><net_sink comp="288" pin=0"/></net>

<net id="297"><net_src comp="284" pin="1"/><net_sink comp="288" pin=4"/></net>

<net id="301"><net_src comp="40" pin="0"/><net_sink comp="298" pin=0"/></net>

<net id="310"><net_src comp="298" pin="1"/><net_sink comp="302" pin=0"/></net>

<net id="311"><net_src comp="298" pin="1"/><net_sink comp="302" pin=4"/></net>

<net id="315"><net_src comp="40" pin="0"/><net_sink comp="312" pin=0"/></net>

<net id="324"><net_src comp="312" pin="1"/><net_sink comp="316" pin=0"/></net>

<net id="325"><net_src comp="312" pin="1"/><net_sink comp="316" pin=4"/></net>

<net id="329"><net_src comp="40" pin="0"/><net_sink comp="326" pin=0"/></net>

<net id="338"><net_src comp="326" pin="1"/><net_sink comp="330" pin=0"/></net>

<net id="339"><net_src comp="326" pin="1"/><net_sink comp="330" pin=4"/></net>

<net id="343"><net_src comp="40" pin="0"/><net_sink comp="340" pin=0"/></net>

<net id="352"><net_src comp="340" pin="1"/><net_sink comp="344" pin=0"/></net>

<net id="353"><net_src comp="340" pin="1"/><net_sink comp="344" pin=4"/></net>

<net id="357"><net_src comp="354" pin="1"/><net_sink comp="218" pin=2"/></net>

<net id="364"><net_src comp="218" pin="6"/><net_sink comp="358" pin=2"/></net>

<net id="365"><net_src comp="358" pin="4"/><net_sink comp="354" pin=0"/></net>

<net id="369"><net_src comp="366" pin="1"/><net_sink comp="232" pin=2"/></net>

<net id="376"><net_src comp="232" pin="6"/><net_sink comp="370" pin=2"/></net>

<net id="377"><net_src comp="370" pin="4"/><net_sink comp="366" pin=0"/></net>

<net id="381"><net_src comp="378" pin="1"/><net_sink comp="246" pin=2"/></net>

<net id="388"><net_src comp="246" pin="6"/><net_sink comp="382" pin=2"/></net>

<net id="389"><net_src comp="382" pin="4"/><net_sink comp="378" pin=0"/></net>

<net id="393"><net_src comp="390" pin="1"/><net_sink comp="260" pin=2"/></net>

<net id="400"><net_src comp="260" pin="6"/><net_sink comp="394" pin=2"/></net>

<net id="401"><net_src comp="394" pin="4"/><net_sink comp="390" pin=0"/></net>

<net id="405"><net_src comp="402" pin="1"/><net_sink comp="274" pin=2"/></net>

<net id="412"><net_src comp="274" pin="6"/><net_sink comp="406" pin=2"/></net>

<net id="413"><net_src comp="406" pin="4"/><net_sink comp="402" pin=0"/></net>

<net id="417"><net_src comp="414" pin="1"/><net_sink comp="288" pin=2"/></net>

<net id="424"><net_src comp="288" pin="6"/><net_sink comp="418" pin=2"/></net>

<net id="425"><net_src comp="418" pin="4"/><net_sink comp="414" pin=0"/></net>

<net id="429"><net_src comp="426" pin="1"/><net_sink comp="302" pin=2"/></net>

<net id="436"><net_src comp="302" pin="6"/><net_sink comp="430" pin=2"/></net>

<net id="437"><net_src comp="430" pin="4"/><net_sink comp="426" pin=0"/></net>

<net id="441"><net_src comp="438" pin="1"/><net_sink comp="316" pin=2"/></net>

<net id="448"><net_src comp="316" pin="6"/><net_sink comp="442" pin=2"/></net>

<net id="449"><net_src comp="442" pin="4"/><net_sink comp="438" pin=0"/></net>

<net id="453"><net_src comp="450" pin="1"/><net_sink comp="330" pin=2"/></net>

<net id="460"><net_src comp="330" pin="6"/><net_sink comp="454" pin=2"/></net>

<net id="461"><net_src comp="454" pin="4"/><net_sink comp="450" pin=0"/></net>

<net id="465"><net_src comp="462" pin="1"/><net_sink comp="344" pin=2"/></net>

<net id="472"><net_src comp="344" pin="6"/><net_sink comp="466" pin=2"/></net>

<net id="473"><net_src comp="466" pin="4"/><net_sink comp="462" pin=0"/></net>

<net id="477"><net_src comp="64" pin="0"/><net_sink comp="474" pin=0"/></net>

<net id="486"><net_src comp="474" pin="1"/><net_sink comp="478" pin=0"/></net>

<net id="487"><net_src comp="474" pin="1"/><net_sink comp="478" pin=4"/></net>

<net id="491"><net_src comp="64" pin="0"/><net_sink comp="488" pin=0"/></net>

<net id="500"><net_src comp="488" pin="1"/><net_sink comp="492" pin=0"/></net>

<net id="501"><net_src comp="488" pin="1"/><net_sink comp="492" pin=4"/></net>

<net id="505"><net_src comp="64" pin="0"/><net_sink comp="502" pin=0"/></net>

<net id="514"><net_src comp="502" pin="1"/><net_sink comp="506" pin=0"/></net>

<net id="515"><net_src comp="502" pin="1"/><net_sink comp="506" pin=4"/></net>

<net id="519"><net_src comp="64" pin="0"/><net_sink comp="516" pin=0"/></net>

<net id="528"><net_src comp="516" pin="1"/><net_sink comp="520" pin=0"/></net>

<net id="529"><net_src comp="516" pin="1"/><net_sink comp="520" pin=4"/></net>

<net id="533"><net_src comp="64" pin="0"/><net_sink comp="530" pin=0"/></net>

<net id="542"><net_src comp="530" pin="1"/><net_sink comp="534" pin=0"/></net>

<net id="543"><net_src comp="530" pin="1"/><net_sink comp="534" pin=4"/></net>

<net id="547"><net_src comp="203" pin="6"/><net_sink comp="544" pin=0"/></net>

<net id="548"><net_src comp="544" pin="1"/><net_sink comp="170" pin=2"/></net>

<net id="553"><net_src comp="36" pin="0"/><net_sink comp="549" pin=0"/></net>

<net id="554"><net_src comp="203" pin="6"/><net_sink comp="549" pin=1"/></net>

<net id="559"><net_src comp="203" pin="6"/><net_sink comp="555" pin=0"/></net>

<net id="560"><net_src comp="38" pin="0"/><net_sink comp="555" pin=1"/></net>

<net id="575"><net_src comp="42" pin="0"/><net_sink comp="561" pin=0"/></net>

<net id="576"><net_src comp="358" pin="4"/><net_sink comp="561" pin=1"/></net>

<net id="577"><net_src comp="370" pin="4"/><net_sink comp="561" pin=2"/></net>

<net id="578"><net_src comp="382" pin="4"/><net_sink comp="561" pin=3"/></net>

<net id="579"><net_src comp="394" pin="4"/><net_sink comp="561" pin=4"/></net>

<net id="580"><net_src comp="406" pin="4"/><net_sink comp="561" pin=5"/></net>

<net id="581"><net_src comp="418" pin="4"/><net_sink comp="561" pin=6"/></net>

<net id="582"><net_src comp="430" pin="4"/><net_sink comp="561" pin=7"/></net>

<net id="583"><net_src comp="442" pin="4"/><net_sink comp="561" pin=8"/></net>

<net id="584"><net_src comp="454" pin="4"/><net_sink comp="561" pin=9"/></net>

<net id="585"><net_src comp="466" pin="4"/><net_sink comp="561" pin=10"/></net>

<net id="586"><net_src comp="199" pin="1"/><net_sink comp="561" pin=11"/></net>

<net id="590"><net_src comp="177" pin="3"/><net_sink comp="587" pin=0"/></net>

<net id="597"><net_src comp="44" pin="0"/><net_sink comp="591" pin=0"/></net>

<net id="598"><net_src comp="177" pin="3"/><net_sink comp="591" pin=1"/></net>

<net id="599"><net_src comp="46" pin="0"/><net_sink comp="591" pin=2"/></net>

<net id="600"><net_src comp="48" pin="0"/><net_sink comp="591" pin=3"/></net>

<net id="607"><net_src comp="44" pin="0"/><net_sink comp="601" pin=0"/></net>

<net id="608"><net_src comp="177" pin="3"/><net_sink comp="601" pin=1"/></net>

<net id="609"><net_src comp="50" pin="0"/><net_sink comp="601" pin=2"/></net>

<net id="610"><net_src comp="52" pin="0"/><net_sink comp="601" pin=3"/></net>

<net id="617"><net_src comp="44" pin="0"/><net_sink comp="611" pin=0"/></net>

<net id="618"><net_src comp="177" pin="3"/><net_sink comp="611" pin=1"/></net>

<net id="619"><net_src comp="54" pin="0"/><net_sink comp="611" pin=2"/></net>

<net id="620"><net_src comp="56" pin="0"/><net_sink comp="611" pin=3"/></net>

<net id="627"><net_src comp="58" pin="0"/><net_sink comp="621" pin=0"/></net>

<net id="628"><net_src comp="177" pin="3"/><net_sink comp="621" pin=1"/></net>

<net id="629"><net_src comp="60" pin="0"/><net_sink comp="621" pin=2"/></net>

<net id="630"><net_src comp="62" pin="0"/><net_sink comp="621" pin=3"/></net>

<net id="641"><net_src comp="631" pin="1"/><net_sink comp="637" pin=0"/></net>

<net id="642"><net_src comp="634" pin="1"/><net_sink comp="637" pin=1"/></net>

<net id="649"><net_src comp="86" pin="0"/><net_sink comp="643" pin=0"/></net>

<net id="650"><net_src comp="637" pin="2"/><net_sink comp="643" pin=1"/></net>

<net id="651"><net_src comp="82" pin="0"/><net_sink comp="643" pin=2"/></net>

<net id="652"><net_src comp="48" pin="0"/><net_sink comp="643" pin=3"/></net>

<net id="656"><net_src comp="643" pin="4"/><net_sink comp="653" pin=0"/></net>

<net id="663"><net_src comp="88" pin="0"/><net_sink comp="657" pin=0"/></net>

<net id="664"><net_src comp="637" pin="2"/><net_sink comp="657" pin=1"/></net>

<net id="665"><net_src comp="82" pin="0"/><net_sink comp="657" pin=2"/></net>

<net id="666"><net_src comp="90" pin="0"/><net_sink comp="657" pin=3"/></net>

<net id="670"><net_src comp="534" pin="6"/><net_sink comp="667" pin=0"/></net>

<net id="675"><net_src comp="534" pin="6"/><net_sink comp="671" pin=0"/></net>

<net id="676"><net_src comp="653" pin="1"/><net_sink comp="671" pin=1"/></net>

<net id="681"><net_src comp="667" pin="1"/><net_sink comp="677" pin=0"/></net>

<net id="682"><net_src comp="657" pin="4"/><net_sink comp="677" pin=1"/></net>

<net id="690"><net_src comp="631" pin="1"/><net_sink comp="686" pin=0"/></net>

<net id="691"><net_src comp="683" pin="1"/><net_sink comp="686" pin=1"/></net>

<net id="698"><net_src comp="86" pin="0"/><net_sink comp="692" pin=0"/></net>

<net id="699"><net_src comp="686" pin="2"/><net_sink comp="692" pin=1"/></net>

<net id="700"><net_src comp="82" pin="0"/><net_sink comp="692" pin=2"/></net>

<net id="701"><net_src comp="48" pin="0"/><net_sink comp="692" pin=3"/></net>

<net id="705"><net_src comp="692" pin="4"/><net_sink comp="702" pin=0"/></net>

<net id="712"><net_src comp="88" pin="0"/><net_sink comp="706" pin=0"/></net>

<net id="713"><net_src comp="686" pin="2"/><net_sink comp="706" pin=1"/></net>

<net id="714"><net_src comp="82" pin="0"/><net_sink comp="706" pin=2"/></net>

<net id="715"><net_src comp="90" pin="0"/><net_sink comp="706" pin=3"/></net>

<net id="719"><net_src comp="520" pin="6"/><net_sink comp="716" pin=0"/></net>

<net id="724"><net_src comp="520" pin="6"/><net_sink comp="720" pin=0"/></net>

<net id="725"><net_src comp="702" pin="1"/><net_sink comp="720" pin=1"/></net>

<net id="730"><net_src comp="716" pin="1"/><net_sink comp="726" pin=0"/></net>

<net id="731"><net_src comp="706" pin="4"/><net_sink comp="726" pin=1"/></net>

<net id="739"><net_src comp="631" pin="1"/><net_sink comp="735" pin=0"/></net>

<net id="740"><net_src comp="732" pin="1"/><net_sink comp="735" pin=1"/></net>

<net id="747"><net_src comp="86" pin="0"/><net_sink comp="741" pin=0"/></net>

<net id="748"><net_src comp="735" pin="2"/><net_sink comp="741" pin=1"/></net>

<net id="749"><net_src comp="82" pin="0"/><net_sink comp="741" pin=2"/></net>

<net id="750"><net_src comp="48" pin="0"/><net_sink comp="741" pin=3"/></net>

<net id="754"><net_src comp="741" pin="4"/><net_sink comp="751" pin=0"/></net>

<net id="761"><net_src comp="88" pin="0"/><net_sink comp="755" pin=0"/></net>

<net id="762"><net_src comp="735" pin="2"/><net_sink comp="755" pin=1"/></net>

<net id="763"><net_src comp="82" pin="0"/><net_sink comp="755" pin=2"/></net>

<net id="764"><net_src comp="90" pin="0"/><net_sink comp="755" pin=3"/></net>

<net id="768"><net_src comp="506" pin="6"/><net_sink comp="765" pin=0"/></net>

<net id="773"><net_src comp="506" pin="6"/><net_sink comp="769" pin=0"/></net>

<net id="774"><net_src comp="751" pin="1"/><net_sink comp="769" pin=1"/></net>

<net id="779"><net_src comp="765" pin="1"/><net_sink comp="775" pin=0"/></net>

<net id="780"><net_src comp="755" pin="4"/><net_sink comp="775" pin=1"/></net>

<net id="788"><net_src comp="631" pin="1"/><net_sink comp="784" pin=0"/></net>

<net id="789"><net_src comp="781" pin="1"/><net_sink comp="784" pin=1"/></net>

<net id="796"><net_src comp="86" pin="0"/><net_sink comp="790" pin=0"/></net>

<net id="797"><net_src comp="784" pin="2"/><net_sink comp="790" pin=1"/></net>

<net id="798"><net_src comp="82" pin="0"/><net_sink comp="790" pin=2"/></net>

<net id="799"><net_src comp="48" pin="0"/><net_sink comp="790" pin=3"/></net>

<net id="803"><net_src comp="790" pin="4"/><net_sink comp="800" pin=0"/></net>

<net id="810"><net_src comp="88" pin="0"/><net_sink comp="804" pin=0"/></net>

<net id="811"><net_src comp="784" pin="2"/><net_sink comp="804" pin=1"/></net>

<net id="812"><net_src comp="82" pin="0"/><net_sink comp="804" pin=2"/></net>

<net id="813"><net_src comp="90" pin="0"/><net_sink comp="804" pin=3"/></net>

<net id="817"><net_src comp="492" pin="6"/><net_sink comp="814" pin=0"/></net>

<net id="822"><net_src comp="492" pin="6"/><net_sink comp="818" pin=0"/></net>

<net id="823"><net_src comp="800" pin="1"/><net_sink comp="818" pin=1"/></net>

<net id="828"><net_src comp="814" pin="1"/><net_sink comp="824" pin=0"/></net>

<net id="829"><net_src comp="804" pin="4"/><net_sink comp="824" pin=1"/></net>

<net id="840"><net_src comp="833" pin="1"/><net_sink comp="836" pin=0"/></net>

<net id="841"><net_src comp="830" pin="1"/><net_sink comp="836" pin=1"/></net>

<net id="848"><net_src comp="92" pin="0"/><net_sink comp="842" pin=0"/></net>

<net id="849"><net_src comp="836" pin="2"/><net_sink comp="842" pin=1"/></net>

<net id="850"><net_src comp="82" pin="0"/><net_sink comp="842" pin=2"/></net>

<net id="851"><net_src comp="94" pin="0"/><net_sink comp="842" pin=3"/></net>

<net id="855"><net_src comp="842" pin="4"/><net_sink comp="852" pin=0"/></net>

<net id="862"><net_src comp="96" pin="0"/><net_sink comp="856" pin=0"/></net>

<net id="863"><net_src comp="836" pin="2"/><net_sink comp="856" pin=1"/></net>

<net id="864"><net_src comp="82" pin="0"/><net_sink comp="856" pin=2"/></net>

<net id="865"><net_src comp="90" pin="0"/><net_sink comp="856" pin=3"/></net>

<net id="869"><net_src comp="478" pin="6"/><net_sink comp="866" pin=0"/></net>

<net id="874"><net_src comp="478" pin="6"/><net_sink comp="870" pin=0"/></net>

<net id="875"><net_src comp="852" pin="1"/><net_sink comp="870" pin=1"/></net>

<net id="880"><net_src comp="866" pin="1"/><net_sink comp="876" pin=0"/></net>

<net id="881"><net_src comp="856" pin="4"/><net_sink comp="876" pin=1"/></net>

<net id="888"><net_src comp="98" pin="0"/><net_sink comp="882" pin=0"/></net>

<net id="889"><net_src comp="677" pin="2"/><net_sink comp="882" pin=1"/></net>

<net id="890"><net_src comp="100" pin="0"/><net_sink comp="882" pin=2"/></net>

<net id="891"><net_src comp="102" pin="0"/><net_sink comp="882" pin=3"/></net>

<net id="898"><net_src comp="98" pin="0"/><net_sink comp="892" pin=0"/></net>

<net id="899"><net_src comp="726" pin="2"/><net_sink comp="892" pin=1"/></net>

<net id="900"><net_src comp="100" pin="0"/><net_sink comp="892" pin=2"/></net>

<net id="901"><net_src comp="102" pin="0"/><net_sink comp="892" pin=3"/></net>

<net id="908"><net_src comp="98" pin="0"/><net_sink comp="902" pin=0"/></net>

<net id="909"><net_src comp="775" pin="2"/><net_sink comp="902" pin=1"/></net>

<net id="910"><net_src comp="100" pin="0"/><net_sink comp="902" pin=2"/></net>

<net id="911"><net_src comp="102" pin="0"/><net_sink comp="902" pin=3"/></net>

<net id="918"><net_src comp="98" pin="0"/><net_sink comp="912" pin=0"/></net>

<net id="919"><net_src comp="824" pin="2"/><net_sink comp="912" pin=1"/></net>

<net id="920"><net_src comp="100" pin="0"/><net_sink comp="912" pin=2"/></net>

<net id="921"><net_src comp="102" pin="0"/><net_sink comp="912" pin=3"/></net>

<net id="928"><net_src comp="98" pin="0"/><net_sink comp="922" pin=0"/></net>

<net id="929"><net_src comp="876" pin="2"/><net_sink comp="922" pin=1"/></net>

<net id="930"><net_src comp="100" pin="0"/><net_sink comp="922" pin=2"/></net>

<net id="931"><net_src comp="102" pin="0"/><net_sink comp="922" pin=3"/></net>

<net id="936"><net_src comp="108" pin="0"/><net_sink comp="932" pin=0"/></net>

<net id="937"><net_src comp="882" pin="4"/><net_sink comp="932" pin=1"/></net>

<net id="942"><net_src comp="932" pin="2"/><net_sink comp="938" pin=0"/></net>

<net id="943"><net_src comp="892" pin="4"/><net_sink comp="938" pin=1"/></net>

<net id="948"><net_src comp="938" pin="2"/><net_sink comp="944" pin=0"/></net>

<net id="949"><net_src comp="902" pin="4"/><net_sink comp="944" pin=1"/></net>

<net id="954"><net_src comp="944" pin="2"/><net_sink comp="950" pin=0"/></net>

<net id="955"><net_src comp="912" pin="4"/><net_sink comp="950" pin=1"/></net>

<net id="960"><net_src comp="950" pin="2"/><net_sink comp="956" pin=0"/></net>

<net id="961"><net_src comp="922" pin="4"/><net_sink comp="956" pin=1"/></net>

<net id="965"><net_src comp="956" pin="2"/><net_sink comp="962" pin=0"/></net>

<net id="969"><net_src comp="110" pin="2"/><net_sink comp="966" pin=0"/></net>

<net id="970"><net_src comp="966" pin="1"/><net_sink comp="466" pin=0"/></net>

<net id="974"><net_src comp="116" pin="2"/><net_sink comp="971" pin=0"/></net>

<net id="975"><net_src comp="971" pin="1"/><net_sink comp="454" pin=0"/></net>

<net id="979"><net_src comp="122" pin="2"/><net_sink comp="976" pin=0"/></net>

<net id="980"><net_src comp="976" pin="1"/><net_sink comp="442" pin=0"/></net>

<net id="984"><net_src comp="128" pin="2"/><net_sink comp="981" pin=0"/></net>

<net id="985"><net_src comp="981" pin="1"/><net_sink comp="430" pin=0"/></net>

<net id="989"><net_src comp="134" pin="2"/><net_sink comp="986" pin=0"/></net>

<net id="990"><net_src comp="986" pin="1"/><net_sink comp="418" pin=0"/></net>

<net id="994"><net_src comp="140" pin="2"/><net_sink comp="991" pin=0"/></net>

<net id="995"><net_src comp="991" pin="1"/><net_sink comp="406" pin=0"/></net>

<net id="999"><net_src comp="146" pin="2"/><net_sink comp="996" pin=0"/></net>

<net id="1000"><net_src comp="996" pin="1"/><net_sink comp="394" pin=0"/></net>

<net id="1004"><net_src comp="152" pin="2"/><net_sink comp="1001" pin=0"/></net>

<net id="1005"><net_src comp="1001" pin="1"/><net_sink comp="382" pin=0"/></net>

<net id="1009"><net_src comp="158" pin="2"/><net_sink comp="1006" pin=0"/></net>

<net id="1010"><net_src comp="1006" pin="1"/><net_sink comp="370" pin=0"/></net>

<net id="1014"><net_src comp="164" pin="2"/><net_sink comp="1011" pin=0"/></net>

<net id="1015"><net_src comp="1011" pin="1"/><net_sink comp="358" pin=0"/></net>

<net id="1019"><net_src comp="170" pin="3"/><net_sink comp="1016" pin=0"/></net>

<net id="1020"><net_src comp="1016" pin="1"/><net_sink comp="177" pin=0"/></net>

<net id="1024"><net_src comp="549" pin="2"/><net_sink comp="1021" pin=0"/></net>

<net id="1025"><net_src comp="1021" pin="1"/><net_sink comp="203" pin=2"/></net>

<net id="1029"><net_src comp="555" pin="2"/><net_sink comp="1026" pin=0"/></net>

<net id="1033"><net_src comp="561" pin="12"/><net_sink comp="1030" pin=0"/></net>

<net id="1034"><net_src comp="1030" pin="1"/><net_sink comp="631" pin=0"/></net>

<net id="1035"><net_src comp="1030" pin="1"/><net_sink comp="830" pin=0"/></net>

<net id="1039"><net_src comp="587" pin="1"/><net_sink comp="1036" pin=0"/></net>

<net id="1040"><net_src comp="1036" pin="1"/><net_sink comp="634" pin=0"/></net>

<net id="1044"><net_src comp="591" pin="4"/><net_sink comp="1041" pin=0"/></net>

<net id="1045"><net_src comp="1041" pin="1"/><net_sink comp="683" pin=0"/></net>

<net id="1049"><net_src comp="601" pin="4"/><net_sink comp="1046" pin=0"/></net>

<net id="1050"><net_src comp="1046" pin="1"/><net_sink comp="732" pin=0"/></net>

<net id="1054"><net_src comp="611" pin="4"/><net_sink comp="1051" pin=0"/></net>

<net id="1055"><net_src comp="1051" pin="1"/><net_sink comp="781" pin=0"/></net>

<net id="1059"><net_src comp="621" pin="4"/><net_sink comp="1056" pin=0"/></net>

<net id="1060"><net_src comp="1056" pin="1"/><net_sink comp="833" pin=0"/></net>

<net id="1064"><net_src comp="671" pin="2"/><net_sink comp="1061" pin=0"/></net>

<net id="1065"><net_src comp="1061" pin="1"/><net_sink comp="534" pin=2"/></net>

<net id="1069"><net_src comp="720" pin="2"/><net_sink comp="1066" pin=0"/></net>

<net id="1070"><net_src comp="1066" pin="1"/><net_sink comp="520" pin=2"/></net>

<net id="1074"><net_src comp="769" pin="2"/><net_sink comp="1071" pin=0"/></net>

<net id="1075"><net_src comp="1071" pin="1"/><net_sink comp="506" pin=2"/></net>

<net id="1079"><net_src comp="818" pin="2"/><net_sink comp="1076" pin=0"/></net>

<net id="1080"><net_src comp="1076" pin="1"/><net_sink comp="492" pin=2"/></net>

<net id="1084"><net_src comp="870" pin="2"/><net_sink comp="1081" pin=0"/></net>

<net id="1085"><net_src comp="1081" pin="1"/><net_sink comp="478" pin=2"/></net>

</net_list>

</model> 
---------------- Datapath Model END ------------------

* FSMD analyzer results:
  - Output states:
	Port: w21_V | {}
 - Input state : 
	Port: dense_wrapper<ap_ufixed<8, 2, 5, 3, 0>, ap_fixed<8, 2, 5, 3, 0>, config21> : data_0_V_read | {2 }
	Port: dense_wrapper<ap_ufixed<8, 2, 5, 3, 0>, ap_fixed<8, 2, 5, 3, 0>, config21> : data_1_V_read | {2 }
	Port: dense_wrapper<ap_ufixed<8, 2, 5, 3, 0>, ap_fixed<8, 2, 5, 3, 0>, config21> : data_2_V_read | {2 }
	Port: dense_wrapper<ap_ufixed<8, 2, 5, 3, 0>, ap_fixed<8, 2, 5, 3, 0>, config21> : data_3_V_read | {2 }
	Port: dense_wrapper<ap_ufixed<8, 2, 5, 3, 0>, ap_fixed<8, 2, 5, 3, 0>, config21> : data_4_V_read | {2 }
	Port: dense_wrapper<ap_ufixed<8, 2, 5, 3, 0>, ap_fixed<8, 2, 5, 3, 0>, config21> : data_5_V_read | {2 }
	Port: dense_wrapper<ap_ufixed<8, 2, 5, 3, 0>, ap_fixed<8, 2, 5, 3, 0>, config21> : data_6_V_read | {2 }
	Port: dense_wrapper<ap_ufixed<8, 2, 5, 3, 0>, ap_fixed<8, 2, 5, 3, 0>, config21> : data_7_V_read | {2 }
	Port: dense_wrapper<ap_ufixed<8, 2, 5, 3, 0>, ap_fixed<8, 2, 5, 3, 0>, config21> : data_8_V_read | {2 }
	Port: dense_wrapper<ap_ufixed<8, 2, 5, 3, 0>, ap_fixed<8, 2, 5, 3, 0>, config21> : data_9_V_read | {2 }
	Port: dense_wrapper<ap_ufixed<8, 2, 5, 3, 0>, ap_fixed<8, 2, 5, 3, 0>, config21> : w21_V | {2 3 }
  - Chain level:
	State 1
	State 2
		zext_ln59 : 1
		w21_V_addr : 2
		w21_V_load : 3
		w_index : 1
		icmp_ln46 : 1
		br_ln46 : 2
	State 3
		data_0_V_read16_phi : 1
		data_1_V_read17_phi : 1
		data_2_V_read18_phi : 1
		data_3_V_read19_phi : 1
		data_4_V_read20_phi : 1
		data_5_V_read21_phi : 1
		data_6_V_read22_phi : 1
		data_7_V_read23_phi : 1
		data_8_V_read24_phi : 1
		data_9_V_read25_phi : 1
		tmp_11 : 2
		trunc_ln59 : 1
		tmp_2 : 1
		tmp_3 : 1
		tmp_4 : 1
		tmp_12 : 1
	State 4
		mul_ln1118 : 1
		trunc_ln : 2
		sext_ln708 : 3
		trunc_ln703_5 : 2
		trunc_ln703 : 1
		acc_0_V : 4
		add_ln703_1 : 3
		mul_ln1118_1 : 1
		trunc_ln708_s : 2
		sext_ln708_1 : 3
		trunc_ln1 : 2
		trunc_ln703_1 : 1
		acc_1_V : 4
		add_ln703_2 : 3
		mul_ln1118_2 : 1
		trunc_ln708_14 : 2
		sext_ln708_2 : 3
		trunc_ln703_8 : 2
		trunc_ln703_3 : 1
		acc_2_V : 4
		add_ln703_3 : 3
		mul_ln1118_3 : 1
		trunc_ln708_15 : 2
		sext_ln708_3 : 3
		trunc_ln703_s : 2
		trunc_ln703_4 : 1
		acc_3_V : 4
		add_ln703_4 : 3
		mul_ln1118_4 : 1
		trunc_ln708_16 : 2
		sext_ln708_4 : 3
		trunc_ln703_2 : 2
		trunc_ln703_6 : 1
		acc_4_V : 4
		add_ln703_5 : 3
		empty : 1
		trunc_ln2 : 4
		trunc_ln46_1 : 4
		trunc_ln46_2 : 4
		trunc_ln46_3 : 4
		trunc_ln46_4 : 4
		mrv : 5
		mrv_1 : 6
		mrv_2 : 7
		mrv_3 : 8
		mrv_4 : 9
		return_ln21 : 10


============================================================
+ Verbose Summary: Datapath Resource usage 
============================================================

* Functional unit list:
|----------|-----------------------------|---------|---------|---------|
| Operation|       Functional Unit       |  DSP48E |    FF   |   LUT   |
|----------|-----------------------------|---------|---------|---------|
|          |        w_index_fu_549       |    0    |    0    |    12   |
|          |        acc_0_V_fu_671       |    0    |    0    |    23   |
|          |      add_ln703_1_fu_677     |    0    |    0    |    19   |
|          |        acc_1_V_fu_720       |    0    |    0    |    23   |
|          |      add_ln703_2_fu_726     |    0    |    0    |    19   |
|    add   |        acc_2_V_fu_769       |    0    |    0    |    23   |
|          |      add_ln703_3_fu_775     |    0    |    0    |    19   |
|          |        acc_3_V_fu_818       |    0    |    0    |    23   |
|          |      add_ln703_4_fu_824     |    0    |    0    |    19   |
|          |        acc_4_V_fu_870       |    0    |    0    |    23   |
|          |      add_ln703_5_fu_876     |    0    |    0    |    19   |
|----------|-----------------------------|---------|---------|---------|
|          |      mul_ln1118_fu_637      |    0    |    0    |    40   |
|          |     mul_ln1118_1_fu_686     |    0    |    0    |    40   |
|    mul   |     mul_ln1118_2_fu_735     |    0    |    0    |    40   |
|          |     mul_ln1118_3_fu_784     |    0    |    0    |    40   |
|          |     mul_ln1118_4_fu_836     |    0    |    0    |    40   |
|----------|-----------------------------|---------|---------|---------|
|    mux   |        tmp_11_fu_561        |    0    |    0    |    53   |
|----------|-----------------------------|---------|---------|---------|
|   icmp   |       icmp_ln46_fu_555      |    0    |    0    |    9    |
|----------|-----------------------------|---------|---------|---------|
|          | data_9_V_read_1_read_fu_110 |    0    |    0    |    0    |
|          | data_8_V_read_1_read_fu_116 |    0    |    0    |    0    |
|          | data_7_V_read_1_read_fu_122 |    0    |    0    |    0    |
|          | data_6_V_read_1_read_fu_128 |    0    |    0    |    0    |
|   read   | data_5_V_read_1_read_fu_134 |    0    |    0    |    0    |
|          | data_4_V_read_1_read_fu_140 |    0    |    0    |    0    |
|          | data_3_V_read_1_read_fu_146 |    0    |    0    |    0    |
|          | data_2_V_read_1_read_fu_152 |    0    |    0    |    0    |
|          | data_1_V_read_1_read_fu_158 |    0    |    0    |    0    |
|          | data_0_V_read_1_read_fu_164 |    0    |    0    |    0    |
|----------|-----------------------------|---------|---------|---------|
|          |       zext_ln59_fu_544      |    0    |    0    |    0    |
|   zext   |      zext_ln1116_fu_631     |    0    |    0    |    0    |
|          |      zext_ln1118_fu_830     |    0    |    0    |    0    |
|----------|-----------------------------|---------|---------|---------|
|          |      trunc_ln59_fu_587      |    0    |    0    |    0    |
|          |      trunc_ln703_fu_667     |    0    |    0    |    0    |
|   trunc  |     trunc_ln703_1_fu_716    |    0    |    0    |    0    |
|          |     trunc_ln703_3_fu_765    |    0    |    0    |    0    |
|          |     trunc_ln703_4_fu_814    |    0    |    0    |    0    |
|          |     trunc_ln703_6_fu_866    |    0    |    0    |    0    |
|----------|-----------------------------|---------|---------|---------|
|          |         tmp_2_fu_591        |    0    |    0    |    0    |
|          |         tmp_3_fu_601        |    0    |    0    |    0    |
|          |         tmp_4_fu_611        |    0    |    0    |    0    |
|          |        tmp_12_fu_621        |    0    |    0    |    0    |
|          |       trunc_ln_fu_643       |    0    |    0    |    0    |
|          |     trunc_ln703_5_fu_657    |    0    |    0    |    0    |
|          |     trunc_ln708_s_fu_692    |    0    |    0    |    0    |
|          |       trunc_ln1_fu_706      |    0    |    0    |    0    |
|          |    trunc_ln708_14_fu_741    |    0    |    0    |    0    |
|partselect|     trunc_ln703_8_fu_755    |    0    |    0    |    0    |
|          |    trunc_ln708_15_fu_790    |    0    |    0    |    0    |
|          |     trunc_ln703_s_fu_804    |    0    |    0    |    0    |
|          |    trunc_ln708_16_fu_842    |    0    |    0    |    0    |
|          |     trunc_ln703_2_fu_856    |    0    |    0    |    0    |
|          |       trunc_ln2_fu_882      |    0    |    0    |    0    |
|          |     trunc_ln46_1_fu_892     |    0    |    0    |    0    |
|          |     trunc_ln46_2_fu_902     |    0    |    0    |    0    |
|          |     trunc_ln46_3_fu_912     |    0    |    0    |    0    |
|          |     trunc_ln46_4_fu_922     |    0    |    0    |    0    |
|----------|-----------------------------|---------|---------|---------|
|          |      sext_ln1118_fu_634     |    0    |    0    |    0    |
|          |      sext_ln708_fu_653      |    0    |    0    |    0    |
|          |     sext_ln1118_1_fu_683    |    0    |    0    |    0    |
|          |     sext_ln708_1_fu_702     |    0    |    0    |    0    |
|   sext   |     sext_ln1118_2_fu_732    |    0    |    0    |    0    |
|          |     sext_ln708_2_fu_751     |    0    |    0    |    0    |
|          |     sext_ln1118_3_fu_781    |    0    |    0    |    0    |
|          |     sext_ln708_3_fu_800     |    0    |    0    |    0    |
|          |     sext_ln1118_4_fu_833    |    0    |    0    |    0    |
|          |     sext_ln708_4_fu_852     |    0    |    0    |    0    |
|----------|-----------------------------|---------|---------|---------|
|          |          mrv_fu_932         |    0    |    0    |    0    |
|          |         mrv_1_fu_938        |    0    |    0    |    0    |
|insertvalue|         mrv_2_fu_944        |    0    |    0    |    0    |
|          |         mrv_3_fu_950        |    0    |    0    |    0    |
|          |         mrv_4_fu_956        |    0    |    0    |    0    |
|----------|-----------------------------|---------|---------|---------|
|  return  |      return_ln21_fu_962     |    0    |    0    |    0    |
|----------|-----------------------------|---------|---------|---------|
|   Total  |                             |    0    |    0    |   484   |
|----------|-----------------------------|---------|---------|---------|

Memories:
N/A

* Register list:
+------------------------------+--------+
|                              |   FF   |
+------------------------------+--------+
|       acc_0_V_reg_1061       |   16   |
|       acc_1_V_reg_1066       |   16   |
|       acc_2_V_reg_1071       |   16   |
|       acc_3_V_reg_1076       |   16   |
|       acc_4_V_reg_1081       |   16   |
|      acc_V_0_05_reg_530      |   16   |
|      acc_V_1_06_reg_516      |   16   |
|      acc_V_2_07_reg_502      |   16   |
|      acc_V_3_08_reg_488      |   16   |
|      acc_V_4_09_reg_474      |   16   |
|  data_0_V_read16_phi_reg_354 |    8   |
|data_0_V_read16_rewind_reg_214|    8   |
|   data_0_V_read_1_reg_1011   |    8   |
|  data_1_V_read17_phi_reg_366 |    8   |
|data_1_V_read17_rewind_reg_228|    8   |
|   data_1_V_read_1_reg_1006   |    8   |
|  data_2_V_read18_phi_reg_378 |    8   |
|data_2_V_read18_rewind_reg_242|    8   |
|   data_2_V_read_1_reg_1001   |    8   |
|  data_3_V_read19_phi_reg_390 |    8   |
|data_3_V_read19_rewind_reg_256|    8   |
|    data_3_V_read_1_reg_996   |    8   |
|  data_4_V_read20_phi_reg_402 |    8   |
|data_4_V_read20_rewind_reg_270|    8   |
|    data_4_V_read_1_reg_991   |    8   |
|  data_5_V_read21_phi_reg_414 |    8   |
|data_5_V_read21_rewind_reg_284|    8   |
|    data_5_V_read_1_reg_986   |    8   |
|  data_6_V_read22_phi_reg_426 |    8   |
|data_6_V_read22_rewind_reg_298|    8   |
|    data_6_V_read_1_reg_981   |    8   |
|  data_7_V_read23_phi_reg_438 |    8   |
|data_7_V_read23_rewind_reg_312|    8   |
|    data_7_V_read_1_reg_976   |    8   |
|  data_8_V_read24_phi_reg_450 |    8   |
|data_8_V_read24_rewind_reg_326|    8   |
|    data_8_V_read_1_reg_971   |    8   |
|  data_9_V_read25_phi_reg_462 |    8   |
|data_9_V_read25_rewind_reg_340|    8   |
|    data_9_V_read_1_reg_966   |    8   |
|        do_init_reg_183       |    1   |
|      icmp_ln46_reg_1026      |    1   |
|        tmp_11_reg_1030       |    8   |
|        tmp_12_reg_1056       |    6   |
|        tmp_2_reg_1041        |    8   |
|        tmp_3_reg_1046        |    8   |
|        tmp_4_reg_1051        |    8   |
|      trunc_ln59_reg_1036     |    8   |
|      w21_V_addr_reg_1016     |    4   |
|       w_index15_reg_199      |    4   |
|       w_index_reg_1021       |    4   |
+------------------------------+--------+
|             Total            |   460  |
+------------------------------+--------+

* Multiplexer (MUX) list: 
|-------------------|------|------|------|--------||---------||---------|
|        Comp       |  Pin | Size |  BW  | S x BW ||  Delay  ||   LUT   |
|-------------------|------|------|------|--------||---------||---------|
| grp_access_fu_177 |  p0  |   2  |   4  |    8   ||    9    |
|  do_init_reg_183  |  p0  |   2  |   1  |    2   ||    9    |
| w_index15_reg_199 |  p0  |   2  |   4  |    8   ||    9    |
|-------------------|------|------|------|--------||---------||---------|
|       Total       |      |      |      |   18   ||  2.505  ||    27   |
|-------------------|------|------|------|--------||---------||---------|



* Summary:
+-----------+--------+--------+--------+--------+
|           | DSP48E |  Delay |   FF   |   LUT  |
+-----------+--------+--------+--------+--------+
|  Function |    0   |    -   |    0   |   484  |
|   Memory  |    -   |    -   |    -   |    -   |
|Multiplexer|    -   |    2   |    -   |   27   |
|  Register |    -   |    -   |   460  |    -   |
+-----------+--------+--------+--------+--------+
|   Total   |    0   |    2   |   460  |   511  |
+-----------+--------+--------+--------+--------+
