

================================================================
== Vivado HLS Report for 'dense_wrapper_ap_ufixed_8_2_5_3_0_ap_fixed_8_3_5_3_0_config21_s'
================================================================
* Date:           Tue Sep 22 06:02:04 2026

* Version:        2019.1 (Build 2552052 on Fri May 24 15:28:33 MDT 2019)
* Project:        myproject_prj
* Solution:       solution1
* Product family: kintexu
* Target device:  xcku035-fbva676-2-e


================================================================
== Performance Estimates
================================================================
+ Timing (ns): 
    * Summary: 
    +--------+-------+----------+------------+
    |  Clock | Target| Estimated| Uncertainty|
    +--------+-------+----------+------------+
    |ap_clk  |   5.00|     3.859|        0.62|
    +--------+-------+----------+------------+

+ Latency (clock cycles): 
    * Summary: 
    +-----+-----+-----+-----+---------------------------------------------+
    |  Latency  |  Interval |                   Pipeline                  |
    | min | max | min | max |                     Type                    |
    +-----+-----+-----+-----+---------------------------------------------+
    |   11|   12|   10|   10| loop rewind(delay=0 initiation interval(s)) |
    +-----+-----+-----+-----+---------------------------------------------+

    + Detail: 
        * Instance: 
        N/A

        * Loop: 
        +-------------+-----+-----+----------+-----------+-----------+------+----------+
        |             |  Latency  | Iteration|  Initiation Interval  | Trip |          |
        |  Loop Name  | min | max |  Latency |  achieved |   target  | Count| Pipelined|
        +-------------+-----+-----+----------+-----------+-----------+------+----------+
        |- ReuseLoop  |   11|   11|         3|          1|          1|    10|    yes   |
        +-------------+-----+-----+----------+-----------+-----------+------+----------+

============================================================
+ Verbose Summary: Synthesis Manager
============================================================
InlineROM: 1
ExposeGlobal: 0
============================================================
+ Verbose Summary: CDFG Model
============================================================
IsTopModel: 0
ResetActiveHigh: 1
IsCombinational: 0
IsDatapathOnly: 0
HasWiredReturn: 1
HasMFsm: 0
HasVarLatency: 1
IsPipeline: 0
IsRtlPipelined: 0
IsInstanceOverlapped: 0
IsDontTouch: 0
HasImplIP: 0
IsGatedGlobalClock: 0

+ Individual pipeline summary: 
  * Pipeline-0: initiation interval (II) = 1, depth = 3


============================================================
+ Verbose Summary: Schedule
============================================================
* Number of FSM states : 4
* Pipeline : 1
  Pipeline-0 : II = 1, D = 3, States = { 2 3 4 }
* Dataflow Pipeline: 0

* FSM state transitions: 
1 --> 2 
2 --> 3 
3 --> 4 
4 --> 2 

* FSM state operations: 

State 1 <SV = 0> <Delay = 0.83>
ST_1 : Operation 5 [1/1] (0.00ns)   --->   "%tmp = call i32 (...)* @_ssdm_op_SpecRegionBegin([13 x i8]* @p_str49)" [firmware/nnet_utils/nnet_dense_resource.h:32->firmware/nnet_utils/nnet_dense.h:65->firmware/nnet_utils/nnet_dense_stream.h:20]   --->   Operation 5 'specregionbegin' 'tmp' <Predicate = true> <Delay = 0.00>
ST_1 : Operation 6 [1/1] (0.83ns)   --->   "br label %rewind_header" [firmware/nnet_utils/nnet_dense_resource.h:46->firmware/nnet_utils/nnet_dense.h:65->firmware/nnet_utils/nnet_dense_stream.h:20]   --->   Operation 6 'br' <Predicate = true> <Delay = 0.83>

State 2 <SV = 1> <Delay = 1.77>
ST_2 : Operation 7 [1/1] (0.00ns)   --->   "%do_init = phi i1 [ true, %hls_label_48_begin ], [ false, %ReuseLoop ], [ true, %"cast<ap_ufixed<8, 2, 5, 3, 0>, ap_fixed<8, 3, 5, 3, 0>, config21>.exit.0" ]"   --->   Operation 7 'phi' 'do_init' <Predicate = true> <Delay = 0.00>
ST_2 : Operation 8 [1/1] (0.00ns)   --->   "%w_index15 = phi i4 [ 0, %hls_label_48_begin ], [ %w_index, %ReuseLoop ], [ 0, %"cast<ap_ufixed<8, 2, 5, 3, 0>, ap_fixed<8, 3, 5, 3, 0>, config21>.exit.0" ]"   --->   Operation 8 'phi' 'w_index15' <Predicate = true> <Delay = 0.00>
ST_2 : Operation 9 [1/1] (0.00ns)   --->   "%data_9_V_read_1 = call i8 @_ssdm_op_Read.ap_auto.i8(i8 %data_9_V_read)" [firmware/nnet_utils/nnet_dense_stream.h:13]   --->   Operation 9 'read' 'data_9_V_read_1' <Predicate = (do_init)> <Delay = 0.00>
ST_2 : Operation 10 [1/1] (0.00ns)   --->   "%data_8_V_read_1 = call i8 @_ssdm_op_Read.ap_auto.i8(i8 %data_8_V_read)" [firmware/nnet_utils/nnet_dense_stream.h:13]   --->   Operation 10 'read' 'data_8_V_read_1' <Predicate = (do_init)> <Delay = 0.00>
ST_2 : Operation 11 [1/1] (0.00ns)   --->   "%data_7_V_read_1 = call i8 @_ssdm_op_Read.ap_auto.i8(i8 %data_7_V_read)" [firmware/nnet_utils/nnet_dense_stream.h:13]   --->   Operation 11 'read' 'data_7_V_read_1' <Predicate = (do_init)> <Delay = 0.00>
ST_2 : Operation 12 [1/1] (0.00ns)   --->   "%data_6_V_read_1 = call i8 @_ssdm_op_Read.ap_auto.i8(i8 %data_6_V_read)" [firmware/nnet_utils/nnet_dense_stream.h:13]   --->   Operation 12 'read' 'data_6_V_read_1' <Predicate = (do_init)> <Delay = 0.00>
ST_2 : Operation 13 [1/1] (0.00ns)   --->   "%data_5_V_read_1 = call i8 @_ssdm_op_Read.ap_auto.i8(i8 %data_5_V_read)" [firmware/nnet_utils/nnet_dense_stream.h:13]   --->   Operation 13 'read' 'data_5_V_read_1' <Predicate = (do_init)> <Delay = 0.00>
ST_2 : Operation 14 [1/1] (0.00ns)   --->   "%data_4_V_read_1 = call i8 @_ssdm_op_Read.ap_auto.i8(i8 %data_4_V_read)" [firmware/nnet_utils/nnet_dense_stream.h:13]   --->   Operation 14 'read' 'data_4_V_read_1' <Predicate = (do_init)> <Delay = 0.00>
ST_2 : Operation 15 [1/1] (0.00ns)   --->   "%data_3_V_read_1 = call i8 @_ssdm_op_Read.ap_auto.i8(i8 %data_3_V_read)" [firmware/nnet_utils/nnet_dense_stream.h:13]   --->   Operation 15 'read' 'data_3_V_read_1' <Predicate = (do_init)> <Delay = 0.00>
ST_2 : Operation 16 [1/1] (0.00ns)   --->   "%data_2_V_read_1 = call i8 @_ssdm_op_Read.ap_auto.i8(i8 %data_2_V_read)" [firmware/nnet_utils/nnet_dense_stream.h:13]   --->   Operation 16 'read' 'data_2_V_read_1' <Predicate = (do_init)> <Delay = 0.00>
ST_2 : Operation 17 [1/1] (0.00ns)   --->   "%data_1_V_read_1 = call i8 @_ssdm_op_Read.ap_auto.i8(i8 %data_1_V_read)" [firmware/nnet_utils/nnet_dense_stream.h:13]   --->   Operation 17 'read' 'data_1_V_read_1' <Predicate = (do_init)> <Delay = 0.00>
ST_2 : Operation 18 [1/1] (0.00ns)   --->   "%data_0_V_read_1 = call i8 @_ssdm_op_Read.ap_auto.i8(i8 %data_0_V_read)" [firmware/nnet_utils/nnet_dense_stream.h:13]   --->   Operation 18 'read' 'data_0_V_read_1' <Predicate = (do_init)> <Delay = 0.00>
ST_2 : Operation 19 [1/1] (0.83ns)   --->   "br label %ReuseLoop" [firmware/nnet_utils/nnet_dense_resource.h:46->firmware/nnet_utils/nnet_dense.h:65->firmware/nnet_utils/nnet_dense_stream.h:20]   --->   Operation 19 'br' <Predicate = (do_init)> <Delay = 0.83>
ST_2 : Operation 20 [1/1] (0.00ns)   --->   "%zext_ln59 = zext i4 %w_index15 to i64" [firmware/nnet_utils/nnet_dense_resource.h:59->firmware/nnet_utils/nnet_dense.h:65->firmware/nnet_utils/nnet_dense_stream.h:20]   --->   Operation 20 'zext' 'zext_ln59' <Predicate = true> <Delay = 0.00>
ST_2 : Operation 21 [1/1] (0.00ns)   --->   "%w21_V_addr = getelementptr [10 x i38]* @w21_V, i64 0, i64 %zext_ln59" [firmware/nnet_utils/nnet_dense_resource.h:59->firmware/nnet_utils/nnet_dense.h:65->firmware/nnet_utils/nnet_dense_stream.h:20]   --->   Operation 21 'getelementptr' 'w21_V_addr' <Predicate = true> <Delay = 0.00>
ST_2 : Operation 22 [2/2] (1.77ns)   --->   "%w21_V_load = load i38* %w21_V_addr, align 8" [firmware/nnet_utils/nnet_dense_resource.h:59->firmware/nnet_utils/nnet_dense.h:65->firmware/nnet_utils/nnet_dense_stream.h:20]   --->   Operation 22 'load' 'w21_V_load' <Predicate = true> <Delay = 1.77> <Core = "ROM_nP_BRAM">   --->   Core 55 'ROM_nP_BRAM' <Latency = 1> <II = 1> <Delay = 1.77> <Storage> <Opcode : 'load'> <Ports = 0> <Width = 38> <Depth = 10> <ROM>
ST_2 : Operation 23 [1/1] (0.94ns)   --->   "%w_index = add i4 1, %w_index15" [firmware/nnet_utils/nnet_dense_resource.h:46->firmware/nnet_utils/nnet_dense.h:65->firmware/nnet_utils/nnet_dense_stream.h:20]   --->   Operation 23 'add' 'w_index' <Predicate = true> <Delay = 0.94> <Core = "AddSub">   --->   Core 14 'AddSub' <Latency = 0> <II = 1> <Delay = 1.36> <FuncUnit> <Opcode : 'add' 'sub'> <InPorts = 2> <OutPorts = 1>
ST_2 : Operation 24 [1/1] (0.90ns)   --->   "%icmp_ln46 = icmp eq i4 %w_index15, -7" [firmware/nnet_utils/nnet_dense_resource.h:46->firmware/nnet_utils/nnet_dense.h:65->firmware/nnet_utils/nnet_dense_stream.h:20]   --->   Operation 24 'icmp' 'icmp_ln46' <Predicate = true> <Delay = 0.90> <Core = "Cmp">   --->   Core 25 'Cmp' <Latency = 0> <II = 1> <Delay = 0.90> <FuncUnit> <Opcode : 'icmp'> <InPorts = 2> <OutPorts = 1>
ST_2 : Operation 25 [1/1] (0.00ns)   --->   "br i1 %icmp_ln46, label %"cast<ap_ufixed<8, 2, 5, 3, 0>, ap_fixed<8, 3, 5, 3, 0>, config21>.exit.0", label %rewind_header" [firmware/nnet_utils/nnet_dense_resource.h:46->firmware/nnet_utils/nnet_dense.h:65->firmware/nnet_utils/nnet_dense_stream.h:20]   --->   Operation 25 'br' <Predicate = true> <Delay = 0.00>
ST_2 : Operation 26 [1/1] (0.00ns)   --->   "br label %rewind_header" [firmware/nnet_utils/nnet_dense_stream.h:21]   --->   Operation 26 'br' <Predicate = (icmp_ln46)> <Delay = 0.00>

State 3 <SV = 2> <Delay = 1.77>
ST_3 : Operation 27 [1/1] (0.00ns)   --->   "%data_0_V_read16_rewind = phi i8 [ undef, %hls_label_48_begin ], [ %data_0_V_read16_phi, %ReuseLoop ], [ undef, %"cast<ap_ufixed<8, 2, 5, 3, 0>, ap_fixed<8, 3, 5, 3, 0>, config21>.exit.0" ]" [firmware/nnet_utils/nnet_dense_stream.h:13]   --->   Operation 27 'phi' 'data_0_V_read16_rewind' <Predicate = true> <Delay = 0.00>
ST_3 : Operation 28 [1/1] (0.00ns)   --->   "%data_1_V_read17_rewind = phi i8 [ undef, %hls_label_48_begin ], [ %data_1_V_read17_phi, %ReuseLoop ], [ undef, %"cast<ap_ufixed<8, 2, 5, 3, 0>, ap_fixed<8, 3, 5, 3, 0>, config21>.exit.0" ]" [firmware/nnet_utils/nnet_dense_stream.h:13]   --->   Operation 28 'phi' 'data_1_V_read17_rewind' <Predicate = true> <Delay = 0.00>
ST_3 : Operation 29 [1/1] (0.00ns)   --->   "%data_2_V_read18_rewind = phi i8 [ undef, %hls_label_48_begin ], [ %data_2_V_read18_phi, %ReuseLoop ], [ undef, %"cast<ap_ufixed<8, 2, 5, 3, 0>, ap_fixed<8, 3, 5, 3, 0>, config21>.exit.0" ]" [firmware/nnet_utils/nnet_dense_stream.h:13]   --->   Operation 29 'phi' 'data_2_V_read18_rewind' <Predicate = true> <Delay = 0.00>
ST_3 : Operation 30 [1/1] (0.00ns)   --->   "%data_3_V_read19_rewind = phi i8 [ undef, %hls_label_48_begin ], [ %data_3_V_read19_phi, %ReuseLoop ], [ undef, %"cast<ap_ufixed<8, 2, 5, 3, 0>, ap_fixed<8, 3, 5, 3, 0>, config21>.exit.0" ]" [firmware/nnet_utils/nnet_dense_stream.h:13]   --->   Operation 30 'phi' 'data_3_V_read19_rewind' <Predicate = true> <Delay = 0.00>
ST_3 : Operation 31 [1/1] (0.00ns)   --->   "%data_4_V_read20_rewind = phi i8 [ undef, %hls_label_48_begin ], [ %data_4_V_read20_phi, %ReuseLoop ], [ undef, %"cast<ap_ufixed<8, 2, 5, 3, 0>, ap_fixed<8, 3, 5, 3, 0>, config21>.exit.0" ]" [firmware/nnet_utils/nnet_dense_stream.h:13]   --->   Operation 31 'phi' 'data_4_V_read20_rewind' <Predicate = true> <Delay = 0.00>
ST_3 : Operation 32 [1/1] (0.00ns)   --->   "%data_5_V_read21_rewind = phi i8 [ undef, %hls_label_48_begin ], [ %data_5_V_read21_phi, %ReuseLoop ], [ undef, %"cast<ap_ufixed<8, 2, 5, 3, 0>, ap_fixed<8, 3, 5, 3, 0>, config21>.exit.0" ]" [firmware/nnet_utils/nnet_dense_stream.h:13]   --->   Operation 32 'phi' 'data_5_V_read21_rewind' <Predicate = true> <Delay = 0.00>
ST_3 : Operation 33 [1/1] (0.00ns)   --->   "%data_6_V_read22_rewind = phi i8 [ undef, %hls_label_48_begin ], [ %data_6_V_read22_phi, %ReuseLoop ], [ undef, %"cast<ap_ufixed<8, 2, 5, 3, 0>, ap_fixed<8, 3, 5, 3, 0>, config21>.exit.0" ]" [firmware/nnet_utils/nnet_dense_stream.h:13]   --->   Operation 33 'phi' 'data_6_V_read22_rewind' <Predicate = true> <Delay = 0.00>
ST_3 : Operation 34 [1/1] (0.00ns)   --->   "%data_7_V_read23_rewind = phi i8 [ undef, %hls_label_48_begin ], [ %data_7_V_read23_phi, %ReuseLoop ], [ undef, %"cast<ap_ufixed<8, 2, 5, 3, 0>, ap_fixed<8, 3, 5, 3, 0>, config21>.exit.0" ]" [firmware/nnet_utils/nnet_dense_stream.h:13]   --->   Operation 34 'phi' 'data_7_V_read23_rewind' <Predicate = true> <Delay = 0.00>
ST_3 : Operation 35 [1/1] (0.00ns)   --->   "%data_8_V_read24_rewind = phi i8 [ undef, %hls_label_48_begin ], [ %data_8_V_read24_phi, %ReuseLoop ], [ undef, %"cast<ap_ufixed<8, 2, 5, 3, 0>, ap_fixed<8, 3, 5, 3, 0>, config21>.exit.0" ]" [firmware/nnet_utils/nnet_dense_stream.h:13]   --->   Operation 35 'phi' 'data_8_V_read24_rewind' <Predicate = true> <Delay = 0.00>
ST_3 : Operation 36 [1/1] (0.00ns)   --->   "%data_9_V_read25_rewind = phi i8 [ undef, %hls_label_48_begin ], [ %data_9_V_read25_phi, %ReuseLoop ], [ undef, %"cast<ap_ufixed<8, 2, 5, 3, 0>, ap_fixed<8, 3, 5, 3, 0>, config21>.exit.0" ]" [firmware/nnet_utils/nnet_dense_stream.h:13]   --->   Operation 36 'phi' 'data_9_V_read25_rewind' <Predicate = true> <Delay = 0.00>
ST_3 : Operation 37 [1/1] (0.83ns)   --->   "br i1 %do_init, label %hls_label_48_end, label %ReuseLoop"   --->   Operation 37 'br' <Predicate = true> <Delay = 0.83>
ST_3 : Operation 38 [1/1] (0.00ns)   --->   "%data_0_V_read16_phi = phi i8 [ %data_0_V_read_1, %hls_label_48_end ], [ %data_0_V_read16_rewind, %rewind_header ]" [firmware/nnet_utils/nnet_dense_stream.h:13]   --->   Operation 38 'phi' 'data_0_V_read16_phi' <Predicate = true> <Delay = 0.00>
ST_3 : Operation 39 [1/1] (0.00ns)   --->   "%data_1_V_read17_phi = phi i8 [ %data_1_V_read_1, %hls_label_48_end ], [ %data_1_V_read17_rewind, %rewind_header ]" [firmware/nnet_utils/nnet_dense_stream.h:13]   --->   Operation 39 'phi' 'data_1_V_read17_phi' <Predicate = true> <Delay = 0.00>
ST_3 : Operation 40 [1/1] (0.00ns)   --->   "%data_2_V_read18_phi = phi i8 [ %data_2_V_read_1, %hls_label_48_end ], [ %data_2_V_read18_rewind, %rewind_header ]" [firmware/nnet_utils/nnet_dense_stream.h:13]   --->   Operation 40 'phi' 'data_2_V_read18_phi' <Predicate = true> <Delay = 0.00>
ST_3 : Operation 41 [1/1] (0.00ns)   --->   "%data_3_V_read19_phi = phi i8 [ %data_3_V_read_1, %hls_label_48_end ], [ %data_3_V_read19_rewind, %rewind_header ]" [firmware/nnet_utils/nnet_dense_stream.h:13]   --->   Operation 41 'phi' 'data_3_V_read19_phi' <Predicate = true> <Delay = 0.00>
ST_3 : Operation 42 [1/1] (0.00ns)   --->   "%data_4_V_read20_phi = phi i8 [ %data_4_V_read_1, %hls_label_48_end ], [ %data_4_V_read20_rewind, %rewind_header ]" [firmware/nnet_utils/nnet_dense_stream.h:13]   --->   Operation 42 'phi' 'data_4_V_read20_phi' <Predicate = true> <Delay = 0.00>
ST_3 : Operation 43 [1/1] (0.00ns)   --->   "%data_5_V_read21_phi = phi i8 [ %data_5_V_read_1, %hls_label_48_end ], [ %data_5_V_read21_rewind, %rewind_header ]" [firmware/nnet_utils/nnet_dense_stream.h:13]   --->   Operation 43 'phi' 'data_5_V_read21_phi' <Predicate = true> <Delay = 0.00>
ST_3 : Operation 44 [1/1] (0.00ns)   --->   "%data_6_V_read22_phi = phi i8 [ %data_6_V_read_1, %hls_label_48_end ], [ %data_6_V_read22_rewind, %rewind_header ]" [firmware/nnet_utils/nnet_dense_stream.h:13]   --->   Operation 44 'phi' 'data_6_V_read22_phi' <Predicate = true> <Delay = 0.00>
ST_3 : Operation 45 [1/1] (0.00ns)   --->   "%data_7_V_read23_phi = phi i8 [ %data_7_V_read_1, %hls_label_48_end ], [ %data_7_V_read23_rewind, %rewind_header ]" [firmware/nnet_utils/nnet_dense_stream.h:13]   --->   Operation 45 'phi' 'data_7_V_read23_phi' <Predicate = true> <Delay = 0.00>
ST_3 : Operation 46 [1/1] (0.00ns)   --->   "%data_8_V_read24_phi = phi i8 [ %data_8_V_read_1, %hls_label_48_end ], [ %data_8_V_read24_rewind, %rewind_header ]" [firmware/nnet_utils/nnet_dense_stream.h:13]   --->   Operation 46 'phi' 'data_8_V_read24_phi' <Predicate = true> <Delay = 0.00>
ST_3 : Operation 47 [1/1] (0.00ns)   --->   "%data_9_V_read25_phi = phi i8 [ %data_9_V_read_1, %hls_label_48_end ], [ %data_9_V_read25_rewind, %rewind_header ]" [firmware/nnet_utils/nnet_dense_stream.h:13]   --->   Operation 47 'phi' 'data_9_V_read25_phi' <Predicate = true> <Delay = 0.00>
ST_3 : Operation 48 [1/1] (0.87ns)   --->   "%tmp_11 = call i8 @_ssdm_op_Mux.ap_auto.10i8.i4(i8 %data_0_V_read16_phi, i8 %data_1_V_read17_phi, i8 %data_2_V_read18_phi, i8 %data_3_V_read19_phi, i8 %data_4_V_read20_phi, i8 %data_5_V_read21_phi, i8 %data_6_V_read22_phi, i8 %data_7_V_read23_phi, i8 %data_8_V_read24_phi, i8 %data_9_V_read25_phi, i4 %w_index15)" [firmware/nnet_utils/nnet_dense_resource.h:59->firmware/nnet_utils/nnet_dense.h:65->firmware/nnet_utils/nnet_dense_stream.h:20]   --->   Operation 48 'mux' 'tmp_11' <Predicate = true> <Delay = 0.87> <Core = "MuxnS">   --->   Core 31 'MuxnS' <Latency = 0> <II = 1> <Delay = 0.87> <FuncUnit> <Opcode : 'mux'> <InPorts = 2> <OutPorts = 1>
ST_3 : Operation 49 [1/2] (1.77ns)   --->   "%w21_V_load = load i38* %w21_V_addr, align 8" [firmware/nnet_utils/nnet_dense_resource.h:59->firmware/nnet_utils/nnet_dense.h:65->firmware/nnet_utils/nnet_dense_stream.h:20]   --->   Operation 49 'load' 'w21_V_load' <Predicate = true> <Delay = 1.77> <Core = "ROM_nP_BRAM">   --->   Core 55 'ROM_nP_BRAM' <Latency = 1> <II = 1> <Delay = 1.77> <Storage> <Opcode : 'load'> <Ports = 0> <Width = 38> <Depth = 10> <ROM>
ST_3 : Operation 50 [1/1] (0.00ns)   --->   "%trunc_ln59 = trunc i38 %w21_V_load to i8" [firmware/nnet_utils/nnet_dense_resource.h:59->firmware/nnet_utils/nnet_dense.h:65->firmware/nnet_utils/nnet_dense_stream.h:20]   --->   Operation 50 'trunc' 'trunc_ln59' <Predicate = true> <Delay = 0.00>
ST_3 : Operation 51 [1/1] (0.00ns)   --->   "%tmp_2 = call i8 @_ssdm_op_PartSelect.i8.i38.i32.i32(i38 %w21_V_load, i32 8, i32 15)" [firmware/nnet_utils/nnet_dense_resource.h:59->firmware/nnet_utils/nnet_dense.h:65->firmware/nnet_utils/nnet_dense_stream.h:20]   --->   Operation 51 'partselect' 'tmp_2' <Predicate = true> <Delay = 0.00>
ST_3 : Operation 52 [1/1] (0.00ns)   --->   "%tmp_3 = call i8 @_ssdm_op_PartSelect.i8.i38.i32.i32(i38 %w21_V_load, i32 16, i32 23)" [firmware/nnet_utils/nnet_dense_resource.h:59->firmware/nnet_utils/nnet_dense.h:65->firmware/nnet_utils/nnet_dense_stream.h:20]   --->   Operation 52 'partselect' 'tmp_3' <Predicate = true> <Delay = 0.00>
ST_3 : Operation 53 [1/1] (0.00ns)   --->   "%tmp_4 = call i8 @_ssdm_op_PartSelect.i8.i38.i32.i32(i38 %w21_V_load, i32 24, i32 31)" [firmware/nnet_utils/nnet_dense_resource.h:59->firmware/nnet_utils/nnet_dense.h:65->firmware/nnet_utils/nnet_dense_stream.h:20]   --->   Operation 53 'partselect' 'tmp_4' <Predicate = true> <Delay = 0.00>
ST_3 : Operation 54 [1/1] (0.00ns)   --->   "%tmp_12 = call i6 @_ssdm_op_PartSelect.i6.i38.i32.i32(i38 %w21_V_load, i32 32, i32 37)" [firmware/nnet_utils/nnet_dense_resource.h:59->firmware/nnet_utils/nnet_dense.h:65->firmware/nnet_utils/nnet_dense_stream.h:20]   --->   Operation 54 'partselect' 'tmp_12' <Predicate = true> <Delay = 0.00>

State 4 <SV = 3> <Delay = 3.85>
ST_4 : Operation 55 [1/1] (0.00ns)   --->   "%acc_V_4_09 = phi i16 [ 1056, %hls_label_48_begin ], [ %acc_4_V, %ReuseLoop ], [ 1056, %"cast<ap_ufixed<8, 2, 5, 3, 0>, ap_fixed<8, 3, 5, 3, 0>, config21>.exit.0" ]"   --->   Operation 55 'phi' 'acc_V_4_09' <Predicate = true> <Delay = 0.00>
ST_4 : Operation 56 [1/1] (0.00ns)   --->   "%acc_V_3_08 = phi i16 [ 288, %hls_label_48_begin ], [ %acc_3_V, %ReuseLoop ], [ 288, %"cast<ap_ufixed<8, 2, 5, 3, 0>, ap_fixed<8, 3, 5, 3, 0>, config21>.exit.0" ]"   --->   Operation 56 'phi' 'acc_V_3_08' <Predicate = true> <Delay = 0.00>
ST_4 : Operation 57 [1/1] (0.00ns)   --->   "%acc_V_2_07 = phi i16 [ 288, %hls_label_48_begin ], [ %acc_2_V, %ReuseLoop ], [ 288, %"cast<ap_ufixed<8, 2, 5, 3, 0>, ap_fixed<8, 3, 5, 3, 0>, config21>.exit.0" ]"   --->   Operation 57 'phi' 'acc_V_2_07' <Predicate = true> <Delay = 0.00>
ST_4 : Operation 58 [1/1] (0.00ns)   --->   "%acc_V_1_06 = phi i16 [ 512, %hls_label_48_begin ], [ %acc_1_V, %ReuseLoop ], [ 512, %"cast<ap_ufixed<8, 2, 5, 3, 0>, ap_fixed<8, 3, 5, 3, 0>, config21>.exit.0" ]"   --->   Operation 58 'phi' 'acc_V_1_06' <Predicate = true> <Delay = 0.00>
ST_4 : Operation 59 [1/1] (0.00ns)   --->   "%acc_V_0_05 = phi i16 [ 416, %hls_label_48_begin ], [ %acc_0_V, %ReuseLoop ], [ 416, %"cast<ap_ufixed<8, 2, 5, 3, 0>, ap_fixed<8, 3, 5, 3, 0>, config21>.exit.0" ]"   --->   Operation 59 'phi' 'acc_V_0_05' <Predicate = true> <Delay = 0.00>
ST_4 : Operation 60 [1/1] (0.00ns)   --->   "call void (...)* @_ssdm_op_SpecMemCore([10 x i38]* @w21_V, [1 x i8]* @p_str17, [12 x i8]* @p_str50, [1 x i8]* @p_str17, i32 -1, [1 x i8]* @p_str17, [1 x i8]* @p_str17, [1 x i8]* @p_str17, [1 x i8]* @p_str17, [1 x i8]* @p_str17)"   --->   Operation 60 'specmemcore' <Predicate = (do_init)> <Delay = 0.00>
ST_4 : Operation 61 [1/1] (0.00ns)   --->   "%empty_228 = call i32 (...)* @_ssdm_op_SpecRegionEnd([13 x i8]* @p_str49, i32 %tmp)" [firmware/nnet_utils/nnet_dense_resource.h:34->firmware/nnet_utils/nnet_dense.h:65->firmware/nnet_utils/nnet_dense_stream.h:20]   --->   Operation 61 'specregionend' 'empty_228' <Predicate = (do_init)> <Delay = 0.00>
ST_4 : Operation 62 [1/1] (0.00ns)   --->   "call void (...)* @_ssdm_op_SpecLoopName([10 x i8]* @p_str52) nounwind" [firmware/nnet_utils/nnet_dense_resource.h:46->firmware/nnet_utils/nnet_dense.h:65->firmware/nnet_utils/nnet_dense_stream.h:20]   --->   Operation 62 'specloopname' <Predicate = true> <Delay = 0.00>
ST_4 : Operation 63 [1/1] (0.00ns)   --->   "%tmp_s = call i32 (...)* @_ssdm_op_SpecRegionBegin([10 x i8]* @p_str52)" [firmware/nnet_utils/nnet_dense_resource.h:46->firmware/nnet_utils/nnet_dense.h:65->firmware/nnet_utils/nnet_dense_stream.h:20]   --->   Operation 63 'specregionbegin' 'tmp_s' <Predicate = true> <Delay = 0.00>
ST_4 : Operation 64 [1/1] (0.00ns)   --->   "call void (...)* @_ssdm_op_SpecPipeline(i32 1, i32 1, i32 1, i32 0, [1 x i8]* @p_str17) nounwind" [firmware/nnet_utils/nnet_dense_resource.h:47->firmware/nnet_utils/nnet_dense.h:65->firmware/nnet_utils/nnet_dense_stream.h:20]   --->   Operation 64 'specpipeline' <Predicate = true> <Delay = 0.00>
ST_4 : Operation 65 [1/1] (0.00ns)   --->   "%zext_ln1116 = zext i8 %tmp_11 to i16" [firmware/nnet_utils/nnet_mult.h:73->firmware/nnet_utils/nnet_dense_resource.h:59->firmware/nnet_utils/nnet_dense.h:65->firmware/nnet_utils/nnet_dense_stream.h:20]   --->   Operation 65 'zext' 'zext_ln1116' <Predicate = true> <Delay = 0.00>
ST_4 : Operation 66 [1/1] (0.00ns)   --->   "%sext_ln1118 = sext i8 %trunc_ln59 to i16" [firmware/nnet_utils/nnet_mult.h:73->firmware/nnet_utils/nnet_dense_resource.h:59->firmware/nnet_utils/nnet_dense.h:65->firmware/nnet_utils/nnet_dense_stream.h:20]   --->   Operation 66 'sext' 'sext_ln1118' <Predicate = true> <Delay = 0.00>
ST_4 : Operation 67 [1/1] (2.44ns)   --->   "%mul_ln1118 = mul i16 %zext_ln1116, %sext_ln1118" [firmware/nnet_utils/nnet_mult.h:73->firmware/nnet_utils/nnet_dense_resource.h:59->firmware/nnet_utils/nnet_dense.h:65->firmware/nnet_utils/nnet_dense_stream.h:20]   --->   Operation 67 'mul' 'mul_ln1118' <Predicate = true> <Delay = 2.44> <Core = "Mul">   --->   Core 16 'Mul' <Latency = 0> <II = 1> <Delay = 2.44> <FuncUnit> <Opcode : 'mul'> <InPorts = 2> <OutPorts = 1>
ST_4 : Operation 68 [1/1] (0.00ns)   --->   "%trunc_ln = call i15 @_ssdm_op_PartSelect.i15.i16.i32.i32(i16 %mul_ln1118, i32 1, i32 15)" [firmware/nnet_utils/nnet_dense_resource.h:59->firmware/nnet_utils/nnet_dense.h:65->firmware/nnet_utils/nnet_dense_stream.h:20]   --->   Operation 68 'partselect' 'trunc_ln' <Predicate = true> <Delay = 0.00>
ST_4 : Operation 69 [1/1] (0.00ns)   --->   "%sext_ln708 = sext i15 %trunc_ln to i16" [firmware/nnet_utils/nnet_dense_resource.h:59->firmware/nnet_utils/nnet_dense.h:65->firmware/nnet_utils/nnet_dense_stream.h:20]   --->   Operation 69 'sext' 'sext_ln708' <Predicate = true> <Delay = 0.00>
ST_4 : Operation 70 [1/1] (0.00ns)   --->   "%trunc_ln703_5 = call i13 @_ssdm_op_PartSelect.i13.i16.i32.i32(i16 %mul_ln1118, i32 1, i32 13)" [firmware/nnet_utils/nnet_dense_resource.h:59->firmware/nnet_utils/nnet_dense.h:65->firmware/nnet_utils/nnet_dense_stream.h:20]   --->   Operation 70 'partselect' 'trunc_ln703_5' <Predicate = true> <Delay = 0.00>
ST_4 : Operation 71 [1/1] (0.00ns)   --->   "%trunc_ln703 = trunc i16 %acc_V_0_05 to i13" [firmware/nnet_utils/nnet_dense_resource.h:59->firmware/nnet_utils/nnet_dense.h:65->firmware/nnet_utils/nnet_dense_stream.h:20]   --->   Operation 71 'trunc' 'trunc_ln703' <Predicate = true> <Delay = 0.00>
ST_4 : Operation 72 [1/1] (1.41ns)   --->   "%acc_0_V = add i16 %acc_V_0_05, %sext_ln708" [firmware/nnet_utils/nnet_dense_resource.h:59->firmware/nnet_utils/nnet_dense.h:65->firmware/nnet_utils/nnet_dense_stream.h:20]   --->   Operation 72 'add' 'acc_0_V' <Predicate = true> <Delay = 1.41> <Core = "AddSub">   --->   Core 14 'AddSub' <Latency = 0> <II = 1> <Delay = 1.36> <FuncUnit> <Opcode : 'add' 'sub'> <InPorts = 2> <OutPorts = 1>
ST_4 : Operation 73 [1/1] (1.36ns)   --->   "%add_ln703_1 = add i13 %trunc_ln703, %trunc_ln703_5" [firmware/nnet_utils/nnet_dense_resource.h:59->firmware/nnet_utils/nnet_dense.h:65->firmware/nnet_utils/nnet_dense_stream.h:20]   --->   Operation 73 'add' 'add_ln703_1' <Predicate = true> <Delay = 1.36> <Core = "AddSub">   --->   Core 14 'AddSub' <Latency = 0> <II = 1> <Delay = 1.36> <FuncUnit> <Opcode : 'add' 'sub'> <InPorts = 2> <OutPorts = 1>
ST_4 : Operation 74 [1/1] (0.00ns)   --->   "%sext_ln1118_1 = sext i8 %tmp_2 to i16" [firmware/nnet_utils/nnet_mult.h:73->firmware/nnet_utils/nnet_dense_resource.h:59->firmware/nnet_utils/nnet_dense.h:65->firmware/nnet_utils/nnet_dense_stream.h:20]   --->   Operation 74 'sext' 'sext_ln1118_1' <Predicate = true> <Delay = 0.00>
ST_4 : Operation 75 [1/1] (2.44ns)   --->   "%mul_ln1118_1 = mul i16 %zext_ln1116, %sext_ln1118_1" [firmware/nnet_utils/nnet_mult.h:73->firmware/nnet_utils/nnet_dense_resource.h:59->firmware/nnet_utils/nnet_dense.h:65->firmware/nnet_utils/nnet_dense_stream.h:20]   --->   Operation 75 'mul' 'mul_ln1118_1' <Predicate = true> <Delay = 2.44> <Core = "Mul">   --->   Core 16 'Mul' <Latency = 0> <II = 1> <Delay = 2.44> <FuncUnit> <Opcode : 'mul'> <InPorts = 2> <OutPorts = 1>
ST_4 : Operation 76 [1/1] (0.00ns)   --->   "%trunc_ln708_s = call i15 @_ssdm_op_PartSelect.i15.i16.i32.i32(i16 %mul_ln1118_1, i32 1, i32 15)" [firmware/nnet_utils/nnet_dense_resource.h:59->firmware/nnet_utils/nnet_dense.h:65->firmware/nnet_utils/nnet_dense_stream.h:20]   --->   Operation 76 'partselect' 'trunc_ln708_s' <Predicate = true> <Delay = 0.00>
ST_4 : Operation 77 [1/1] (0.00ns)   --->   "%sext_ln708_1 = sext i15 %trunc_ln708_s to i16" [firmware/nnet_utils/nnet_dense_resource.h:59->firmware/nnet_utils/nnet_dense.h:65->firmware/nnet_utils/nnet_dense_stream.h:20]   --->   Operation 77 'sext' 'sext_ln708_1' <Predicate = true> <Delay = 0.00>
ST_4 : Operation 78 [1/1] (0.00ns)   --->   "%trunc_ln1 = call i13 @_ssdm_op_PartSelect.i13.i16.i32.i32(i16 %mul_ln1118_1, i32 1, i32 13)" [firmware/nnet_utils/nnet_dense_resource.h:59->firmware/nnet_utils/nnet_dense.h:65->firmware/nnet_utils/nnet_dense_stream.h:20]   --->   Operation 78 'partselect' 'trunc_ln1' <Predicate = true> <Delay = 0.00>
ST_4 : Operation 79 [1/1] (0.00ns)   --->   "%trunc_ln703_1 = trunc i16 %acc_V_1_06 to i13" [firmware/nnet_utils/nnet_dense_resource.h:59->firmware/nnet_utils/nnet_dense.h:65->firmware/nnet_utils/nnet_dense_stream.h:20]   --->   Operation 79 'trunc' 'trunc_ln703_1' <Predicate = true> <Delay = 0.00>
ST_4 : Operation 80 [1/1] (1.41ns)   --->   "%acc_1_V = add i16 %acc_V_1_06, %sext_ln708_1" [firmware/nnet_utils/nnet_dense_resource.h:59->firmware/nnet_utils/nnet_dense.h:65->firmware/nnet_utils/nnet_dense_stream.h:20]   --->   Operation 80 'add' 'acc_1_V' <Predicate = true> <Delay = 1.41> <Core = "AddSub">   --->   Core 14 'AddSub' <Latency = 0> <II = 1> <Delay = 1.36> <FuncUnit> <Opcode : 'add' 'sub'> <InPorts = 2> <OutPorts = 1>
ST_4 : Operation 81 [1/1] (1.36ns)   --->   "%add_ln703_2 = add i13 %trunc_ln703_1, %trunc_ln1" [firmware/nnet_utils/nnet_dense_resource.h:59->firmware/nnet_utils/nnet_dense.h:65->firmware/nnet_utils/nnet_dense_stream.h:20]   --->   Operation 81 'add' 'add_ln703_2' <Predicate = true> <Delay = 1.36> <Core = "AddSub">   --->   Core 14 'AddSub' <Latency = 0> <II = 1> <Delay = 1.36> <FuncUnit> <Opcode : 'add' 'sub'> <InPorts = 2> <OutPorts = 1>
ST_4 : Operation 82 [1/1] (0.00ns)   --->   "%sext_ln1118_2 = sext i8 %tmp_3 to i16" [firmware/nnet_utils/nnet_mult.h:73->firmware/nnet_utils/nnet_dense_resource.h:59->firmware/nnet_utils/nnet_dense.h:65->firmware/nnet_utils/nnet_dense_stream.h:20]   --->   Operation 82 'sext' 'sext_ln1118_2' <Predicate = true> <Delay = 0.00>
ST_4 : Operation 83 [1/1] (2.44ns)   --->   "%mul_ln1118_2 = mul i16 %zext_ln1116, %sext_ln1118_2" [firmware/nnet_utils/nnet_mult.h:73->firmware/nnet_utils/nnet_dense_resource.h:59->firmware/nnet_utils/nnet_dense.h:65->firmware/nnet_utils/nnet_dense_stream.h:20]   --->   Operation 83 'mul' 'mul_ln1118_2' <Predicate = true> <Delay = 2.44> <Core = "Mul">   --->   Core 16 'Mul' <Latency = 0> <II = 1> <Delay = 2.44> <FuncUnit> <Opcode : 'mul'> <InPorts = 2> <OutPorts = 1>
ST_4 : Operation 84 [1/1] (0.00ns)   --->   "%trunc_ln708_14 = call i15 @_ssdm_op_PartSelect.i15.i16.i32.i32(i16 %mul_ln1118_2, i32 1, i32 15)" [firmware/nnet_utils/nnet_dense_resource.h:59->firmware/nnet_utils/nnet_dense.h:65->firmware/nnet_utils/nnet_dense_stream.h:20]   --->   Operation 84 'partselect' 'trunc_ln708_14' <Predicate = true> <Delay = 0.00>
ST_4 : Operation 85 [1/1] (0.00ns)   --->   "%sext_ln708_2 = sext i15 %trunc_ln708_14 to i16" [firmware/nnet_utils/nnet_dense_resource.h:59->firmware/nnet_utils/nnet_dense.h:65->firmware/nnet_utils/nnet_dense_stream.h:20]   --->   Operation 85 'sext' 'sext_ln708_2' <Predicate = true> <Delay = 0.00>
ST_4 : Operation 86 [1/1] (0.00ns)   --->   "%trunc_ln703_8 = call i13 @_ssdm_op_PartSelect.i13.i16.i32.i32(i16 %mul_ln1118_2, i32 1, i32 13)" [firmware/nnet_utils/nnet_dense_resource.h:59->firmware/nnet_utils/nnet_dense.h:65->firmware/nnet_utils/nnet_dense_stream.h:20]   --->   Operation 86 'partselect' 'trunc_ln703_8' <Predicate = true> <Delay = 0.00>
ST_4 : Operation 87 [1/1] (0.00ns)   --->   "%trunc_ln703_2 = trunc i16 %acc_V_2_07 to i13" [firmware/nnet_utils/nnet_dense_resource.h:59->firmware/nnet_utils/nnet_dense.h:65->firmware/nnet_utils/nnet_dense_stream.h:20]   --->   Operation 87 'trunc' 'trunc_ln703_2' <Predicate = true> <Delay = 0.00>
ST_4 : Operation 88 [1/1] (1.41ns)   --->   "%acc_2_V = add i16 %acc_V_2_07, %sext_ln708_2" [firmware/nnet_utils/nnet_dense_resource.h:59->firmware/nnet_utils/nnet_dense.h:65->firmware/nnet_utils/nnet_dense_stream.h:20]   --->   Operation 88 'add' 'acc_2_V' <Predicate = true> <Delay = 1.41> <Core = "AddSub">   --->   Core 14 'AddSub' <Latency = 0> <II = 1> <Delay = 1.36> <FuncUnit> <Opcode : 'add' 'sub'> <InPorts = 2> <OutPorts = 1>
ST_4 : Operation 89 [1/1] (1.36ns)   --->   "%add_ln703_3 = add i13 %trunc_ln703_2, %trunc_ln703_8" [firmware/nnet_utils/nnet_dense_resource.h:59->firmware/nnet_utils/nnet_dense.h:65->firmware/nnet_utils/nnet_dense_stream.h:20]   --->   Operation 89 'add' 'add_ln703_3' <Predicate = true> <Delay = 1.36> <Core = "AddSub">   --->   Core 14 'AddSub' <Latency = 0> <II = 1> <Delay = 1.36> <FuncUnit> <Opcode : 'add' 'sub'> <InPorts = 2> <OutPorts = 1>
ST_4 : Operation 90 [1/1] (0.00ns)   --->   "%sext_ln1118_3 = sext i8 %tmp_4 to i16" [firmware/nnet_utils/nnet_mult.h:73->firmware/nnet_utils/nnet_dense_resource.h:59->firmware/nnet_utils/nnet_dense.h:65->firmware/nnet_utils/nnet_dense_stream.h:20]   --->   Operation 90 'sext' 'sext_ln1118_3' <Predicate = true> <Delay = 0.00>
ST_4 : Operation 91 [1/1] (2.44ns)   --->   "%mul_ln1118_3 = mul i16 %zext_ln1116, %sext_ln1118_3" [firmware/nnet_utils/nnet_mult.h:73->firmware/nnet_utils/nnet_dense_resource.h:59->firmware/nnet_utils/nnet_dense.h:65->firmware/nnet_utils/nnet_dense_stream.h:20]   --->   Operation 91 'mul' 'mul_ln1118_3' <Predicate = true> <Delay = 2.44> <Core = "Mul">   --->   Core 16 'Mul' <Latency = 0> <II = 1> <Delay = 2.44> <FuncUnit> <Opcode : 'mul'> <InPorts = 2> <OutPorts = 1>
ST_4 : Operation 92 [1/1] (0.00ns)   --->   "%trunc_ln708_15 = call i15 @_ssdm_op_PartSelect.i15.i16.i32.i32(i16 %mul_ln1118_3, i32 1, i32 15)" [firmware/nnet_utils/nnet_dense_resource.h:59->firmware/nnet_utils/nnet_dense.h:65->firmware/nnet_utils/nnet_dense_stream.h:20]   --->   Operation 92 'partselect' 'trunc_ln708_15' <Predicate = true> <Delay = 0.00>
ST_4 : Operation 93 [1/1] (0.00ns)   --->   "%sext_ln708_3 = sext i15 %trunc_ln708_15 to i16" [firmware/nnet_utils/nnet_dense_resource.h:59->firmware/nnet_utils/nnet_dense.h:65->firmware/nnet_utils/nnet_dense_stream.h:20]   --->   Operation 93 'sext' 'sext_ln708_3' <Predicate = true> <Delay = 0.00>
ST_4 : Operation 94 [1/1] (0.00ns)   --->   "%trunc_ln703_s = call i13 @_ssdm_op_PartSelect.i13.i16.i32.i32(i16 %mul_ln1118_3, i32 1, i32 13)" [firmware/nnet_utils/nnet_dense_resource.h:59->firmware/nnet_utils/nnet_dense.h:65->firmware/nnet_utils/nnet_dense_stream.h:20]   --->   Operation 94 'partselect' 'trunc_ln703_s' <Predicate = true> <Delay = 0.00>
ST_4 : Operation 95 [1/1] (0.00ns)   --->   "%trunc_ln703_3 = trunc i16 %acc_V_3_08 to i13" [firmware/nnet_utils/nnet_dense_resource.h:59->firmware/nnet_utils/nnet_dense.h:65->firmware/nnet_utils/nnet_dense_stream.h:20]   --->   Operation 95 'trunc' 'trunc_ln703_3' <Predicate = true> <Delay = 0.00>
ST_4 : Operation 96 [1/1] (1.41ns)   --->   "%acc_3_V = add i16 %acc_V_3_08, %sext_ln708_3" [firmware/nnet_utils/nnet_dense_resource.h:59->firmware/nnet_utils/nnet_dense.h:65->firmware/nnet_utils/nnet_dense_stream.h:20]   --->   Operation 96 'add' 'acc_3_V' <Predicate = true> <Delay = 1.41> <Core = "AddSub">   --->   Core 14 'AddSub' <Latency = 0> <II = 1> <Delay = 1.36> <FuncUnit> <Opcode : 'add' 'sub'> <InPorts = 2> <OutPorts = 1>
ST_4 : Operation 97 [1/1] (1.36ns)   --->   "%add_ln703_4 = add i13 %trunc_ln703_3, %trunc_ln703_s" [firmware/nnet_utils/nnet_dense_resource.h:59->firmware/nnet_utils/nnet_dense.h:65->firmware/nnet_utils/nnet_dense_stream.h:20]   --->   Operation 97 'add' 'add_ln703_4' <Predicate = true> <Delay = 1.36> <Core = "AddSub">   --->   Core 14 'AddSub' <Latency = 0> <II = 1> <Delay = 1.36> <FuncUnit> <Opcode : 'add' 'sub'> <InPorts = 2> <OutPorts = 1>
ST_4 : Operation 98 [1/1] (0.00ns)   --->   "%zext_ln1118 = zext i8 %tmp_11 to i14" [firmware/nnet_utils/nnet_mult.h:73->firmware/nnet_utils/nnet_dense_resource.h:59->firmware/nnet_utils/nnet_dense.h:65->firmware/nnet_utils/nnet_dense_stream.h:20]   --->   Operation 98 'zext' 'zext_ln1118' <Predicate = true> <Delay = 0.00>
ST_4 : Operation 99 [1/1] (0.00ns)   --->   "%sext_ln1118_4 = sext i6 %tmp_12 to i14" [firmware/nnet_utils/nnet_mult.h:73->firmware/nnet_utils/nnet_dense_resource.h:59->firmware/nnet_utils/nnet_dense.h:65->firmware/nnet_utils/nnet_dense_stream.h:20]   --->   Operation 99 'sext' 'sext_ln1118_4' <Predicate = true> <Delay = 0.00>
ST_4 : Operation 100 [1/1] (2.44ns)   --->   "%mul_ln1118_4 = mul i14 %sext_ln1118_4, %zext_ln1118" [firmware/nnet_utils/nnet_mult.h:73->firmware/nnet_utils/nnet_dense_resource.h:59->firmware/nnet_utils/nnet_dense.h:65->firmware/nnet_utils/nnet_dense_stream.h:20]   --->   Operation 100 'mul' 'mul_ln1118_4' <Predicate = true> <Delay = 2.44> <Core = "Mul">   --->   Core 16 'Mul' <Latency = 0> <II = 1> <Delay = 2.44> <FuncUnit> <Opcode : 'mul'> <InPorts = 2> <OutPorts = 1>
ST_4 : Operation 101 [1/1] (0.00ns)   --->   "%trunc_ln708_16 = call i13 @_ssdm_op_PartSelect.i13.i14.i32.i32(i14 %mul_ln1118_4, i32 1, i32 13)" [firmware/nnet_utils/nnet_dense_resource.h:59->firmware/nnet_utils/nnet_dense.h:65->firmware/nnet_utils/nnet_dense_stream.h:20]   --->   Operation 101 'partselect' 'trunc_ln708_16' <Predicate = true> <Delay = 0.00>
ST_4 : Operation 102 [1/1] (0.00ns)   --->   "%sext_ln708_4 = sext i13 %trunc_ln708_16 to i16" [firmware/nnet_utils/nnet_dense_resource.h:59->firmware/nnet_utils/nnet_dense.h:65->firmware/nnet_utils/nnet_dense_stream.h:20]   --->   Operation 102 'sext' 'sext_ln708_4' <Predicate = true> <Delay = 0.00>
ST_4 : Operation 103 [1/1] (0.00ns)   --->   "%trunc_ln703_4 = trunc i16 %acc_V_4_09 to i13" [firmware/nnet_utils/nnet_dense_resource.h:59->firmware/nnet_utils/nnet_dense.h:65->firmware/nnet_utils/nnet_dense_stream.h:20]   --->   Operation 103 'trunc' 'trunc_ln703_4' <Predicate = true> <Delay = 0.00>
ST_4 : Operation 104 [1/1] (1.41ns)   --->   "%acc_4_V = add i16 %acc_V_4_09, %sext_ln708_4" [firmware/nnet_utils/nnet_dense_resource.h:59->firmware/nnet_utils/nnet_dense.h:65->firmware/nnet_utils/nnet_dense_stream.h:20]   --->   Operation 104 'add' 'acc_4_V' <Predicate = true> <Delay = 1.41> <Core = "AddSub">   --->   Core 14 'AddSub' <Latency = 0> <II = 1> <Delay = 1.36> <FuncUnit> <Opcode : 'add' 'sub'> <InPorts = 2> <OutPorts = 1>
ST_4 : Operation 105 [1/1] (1.36ns)   --->   "%add_ln703_5 = add i13 %trunc_ln703_4, %trunc_ln708_16" [firmware/nnet_utils/nnet_dense_resource.h:59->firmware/nnet_utils/nnet_dense.h:65->firmware/nnet_utils/nnet_dense_stream.h:20]   --->   Operation 105 'add' 'add_ln703_5' <Predicate = true> <Delay = 1.36> <Core = "AddSub">   --->   Core 14 'AddSub' <Latency = 0> <II = 1> <Delay = 1.36> <FuncUnit> <Opcode : 'add' 'sub'> <InPorts = 2> <OutPorts = 1>
ST_4 : Operation 106 [1/1] (0.00ns)   --->   "%empty = call i32 (...)* @_ssdm_op_SpecRegionEnd([10 x i8]* @p_str52, i32 %tmp_s)" [firmware/nnet_utils/nnet_dense_resource.h:76->firmware/nnet_utils/nnet_dense.h:65->firmware/nnet_utils/nnet_dense_stream.h:20]   --->   Operation 106 'specregionend' 'empty' <Predicate = true> <Delay = 0.00>
ST_4 : Operation 107 [1/1] (0.00ns)   --->   "%trunc_ln2 = call i8 @_ssdm_op_PartSelect.i8.i13.i32.i32(i13 %add_ln703_1, i32 5, i32 12)" [firmware/nnet_utils/nnet_dense_resource.h:46->firmware/nnet_utils/nnet_dense.h:65->firmware/nnet_utils/nnet_dense_stream.h:20]   --->   Operation 107 'partselect' 'trunc_ln2' <Predicate = true> <Delay = 0.00>
ST_4 : Operation 108 [1/1] (0.00ns)   --->   "%trunc_ln46_1 = call i8 @_ssdm_op_PartSelect.i8.i13.i32.i32(i13 %add_ln703_2, i32 5, i32 12)" [firmware/nnet_utils/nnet_dense_resource.h:46->firmware/nnet_utils/nnet_dense.h:65->firmware/nnet_utils/nnet_dense_stream.h:20]   --->   Operation 108 'partselect' 'trunc_ln46_1' <Predicate = true> <Delay = 0.00>
ST_4 : Operation 109 [1/1] (0.00ns)   --->   "%trunc_ln46_2 = call i8 @_ssdm_op_PartSelect.i8.i13.i32.i32(i13 %add_ln703_3, i32 5, i32 12)" [firmware/nnet_utils/nnet_dense_resource.h:46->firmware/nnet_utils/nnet_dense.h:65->firmware/nnet_utils/nnet_dense_stream.h:20]   --->   Operation 109 'partselect' 'trunc_ln46_2' <Predicate = true> <Delay = 0.00>
ST_4 : Operation 110 [1/1] (0.00ns)   --->   "%trunc_ln46_3 = call i8 @_ssdm_op_PartSelect.i8.i13.i32.i32(i13 %add_ln703_4, i32 5, i32 12)" [firmware/nnet_utils/nnet_dense_resource.h:46->firmware/nnet_utils/nnet_dense.h:65->firmware/nnet_utils/nnet_dense_stream.h:20]   --->   Operation 110 'partselect' 'trunc_ln46_3' <Predicate = true> <Delay = 0.00>
ST_4 : Operation 111 [1/1] (0.00ns)   --->   "%trunc_ln46_4 = call i8 @_ssdm_op_PartSelect.i8.i13.i32.i32(i13 %add_ln703_5, i32 5, i32 12)" [firmware/nnet_utils/nnet_dense_resource.h:46->firmware/nnet_utils/nnet_dense.h:65->firmware/nnet_utils/nnet_dense_stream.h:20]   --->   Operation 111 'partselect' 'trunc_ln46_4' <Predicate = true> <Delay = 0.00>
ST_4 : Operation 112 [1/1] (0.00ns)   --->   "%empty_227 = call i32 (...)* @_ssdm_op_SpecLoopTripCount(i64 10, i64 10, i64 10)"   --->   Operation 112 'speclooptripcount' 'empty_227' <Predicate = true> <Delay = 0.00>
ST_4 : Operation 113 [1/1] (0.00ns)   --->   "%mrv = insertvalue { i8, i8, i8, i8, i8 } undef, i8 %trunc_ln2, 0" [firmware/nnet_utils/nnet_dense_stream.h:21]   --->   Operation 113 'insertvalue' 'mrv' <Predicate = (icmp_ln46)> <Delay = 0.00>
ST_4 : Operation 114 [1/1] (0.00ns)   --->   "%mrv_1 = insertvalue { i8, i8, i8, i8, i8 } %mrv, i8 %trunc_ln46_1, 1" [firmware/nnet_utils/nnet_dense_stream.h:21]   --->   Operation 114 'insertvalue' 'mrv_1' <Predicate = (icmp_ln46)> <Delay = 0.00>
ST_4 : Operation 115 [1/1] (0.00ns)   --->   "%mrv_2 = insertvalue { i8, i8, i8, i8, i8 } %mrv_1, i8 %trunc_ln46_2, 2" [firmware/nnet_utils/nnet_dense_stream.h:21]   --->   Operation 115 'insertvalue' 'mrv_2' <Predicate = (icmp_ln46)> <Delay = 0.00>
ST_4 : Operation 116 [1/1] (0.00ns)   --->   "%mrv_3 = insertvalue { i8, i8, i8, i8, i8 } %mrv_2, i8 %trunc_ln46_3, 3" [firmware/nnet_utils/nnet_dense_stream.h:21]   --->   Operation 116 'insertvalue' 'mrv_3' <Predicate = (icmp_ln46)> <Delay = 0.00>
ST_4 : Operation 117 [1/1] (0.00ns)   --->   "%mrv_4 = insertvalue { i8, i8, i8, i8, i8 } %mrv_3, i8 %trunc_ln46_4, 4" [firmware/nnet_utils/nnet_dense_stream.h:21]   --->   Operation 117 'insertvalue' 'mrv_4' <Predicate = (icmp_ln46)> <Delay = 0.00>
ST_4 : Operation 118 [1/1] (0.00ns)   --->   "call void (...)* @_ssdm_op_Return({ i8, i8, i8, i8, i8 } %mrv_4)" [firmware/nnet_utils/nnet_dense_stream.h:21]   --->   Operation 118 'return' <Predicate = (icmp_ln46)> <Delay = 0.00>


============================================================
+ Verbose Summary: Binding
============================================================
STG Binding: 
---------------- STG Properties BEGIN ----------------
- Is combinational: 0
- Is one-state seq: 0
- Is datapath-only: 0
- Is pipelined: 0
- Is top level: 0
Port [ Return ] is wired: 1; IO mode=ap_ctrl_hs:ce=0
Port [ data_0_V_read]:  wired=1; compound=0; hidden=0; nouse=0; global=0; static=0; extern=0; dir=0; type=0; pingpong=0; private_global=0; IO mode=ap_none:ce=0
Port [ data_1_V_read]:  wired=1; compound=0; hidden=0; nouse=0; global=0; static=0; extern=0; dir=0; type=0; pingpong=0; private_global=0; IO mode=ap_none:ce=0
Port [ data_2_V_read]:  wired=1; compound=0; hidden=0; nouse=0; global=0; static=0; extern=0; dir=0; type=0; pingpong=0; private_global=0; IO mode=ap_none:ce=0
Port [ data_3_V_read]:  wired=1; compound=0; hidden=0; nouse=0; global=0; static=0; extern=0; dir=0; type=0; pingpong=0; private_global=0; IO mode=ap_none:ce=0
Port [ data_4_V_read]:  wired=1; compound=0; hidden=0; nouse=0; global=0; static=0; extern=0; dir=0; type=0; pingpong=0; private_global=0; IO mode=ap_none:ce=0
Port [ data_5_V_read]:  wired=1; compound=0; hidden=0; nouse=0; global=0; static=0; extern=0; dir=0; type=0; pingpong=0; private_global=0; IO mode=ap_none:ce=0
Port [ data_6_V_read]:  wired=1; compound=0; hidden=0; nouse=0; global=0; static=0; extern=0; dir=0; type=0; pingpong=0; private_global=0; IO mode=ap_none:ce=0
Port [ data_7_V_read]:  wired=1; compound=0; hidden=0; nouse=0; global=0; static=0; extern=0; dir=0; type=0; pingpong=0; private_global=0; IO mode=ap_none:ce=0
Port [ data_8_V_read]:  wired=1; compound=0; hidden=0; nouse=0; global=0; static=0; extern=0; dir=0; type=0; pingpong=0; private_global=0; IO mode=ap_none:ce=0
Port [ data_9_V_read]:  wired=1; compound=0; hidden=0; nouse=0; global=0; static=0; extern=0; dir=0; type=0; pingpong=0; private_global=0; IO mode=ap_none:ce=0
Port [ w21_V]:  wired=0; compound=1; hidden=1; nouse=0; global=1; static=0; extern=0; dir=0; type=1; pingpong=0; private_global=1; linkage=0; visibility=0; MemPort=[1]; IO mode=ap_memory:ce=0
---------------- STG Properties END ------------------

---------------- Datapath Model BEGIN ----------------

<LifeTime>
<method=bitvector/>
tmp                    (specregionbegin  ) [ 00111]
br_ln46                (br               ) [ 01111]
do_init                (phi              ) [ 00111]
w_index15              (phi              ) [ 00111]
data_9_V_read_1        (read             ) [ 00111]
data_8_V_read_1        (read             ) [ 00111]
data_7_V_read_1        (read             ) [ 00111]
data_6_V_read_1        (read             ) [ 00111]
data_5_V_read_1        (read             ) [ 00111]
data_4_V_read_1        (read             ) [ 00111]
data_3_V_read_1        (read             ) [ 00111]
data_2_V_read_1        (read             ) [ 00111]
data_1_V_read_1        (read             ) [ 00111]
data_0_V_read_1        (read             ) [ 00111]
br_ln46                (br               ) [ 00111]
zext_ln59              (zext             ) [ 00000]
w21_V_addr             (getelementptr    ) [ 00110]
w_index                (add              ) [ 01111]
icmp_ln46              (icmp             ) [ 00111]
br_ln46                (br               ) [ 01111]
br_ln21                (br               ) [ 01111]
data_0_V_read16_rewind (phi              ) [ 00110]
data_1_V_read17_rewind (phi              ) [ 00110]
data_2_V_read18_rewind (phi              ) [ 00110]
data_3_V_read19_rewind (phi              ) [ 00110]
data_4_V_read20_rewind (phi              ) [ 00110]
data_5_V_read21_rewind (phi              ) [ 00110]
data_6_V_read22_rewind (phi              ) [ 00110]
data_7_V_read23_rewind (phi              ) [ 00110]
data_8_V_read24_rewind (phi              ) [ 00110]
data_9_V_read25_rewind (phi              ) [ 00110]
br_ln0                 (br               ) [ 00000]
data_0_V_read16_phi    (phi              ) [ 01111]
data_1_V_read17_phi    (phi              ) [ 01111]
data_2_V_read18_phi    (phi              ) [ 01111]
data_3_V_read19_phi    (phi              ) [ 01111]
data_4_V_read20_phi    (phi              ) [ 01111]
data_5_V_read21_phi    (phi              ) [ 01111]
data_6_V_read22_phi    (phi              ) [ 01111]
data_7_V_read23_phi    (phi              ) [ 01111]
data_8_V_read24_phi    (phi              ) [ 01111]
data_9_V_read25_phi    (phi              ) [ 01111]
tmp_11                 (mux              ) [ 00101]
w21_V_load             (load             ) [ 00000]
trunc_ln59             (trunc            ) [ 00101]
tmp_2                  (partselect       ) [ 00101]
tmp_3                  (partselect       ) [ 00101]
tmp_4                  (partselect       ) [ 00101]
tmp_12                 (partselect       ) [ 00101]
acc_V_4_09             (phi              ) [ 00111]
acc_V_3_08             (phi              ) [ 00111]
acc_V_2_07             (phi              ) [ 00111]
acc_V_1_06             (phi              ) [ 00111]
acc_V_0_05             (phi              ) [ 00111]
specmemcore_ln0        (specmemcore      ) [ 00000]
empty_228              (specregionend    ) [ 00000]
specloopname_ln46      (specloopname     ) [ 00000]
tmp_s                  (specregionbegin  ) [ 00000]
specpipeline_ln47      (specpipeline     ) [ 00000]
zext_ln1116            (zext             ) [ 00000]
sext_ln1118            (sext             ) [ 00000]
mul_ln1118             (mul              ) [ 00000]
trunc_ln               (partselect       ) [ 00000]
sext_ln708             (sext             ) [ 00000]
trunc_ln703_5          (partselect       ) [ 00000]
trunc_ln703            (trunc            ) [ 00000]
acc_0_V                (add              ) [ 01111]
add_ln703_1            (add              ) [ 00000]
sext_ln1118_1          (sext             ) [ 00000]
mul_ln1118_1           (mul              ) [ 00000]
trunc_ln708_s          (partselect       ) [ 00000]
sext_ln708_1           (sext             ) [ 00000]
trunc_ln1              (partselect       ) [ 00000]
trunc_ln703_1          (trunc            ) [ 00000]
acc_1_V                (add              ) [ 01111]
add_ln703_2            (add              ) [ 00000]
sext_ln1118_2          (sext             ) [ 00000]
mul_ln1118_2           (mul              ) [ 00000]
trunc_ln708_14         (partselect       ) [ 00000]
sext_ln708_2           (sext             ) [ 00000]
trunc_ln703_8          (partselect       ) [ 00000]
trunc_ln703_2          (trunc            ) [ 00000]
acc_2_V                (add              ) [ 01111]
add_ln703_3            (add              ) [ 00000]
sext_ln1118_3          (sext             ) [ 00000]
mul_ln1118_3           (mul              ) [ 00000]
trunc_ln708_15         (partselect       ) [ 00000]
sext_ln708_3           (sext             ) [ 00000]
trunc_ln703_s          (partselect       ) [ 00000]
trunc_ln703_3          (trunc            ) [ 00000]
acc_3_V                (add              ) [ 01111]
add_ln703_4            (add              ) [ 00000]
zext_ln1118            (zext             ) [ 00000]
sext_ln1118_4          (sext             ) [ 00000]
mul_ln1118_4           (mul              ) [ 00000]
trunc_ln708_16         (partselect       ) [ 00000]
sext_ln708_4           (sext             ) [ 00000]
trunc_ln703_4          (trunc            ) [ 00000]
acc_4_V                (add              ) [ 01111]
add_ln703_5            (add              ) [ 00000]
empty                  (specregionend    ) [ 00000]
trunc_ln2              (partselect       ) [ 00000]
trunc_ln46_1           (partselect       ) [ 00000]
trunc_ln46_2           (partselect       ) [ 00000]
trunc_ln46_3           (partselect       ) [ 00000]
trunc_ln46_4           (partselect       ) [ 00000]
empty_227              (speclooptripcount) [ 00000]
mrv                    (insertvalue      ) [ 00000]
mrv_1                  (insertvalue      ) [ 00000]
mrv_2                  (insertvalue      ) [ 00000]
mrv_3                  (insertvalue      ) [ 00000]
mrv_4                  (insertvalue      ) [ 00000]
return_ln21            (return           ) [ 00000]
</LifeTime>

<model>

<comp_list>
<comp id="0" class="1000" name="data_0_V_read">
<pin_list>
<pin id="1" dir="1" index="0" bw="1" slack="0"/>
</pin_list>
<bind>
<StgValue><ssdm name="data_0_V_read"/></StgValue>
</bind>
</comp>

<comp id="2" class="1000" name="data_1_V_read">
<pin_list>
<pin id="3" dir="1" index="0" bw="1" slack="0"/>
</pin_list>
<bind>
<StgValue><ssdm name="data_1_V_read"/></StgValue>
</bind>
</comp>

<comp id="4" class="1000" name="data_2_V_read">
<pin_list>
<pin id="5" dir="1" index="0" bw="1" slack="0"/>
</pin_list>
<bind>
<StgValue><ssdm name="data_2_V_read"/></StgValue>
</bind>
</comp>

<comp id="6" class="1000" name="data_3_V_read">
<pin_list>
<pin id="7" dir="1" index="0" bw="1" slack="0"/>
</pin_list>
<bind>
<StgValue><ssdm name="data_3_V_read"/></StgValue>
</bind>
</comp>

<comp id="8" class="1000" name="data_4_V_read">
<pin_list>
<pin id="9" dir="1" index="0" bw="1" slack="0"/>
</pin_list>
<bind>
<StgValue><ssdm name="data_4_V_read"/></StgValue>
</bind>
</comp>

<comp id="10" class="1000" name="data_5_V_read">
<pin_list>
<pin id="11" dir="1" index="0" bw="1" slack="0"/>
</pin_list>
<bind>
<StgValue><ssdm name="data_5_V_read"/></StgValue>
</bind>
</comp>

<comp id="12" class="1000" name="data_6_V_read">
<pin_list>
<pin id="13" dir="1" index="0" bw="1" slack="0"/>
</pin_list>
<bind>
<StgValue><ssdm name="data_6_V_read"/></StgValue>
</bind>
</comp>

<comp id="14" class="1000" name="data_7_V_read">
<pin_list>
<pin id="15" dir="1" index="0" bw="1" slack="0"/>
</pin_list>
<bind>
<StgValue><ssdm name="data_7_V_read"/></StgValue>
</bind>
</comp>

<comp id="16" class="1000" name="data_8_V_read">
<pin_list>
<pin id="17" dir="1" index="0" bw="1" slack="0"/>
</pin_list>
<bind>
<StgValue><ssdm name="data_8_V_read"/></StgValue>
</bind>
</comp>

<comp id="18" class="1000" name="data_9_V_read">
<pin_list>
<pin id="19" dir="1" index="0" bw="1" slack="0"/>
</pin_list>
<bind>
<StgValue><ssdm name="data_9_V_read"/></StgValue>
</bind>
</comp>

<comp id="20" class="1000" name="w21_V">
<pin_list>
<pin id="21" dir="1" index="0" bw="1" slack="0"/>
</pin_list>
<bind>
<StgValue><ssdm name="w21_V"/><MemPortTyVec>1 </MemPortTyVec>
</StgValue>
</bind>
</comp>

<comp id="22" class="1001" name="const_22">
<pin_list>
<pin id="23" dir="1" index="0" bw="1" slack="2147483647"/>
</pin_list>
<bind>
<StgValue><ssdm name="_ssdm_op_SpecRegionBegin"/></StgValue>
</bind>
</comp>

<comp id="24" class="1001" name="const_24">
<pin_list>
<pin id="25" dir="1" index="0" bw="1" slack="2147483647"/>
</pin_list>
<bind>
<StgValue><ssdm name="p_str49"/></StgValue>
</bind>
</comp>

<comp id="26" class="1001" name="const_26">
<pin_list>
<pin id="27" dir="1" index="0" bw="1" slack="0"/>
</pin_list>
<bind>
<StgValue><ssdm name=""/></StgValue>
</bind>
</comp>

<comp id="28" class="1001" name="const_28">
<pin_list>
<pin id="29" dir="1" index="0" bw="1" slack="0"/>
</pin_list>
<bind>
<StgValue><ssdm name=""/></StgValue>
</bind>
</comp>

<comp id="30" class="1001" name="const_30">
<pin_list>
<pin id="31" dir="1" index="0" bw="1" slack="0"/>
</pin_list>
<bind>
<StgValue><ssdm name=""/></StgValue>
</bind>
</comp>

<comp id="32" class="1001" name="const_32">
<pin_list>
<pin id="33" dir="1" index="0" bw="1" slack="0"/>
</pin_list>
<bind>
<StgValue><ssdm name="_ssdm_op_Read.ap_auto.i8"/></StgValue>
</bind>
</comp>

<comp id="34" class="1001" name="const_34">
<pin_list>
<pin id="35" dir="1" index="0" bw="1" slack="0"/>
</pin_list>
<bind>
<StgValue><ssdm name=""/></StgValue>
</bind>
</comp>

<comp id="36" class="1001" name="const_36">
<pin_list>
<pin id="37" dir="1" index="0" bw="1" slack="0"/>
</pin_list>
<bind>
<StgValue><ssdm name=""/></StgValue>
</bind>
</comp>

<comp id="38" class="1001" name="const_38">
<pin_list>
<pin id="39" dir="1" index="0" bw="1" slack="0"/>
</pin_list>
<bind>
<StgValue><ssdm name=""/></StgValue>
</bind>
</comp>

<comp id="40" class="1001" name="const_40">
<pin_list>
<pin id="41" dir="1" index="0" bw="1" slack="1"/>
</pin_list>
<bind>
<StgValue><ssdm name=""/></StgValue>
</bind>
</comp>

<comp id="42" class="1001" name="const_42">
<pin_list>
<pin id="43" dir="1" index="0" bw="1" slack="0"/>
</pin_list>
<bind>
<StgValue><ssdm name="_ssdm_op_Mux.ap_auto.10i8.i4"/></StgValue>
</bind>
</comp>

<comp id="44" class="1001" name="const_44">
<pin_list>
<pin id="45" dir="1" index="0" bw="1" slack="0"/>
</pin_list>
<bind>
<StgValue><ssdm name="_ssdm_op_PartSelect.i8.i38.i32.i32"/></StgValue>
</bind>
</comp>

<comp id="46" class="1001" name="const_46">
<pin_list>
<pin id="47" dir="1" index="0" bw="1" slack="0"/>
</pin_list>
<bind>
<StgValue><ssdm name=""/></StgValue>
</bind>
</comp>

<comp id="48" class="1001" name="const_48">
<pin_list>
<pin id="49" dir="1" index="0" bw="1" slack="0"/>
</pin_list>
<bind>
<StgValue><ssdm name=""/></StgValue>
</bind>
</comp>

<comp id="50" class="1001" name="const_50">
<pin_list>
<pin id="51" dir="1" index="0" bw="1" slack="0"/>
</pin_list>
<bind>
<StgValue><ssdm name=""/></StgValue>
</bind>
</comp>

<comp id="52" class="1001" name="const_52">
<pin_list>
<pin id="53" dir="1" index="0" bw="1" slack="0"/>
</pin_list>
<bind>
<StgValue><ssdm name=""/></StgValue>
</bind>
</comp>

<comp id="54" class="1001" name="const_54">
<pin_list>
<pin id="55" dir="1" index="0" bw="1" slack="0"/>
</pin_list>
<bind>
<StgValue><ssdm name=""/></StgValue>
</bind>
</comp>

<comp id="56" class="1001" name="const_56">
<pin_list>
<pin id="57" dir="1" index="0" bw="1" slack="0"/>
</pin_list>
<bind>
<StgValue><ssdm name=""/></StgValue>
</bind>
</comp>

<comp id="58" class="1001" name="const_58">
<pin_list>
<pin id="59" dir="1" index="0" bw="1" slack="0"/>
</pin_list>
<bind>
<StgValue><ssdm name="_ssdm_op_PartSelect.i6.i38.i32.i32"/></StgValue>
</bind>
</comp>

<comp id="60" class="1001" name="const_60">
<pin_list>
<pin id="61" dir="1" index="0" bw="1" slack="0"/>
</pin_list>
<bind>
<StgValue><ssdm name=""/></StgValue>
</bind>
</comp>

<comp id="62" class="1001" name="const_62">
<pin_list>
<pin id="63" dir="1" index="0" bw="1" slack="0"/>
</pin_list>
<bind>
<StgValue><ssdm name=""/></StgValue>
</bind>
</comp>

<comp id="64" class="1001" name="const_64">
<pin_list>
<pin id="65" dir="1" index="0" bw="1" slack="2"/>
</pin_list>
<bind>
<StgValue><ssdm name=""/></StgValue>
</bind>
</comp>

<comp id="66" class="1001" name="const_66">
<pin_list>
<pin id="67" dir="1" index="0" bw="1" slack="2"/>
</pin_list>
<bind>
<StgValue><ssdm name=""/></StgValue>
</bind>
</comp>

<comp id="68" class="1001" name="const_68">
<pin_list>
<pin id="69" dir="1" index="0" bw="1" slack="2"/>
</pin_list>
<bind>
<StgValue><ssdm name=""/></StgValue>
</bind>
</comp>

<comp id="70" class="1001" name="const_70">
<pin_list>
<pin id="71" dir="1" index="0" bw="1" slack="2"/>
</pin_list>
<bind>
<StgValue><ssdm name=""/></StgValue>
</bind>
</comp>

<comp id="72" class="1001" name="const_72">
<pin_list>
<pin id="73" dir="1" index="0" bw="1" slack="2147483647"/>
</pin_list>
<bind>
<StgValue><ssdm name="_ssdm_op_SpecMemCore"/></StgValue>
</bind>
</comp>

<comp id="74" class="1001" name="const_74">
<pin_list>
<pin id="75" dir="1" index="0" bw="1" slack="2147483647"/>
</pin_list>
<bind>
<StgValue><ssdm name="p_str17"/></StgValue>
</bind>
</comp>

<comp id="76" class="1001" name="const_76">
<pin_list>
<pin id="77" dir="1" index="0" bw="1" slack="2147483647"/>
</pin_list>
<bind>
<StgValue><ssdm name="p_str50"/></StgValue>
</bind>
</comp>

<comp id="78" class="1001" name="const_78">
<pin_list>
<pin id="79" dir="1" index="0" bw="1" slack="2147483647"/>
</pin_list>
<bind>
<StgValue><ssdm name=""/></StgValue>
</bind>
</comp>

<comp id="80" class="1001" name="const_80">
<pin_list>
<pin id="81" dir="1" index="0" bw="1" slack="2147483647"/>
</pin_list>
<bind>
<StgValue><ssdm name="_ssdm_op_SpecRegionEnd"/></StgValue>
</bind>
</comp>

<comp id="82" class="1001" name="const_82">
<pin_list>
<pin id="83" dir="1" index="0" bw="1" slack="2147483647"/>
</pin_list>
<bind>
<StgValue><ssdm name="_ssdm_op_SpecLoopName"/></StgValue>
</bind>
</comp>

<comp id="84" class="1001" name="const_84">
<pin_list>
<pin id="85" dir="1" index="0" bw="1" slack="2147483647"/>
</pin_list>
<bind>
<StgValue><ssdm name="p_str52"/></StgValue>
</bind>
</comp>

<comp id="86" class="1001" name="const_86">
<pin_list>
<pin id="87" dir="1" index="0" bw="1" slack="2147483647"/>
</pin_list>
<bind>
<StgValue><ssdm name="_ssdm_op_SpecPipeline"/></StgValue>
</bind>
</comp>

<comp id="88" class="1001" name="const_88">
<pin_list>
<pin id="89" dir="1" index="0" bw="1" slack="0"/>
</pin_list>
<bind>
<StgValue><ssdm name=""/></StgValue>
</bind>
</comp>

<comp id="90" class="1001" name="const_90">
<pin_list>
<pin id="91" dir="1" index="0" bw="1" slack="2147483647"/>
</pin_list>
<bind>
<StgValue><ssdm name=""/></StgValue>
</bind>
</comp>

<comp id="92" class="1001" name="const_92">
<pin_list>
<pin id="93" dir="1" index="0" bw="1" slack="0"/>
</pin_list>
<bind>
<StgValue><ssdm name="_ssdm_op_PartSelect.i15.i16.i32.i32"/></StgValue>
</bind>
</comp>

<comp id="94" class="1001" name="const_94">
<pin_list>
<pin id="95" dir="1" index="0" bw="1" slack="0"/>
</pin_list>
<bind>
<StgValue><ssdm name="_ssdm_op_PartSelect.i13.i16.i32.i32"/></StgValue>
</bind>
</comp>

<comp id="96" class="1001" name="const_96">
<pin_list>
<pin id="97" dir="1" index="0" bw="1" slack="0"/>
</pin_list>
<bind>
<StgValue><ssdm name=""/></StgValue>
</bind>
</comp>

<comp id="98" class="1001" name="const_98">
<pin_list>
<pin id="99" dir="1" index="0" bw="1" slack="0"/>
</pin_list>
<bind>
<StgValue><ssdm name="_ssdm_op_PartSelect.i13.i14.i32.i32"/></StgValue>
</bind>
</comp>

<comp id="100" class="1001" name="const_100">
<pin_list>
<pin id="101" dir="1" index="0" bw="1" slack="0"/>
</pin_list>
<bind>
<StgValue><ssdm name="_ssdm_op_PartSelect.i8.i13.i32.i32"/></StgValue>
</bind>
</comp>

<comp id="102" class="1001" name="const_102">
<pin_list>
<pin id="103" dir="1" index="0" bw="1" slack="0"/>
</pin_list>
<bind>
<StgValue><ssdm name=""/></StgValue>
</bind>
</comp>

<comp id="104" class="1001" name="const_104">
<pin_list>
<pin id="105" dir="1" index="0" bw="1" slack="0"/>
</pin_list>
<bind>
<StgValue><ssdm name=""/></StgValue>
</bind>
</comp>

<comp id="106" class="1001" name="const_106">
<pin_list>
<pin id="107" dir="1" index="0" bw="1" slack="2147483647"/>
</pin_list>
<bind>
<StgValue><ssdm name="_ssdm_op_SpecLoopTripCount"/></StgValue>
</bind>
</comp>

<comp id="108" class="1001" name="const_108">
<pin_list>
<pin id="109" dir="1" index="0" bw="1" slack="2147483647"/>
</pin_list>
<bind>
<StgValue><ssdm name=""/></StgValue>
</bind>
</comp>

<comp id="110" class="1001" name="const_110">
<pin_list>
<pin id="111" dir="1" index="0" bw="1" slack="0"/>
</pin_list>
<bind>
<StgValue><ssdm name=""/></StgValue>
</bind>
</comp>

<comp id="112" class="1004" name="data_9_V_read_1_read_fu_112">
<pin_list>
<pin id="113" dir="0" index="0" bw="8" slack="0"/>
<pin id="114" dir="0" index="1" bw="8" slack="0"/>
<pin id="115" dir="1" index="2" bw="8" slack="1"/>
</pin_list>
<bind>
<opcode="read(1150) " fcode="read"/>
<opset="data_9_V_read_1/2 "/>
</bind>
</comp>

<comp id="118" class="1004" name="data_8_V_read_1_read_fu_118">
<pin_list>
<pin id="119" dir="0" index="0" bw="8" slack="0"/>
<pin id="120" dir="0" index="1" bw="8" slack="0"/>
<pin id="121" dir="1" index="2" bw="8" slack="1"/>
</pin_list>
<bind>
<opcode="read(1150) " fcode="read"/>
<opset="data_8_V_read_1/2 "/>
</bind>
</comp>

<comp id="124" class="1004" name="data_7_V_read_1_read_fu_124">
<pin_list>
<pin id="125" dir="0" index="0" bw="8" slack="0"/>
<pin id="126" dir="0" index="1" bw="8" slack="0"/>
<pin id="127" dir="1" index="2" bw="8" slack="1"/>
</pin_list>
<bind>
<opcode="read(1150) " fcode="read"/>
<opset="data_7_V_read_1/2 "/>
</bind>
</comp>

<comp id="130" class="1004" name="data_6_V_read_1_read_fu_130">
<pin_list>
<pin id="131" dir="0" index="0" bw="8" slack="0"/>
<pin id="132" dir="0" index="1" bw="8" slack="0"/>
<pin id="133" dir="1" index="2" bw="8" slack="1"/>
</pin_list>
<bind>
<opcode="read(1150) " fcode="read"/>
<opset="data_6_V_read_1/2 "/>
</bind>
</comp>

<comp id="136" class="1004" name="data_5_V_read_1_read_fu_136">
<pin_list>
<pin id="137" dir="0" index="0" bw="8" slack="0"/>
<pin id="138" dir="0" index="1" bw="8" slack="0"/>
<pin id="139" dir="1" index="2" bw="8" slack="1"/>
</pin_list>
<bind>
<opcode="read(1150) " fcode="read"/>
<opset="data_5_V_read_1/2 "/>
</bind>
</comp>

<comp id="142" class="1004" name="data_4_V_read_1_read_fu_142">
<pin_list>
<pin id="143" dir="0" index="0" bw="8" slack="0"/>
<pin id="144" dir="0" index="1" bw="8" slack="0"/>
<pin id="145" dir="1" index="2" bw="8" slack="1"/>
</pin_list>
<bind>
<opcode="read(1150) " fcode="read"/>
<opset="data_4_V_read_1/2 "/>
</bind>
</comp>

<comp id="148" class="1004" name="data_3_V_read_1_read_fu_148">
<pin_list>
<pin id="149" dir="0" index="0" bw="8" slack="0"/>
<pin id="150" dir="0" index="1" bw="8" slack="0"/>
<pin id="151" dir="1" index="2" bw="8" slack="1"/>
</pin_list>
<bind>
<opcode="read(1150) " fcode="read"/>
<opset="data_3_V_read_1/2 "/>
</bind>
</comp>

<comp id="154" class="1004" name="data_2_V_read_1_read_fu_154">
<pin_list>
<pin id="155" dir="0" index="0" bw="8" slack="0"/>
<pin id="156" dir="0" index="1" bw="8" slack="0"/>
<pin id="157" dir="1" index="2" bw="8" slack="1"/>
</pin_list>
<bind>
<opcode="read(1150) " fcode="read"/>
<opset="data_2_V_read_1/2 "/>
</bind>
</comp>

<comp id="160" class="1004" name="data_1_V_read_1_read_fu_160">
<pin_list>
<pin id="161" dir="0" index="0" bw="8" slack="0"/>
<pin id="162" dir="0" index="1" bw="8" slack="0"/>
<pin id="163" dir="1" index="2" bw="8" slack="1"/>
</pin_list>
<bind>
<opcode="read(1150) " fcode="read"/>
<opset="data_1_V_read_1/2 "/>
</bind>
</comp>

<comp id="166" class="1004" name="data_0_V_read_1_read_fu_166">
<pin_list>
<pin id="167" dir="0" index="0" bw="8" slack="0"/>
<pin id="168" dir="0" index="1" bw="8" slack="0"/>
<pin id="169" dir="1" index="2" bw="8" slack="1"/>
</pin_list>
<bind>
<opcode="read(1150) " fcode="read"/>
<opset="data_0_V_read_1/2 "/>
</bind>
</comp>

<comp id="172" class="1004" name="w21_V_addr_gep_fu_172">
<pin_list>
<pin id="173" dir="0" index="0" bw="38" slack="0"/>
<pin id="174" dir="0" index="1" bw="1" slack="0"/>
<pin id="175" dir="0" index="2" bw="4" slack="0"/>
<pin id="176" dir="1" index="3" bw="4" slack="0"/>
</pin_list>
<bind>
<opcode="getelementptr(29) " fcode="getelementptr"/>
<opset="w21_V_addr/2 "/>
</bind>
</comp>

<comp id="179" class="1004" name="grp_access_fu_179">
<pin_list>
<pin id="180" dir="0" index="0" bw="4" slack="0"/>
<pin id="181" dir="0" index="1" bw="38" slack="2147483647"/>
<pin id="182" dir="0" index="2" bw="0" slack="2147483647"/>
<pin id="183" dir="1" index="3" bw="38" slack="0"/>
</pin_list>
<bind>
<opcode="load(27) " fcode="load"/>
<opset="w21_V_load/2 "/>
</bind>
</comp>

<comp id="185" class="1005" name="do_init_reg_185">
<pin_list>
<pin id="186" dir="0" index="0" bw="1" slack="1"/>
<pin id="187" dir="1" index="1" bw="1" slack="1"/>
</pin_list>
<bind>
<opset="do_init (phireg) "/>
</bind>
</comp>

<comp id="189" class="1004" name="do_init_phi_fu_189">
<pin_list>
<pin id="190" dir="0" index="0" bw="1" slack="1"/>
<pin id="191" dir="0" index="1" bw="0" slack="2147483647"/>
<pin id="192" dir="0" index="2" bw="1" slack="0"/>
<pin id="193" dir="0" index="3" bw="0" slack="2147483647"/>
<pin id="194" dir="0" index="4" bw="1" slack="0"/>
<pin id="195" dir="0" index="5" bw="0" slack="2147483647"/>
<pin id="196" dir="1" index="6" bw="1" slack="1"/>
</pin_list>
<bind>
<opcode="phi(47) " fcode="phi"/>
<opset="do_init/2 "/>
</bind>
</comp>

<comp id="201" class="1005" name="w_index15_reg_201">
<pin_list>
<pin id="202" dir="0" index="0" bw="4" slack="1"/>
<pin id="203" dir="1" index="1" bw="4" slack="1"/>
</pin_list>
<bind>
<opset="w_index15 (phireg) "/>
</bind>
</comp>

<comp id="205" class="1004" name="w_index15_phi_fu_205">
<pin_list>
<pin id="206" dir="0" index="0" bw="1" slack="1"/>
<pin id="207" dir="0" index="1" bw="0" slack="2147483647"/>
<pin id="208" dir="0" index="2" bw="4" slack="0"/>
<pin id="209" dir="0" index="3" bw="0" slack="2147483647"/>
<pin id="210" dir="0" index="4" bw="1" slack="0"/>
<pin id="211" dir="0" index="5" bw="0" slack="2147483647"/>
<pin id="212" dir="1" index="6" bw="4" slack="0"/>
</pin_list>
<bind>
<opcode="phi(47) " fcode="phi"/>
<opset="w_index15/2 "/>
</bind>
</comp>

<comp id="216" class="1005" name="data_0_V_read16_rewind_reg_216">
<pin_list>
<pin id="217" dir="0" index="0" bw="8" slack="1"/>
<pin id="218" dir="1" index="1" bw="8" slack="1"/>
</pin_list>
<bind>
<opset="data_0_V_read16_rewind (phireg) "/>
</bind>
</comp>

<comp id="220" class="1004" name="data_0_V_read16_rewind_phi_fu_220">
<pin_list>
<pin id="221" dir="0" index="0" bw="1" slack="2"/>
<pin id="222" dir="0" index="1" bw="0" slack="2147483647"/>
<pin id="223" dir="0" index="2" bw="8" slack="0"/>
<pin id="224" dir="0" index="3" bw="0" slack="2147483647"/>
<pin id="225" dir="0" index="4" bw="1" slack="1"/>
<pin id="226" dir="0" index="5" bw="0" slack="2147483647"/>
<pin id="227" dir="1" index="6" bw="8" slack="0"/>
</pin_list>
<bind>
<opcode="phi(47) " fcode="phi"/>
<opset="data_0_V_read16_rewind/3 "/>
</bind>
</comp>

<comp id="230" class="1005" name="data_1_V_read17_rewind_reg_230">
<pin_list>
<pin id="231" dir="0" index="0" bw="8" slack="1"/>
<pin id="232" dir="1" index="1" bw="8" slack="1"/>
</pin_list>
<bind>
<opset="data_1_V_read17_rewind (phireg) "/>
</bind>
</comp>

<comp id="234" class="1004" name="data_1_V_read17_rewind_phi_fu_234">
<pin_list>
<pin id="235" dir="0" index="0" bw="1" slack="2"/>
<pin id="236" dir="0" index="1" bw="0" slack="2147483647"/>
<pin id="237" dir="0" index="2" bw="8" slack="0"/>
<pin id="238" dir="0" index="3" bw="0" slack="2147483647"/>
<pin id="239" dir="0" index="4" bw="1" slack="1"/>
<pin id="240" dir="0" index="5" bw="0" slack="2147483647"/>
<pin id="241" dir="1" index="6" bw="8" slack="0"/>
</pin_list>
<bind>
<opcode="phi(47) " fcode="phi"/>
<opset="data_1_V_read17_rewind/3 "/>
</bind>
</comp>

<comp id="244" class="1005" name="data_2_V_read18_rewind_reg_244">
<pin_list>
<pin id="245" dir="0" index="0" bw="8" slack="1"/>
<pin id="246" dir="1" index="1" bw="8" slack="1"/>
</pin_list>
<bind>
<opset="data_2_V_read18_rewind (phireg) "/>
</bind>
</comp>

<comp id="248" class="1004" name="data_2_V_read18_rewind_phi_fu_248">
<pin_list>
<pin id="249" dir="0" index="0" bw="1" slack="2"/>
<pin id="250" dir="0" index="1" bw="0" slack="2147483647"/>
<pin id="251" dir="0" index="2" bw="8" slack="0"/>
<pin id="252" dir="0" index="3" bw="0" slack="2147483647"/>
<pin id="253" dir="0" index="4" bw="1" slack="1"/>
<pin id="254" dir="0" index="5" bw="0" slack="2147483647"/>
<pin id="255" dir="1" index="6" bw="8" slack="0"/>
</pin_list>
<bind>
<opcode="phi(47) " fcode="phi"/>
<opset="data_2_V_read18_rewind/3 "/>
</bind>
</comp>

<comp id="258" class="1005" name="data_3_V_read19_rewind_reg_258">
<pin_list>
<pin id="259" dir="0" index="0" bw="8" slack="1"/>
<pin id="260" dir="1" index="1" bw="8" slack="1"/>
</pin_list>
<bind>
<opset="data_3_V_read19_rewind (phireg) "/>
</bind>
</comp>

<comp id="262" class="1004" name="data_3_V_read19_rewind_phi_fu_262">
<pin_list>
<pin id="263" dir="0" index="0" bw="1" slack="2"/>
<pin id="264" dir="0" index="1" bw="0" slack="2147483647"/>
<pin id="265" dir="0" index="2" bw="8" slack="0"/>
<pin id="266" dir="0" index="3" bw="0" slack="2147483647"/>
<pin id="267" dir="0" index="4" bw="1" slack="1"/>
<pin id="268" dir="0" index="5" bw="0" slack="2147483647"/>
<pin id="269" dir="1" index="6" bw="8" slack="0"/>
</pin_list>
<bind>
<opcode="phi(47) " fcode="phi"/>
<opset="data_3_V_read19_rewind/3 "/>
</bind>
</comp>

<comp id="272" class="1005" name="data_4_V_read20_rewind_reg_272">
<pin_list>
<pin id="273" dir="0" index="0" bw="8" slack="1"/>
<pin id="274" dir="1" index="1" bw="8" slack="1"/>
</pin_list>
<bind>
<opset="data_4_V_read20_rewind (phireg) "/>
</bind>
</comp>

<comp id="276" class="1004" name="data_4_V_read20_rewind_phi_fu_276">
<pin_list>
<pin id="277" dir="0" index="0" bw="1" slack="2"/>
<pin id="278" dir="0" index="1" bw="0" slack="2147483647"/>
<pin id="279" dir="0" index="2" bw="8" slack="0"/>
<pin id="280" dir="0" index="3" bw="0" slack="2147483647"/>
<pin id="281" dir="0" index="4" bw="1" slack="1"/>
<pin id="282" dir="0" index="5" bw="0" slack="2147483647"/>
<pin id="283" dir="1" index="6" bw="8" slack="0"/>
</pin_list>
<bind>
<opcode="phi(47) " fcode="phi"/>
<opset="data_4_V_read20_rewind/3 "/>
</bind>
</comp>

<comp id="286" class="1005" name="data_5_V_read21_rewind_reg_286">
<pin_list>
<pin id="287" dir="0" index="0" bw="8" slack="1"/>
<pin id="288" dir="1" index="1" bw="8" slack="1"/>
</pin_list>
<bind>
<opset="data_5_V_read21_rewind (phireg) "/>
</bind>
</comp>

<comp id="290" class="1004" name="data_5_V_read21_rewind_phi_fu_290">
<pin_list>
<pin id="291" dir="0" index="0" bw="1" slack="2"/>
<pin id="292" dir="0" index="1" bw="0" slack="2147483647"/>
<pin id="293" dir="0" index="2" bw="8" slack="0"/>
<pin id="294" dir="0" index="3" bw="0" slack="2147483647"/>
<pin id="295" dir="0" index="4" bw="1" slack="1"/>
<pin id="296" dir="0" index="5" bw="0" slack="2147483647"/>
<pin id="297" dir="1" index="6" bw="8" slack="0"/>
</pin_list>
<bind>
<opcode="phi(47) " fcode="phi"/>
<opset="data_5_V_read21_rewind/3 "/>
</bind>
</comp>

<comp id="300" class="1005" name="data_6_V_read22_rewind_reg_300">
<pin_list>
<pin id="301" dir="0" index="0" bw="8" slack="1"/>
<pin id="302" dir="1" index="1" bw="8" slack="1"/>
</pin_list>
<bind>
<opset="data_6_V_read22_rewind (phireg) "/>
</bind>
</comp>

<comp id="304" class="1004" name="data_6_V_read22_rewind_phi_fu_304">
<pin_list>
<pin id="305" dir="0" index="0" bw="1" slack="2"/>
<pin id="306" dir="0" index="1" bw="0" slack="2147483647"/>
<pin id="307" dir="0" index="2" bw="8" slack="0"/>
<pin id="308" dir="0" index="3" bw="0" slack="2147483647"/>
<pin id="309" dir="0" index="4" bw="1" slack="1"/>
<pin id="310" dir="0" index="5" bw="0" slack="2147483647"/>
<pin id="311" dir="1" index="6" bw="8" slack="0"/>
</pin_list>
<bind>
<opcode="phi(47) " fcode="phi"/>
<opset="data_6_V_read22_rewind/3 "/>
</bind>
</comp>

<comp id="314" class="1005" name="data_7_V_read23_rewind_reg_314">
<pin_list>
<pin id="315" dir="0" index="0" bw="8" slack="1"/>
<pin id="316" dir="1" index="1" bw="8" slack="1"/>
</pin_list>
<bind>
<opset="data_7_V_read23_rewind (phireg) "/>
</bind>
</comp>

<comp id="318" class="1004" name="data_7_V_read23_rewind_phi_fu_318">
<pin_list>
<pin id="319" dir="0" index="0" bw="1" slack="2"/>
<pin id="320" dir="0" index="1" bw="0" slack="2147483647"/>
<pin id="321" dir="0" index="2" bw="8" slack="0"/>
<pin id="322" dir="0" index="3" bw="0" slack="2147483647"/>
<pin id="323" dir="0" index="4" bw="1" slack="1"/>
<pin id="324" dir="0" index="5" bw="0" slack="2147483647"/>
<pin id="325" dir="1" index="6" bw="8" slack="0"/>
</pin_list>
<bind>
<opcode="phi(47) " fcode="phi"/>
<opset="data_7_V_read23_rewind/3 "/>
</bind>
</comp>

<comp id="328" class="1005" name="data_8_V_read24_rewind_reg_328">
<pin_list>
<pin id="329" dir="0" index="0" bw="8" slack="1"/>
<pin id="330" dir="1" index="1" bw="8" slack="1"/>
</pin_list>
<bind>
<opset="data_8_V_read24_rewind (phireg) "/>
</bind>
</comp>

<comp id="332" class="1004" name="data_8_V_read24_rewind_phi_fu_332">
<pin_list>
<pin id="333" dir="0" index="0" bw="1" slack="2"/>
<pin id="334" dir="0" index="1" bw="0" slack="2147483647"/>
<pin id="335" dir="0" index="2" bw="8" slack="0"/>
<pin id="336" dir="0" index="3" bw="0" slack="2147483647"/>
<pin id="337" dir="0" index="4" bw="1" slack="1"/>
<pin id="338" dir="0" index="5" bw="0" slack="2147483647"/>
<pin id="339" dir="1" index="6" bw="8" slack="0"/>
</pin_list>
<bind>
<opcode="phi(47) " fcode="phi"/>
<opset="data_8_V_read24_rewind/3 "/>
</bind>
</comp>

<comp id="342" class="1005" name="data_9_V_read25_rewind_reg_342">
<pin_list>
<pin id="343" dir="0" index="0" bw="8" slack="1"/>
<pin id="344" dir="1" index="1" bw="8" slack="1"/>
</pin_list>
<bind>
<opset="data_9_V_read25_rewind (phireg) "/>
</bind>
</comp>

<comp id="346" class="1004" name="data_9_V_read25_rewind_phi_fu_346">
<pin_list>
<pin id="347" dir="0" index="0" bw="1" slack="2"/>
<pin id="348" dir="0" index="1" bw="0" slack="2147483647"/>
<pin id="349" dir="0" index="2" bw="8" slack="0"/>
<pin id="350" dir="0" index="3" bw="0" slack="2147483647"/>
<pin id="351" dir="0" index="4" bw="1" slack="1"/>
<pin id="352" dir="0" index="5" bw="0" slack="2147483647"/>
<pin id="353" dir="1" index="6" bw="8" slack="0"/>
</pin_list>
<bind>
<opcode="phi(47) " fcode="phi"/>
<opset="data_9_V_read25_rewind/3 "/>
</bind>
</comp>

<comp id="356" class="1005" name="data_0_V_read16_phi_reg_356">
<pin_list>
<pin id="357" dir="0" index="0" bw="8" slack="0"/>
<pin id="358" dir="1" index="1" bw="8" slack="0"/>
</pin_list>
<bind>
<opset="data_0_V_read16_phi (phireg) "/>
</bind>
</comp>

<comp id="360" class="1004" name="data_0_V_read16_phi_phi_fu_360">
<pin_list>
<pin id="361" dir="0" index="0" bw="8" slack="1"/>
<pin id="362" dir="0" index="1" bw="0" slack="2147483647"/>
<pin id="363" dir="0" index="2" bw="8" slack="0"/>
<pin id="364" dir="0" index="3" bw="0" slack="2147483647"/>
<pin id="365" dir="1" index="4" bw="8" slack="0"/>
</pin_list>
<bind>
<opcode="phi(47) " fcode="phi"/>
<opset="data_0_V_read16_phi/3 "/>
</bind>
</comp>

<comp id="368" class="1005" name="data_1_V_read17_phi_reg_368">
<pin_list>
<pin id="369" dir="0" index="0" bw="8" slack="0"/>
<pin id="370" dir="1" index="1" bw="8" slack="0"/>
</pin_list>
<bind>
<opset="data_1_V_read17_phi (phireg) "/>
</bind>
</comp>

<comp id="372" class="1004" name="data_1_V_read17_phi_phi_fu_372">
<pin_list>
<pin id="373" dir="0" index="0" bw="8" slack="1"/>
<pin id="374" dir="0" index="1" bw="0" slack="2147483647"/>
<pin id="375" dir="0" index="2" bw="8" slack="0"/>
<pin id="376" dir="0" index="3" bw="0" slack="2147483647"/>
<pin id="377" dir="1" index="4" bw="8" slack="0"/>
</pin_list>
<bind>
<opcode="phi(47) " fcode="phi"/>
<opset="data_1_V_read17_phi/3 "/>
</bind>
</comp>

<comp id="380" class="1005" name="data_2_V_read18_phi_reg_380">
<pin_list>
<pin id="381" dir="0" index="0" bw="8" slack="0"/>
<pin id="382" dir="1" index="1" bw="8" slack="0"/>
</pin_list>
<bind>
<opset="data_2_V_read18_phi (phireg) "/>
</bind>
</comp>

<comp id="384" class="1004" name="data_2_V_read18_phi_phi_fu_384">
<pin_list>
<pin id="385" dir="0" index="0" bw="8" slack="1"/>
<pin id="386" dir="0" index="1" bw="0" slack="2147483647"/>
<pin id="387" dir="0" index="2" bw="8" slack="0"/>
<pin id="388" dir="0" index="3" bw="0" slack="2147483647"/>
<pin id="389" dir="1" index="4" bw="8" slack="0"/>
</pin_list>
<bind>
<opcode="phi(47) " fcode="phi"/>
<opset="data_2_V_read18_phi/3 "/>
</bind>
</comp>

<comp id="392" class="1005" name="data_3_V_read19_phi_reg_392">
<pin_list>
<pin id="393" dir="0" index="0" bw="8" slack="0"/>
<pin id="394" dir="1" index="1" bw="8" slack="0"/>
</pin_list>
<bind>
<opset="data_3_V_read19_phi (phireg) "/>
</bind>
</comp>

<comp id="396" class="1004" name="data_3_V_read19_phi_phi_fu_396">
<pin_list>
<pin id="397" dir="0" index="0" bw="8" slack="1"/>
<pin id="398" dir="0" index="1" bw="0" slack="2147483647"/>
<pin id="399" dir="0" index="2" bw="8" slack="0"/>
<pin id="400" dir="0" index="3" bw="0" slack="2147483647"/>
<pin id="401" dir="1" index="4" bw="8" slack="0"/>
</pin_list>
<bind>
<opcode="phi(47) " fcode="phi"/>
<opset="data_3_V_read19_phi/3 "/>
</bind>
</comp>

<comp id="404" class="1005" name="data_4_V_read20_phi_reg_404">
<pin_list>
<pin id="405" dir="0" index="0" bw="8" slack="0"/>
<pin id="406" dir="1" index="1" bw="8" slack="0"/>
</pin_list>
<bind>
<opset="data_4_V_read20_phi (phireg) "/>
</bind>
</comp>

<comp id="408" class="1004" name="data_4_V_read20_phi_phi_fu_408">
<pin_list>
<pin id="409" dir="0" index="0" bw="8" slack="1"/>
<pin id="410" dir="0" index="1" bw="0" slack="2147483647"/>
<pin id="411" dir="0" index="2" bw="8" slack="0"/>
<pin id="412" dir="0" index="3" bw="0" slack="2147483647"/>
<pin id="413" dir="1" index="4" bw="8" slack="0"/>
</pin_list>
<bind>
<opcode="phi(47) " fcode="phi"/>
<opset="data_4_V_read20_phi/3 "/>
</bind>
</comp>

<comp id="416" class="1005" name="data_5_V_read21_phi_reg_416">
<pin_list>
<pin id="417" dir="0" index="0" bw="8" slack="0"/>
<pin id="418" dir="1" index="1" bw="8" slack="0"/>
</pin_list>
<bind>
<opset="data_5_V_read21_phi (phireg) "/>
</bind>
</comp>

<comp id="420" class="1004" name="data_5_V_read21_phi_phi_fu_420">
<pin_list>
<pin id="421" dir="0" index="0" bw="8" slack="1"/>
<pin id="422" dir="0" index="1" bw="0" slack="2147483647"/>
<pin id="423" dir="0" index="2" bw="8" slack="0"/>
<pin id="424" dir="0" index="3" bw="0" slack="2147483647"/>
<pin id="425" dir="1" index="4" bw="8" slack="0"/>
</pin_list>
<bind>
<opcode="phi(47) " fcode="phi"/>
<opset="data_5_V_read21_phi/3 "/>
</bind>
</comp>

<comp id="428" class="1005" name="data_6_V_read22_phi_reg_428">
<pin_list>
<pin id="429" dir="0" index="0" bw="8" slack="0"/>
<pin id="430" dir="1" index="1" bw="8" slack="0"/>
</pin_list>
<bind>
<opset="data_6_V_read22_phi (phireg) "/>
</bind>
</comp>

<comp id="432" class="1004" name="data_6_V_read22_phi_phi_fu_432">
<pin_list>
<pin id="433" dir="0" index="0" bw="8" slack="1"/>
<pin id="434" dir="0" index="1" bw="0" slack="2147483647"/>
<pin id="435" dir="0" index="2" bw="8" slack="0"/>
<pin id="436" dir="0" index="3" bw="0" slack="2147483647"/>
<pin id="437" dir="1" index="4" bw="8" slack="0"/>
</pin_list>
<bind>
<opcode="phi(47) " fcode="phi"/>
<opset="data_6_V_read22_phi/3 "/>
</bind>
</comp>

<comp id="440" class="1005" name="data_7_V_read23_phi_reg_440">
<pin_list>
<pin id="441" dir="0" index="0" bw="8" slack="0"/>
<pin id="442" dir="1" index="1" bw="8" slack="0"/>
</pin_list>
<bind>
<opset="data_7_V_read23_phi (phireg) "/>
</bind>
</comp>

<comp id="444" class="1004" name="data_7_V_read23_phi_phi_fu_444">
<pin_list>
<pin id="445" dir="0" index="0" bw="8" slack="1"/>
<pin id="446" dir="0" index="1" bw="0" slack="2147483647"/>
<pin id="447" dir="0" index="2" bw="8" slack="0"/>
<pin id="448" dir="0" index="3" bw="0" slack="2147483647"/>
<pin id="449" dir="1" index="4" bw="8" slack="0"/>
</pin_list>
<bind>
<opcode="phi(47) " fcode="phi"/>
<opset="data_7_V_read23_phi/3 "/>
</bind>
</comp>

<comp id="452" class="1005" name="data_8_V_read24_phi_reg_452">
<pin_list>
<pin id="453" dir="0" index="0" bw="8" slack="0"/>
<pin id="454" dir="1" index="1" bw="8" slack="0"/>
</pin_list>
<bind>
<opset="data_8_V_read24_phi (phireg) "/>
</bind>
</comp>

<comp id="456" class="1004" name="data_8_V_read24_phi_phi_fu_456">
<pin_list>
<pin id="457" dir="0" index="0" bw="8" slack="1"/>
<pin id="458" dir="0" index="1" bw="0" slack="2147483647"/>
<pin id="459" dir="0" index="2" bw="8" slack="0"/>
<pin id="460" dir="0" index="3" bw="0" slack="2147483647"/>
<pin id="461" dir="1" index="4" bw="8" slack="0"/>
</pin_list>
<bind>
<opcode="phi(47) " fcode="phi"/>
<opset="data_8_V_read24_phi/3 "/>
</bind>
</comp>

<comp id="464" class="1005" name="data_9_V_read25_phi_reg_464">
<pin_list>
<pin id="465" dir="0" index="0" bw="8" slack="0"/>
<pin id="466" dir="1" index="1" bw="8" slack="0"/>
</pin_list>
<bind>
<opset="data_9_V_read25_phi (phireg) "/>
</bind>
</comp>

<comp id="468" class="1004" name="data_9_V_read25_phi_phi_fu_468">
<pin_list>
<pin id="469" dir="0" index="0" bw="8" slack="1"/>
<pin id="470" dir="0" index="1" bw="0" slack="2147483647"/>
<pin id="471" dir="0" index="2" bw="8" slack="0"/>
<pin id="472" dir="0" index="3" bw="0" slack="2147483647"/>
<pin id="473" dir="1" index="4" bw="8" slack="0"/>
</pin_list>
<bind>
<opcode="phi(47) " fcode="phi"/>
<opset="data_9_V_read25_phi/3 "/>
</bind>
</comp>

<comp id="476" class="1005" name="acc_V_4_09_reg_476">
<pin_list>
<pin id="477" dir="0" index="0" bw="16" slack="2"/>
<pin id="478" dir="1" index="1" bw="16" slack="2"/>
</pin_list>
<bind>
<opset="acc_V_4_09 (phireg) "/>
</bind>
</comp>

<comp id="480" class="1004" name="acc_V_4_09_phi_fu_480">
<pin_list>
<pin id="481" dir="0" index="0" bw="12" slack="3"/>
<pin id="482" dir="0" index="1" bw="0" slack="2147483647"/>
<pin id="483" dir="0" index="2" bw="16" slack="0"/>
<pin id="484" dir="0" index="3" bw="0" slack="2147483647"/>
<pin id="485" dir="0" index="4" bw="12" slack="2"/>
<pin id="486" dir="0" index="5" bw="0" slack="2147483647"/>
<pin id="487" dir="1" index="6" bw="16" slack="0"/>
</pin_list>
<bind>
<opcode="phi(47) " fcode="phi"/>
<opset="acc_V_4_09/4 "/>
</bind>
</comp>

<comp id="490" class="1005" name="acc_V_3_08_reg_490">
<pin_list>
<pin id="491" dir="0" index="0" bw="16" slack="2"/>
<pin id="492" dir="1" index="1" bw="16" slack="2"/>
</pin_list>
<bind>
<opset="acc_V_3_08 (phireg) "/>
</bind>
</comp>

<comp id="494" class="1004" name="acc_V_3_08_phi_fu_494">
<pin_list>
<pin id="495" dir="0" index="0" bw="10" slack="3"/>
<pin id="496" dir="0" index="1" bw="0" slack="2147483647"/>
<pin id="497" dir="0" index="2" bw="16" slack="0"/>
<pin id="498" dir="0" index="3" bw="0" slack="2147483647"/>
<pin id="499" dir="0" index="4" bw="10" slack="2"/>
<pin id="500" dir="0" index="5" bw="0" slack="2147483647"/>
<pin id="501" dir="1" index="6" bw="16" slack="0"/>
</pin_list>
<bind>
<opcode="phi(47) " fcode="phi"/>
<opset="acc_V_3_08/4 "/>
</bind>
</comp>

<comp id="504" class="1005" name="acc_V_2_07_reg_504">
<pin_list>
<pin id="505" dir="0" index="0" bw="16" slack="2"/>
<pin id="506" dir="1" index="1" bw="16" slack="2"/>
</pin_list>
<bind>
<opset="acc_V_2_07 (phireg) "/>
</bind>
</comp>

<comp id="508" class="1004" name="acc_V_2_07_phi_fu_508">
<pin_list>
<pin id="509" dir="0" index="0" bw="10" slack="3"/>
<pin id="510" dir="0" index="1" bw="0" slack="2147483647"/>
<pin id="511" dir="0" index="2" bw="16" slack="0"/>
<pin id="512" dir="0" index="3" bw="0" slack="2147483647"/>
<pin id="513" dir="0" index="4" bw="10" slack="2"/>
<pin id="514" dir="0" index="5" bw="0" slack="2147483647"/>
<pin id="515" dir="1" index="6" bw="16" slack="0"/>
</pin_list>
<bind>
<opcode="phi(47) " fcode="phi"/>
<opset="acc_V_2_07/4 "/>
</bind>
</comp>

<comp id="518" class="1005" name="acc_V_1_06_reg_518">
<pin_list>
<pin id="519" dir="0" index="0" bw="16" slack="2"/>
<pin id="520" dir="1" index="1" bw="16" slack="2"/>
</pin_list>
<bind>
<opset="acc_V_1_06 (phireg) "/>
</bind>
</comp>

<comp id="522" class="1004" name="acc_V_1_06_phi_fu_522">
<pin_list>
<pin id="523" dir="0" index="0" bw="11" slack="3"/>
<pin id="524" dir="0" index="1" bw="0" slack="2147483647"/>
<pin id="525" dir="0" index="2" bw="16" slack="0"/>
<pin id="526" dir="0" index="3" bw="0" slack="2147483647"/>
<pin id="527" dir="0" index="4" bw="11" slack="2"/>
<pin id="528" dir="0" index="5" bw="0" slack="2147483647"/>
<pin id="529" dir="1" index="6" bw="16" slack="0"/>
</pin_list>
<bind>
<opcode="phi(47) " fcode="phi"/>
<opset="acc_V_1_06/4 "/>
</bind>
</comp>

<comp id="532" class="1005" name="acc_V_0_05_reg_532">
<pin_list>
<pin id="533" dir="0" index="0" bw="16" slack="2"/>
<pin id="534" dir="1" index="1" bw="16" slack="2"/>
</pin_list>
<bind>
<opset="acc_V_0_05 (phireg) "/>
</bind>
</comp>

<comp id="536" class="1004" name="acc_V_0_05_phi_fu_536">
<pin_list>
<pin id="537" dir="0" index="0" bw="10" slack="3"/>
<pin id="538" dir="0" index="1" bw="0" slack="2147483647"/>
<pin id="539" dir="0" index="2" bw="16" slack="0"/>
<pin id="540" dir="0" index="3" bw="0" slack="2147483647"/>
<pin id="541" dir="0" index="4" bw="10" slack="2"/>
<pin id="542" dir="0" index="5" bw="0" slack="2147483647"/>
<pin id="543" dir="1" index="6" bw="16" slack="0"/>
</pin_list>
<bind>
<opcode="phi(47) " fcode="phi"/>
<opset="acc_V_0_05/4 "/>
</bind>
</comp>

<comp id="546" class="1004" name="zext_ln59_fu_546">
<pin_list>
<pin id="547" dir="0" index="0" bw="4" slack="0"/>
<pin id="548" dir="1" index="1" bw="64" slack="0"/>
</pin_list>
<bind>
<opcode="zext(34) " fcode="zext"/>
<opset="zext_ln59/2 "/>
</bind>
</comp>

<comp id="551" class="1004" name="w_index_fu_551">
<pin_list>
<pin id="552" dir="0" index="0" bw="1" slack="0"/>
<pin id="553" dir="0" index="1" bw="4" slack="0"/>
<pin id="554" dir="1" index="2" bw="4" slack="0"/>
</pin_list>
<bind>
<opcode="add(8) " fcode="add"/>
<opset="w_index/2 "/>
</bind>
</comp>

<comp id="557" class="1004" name="icmp_ln46_fu_557">
<pin_list>
<pin id="558" dir="0" index="0" bw="4" slack="0"/>
<pin id="559" dir="0" index="1" bw="4" slack="0"/>
<pin id="560" dir="1" index="2" bw="1" slack="1"/>
</pin_list>
<bind>
<opcode="icmp(45) " fcode="icmp"/>
<opset="icmp_ln46/2 "/>
</bind>
</comp>

<comp id="563" class="1004" name="tmp_11_fu_563">
<pin_list>
<pin id="564" dir="0" index="0" bw="8" slack="0"/>
<pin id="565" dir="0" index="1" bw="8" slack="0"/>
<pin id="566" dir="0" index="2" bw="8" slack="0"/>
<pin id="567" dir="0" index="3" bw="8" slack="0"/>
<pin id="568" dir="0" index="4" bw="8" slack="0"/>
<pin id="569" dir="0" index="5" bw="8" slack="0"/>
<pin id="570" dir="0" index="6" bw="8" slack="0"/>
<pin id="571" dir="0" index="7" bw="8" slack="0"/>
<pin id="572" dir="0" index="8" bw="8" slack="0"/>
<pin id="573" dir="0" index="9" bw="8" slack="0"/>
<pin id="574" dir="0" index="10" bw="8" slack="0"/>
<pin id="575" dir="0" index="11" bw="4" slack="1"/>
<pin id="576" dir="1" index="12" bw="8" slack="1"/>
</pin_list>
<bind>
<opcode="mux(1196) " fcode="mux"/>
<opset="tmp_11/3 "/>
</bind>
</comp>

<comp id="589" class="1004" name="trunc_ln59_fu_589">
<pin_list>
<pin id="590" dir="0" index="0" bw="38" slack="0"/>
<pin id="591" dir="1" index="1" bw="8" slack="1"/>
</pin_list>
<bind>
<opcode="trunc(33) " fcode="trunc"/>
<opset="trunc_ln59/3 "/>
</bind>
</comp>

<comp id="593" class="1004" name="tmp_2_fu_593">
<pin_list>
<pin id="594" dir="0" index="0" bw="8" slack="0"/>
<pin id="595" dir="0" index="1" bw="38" slack="0"/>
<pin id="596" dir="0" index="2" bw="5" slack="0"/>
<pin id="597" dir="0" index="3" bw="5" slack="0"/>
<pin id="598" dir="1" index="4" bw="8" slack="1"/>
</pin_list>
<bind>
<opcode="partselect(1002) " fcode="partselect"/>
<opset="tmp_2/3 "/>
</bind>
</comp>

<comp id="603" class="1004" name="tmp_3_fu_603">
<pin_list>
<pin id="604" dir="0" index="0" bw="8" slack="0"/>
<pin id="605" dir="0" index="1" bw="38" slack="0"/>
<pin id="606" dir="0" index="2" bw="6" slack="0"/>
<pin id="607" dir="0" index="3" bw="6" slack="0"/>
<pin id="608" dir="1" index="4" bw="8" slack="1"/>
</pin_list>
<bind>
<opcode="partselect(1002) " fcode="partselect"/>
<opset="tmp_3/3 "/>
</bind>
</comp>

<comp id="613" class="1004" name="tmp_4_fu_613">
<pin_list>
<pin id="614" dir="0" index="0" bw="8" slack="0"/>
<pin id="615" dir="0" index="1" bw="38" slack="0"/>
<pin id="616" dir="0" index="2" bw="6" slack="0"/>
<pin id="617" dir="0" index="3" bw="6" slack="0"/>
<pin id="618" dir="1" index="4" bw="8" slack="1"/>
</pin_list>
<bind>
<opcode="partselect(1002) " fcode="partselect"/>
<opset="tmp_4/3 "/>
</bind>
</comp>

<comp id="623" class="1004" name="tmp_12_fu_623">
<pin_list>
<pin id="624" dir="0" index="0" bw="6" slack="0"/>
<pin id="625" dir="0" index="1" bw="38" slack="0"/>
<pin id="626" dir="0" index="2" bw="7" slack="0"/>
<pin id="627" dir="0" index="3" bw="7" slack="0"/>
<pin id="628" dir="1" index="4" bw="6" slack="1"/>
</pin_list>
<bind>
<opcode="partselect(1002) " fcode="partselect"/>
<opset="tmp_12/3 "/>
</bind>
</comp>

<comp id="633" class="1004" name="zext_ln1116_fu_633">
<pin_list>
<pin id="634" dir="0" index="0" bw="8" slack="1"/>
<pin id="635" dir="1" index="1" bw="16" slack="0"/>
</pin_list>
<bind>
<opcode="zext(34) " fcode="zext"/>
<opset="zext_ln1116/4 "/>
</bind>
</comp>

<comp id="636" class="1004" name="sext_ln1118_fu_636">
<pin_list>
<pin id="637" dir="0" index="0" bw="8" slack="1"/>
<pin id="638" dir="1" index="1" bw="16" slack="0"/>
</pin_list>
<bind>
<opcode="sext(35) " fcode="sext"/>
<opset="sext_ln1118/4 "/>
</bind>
</comp>

<comp id="639" class="1004" name="mul_ln1118_fu_639">
<pin_list>
<pin id="640" dir="0" index="0" bw="8" slack="0"/>
<pin id="641" dir="0" index="1" bw="8" slack="0"/>
<pin id="642" dir="1" index="2" bw="16" slack="0"/>
</pin_list>
<bind>
<opcode="mul(12) " fcode="mul"/>
<opset="mul_ln1118/4 "/>
</bind>
</comp>

<comp id="645" class="1004" name="trunc_ln_fu_645">
<pin_list>
<pin id="646" dir="0" index="0" bw="15" slack="0"/>
<pin id="647" dir="0" index="1" bw="16" slack="0"/>
<pin id="648" dir="0" index="2" bw="1" slack="0"/>
<pin id="649" dir="0" index="3" bw="5" slack="0"/>
<pin id="650" dir="1" index="4" bw="15" slack="0"/>
</pin_list>
<bind>
<opcode="partselect(1002) " fcode="partselect"/>
<opset="trunc_ln/4 "/>
</bind>
</comp>

<comp id="655" class="1004" name="sext_ln708_fu_655">
<pin_list>
<pin id="656" dir="0" index="0" bw="15" slack="0"/>
<pin id="657" dir="1" index="1" bw="16" slack="0"/>
</pin_list>
<bind>
<opcode="sext(35) " fcode="sext"/>
<opset="sext_ln708/4 "/>
</bind>
</comp>

<comp id="659" class="1004" name="trunc_ln703_5_fu_659">
<pin_list>
<pin id="660" dir="0" index="0" bw="13" slack="0"/>
<pin id="661" dir="0" index="1" bw="16" slack="0"/>
<pin id="662" dir="0" index="2" bw="1" slack="0"/>
<pin id="663" dir="0" index="3" bw="5" slack="0"/>
<pin id="664" dir="1" index="4" bw="13" slack="0"/>
</pin_list>
<bind>
<opcode="partselect(1002) " fcode="partselect"/>
<opset="trunc_ln703_5/4 "/>
</bind>
</comp>

<comp id="669" class="1004" name="trunc_ln703_fu_669">
<pin_list>
<pin id="670" dir="0" index="0" bw="16" slack="0"/>
<pin id="671" dir="1" index="1" bw="13" slack="0"/>
</pin_list>
<bind>
<opcode="trunc(33) " fcode="trunc"/>
<opset="trunc_ln703/4 "/>
</bind>
</comp>

<comp id="673" class="1004" name="acc_0_V_fu_673">
<pin_list>
<pin id="674" dir="0" index="0" bw="16" slack="0"/>
<pin id="675" dir="0" index="1" bw="15" slack="0"/>
<pin id="676" dir="1" index="2" bw="16" slack="0"/>
</pin_list>
<bind>
<opcode="add(8) " fcode="add"/>
<opset="acc_0_V/4 "/>
</bind>
</comp>

<comp id="679" class="1004" name="add_ln703_1_fu_679">
<pin_list>
<pin id="680" dir="0" index="0" bw="13" slack="0"/>
<pin id="681" dir="0" index="1" bw="13" slack="0"/>
<pin id="682" dir="1" index="2" bw="13" slack="0"/>
</pin_list>
<bind>
<opcode="add(8) " fcode="add"/>
<opset="add_ln703_1/4 "/>
</bind>
</comp>

<comp id="685" class="1004" name="sext_ln1118_1_fu_685">
<pin_list>
<pin id="686" dir="0" index="0" bw="8" slack="1"/>
<pin id="687" dir="1" index="1" bw="16" slack="0"/>
</pin_list>
<bind>
<opcode="sext(35) " fcode="sext"/>
<opset="sext_ln1118_1/4 "/>
</bind>
</comp>

<comp id="688" class="1004" name="mul_ln1118_1_fu_688">
<pin_list>
<pin id="689" dir="0" index="0" bw="8" slack="0"/>
<pin id="690" dir="0" index="1" bw="8" slack="0"/>
<pin id="691" dir="1" index="2" bw="16" slack="0"/>
</pin_list>
<bind>
<opcode="mul(12) " fcode="mul"/>
<opset="mul_ln1118_1/4 "/>
</bind>
</comp>

<comp id="694" class="1004" name="trunc_ln708_s_fu_694">
<pin_list>
<pin id="695" dir="0" index="0" bw="15" slack="0"/>
<pin id="696" dir="0" index="1" bw="16" slack="0"/>
<pin id="697" dir="0" index="2" bw="1" slack="0"/>
<pin id="698" dir="0" index="3" bw="5" slack="0"/>
<pin id="699" dir="1" index="4" bw="15" slack="0"/>
</pin_list>
<bind>
<opcode="partselect(1002) " fcode="partselect"/>
<opset="trunc_ln708_s/4 "/>
</bind>
</comp>

<comp id="704" class="1004" name="sext_ln708_1_fu_704">
<pin_list>
<pin id="705" dir="0" index="0" bw="15" slack="0"/>
<pin id="706" dir="1" index="1" bw="16" slack="0"/>
</pin_list>
<bind>
<opcode="sext(35) " fcode="sext"/>
<opset="sext_ln708_1/4 "/>
</bind>
</comp>

<comp id="708" class="1004" name="trunc_ln1_fu_708">
<pin_list>
<pin id="709" dir="0" index="0" bw="13" slack="0"/>
<pin id="710" dir="0" index="1" bw="16" slack="0"/>
<pin id="711" dir="0" index="2" bw="1" slack="0"/>
<pin id="712" dir="0" index="3" bw="5" slack="0"/>
<pin id="713" dir="1" index="4" bw="13" slack="0"/>
</pin_list>
<bind>
<opcode="partselect(1002) " fcode="partselect"/>
<opset="trunc_ln1/4 "/>
</bind>
</comp>

<comp id="718" class="1004" name="trunc_ln703_1_fu_718">
<pin_list>
<pin id="719" dir="0" index="0" bw="16" slack="0"/>
<pin id="720" dir="1" index="1" bw="13" slack="0"/>
</pin_list>
<bind>
<opcode="trunc(33) " fcode="trunc"/>
<opset="trunc_ln703_1/4 "/>
</bind>
</comp>

<comp id="722" class="1004" name="acc_1_V_fu_722">
<pin_list>
<pin id="723" dir="0" index="0" bw="16" slack="0"/>
<pin id="724" dir="0" index="1" bw="15" slack="0"/>
<pin id="725" dir="1" index="2" bw="16" slack="0"/>
</pin_list>
<bind>
<opcode="add(8) " fcode="add"/>
<opset="acc_1_V/4 "/>
</bind>
</comp>

<comp id="728" class="1004" name="add_ln703_2_fu_728">
<pin_list>
<pin id="729" dir="0" index="0" bw="13" slack="0"/>
<pin id="730" dir="0" index="1" bw="13" slack="0"/>
<pin id="731" dir="1" index="2" bw="13" slack="0"/>
</pin_list>
<bind>
<opcode="add(8) " fcode="add"/>
<opset="add_ln703_2/4 "/>
</bind>
</comp>

<comp id="734" class="1004" name="sext_ln1118_2_fu_734">
<pin_list>
<pin id="735" dir="0" index="0" bw="8" slack="1"/>
<pin id="736" dir="1" index="1" bw="16" slack="0"/>
</pin_list>
<bind>
<opcode="sext(35) " fcode="sext"/>
<opset="sext_ln1118_2/4 "/>
</bind>
</comp>

<comp id="737" class="1004" name="mul_ln1118_2_fu_737">
<pin_list>
<pin id="738" dir="0" index="0" bw="8" slack="0"/>
<pin id="739" dir="0" index="1" bw="8" slack="0"/>
<pin id="740" dir="1" index="2" bw="16" slack="0"/>
</pin_list>
<bind>
<opcode="mul(12) " fcode="mul"/>
<opset="mul_ln1118_2/4 "/>
</bind>
</comp>

<comp id="743" class="1004" name="trunc_ln708_14_fu_743">
<pin_list>
<pin id="744" dir="0" index="0" bw="15" slack="0"/>
<pin id="745" dir="0" index="1" bw="16" slack="0"/>
<pin id="746" dir="0" index="2" bw="1" slack="0"/>
<pin id="747" dir="0" index="3" bw="5" slack="0"/>
<pin id="748" dir="1" index="4" bw="15" slack="0"/>
</pin_list>
<bind>
<opcode="partselect(1002) " fcode="partselect"/>
<opset="trunc_ln708_14/4 "/>
</bind>
</comp>

<comp id="753" class="1004" name="sext_ln708_2_fu_753">
<pin_list>
<pin id="754" dir="0" index="0" bw="15" slack="0"/>
<pin id="755" dir="1" index="1" bw="16" slack="0"/>
</pin_list>
<bind>
<opcode="sext(35) " fcode="sext"/>
<opset="sext_ln708_2/4 "/>
</bind>
</comp>

<comp id="757" class="1004" name="trunc_ln703_8_fu_757">
<pin_list>
<pin id="758" dir="0" index="0" bw="13" slack="0"/>
<pin id="759" dir="0" index="1" bw="16" slack="0"/>
<pin id="760" dir="0" index="2" bw="1" slack="0"/>
<pin id="761" dir="0" index="3" bw="5" slack="0"/>
<pin id="762" dir="1" index="4" bw="13" slack="0"/>
</pin_list>
<bind>
<opcode="partselect(1002) " fcode="partselect"/>
<opset="trunc_ln703_8/4 "/>
</bind>
</comp>

<comp id="767" class="1004" name="trunc_ln703_2_fu_767">
<pin_list>
<pin id="768" dir="0" index="0" bw="16" slack="0"/>
<pin id="769" dir="1" index="1" bw="13" slack="0"/>
</pin_list>
<bind>
<opcode="trunc(33) " fcode="trunc"/>
<opset="trunc_ln703_2/4 "/>
</bind>
</comp>

<comp id="771" class="1004" name="acc_2_V_fu_771">
<pin_list>
<pin id="772" dir="0" index="0" bw="16" slack="0"/>
<pin id="773" dir="0" index="1" bw="15" slack="0"/>
<pin id="774" dir="1" index="2" bw="16" slack="0"/>
</pin_list>
<bind>
<opcode="add(8) " fcode="add"/>
<opset="acc_2_V/4 "/>
</bind>
</comp>

<comp id="777" class="1004" name="add_ln703_3_fu_777">
<pin_list>
<pin id="778" dir="0" index="0" bw="13" slack="0"/>
<pin id="779" dir="0" index="1" bw="13" slack="0"/>
<pin id="780" dir="1" index="2" bw="13" slack="0"/>
</pin_list>
<bind>
<opcode="add(8) " fcode="add"/>
<opset="add_ln703_3/4 "/>
</bind>
</comp>

<comp id="783" class="1004" name="sext_ln1118_3_fu_783">
<pin_list>
<pin id="784" dir="0" index="0" bw="8" slack="1"/>
<pin id="785" dir="1" index="1" bw="16" slack="0"/>
</pin_list>
<bind>
<opcode="sext(35) " fcode="sext"/>
<opset="sext_ln1118_3/4 "/>
</bind>
</comp>

<comp id="786" class="1004" name="mul_ln1118_3_fu_786">
<pin_list>
<pin id="787" dir="0" index="0" bw="8" slack="0"/>
<pin id="788" dir="0" index="1" bw="8" slack="0"/>
<pin id="789" dir="1" index="2" bw="16" slack="0"/>
</pin_list>
<bind>
<opcode="mul(12) " fcode="mul"/>
<opset="mul_ln1118_3/4 "/>
</bind>
</comp>

<comp id="792" class="1004" name="trunc_ln708_15_fu_792">
<pin_list>
<pin id="793" dir="0" index="0" bw="15" slack="0"/>
<pin id="794" dir="0" index="1" bw="16" slack="0"/>
<pin id="795" dir="0" index="2" bw="1" slack="0"/>
<pin id="796" dir="0" index="3" bw="5" slack="0"/>
<pin id="797" dir="1" index="4" bw="15" slack="0"/>
</pin_list>
<bind>
<opcode="partselect(1002) " fcode="partselect"/>
<opset="trunc_ln708_15/4 "/>
</bind>
</comp>

<comp id="802" class="1004" name="sext_ln708_3_fu_802">
<pin_list>
<pin id="803" dir="0" index="0" bw="15" slack="0"/>
<pin id="804" dir="1" index="1" bw="16" slack="0"/>
</pin_list>
<bind>
<opcode="sext(35) " fcode="sext"/>
<opset="sext_ln708_3/4 "/>
</bind>
</comp>

<comp id="806" class="1004" name="trunc_ln703_s_fu_806">
<pin_list>
<pin id="807" dir="0" index="0" bw="13" slack="0"/>
<pin id="808" dir="0" index="1" bw="16" slack="0"/>
<pin id="809" dir="0" index="2" bw="1" slack="0"/>
<pin id="810" dir="0" index="3" bw="5" slack="0"/>
<pin id="811" dir="1" index="4" bw="13" slack="0"/>
</pin_list>
<bind>
<opcode="partselect(1002) " fcode="partselect"/>
<opset="trunc_ln703_s/4 "/>
</bind>
</comp>

<comp id="816" class="1004" name="trunc_ln703_3_fu_816">
<pin_list>
<pin id="817" dir="0" index="0" bw="16" slack="0"/>
<pin id="818" dir="1" index="1" bw="13" slack="0"/>
</pin_list>
<bind>
<opcode="trunc(33) " fcode="trunc"/>
<opset="trunc_ln703_3/4 "/>
</bind>
</comp>

<comp id="820" class="1004" name="acc_3_V_fu_820">
<pin_list>
<pin id="821" dir="0" index="0" bw="16" slack="0"/>
<pin id="822" dir="0" index="1" bw="15" slack="0"/>
<pin id="823" dir="1" index="2" bw="16" slack="0"/>
</pin_list>
<bind>
<opcode="add(8) " fcode="add"/>
<opset="acc_3_V/4 "/>
</bind>
</comp>

<comp id="826" class="1004" name="add_ln703_4_fu_826">
<pin_list>
<pin id="827" dir="0" index="0" bw="13" slack="0"/>
<pin id="828" dir="0" index="1" bw="13" slack="0"/>
<pin id="829" dir="1" index="2" bw="13" slack="0"/>
</pin_list>
<bind>
<opcode="add(8) " fcode="add"/>
<opset="add_ln703_4/4 "/>
</bind>
</comp>

<comp id="832" class="1004" name="zext_ln1118_fu_832">
<pin_list>
<pin id="833" dir="0" index="0" bw="8" slack="1"/>
<pin id="834" dir="1" index="1" bw="14" slack="0"/>
</pin_list>
<bind>
<opcode="zext(34) " fcode="zext"/>
<opset="zext_ln1118/4 "/>
</bind>
</comp>

<comp id="835" class="1004" name="sext_ln1118_4_fu_835">
<pin_list>
<pin id="836" dir="0" index="0" bw="6" slack="1"/>
<pin id="837" dir="1" index="1" bw="14" slack="0"/>
</pin_list>
<bind>
<opcode="sext(35) " fcode="sext"/>
<opset="sext_ln1118_4/4 "/>
</bind>
</comp>

<comp id="838" class="1004" name="mul_ln1118_4_fu_838">
<pin_list>
<pin id="839" dir="0" index="0" bw="6" slack="0"/>
<pin id="840" dir="0" index="1" bw="8" slack="0"/>
<pin id="841" dir="1" index="2" bw="14" slack="0"/>
</pin_list>
<bind>
<opcode="mul(12) " fcode="mul"/>
<opset="mul_ln1118_4/4 "/>
</bind>
</comp>

<comp id="844" class="1004" name="trunc_ln708_16_fu_844">
<pin_list>
<pin id="845" dir="0" index="0" bw="13" slack="0"/>
<pin id="846" dir="0" index="1" bw="14" slack="0"/>
<pin id="847" dir="0" index="2" bw="1" slack="0"/>
<pin id="848" dir="0" index="3" bw="5" slack="0"/>
<pin id="849" dir="1" index="4" bw="13" slack="0"/>
</pin_list>
<bind>
<opcode="partselect(1002) " fcode="partselect"/>
<opset="trunc_ln708_16/4 "/>
</bind>
</comp>

<comp id="854" class="1004" name="sext_ln708_4_fu_854">
<pin_list>
<pin id="855" dir="0" index="0" bw="13" slack="0"/>
<pin id="856" dir="1" index="1" bw="16" slack="0"/>
</pin_list>
<bind>
<opcode="sext(35) " fcode="sext"/>
<opset="sext_ln708_4/4 "/>
</bind>
</comp>

<comp id="858" class="1004" name="trunc_ln703_4_fu_858">
<pin_list>
<pin id="859" dir="0" index="0" bw="16" slack="0"/>
<pin id="860" dir="1" index="1" bw="13" slack="0"/>
</pin_list>
<bind>
<opcode="trunc(33) " fcode="trunc"/>
<opset="trunc_ln703_4/4 "/>
</bind>
</comp>

<comp id="862" class="1004" name="acc_4_V_fu_862">
<pin_list>
<pin id="863" dir="0" index="0" bw="16" slack="0"/>
<pin id="864" dir="0" index="1" bw="13" slack="0"/>
<pin id="865" dir="1" index="2" bw="16" slack="0"/>
</pin_list>
<bind>
<opcode="add(8) " fcode="add"/>
<opset="acc_4_V/4 "/>
</bind>
</comp>

<comp id="868" class="1004" name="add_ln703_5_fu_868">
<pin_list>
<pin id="869" dir="0" index="0" bw="13" slack="0"/>
<pin id="870" dir="0" index="1" bw="13" slack="0"/>
<pin id="871" dir="1" index="2" bw="13" slack="0"/>
</pin_list>
<bind>
<opcode="add(8) " fcode="add"/>
<opset="add_ln703_5/4 "/>
</bind>
</comp>

<comp id="874" class="1004" name="trunc_ln2_fu_874">
<pin_list>
<pin id="875" dir="0" index="0" bw="8" slack="0"/>
<pin id="876" dir="0" index="1" bw="13" slack="0"/>
<pin id="877" dir="0" index="2" bw="4" slack="0"/>
<pin id="878" dir="0" index="3" bw="5" slack="0"/>
<pin id="879" dir="1" index="4" bw="8" slack="0"/>
</pin_list>
<bind>
<opcode="partselect(1002) " fcode="partselect"/>
<opset="trunc_ln2/4 "/>
</bind>
</comp>

<comp id="884" class="1004" name="trunc_ln46_1_fu_884">
<pin_list>
<pin id="885" dir="0" index="0" bw="8" slack="0"/>
<pin id="886" dir="0" index="1" bw="13" slack="0"/>
<pin id="887" dir="0" index="2" bw="4" slack="0"/>
<pin id="888" dir="0" index="3" bw="5" slack="0"/>
<pin id="889" dir="1" index="4" bw="8" slack="0"/>
</pin_list>
<bind>
<opcode="partselect(1002) " fcode="partselect"/>
<opset="trunc_ln46_1/4 "/>
</bind>
</comp>

<comp id="894" class="1004" name="trunc_ln46_2_fu_894">
<pin_list>
<pin id="895" dir="0" index="0" bw="8" slack="0"/>
<pin id="896" dir="0" index="1" bw="13" slack="0"/>
<pin id="897" dir="0" index="2" bw="4" slack="0"/>
<pin id="898" dir="0" index="3" bw="5" slack="0"/>
<pin id="899" dir="1" index="4" bw="8" slack="0"/>
</pin_list>
<bind>
<opcode="partselect(1002) " fcode="partselect"/>
<opset="trunc_ln46_2/4 "/>
</bind>
</comp>

<comp id="904" class="1004" name="trunc_ln46_3_fu_904">
<pin_list>
<pin id="905" dir="0" index="0" bw="8" slack="0"/>
<pin id="906" dir="0" index="1" bw="13" slack="0"/>
<pin id="907" dir="0" index="2" bw="4" slack="0"/>
<pin id="908" dir="0" index="3" bw="5" slack="0"/>
<pin id="909" dir="1" index="4" bw="8" slack="0"/>
</pin_list>
<bind>
<opcode="partselect(1002) " fcode="partselect"/>
<opset="trunc_ln46_3/4 "/>
</bind>
</comp>

<comp id="914" class="1004" name="trunc_ln46_4_fu_914">
<pin_list>
<pin id="915" dir="0" index="0" bw="8" slack="0"/>
<pin id="916" dir="0" index="1" bw="13" slack="0"/>
<pin id="917" dir="0" index="2" bw="4" slack="0"/>
<pin id="918" dir="0" index="3" bw="5" slack="0"/>
<pin id="919" dir="1" index="4" bw="8" slack="0"/>
</pin_list>
<bind>
<opcode="partselect(1002) " fcode="partselect"/>
<opset="trunc_ln46_4/4 "/>
</bind>
</comp>

<comp id="924" class="1004" name="mrv_fu_924">
<pin_list>
<pin id="925" dir="0" index="0" bw="40" slack="0"/>
<pin id="926" dir="0" index="1" bw="8" slack="0"/>
<pin id="927" dir="1" index="2" bw="40" slack="0"/>
</pin_list>
<bind>
<opcode="insertvalue(57) " fcode="insertvalue"/>
<opset="mrv/4 "/>
</bind>
</comp>

<comp id="930" class="1004" name="mrv_1_fu_930">
<pin_list>
<pin id="931" dir="0" index="0" bw="40" slack="0"/>
<pin id="932" dir="0" index="1" bw="8" slack="0"/>
<pin id="933" dir="1" index="2" bw="40" slack="0"/>
</pin_list>
<bind>
<opcode="insertvalue(57) " fcode="insertvalue"/>
<opset="mrv_1/4 "/>
</bind>
</comp>

<comp id="936" class="1004" name="mrv_2_fu_936">
<pin_list>
<pin id="937" dir="0" index="0" bw="40" slack="0"/>
<pin id="938" dir="0" index="1" bw="8" slack="0"/>
<pin id="939" dir="1" index="2" bw="40" slack="0"/>
</pin_list>
<bind>
<opcode="insertvalue(57) " fcode="insertvalue"/>
<opset="mrv_2/4 "/>
</bind>
</comp>

<comp id="942" class="1004" name="mrv_3_fu_942">
<pin_list>
<pin id="943" dir="0" index="0" bw="40" slack="0"/>
<pin id="944" dir="0" index="1" bw="8" slack="0"/>
<pin id="945" dir="1" index="2" bw="40" slack="0"/>
</pin_list>
<bind>
<opcode="insertvalue(57) " fcode="insertvalue"/>
<opset="mrv_3/4 "/>
</bind>
</comp>

<comp id="948" class="1004" name="mrv_4_fu_948">
<pin_list>
<pin id="949" dir="0" index="0" bw="40" slack="0"/>
<pin id="950" dir="0" index="1" bw="8" slack="0"/>
<pin id="951" dir="1" index="2" bw="40" slack="0"/>
</pin_list>
<bind>
<opcode="insertvalue(57) " fcode="insertvalue"/>
<opset="mrv_4/4 "/>
</bind>
</comp>

<comp id="954" class="1004" name="return_ln21_fu_954">
<pin_list>
<pin id="955" dir="0" index="0" bw="40" slack="0"/>
<pin id="956" dir="1" index="1" bw="0" slack="2147483647"/>
</pin_list>
<bind>
<opcode="return(1203) " fcode="return"/>
<opset="return_ln21/4 "/>
</bind>
</comp>

<comp id="958" class="1005" name="data_9_V_read_1_reg_958">
<pin_list>
<pin id="959" dir="0" index="0" bw="8" slack="1"/>
<pin id="960" dir="1" index="1" bw="8" slack="1"/>
</pin_list>
<bind>
<opset="data_9_V_read_1 "/>
</bind>
</comp>

<comp id="963" class="1005" name="data_8_V_read_1_reg_963">
<pin_list>
<pin id="964" dir="0" index="0" bw="8" slack="1"/>
<pin id="965" dir="1" index="1" bw="8" slack="1"/>
</pin_list>
<bind>
<opset="data_8_V_read_1 "/>
</bind>
</comp>

<comp id="968" class="1005" name="data_7_V_read_1_reg_968">
<pin_list>
<pin id="969" dir="0" index="0" bw="8" slack="1"/>
<pin id="970" dir="1" index="1" bw="8" slack="1"/>
</pin_list>
<bind>
<opset="data_7_V_read_1 "/>
</bind>
</comp>

<comp id="973" class="1005" name="data_6_V_read_1_reg_973">
<pin_list>
<pin id="974" dir="0" index="0" bw="8" slack="1"/>
<pin id="975" dir="1" index="1" bw="8" slack="1"/>
</pin_list>
<bind>
<opset="data_6_V_read_1 "/>
</bind>
</comp>

<comp id="978" class="1005" name="data_5_V_read_1_reg_978">
<pin_list>
<pin id="979" dir="0" index="0" bw="8" slack="1"/>
<pin id="980" dir="1" index="1" bw="8" slack="1"/>
</pin_list>
<bind>
<opset="data_5_V_read_1 "/>
</bind>
</comp>

<comp id="983" class="1005" name="data_4_V_read_1_reg_983">
<pin_list>
<pin id="984" dir="0" index="0" bw="8" slack="1"/>
<pin id="985" dir="1" index="1" bw="8" slack="1"/>
</pin_list>
<bind>
<opset="data_4_V_read_1 "/>
</bind>
</comp>

<comp id="988" class="1005" name="data_3_V_read_1_reg_988">
<pin_list>
<pin id="989" dir="0" index="0" bw="8" slack="1"/>
<pin id="990" dir="1" index="1" bw="8" slack="1"/>
</pin_list>
<bind>
<opset="data_3_V_read_1 "/>
</bind>
</comp>

<comp id="993" class="1005" name="data_2_V_read_1_reg_993">
<pin_list>
<pin id="994" dir="0" index="0" bw="8" slack="1"/>
<pin id="995" dir="1" index="1" bw="8" slack="1"/>
</pin_list>
<bind>
<opset="data_2_V_read_1 "/>
</bind>
</comp>

<comp id="998" class="1005" name="data_1_V_read_1_reg_998">
<pin_list>
<pin id="999" dir="0" index="0" bw="8" slack="1"/>
<pin id="1000" dir="1" index="1" bw="8" slack="1"/>
</pin_list>
<bind>
<opset="data_1_V_read_1 "/>
</bind>
</comp>

<comp id="1003" class="1005" name="data_0_V_read_1_reg_1003">
<pin_list>
<pin id="1004" dir="0" index="0" bw="8" slack="1"/>
<pin id="1005" dir="1" index="1" bw="8" slack="1"/>
</pin_list>
<bind>
<opset="data_0_V_read_1 "/>
</bind>
</comp>

<comp id="1008" class="1005" name="w21_V_addr_reg_1008">
<pin_list>
<pin id="1009" dir="0" index="0" bw="4" slack="1"/>
<pin id="1010" dir="1" index="1" bw="4" slack="1"/>
</pin_list>
<bind>
<opset="w21_V_addr "/>
</bind>
</comp>

<comp id="1013" class="1005" name="w_index_reg_1013">
<pin_list>
<pin id="1014" dir="0" index="0" bw="4" slack="0"/>
<pin id="1015" dir="1" index="1" bw="4" slack="0"/>
</pin_list>
<bind>
<opset="w_index "/>
</bind>
</comp>

<comp id="1018" class="1005" name="icmp_ln46_reg_1018">
<pin_list>
<pin id="1019" dir="0" index="0" bw="1" slack="1"/>
<pin id="1020" dir="1" index="1" bw="1" slack="2147483647"/>
</pin_list>
<bind>
<opset="icmp_ln46 "/>
</bind>
</comp>

<comp id="1022" class="1005" name="tmp_11_reg_1022">
<pin_list>
<pin id="1023" dir="0" index="0" bw="8" slack="1"/>
<pin id="1024" dir="1" index="1" bw="8" slack="1"/>
</pin_list>
<bind>
<opset="tmp_11 "/>
</bind>
</comp>

<comp id="1028" class="1005" name="trunc_ln59_reg_1028">
<pin_list>
<pin id="1029" dir="0" index="0" bw="8" slack="1"/>
<pin id="1030" dir="1" index="1" bw="8" slack="1"/>
</pin_list>
<bind>
<opset="trunc_ln59 "/>
</bind>
</comp>

<comp id="1033" class="1005" name="tmp_2_reg_1033">
<pin_list>
<pin id="1034" dir="0" index="0" bw="8" slack="1"/>
<pin id="1035" dir="1" index="1" bw="8" slack="1"/>
</pin_list>
<bind>
<opset="tmp_2 "/>
</bind>
</comp>

<comp id="1038" class="1005" name="tmp_3_reg_1038">
<pin_list>
<pin id="1039" dir="0" index="0" bw="8" slack="1"/>
<pin id="1040" dir="1" index="1" bw="8" slack="1"/>
</pin_list>
<bind>
<opset="tmp_3 "/>
</bind>
</comp>

<comp id="1043" class="1005" name="tmp_4_reg_1043">
<pin_list>
<pin id="1044" dir="0" index="0" bw="8" slack="1"/>
<pin id="1045" dir="1" index="1" bw="8" slack="1"/>
</pin_list>
<bind>
<opset="tmp_4 "/>
</bind>
</comp>

<comp id="1048" class="1005" name="tmp_12_reg_1048">
<pin_list>
<pin id="1049" dir="0" index="0" bw="6" slack="1"/>
<pin id="1050" dir="1" index="1" bw="6" slack="1"/>
</pin_list>
<bind>
<opset="tmp_12 "/>
</bind>
</comp>

<comp id="1053" class="1005" name="acc_0_V_reg_1053">
<pin_list>
<pin id="1054" dir="0" index="0" bw="16" slack="0"/>
<pin id="1055" dir="1" index="1" bw="16" slack="0"/>
</pin_list>
<bind>
<opset="acc_0_V "/>
</bind>
</comp>

<comp id="1058" class="1005" name="acc_1_V_reg_1058">
<pin_list>
<pin id="1059" dir="0" index="0" bw="16" slack="0"/>
<pin id="1060" dir="1" index="1" bw="16" slack="0"/>
</pin_list>
<bind>
<opset="acc_1_V "/>
</bind>
</comp>

<comp id="1063" class="1005" name="acc_2_V_reg_1063">
<pin_list>
<pin id="1064" dir="0" index="0" bw="16" slack="0"/>
<pin id="1065" dir="1" index="1" bw="16" slack="0"/>
</pin_list>
<bind>
<opset="acc_2_V "/>
</bind>
</comp>

<comp id="1068" class="1005" name="acc_3_V_reg_1068">
<pin_list>
<pin id="1069" dir="0" index="0" bw="16" slack="0"/>
<pin id="1070" dir="1" index="1" bw="16" slack="0"/>
</pin_list>
<bind>
<opset="acc_3_V "/>
</bind>
</comp>

<comp id="1073" class="1005" name="acc_4_V_reg_1073">
<pin_list>
<pin id="1074" dir="0" index="0" bw="16" slack="0"/>
<pin id="1075" dir="1" index="1" bw="16" slack="0"/>
</pin_list>
<bind>
<opset="acc_4_V "/>
</bind>
</comp>

</comp_list>

<net_list>
<net id="116"><net_src comp="32" pin="0"/><net_sink comp="112" pin=0"/></net>

<net id="117"><net_src comp="18" pin="0"/><net_sink comp="112" pin=1"/></net>

<net id="122"><net_src comp="32" pin="0"/><net_sink comp="118" pin=0"/></net>

<net id="123"><net_src comp="16" pin="0"/><net_sink comp="118" pin=1"/></net>

<net id="128"><net_src comp="32" pin="0"/><net_sink comp="124" pin=0"/></net>

<net id="129"><net_src comp="14" pin="0"/><net_sink comp="124" pin=1"/></net>

<net id="134"><net_src comp="32" pin="0"/><net_sink comp="130" pin=0"/></net>

<net id="135"><net_src comp="12" pin="0"/><net_sink comp="130" pin=1"/></net>

<net id="140"><net_src comp="32" pin="0"/><net_sink comp="136" pin=0"/></net>

<net id="141"><net_src comp="10" pin="0"/><net_sink comp="136" pin=1"/></net>

<net id="146"><net_src comp="32" pin="0"/><net_sink comp="142" pin=0"/></net>

<net id="147"><net_src comp="8" pin="0"/><net_sink comp="142" pin=1"/></net>

<net id="152"><net_src comp="32" pin="0"/><net_sink comp="148" pin=0"/></net>

<net id="153"><net_src comp="6" pin="0"/><net_sink comp="148" pin=1"/></net>

<net id="158"><net_src comp="32" pin="0"/><net_sink comp="154" pin=0"/></net>

<net id="159"><net_src comp="4" pin="0"/><net_sink comp="154" pin=1"/></net>

<net id="164"><net_src comp="32" pin="0"/><net_sink comp="160" pin=0"/></net>

<net id="165"><net_src comp="2" pin="0"/><net_sink comp="160" pin=1"/></net>

<net id="170"><net_src comp="32" pin="0"/><net_sink comp="166" pin=0"/></net>

<net id="171"><net_src comp="0" pin="0"/><net_sink comp="166" pin=1"/></net>

<net id="177"><net_src comp="20" pin="0"/><net_sink comp="172" pin=0"/></net>

<net id="178"><net_src comp="34" pin="0"/><net_sink comp="172" pin=1"/></net>

<net id="184"><net_src comp="172" pin="3"/><net_sink comp="179" pin=0"/></net>

<net id="188"><net_src comp="26" pin="0"/><net_sink comp="185" pin=0"/></net>

<net id="197"><net_src comp="185" pin="1"/><net_sink comp="189" pin=0"/></net>

<net id="198"><net_src comp="28" pin="0"/><net_sink comp="189" pin=2"/></net>

<net id="199"><net_src comp="26" pin="0"/><net_sink comp="189" pin=4"/></net>

<net id="200"><net_src comp="189" pin="6"/><net_sink comp="185" pin=0"/></net>

<net id="204"><net_src comp="30" pin="0"/><net_sink comp="201" pin=0"/></net>

<net id="213"><net_src comp="201" pin="1"/><net_sink comp="205" pin=0"/></net>

<net id="214"><net_src comp="30" pin="0"/><net_sink comp="205" pin=4"/></net>

<net id="215"><net_src comp="205" pin="6"/><net_sink comp="201" pin=0"/></net>

<net id="219"><net_src comp="40" pin="0"/><net_sink comp="216" pin=0"/></net>

<net id="228"><net_src comp="216" pin="1"/><net_sink comp="220" pin=0"/></net>

<net id="229"><net_src comp="216" pin="1"/><net_sink comp="220" pin=4"/></net>

<net id="233"><net_src comp="40" pin="0"/><net_sink comp="230" pin=0"/></net>

<net id="242"><net_src comp="230" pin="1"/><net_sink comp="234" pin=0"/></net>

<net id="243"><net_src comp="230" pin="1"/><net_sink comp="234" pin=4"/></net>

<net id="247"><net_src comp="40" pin="0"/><net_sink comp="244" pin=0"/></net>

<net id="256"><net_src comp="244" pin="1"/><net_sink comp="248" pin=0"/></net>

<net id="257"><net_src comp="244" pin="1"/><net_sink comp="248" pin=4"/></net>

<net id="261"><net_src comp="40" pin="0"/><net_sink comp="258" pin=0"/></net>

<net id="270"><net_src comp="258" pin="1"/><net_sink comp="262" pin=0"/></net>

<net id="271"><net_src comp="258" pin="1"/><net_sink comp="262" pin=4"/></net>

<net id="275"><net_src comp="40" pin="0"/><net_sink comp="272" pin=0"/></net>

<net id="284"><net_src comp="272" pin="1"/><net_sink comp="276" pin=0"/></net>

<net id="285"><net_src comp="272" pin="1"/><net_sink comp="276" pin=4"/></net>

<net id="289"><net_src comp="40" pin="0"/><net_sink comp="286" pin=0"/></net>

<net id="298"><net_src comp="286" pin="1"/><net_sink comp="290" pin=0"/></net>

<net id="299"><net_src comp="286" pin="1"/><net_sink comp="290" pin=4"/></net>

<net id="303"><net_src comp="40" pin="0"/><net_sink comp="300" pin=0"/></net>

<net id="312"><net_src comp="300" pin="1"/><net_sink comp="304" pin=0"/></net>

<net id="313"><net_src comp="300" pin="1"/><net_sink comp="304" pin=4"/></net>

<net id="317"><net_src comp="40" pin="0"/><net_sink comp="314" pin=0"/></net>

<net id="326"><net_src comp="314" pin="1"/><net_sink comp="318" pin=0"/></net>

<net id="327"><net_src comp="314" pin="1"/><net_sink comp="318" pin=4"/></net>

<net id="331"><net_src comp="40" pin="0"/><net_sink comp="328" pin=0"/></net>

<net id="340"><net_src comp="328" pin="1"/><net_sink comp="332" pin=0"/></net>

<net id="341"><net_src comp="328" pin="1"/><net_sink comp="332" pin=4"/></net>

<net id="345"><net_src comp="40" pin="0"/><net_sink comp="342" pin=0"/></net>

<net id="354"><net_src comp="342" pin="1"/><net_sink comp="346" pin=0"/></net>

<net id="355"><net_src comp="342" pin="1"/><net_sink comp="346" pin=4"/></net>

<net id="359"><net_src comp="356" pin="1"/><net_sink comp="220" pin=2"/></net>

<net id="366"><net_src comp="220" pin="6"/><net_sink comp="360" pin=2"/></net>

<net id="367"><net_src comp="360" pin="4"/><net_sink comp="356" pin=0"/></net>

<net id="371"><net_src comp="368" pin="1"/><net_sink comp="234" pin=2"/></net>

<net id="378"><net_src comp="234" pin="6"/><net_sink comp="372" pin=2"/></net>

<net id="379"><net_src comp="372" pin="4"/><net_sink comp="368" pin=0"/></net>

<net id="383"><net_src comp="380" pin="1"/><net_sink comp="248" pin=2"/></net>

<net id="390"><net_src comp="248" pin="6"/><net_sink comp="384" pin=2"/></net>

<net id="391"><net_src comp="384" pin="4"/><net_sink comp="380" pin=0"/></net>

<net id="395"><net_src comp="392" pin="1"/><net_sink comp="262" pin=2"/></net>

<net id="402"><net_src comp="262" pin="6"/><net_sink comp="396" pin=2"/></net>

<net id="403"><net_src comp="396" pin="4"/><net_sink comp="392" pin=0"/></net>

<net id="407"><net_src comp="404" pin="1"/><net_sink comp="276" pin=2"/></net>

<net id="414"><net_src comp="276" pin="6"/><net_sink comp="408" pin=2"/></net>

<net id="415"><net_src comp="408" pin="4"/><net_sink comp="404" pin=0"/></net>

<net id="419"><net_src comp="416" pin="1"/><net_sink comp="290" pin=2"/></net>

<net id="426"><net_src comp="290" pin="6"/><net_sink comp="420" pin=2"/></net>

<net id="427"><net_src comp="420" pin="4"/><net_sink comp="416" pin=0"/></net>

<net id="431"><net_src comp="428" pin="1"/><net_sink comp="304" pin=2"/></net>

<net id="438"><net_src comp="304" pin="6"/><net_sink comp="432" pin=2"/></net>

<net id="439"><net_src comp="432" pin="4"/><net_sink comp="428" pin=0"/></net>

<net id="443"><net_src comp="440" pin="1"/><net_sink comp="318" pin=2"/></net>

<net id="450"><net_src comp="318" pin="6"/><net_sink comp="444" pin=2"/></net>

<net id="451"><net_src comp="444" pin="4"/><net_sink comp="440" pin=0"/></net>

<net id="455"><net_src comp="452" pin="1"/><net_sink comp="332" pin=2"/></net>

<net id="462"><net_src comp="332" pin="6"/><net_sink comp="456" pin=2"/></net>

<net id="463"><net_src comp="456" pin="4"/><net_sink comp="452" pin=0"/></net>

<net id="467"><net_src comp="464" pin="1"/><net_sink comp="346" pin=2"/></net>

<net id="474"><net_src comp="346" pin="6"/><net_sink comp="468" pin=2"/></net>

<net id="475"><net_src comp="468" pin="4"/><net_sink comp="464" pin=0"/></net>

<net id="479"><net_src comp="64" pin="0"/><net_sink comp="476" pin=0"/></net>

<net id="488"><net_src comp="476" pin="1"/><net_sink comp="480" pin=0"/></net>

<net id="489"><net_src comp="476" pin="1"/><net_sink comp="480" pin=4"/></net>

<net id="493"><net_src comp="66" pin="0"/><net_sink comp="490" pin=0"/></net>

<net id="502"><net_src comp="490" pin="1"/><net_sink comp="494" pin=0"/></net>

<net id="503"><net_src comp="490" pin="1"/><net_sink comp="494" pin=4"/></net>

<net id="507"><net_src comp="66" pin="0"/><net_sink comp="504" pin=0"/></net>

<net id="516"><net_src comp="504" pin="1"/><net_sink comp="508" pin=0"/></net>

<net id="517"><net_src comp="504" pin="1"/><net_sink comp="508" pin=4"/></net>

<net id="521"><net_src comp="68" pin="0"/><net_sink comp="518" pin=0"/></net>

<net id="530"><net_src comp="518" pin="1"/><net_sink comp="522" pin=0"/></net>

<net id="531"><net_src comp="518" pin="1"/><net_sink comp="522" pin=4"/></net>

<net id="535"><net_src comp="70" pin="0"/><net_sink comp="532" pin=0"/></net>

<net id="544"><net_src comp="532" pin="1"/><net_sink comp="536" pin=0"/></net>

<net id="545"><net_src comp="532" pin="1"/><net_sink comp="536" pin=4"/></net>

<net id="549"><net_src comp="205" pin="6"/><net_sink comp="546" pin=0"/></net>

<net id="550"><net_src comp="546" pin="1"/><net_sink comp="172" pin=2"/></net>

<net id="555"><net_src comp="36" pin="0"/><net_sink comp="551" pin=0"/></net>

<net id="556"><net_src comp="205" pin="6"/><net_sink comp="551" pin=1"/></net>

<net id="561"><net_src comp="205" pin="6"/><net_sink comp="557" pin=0"/></net>

<net id="562"><net_src comp="38" pin="0"/><net_sink comp="557" pin=1"/></net>

<net id="577"><net_src comp="42" pin="0"/><net_sink comp="563" pin=0"/></net>

<net id="578"><net_src comp="360" pin="4"/><net_sink comp="563" pin=1"/></net>

<net id="579"><net_src comp="372" pin="4"/><net_sink comp="563" pin=2"/></net>

<net id="580"><net_src comp="384" pin="4"/><net_sink comp="563" pin=3"/></net>

<net id="581"><net_src comp="396" pin="4"/><net_sink comp="563" pin=4"/></net>

<net id="582"><net_src comp="408" pin="4"/><net_sink comp="563" pin=5"/></net>

<net id="583"><net_src comp="420" pin="4"/><net_sink comp="563" pin=6"/></net>

<net id="584"><net_src comp="432" pin="4"/><net_sink comp="563" pin=7"/></net>

<net id="585"><net_src comp="444" pin="4"/><net_sink comp="563" pin=8"/></net>

<net id="586"><net_src comp="456" pin="4"/><net_sink comp="563" pin=9"/></net>

<net id="587"><net_src comp="468" pin="4"/><net_sink comp="563" pin=10"/></net>

<net id="588"><net_src comp="201" pin="1"/><net_sink comp="563" pin=11"/></net>

<net id="592"><net_src comp="179" pin="3"/><net_sink comp="589" pin=0"/></net>

<net id="599"><net_src comp="44" pin="0"/><net_sink comp="593" pin=0"/></net>

<net id="600"><net_src comp="179" pin="3"/><net_sink comp="593" pin=1"/></net>

<net id="601"><net_src comp="46" pin="0"/><net_sink comp="593" pin=2"/></net>

<net id="602"><net_src comp="48" pin="0"/><net_sink comp="593" pin=3"/></net>

<net id="609"><net_src comp="44" pin="0"/><net_sink comp="603" pin=0"/></net>

<net id="610"><net_src comp="179" pin="3"/><net_sink comp="603" pin=1"/></net>

<net id="611"><net_src comp="50" pin="0"/><net_sink comp="603" pin=2"/></net>

<net id="612"><net_src comp="52" pin="0"/><net_sink comp="603" pin=3"/></net>

<net id="619"><net_src comp="44" pin="0"/><net_sink comp="613" pin=0"/></net>

<net id="620"><net_src comp="179" pin="3"/><net_sink comp="613" pin=1"/></net>

<net id="621"><net_src comp="54" pin="0"/><net_sink comp="613" pin=2"/></net>

<net id="622"><net_src comp="56" pin="0"/><net_sink comp="613" pin=3"/></net>

<net id="629"><net_src comp="58" pin="0"/><net_sink comp="623" pin=0"/></net>

<net id="630"><net_src comp="179" pin="3"/><net_sink comp="623" pin=1"/></net>

<net id="631"><net_src comp="60" pin="0"/><net_sink comp="623" pin=2"/></net>

<net id="632"><net_src comp="62" pin="0"/><net_sink comp="623" pin=3"/></net>

<net id="643"><net_src comp="633" pin="1"/><net_sink comp="639" pin=0"/></net>

<net id="644"><net_src comp="636" pin="1"/><net_sink comp="639" pin=1"/></net>

<net id="651"><net_src comp="92" pin="0"/><net_sink comp="645" pin=0"/></net>

<net id="652"><net_src comp="639" pin="2"/><net_sink comp="645" pin=1"/></net>

<net id="653"><net_src comp="88" pin="0"/><net_sink comp="645" pin=2"/></net>

<net id="654"><net_src comp="48" pin="0"/><net_sink comp="645" pin=3"/></net>

<net id="658"><net_src comp="645" pin="4"/><net_sink comp="655" pin=0"/></net>

<net id="665"><net_src comp="94" pin="0"/><net_sink comp="659" pin=0"/></net>

<net id="666"><net_src comp="639" pin="2"/><net_sink comp="659" pin=1"/></net>

<net id="667"><net_src comp="88" pin="0"/><net_sink comp="659" pin=2"/></net>

<net id="668"><net_src comp="96" pin="0"/><net_sink comp="659" pin=3"/></net>

<net id="672"><net_src comp="536" pin="6"/><net_sink comp="669" pin=0"/></net>

<net id="677"><net_src comp="536" pin="6"/><net_sink comp="673" pin=0"/></net>

<net id="678"><net_src comp="655" pin="1"/><net_sink comp="673" pin=1"/></net>

<net id="683"><net_src comp="669" pin="1"/><net_sink comp="679" pin=0"/></net>

<net id="684"><net_src comp="659" pin="4"/><net_sink comp="679" pin=1"/></net>

<net id="692"><net_src comp="633" pin="1"/><net_sink comp="688" pin=0"/></net>

<net id="693"><net_src comp="685" pin="1"/><net_sink comp="688" pin=1"/></net>

<net id="700"><net_src comp="92" pin="0"/><net_sink comp="694" pin=0"/></net>

<net id="701"><net_src comp="688" pin="2"/><net_sink comp="694" pin=1"/></net>

<net id="702"><net_src comp="88" pin="0"/><net_sink comp="694" pin=2"/></net>

<net id="703"><net_src comp="48" pin="0"/><net_sink comp="694" pin=3"/></net>

<net id="707"><net_src comp="694" pin="4"/><net_sink comp="704" pin=0"/></net>

<net id="714"><net_src comp="94" pin="0"/><net_sink comp="708" pin=0"/></net>

<net id="715"><net_src comp="688" pin="2"/><net_sink comp="708" pin=1"/></net>

<net id="716"><net_src comp="88" pin="0"/><net_sink comp="708" pin=2"/></net>

<net id="717"><net_src comp="96" pin="0"/><net_sink comp="708" pin=3"/></net>

<net id="721"><net_src comp="522" pin="6"/><net_sink comp="718" pin=0"/></net>

<net id="726"><net_src comp="522" pin="6"/><net_sink comp="722" pin=0"/></net>

<net id="727"><net_src comp="704" pin="1"/><net_sink comp="722" pin=1"/></net>

<net id="732"><net_src comp="718" pin="1"/><net_sink comp="728" pin=0"/></net>

<net id="733"><net_src comp="708" pin="4"/><net_sink comp="728" pin=1"/></net>

<net id="741"><net_src comp="633" pin="1"/><net_sink comp="737" pin=0"/></net>

<net id="742"><net_src comp="734" pin="1"/><net_sink comp="737" pin=1"/></net>

<net id="749"><net_src comp="92" pin="0"/><net_sink comp="743" pin=0"/></net>

<net id="750"><net_src comp="737" pin="2"/><net_sink comp="743" pin=1"/></net>

<net id="751"><net_src comp="88" pin="0"/><net_sink comp="743" pin=2"/></net>

<net id="752"><net_src comp="48" pin="0"/><net_sink comp="743" pin=3"/></net>

<net id="756"><net_src comp="743" pin="4"/><net_sink comp="753" pin=0"/></net>

<net id="763"><net_src comp="94" pin="0"/><net_sink comp="757" pin=0"/></net>

<net id="764"><net_src comp="737" pin="2"/><net_sink comp="757" pin=1"/></net>

<net id="765"><net_src comp="88" pin="0"/><net_sink comp="757" pin=2"/></net>

<net id="766"><net_src comp="96" pin="0"/><net_sink comp="757" pin=3"/></net>

<net id="770"><net_src comp="508" pin="6"/><net_sink comp="767" pin=0"/></net>

<net id="775"><net_src comp="508" pin="6"/><net_sink comp="771" pin=0"/></net>

<net id="776"><net_src comp="753" pin="1"/><net_sink comp="771" pin=1"/></net>

<net id="781"><net_src comp="767" pin="1"/><net_sink comp="777" pin=0"/></net>

<net id="782"><net_src comp="757" pin="4"/><net_sink comp="777" pin=1"/></net>

<net id="790"><net_src comp="633" pin="1"/><net_sink comp="786" pin=0"/></net>

<net id="791"><net_src comp="783" pin="1"/><net_sink comp="786" pin=1"/></net>

<net id="798"><net_src comp="92" pin="0"/><net_sink comp="792" pin=0"/></net>

<net id="799"><net_src comp="786" pin="2"/><net_sink comp="792" pin=1"/></net>

<net id="800"><net_src comp="88" pin="0"/><net_sink comp="792" pin=2"/></net>

<net id="801"><net_src comp="48" pin="0"/><net_sink comp="792" pin=3"/></net>

<net id="805"><net_src comp="792" pin="4"/><net_sink comp="802" pin=0"/></net>

<net id="812"><net_src comp="94" pin="0"/><net_sink comp="806" pin=0"/></net>

<net id="813"><net_src comp="786" pin="2"/><net_sink comp="806" pin=1"/></net>

<net id="814"><net_src comp="88" pin="0"/><net_sink comp="806" pin=2"/></net>

<net id="815"><net_src comp="96" pin="0"/><net_sink comp="806" pin=3"/></net>

<net id="819"><net_src comp="494" pin="6"/><net_sink comp="816" pin=0"/></net>

<net id="824"><net_src comp="494" pin="6"/><net_sink comp="820" pin=0"/></net>

<net id="825"><net_src comp="802" pin="1"/><net_sink comp="820" pin=1"/></net>

<net id="830"><net_src comp="816" pin="1"/><net_sink comp="826" pin=0"/></net>

<net id="831"><net_src comp="806" pin="4"/><net_sink comp="826" pin=1"/></net>

<net id="842"><net_src comp="835" pin="1"/><net_sink comp="838" pin=0"/></net>

<net id="843"><net_src comp="832" pin="1"/><net_sink comp="838" pin=1"/></net>

<net id="850"><net_src comp="98" pin="0"/><net_sink comp="844" pin=0"/></net>

<net id="851"><net_src comp="838" pin="2"/><net_sink comp="844" pin=1"/></net>

<net id="852"><net_src comp="88" pin="0"/><net_sink comp="844" pin=2"/></net>

<net id="853"><net_src comp="96" pin="0"/><net_sink comp="844" pin=3"/></net>

<net id="857"><net_src comp="844" pin="4"/><net_sink comp="854" pin=0"/></net>

<net id="861"><net_src comp="480" pin="6"/><net_sink comp="858" pin=0"/></net>

<net id="866"><net_src comp="480" pin="6"/><net_sink comp="862" pin=0"/></net>

<net id="867"><net_src comp="854" pin="1"/><net_sink comp="862" pin=1"/></net>

<net id="872"><net_src comp="858" pin="1"/><net_sink comp="868" pin=0"/></net>

<net id="873"><net_src comp="844" pin="4"/><net_sink comp="868" pin=1"/></net>

<net id="880"><net_src comp="100" pin="0"/><net_sink comp="874" pin=0"/></net>

<net id="881"><net_src comp="679" pin="2"/><net_sink comp="874" pin=1"/></net>

<net id="882"><net_src comp="102" pin="0"/><net_sink comp="874" pin=2"/></net>

<net id="883"><net_src comp="104" pin="0"/><net_sink comp="874" pin=3"/></net>

<net id="890"><net_src comp="100" pin="0"/><net_sink comp="884" pin=0"/></net>

<net id="891"><net_src comp="728" pin="2"/><net_sink comp="884" pin=1"/></net>

<net id="892"><net_src comp="102" pin="0"/><net_sink comp="884" pin=2"/></net>

<net id="893"><net_src comp="104" pin="0"/><net_sink comp="884" pin=3"/></net>

<net id="900"><net_src comp="100" pin="0"/><net_sink comp="894" pin=0"/></net>

<net id="901"><net_src comp="777" pin="2"/><net_sink comp="894" pin=1"/></net>

<net id="902"><net_src comp="102" pin="0"/><net_sink comp="894" pin=2"/></net>

<net id="903"><net_src comp="104" pin="0"/><net_sink comp="894" pin=3"/></net>

<net id="910"><net_src comp="100" pin="0"/><net_sink comp="904" pin=0"/></net>

<net id="911"><net_src comp="826" pin="2"/><net_sink comp="904" pin=1"/></net>

<net id="912"><net_src comp="102" pin="0"/><net_sink comp="904" pin=2"/></net>

<net id="913"><net_src comp="104" pin="0"/><net_sink comp="904" pin=3"/></net>

<net id="920"><net_src comp="100" pin="0"/><net_sink comp="914" pin=0"/></net>

<net id="921"><net_src comp="868" pin="2"/><net_sink comp="914" pin=1"/></net>

<net id="922"><net_src comp="102" pin="0"/><net_sink comp="914" pin=2"/></net>

<net id="923"><net_src comp="104" pin="0"/><net_sink comp="914" pin=3"/></net>

<net id="928"><net_src comp="110" pin="0"/><net_sink comp="924" pin=0"/></net>

<net id="929"><net_src comp="874" pin="4"/><net_sink comp="924" pin=1"/></net>

<net id="934"><net_src comp="924" pin="2"/><net_sink comp="930" pin=0"/></net>

<net id="935"><net_src comp="884" pin="4"/><net_sink comp="930" pin=1"/></net>

<net id="940"><net_src comp="930" pin="2"/><net_sink comp="936" pin=0"/></net>

<net id="941"><net_src comp="894" pin="4"/><net_sink comp="936" pin=1"/></net>

<net id="946"><net_src comp="936" pin="2"/><net_sink comp="942" pin=0"/></net>

<net id="947"><net_src comp="904" pin="4"/><net_sink comp="942" pin=1"/></net>

<net id="952"><net_src comp="942" pin="2"/><net_sink comp="948" pin=0"/></net>

<net id="953"><net_src comp="914" pin="4"/><net_sink comp="948" pin=1"/></net>

<net id="957"><net_src comp="948" pin="2"/><net_sink comp="954" pin=0"/></net>

<net id="961"><net_src comp="112" pin="2"/><net_sink comp="958" pin=0"/></net>

<net id="962"><net_src comp="958" pin="1"/><net_sink comp="468" pin=0"/></net>

<net id="966"><net_src comp="118" pin="2"/><net_sink comp="963" pin=0"/></net>

<net id="967"><net_src comp="963" pin="1"/><net_sink comp="456" pin=0"/></net>

<net id="971"><net_src comp="124" pin="2"/><net_sink comp="968" pin=0"/></net>

<net id="972"><net_src comp="968" pin="1"/><net_sink comp="444" pin=0"/></net>

<net id="976"><net_src comp="130" pin="2"/><net_sink comp="973" pin=0"/></net>

<net id="977"><net_src comp="973" pin="1"/><net_sink comp="432" pin=0"/></net>

<net id="981"><net_src comp="136" pin="2"/><net_sink comp="978" pin=0"/></net>

<net id="982"><net_src comp="978" pin="1"/><net_sink comp="420" pin=0"/></net>

<net id="986"><net_src comp="142" pin="2"/><net_sink comp="983" pin=0"/></net>

<net id="987"><net_src comp="983" pin="1"/><net_sink comp="408" pin=0"/></net>

<net id="991"><net_src comp="148" pin="2"/><net_sink comp="988" pin=0"/></net>

<net id="992"><net_src comp="988" pin="1"/><net_sink comp="396" pin=0"/></net>

<net id="996"><net_src comp="154" pin="2"/><net_sink comp="993" pin=0"/></net>

<net id="997"><net_src comp="993" pin="1"/><net_sink comp="384" pin=0"/></net>

<net id="1001"><net_src comp="160" pin="2"/><net_sink comp="998" pin=0"/></net>

<net id="1002"><net_src comp="998" pin="1"/><net_sink comp="372" pin=0"/></net>

<net id="1006"><net_src comp="166" pin="2"/><net_sink comp="1003" pin=0"/></net>

<net id="1007"><net_src comp="1003" pin="1"/><net_sink comp="360" pin=0"/></net>

<net id="1011"><net_src comp="172" pin="3"/><net_sink comp="1008" pin=0"/></net>

<net id="1012"><net_src comp="1008" pin="1"/><net_sink comp="179" pin=0"/></net>

<net id="1016"><net_src comp="551" pin="2"/><net_sink comp="1013" pin=0"/></net>

<net id="1017"><net_src comp="1013" pin="1"/><net_sink comp="205" pin=2"/></net>

<net id="1021"><net_src comp="557" pin="2"/><net_sink comp="1018" pin=0"/></net>

<net id="1025"><net_src comp="563" pin="12"/><net_sink comp="1022" pin=0"/></net>

<net id="1026"><net_src comp="1022" pin="1"/><net_sink comp="633" pin=0"/></net>

<net id="1027"><net_src comp="1022" pin="1"/><net_sink comp="832" pin=0"/></net>

<net id="1031"><net_src comp="589" pin="1"/><net_sink comp="1028" pin=0"/></net>

<net id="1032"><net_src comp="1028" pin="1"/><net_sink comp="636" pin=0"/></net>

<net id="1036"><net_src comp="593" pin="4"/><net_sink comp="1033" pin=0"/></net>

<net id="1037"><net_src comp="1033" pin="1"/><net_sink comp="685" pin=0"/></net>

<net id="1041"><net_src comp="603" pin="4"/><net_sink comp="1038" pin=0"/></net>

<net id="1042"><net_src comp="1038" pin="1"/><net_sink comp="734" pin=0"/></net>

<net id="1046"><net_src comp="613" pin="4"/><net_sink comp="1043" pin=0"/></net>

<net id="1047"><net_src comp="1043" pin="1"/><net_sink comp="783" pin=0"/></net>

<net id="1051"><net_src comp="623" pin="4"/><net_sink comp="1048" pin=0"/></net>

<net id="1052"><net_src comp="1048" pin="1"/><net_sink comp="835" pin=0"/></net>

<net id="1056"><net_src comp="673" pin="2"/><net_sink comp="1053" pin=0"/></net>

<net id="1057"><net_src comp="1053" pin="1"/><net_sink comp="536" pin=2"/></net>

<net id="1061"><net_src comp="722" pin="2"/><net_sink comp="1058" pin=0"/></net>

<net id="1062"><net_src comp="1058" pin="1"/><net_sink comp="522" pin=2"/></net>

<net id="1066"><net_src comp="771" pin="2"/><net_sink comp="1063" pin=0"/></net>

<net id="1067"><net_src comp="1063" pin="1"/><net_sink comp="508" pin=2"/></net>

<net id="1071"><net_src comp="820" pin="2"/><net_sink comp="1068" pin=0"/></net>

<net id="1072"><net_src comp="1068" pin="1"/><net_sink comp="494" pin=2"/></net>

<net id="1076"><net_src comp="862" pin="2"/><net_sink comp="1073" pin=0"/></net>

<net id="1077"><net_src comp="1073" pin="1"/><net_sink comp="480" pin=2"/></net>

</net_list>

</model> 
---------------- Datapath Model END ------------------

* FSMD analyzer results:
  - Output states:
 - Input state : 
	Port: dense_wrapper<ap_ufixed<8, 2, 5, 3, 0>, ap_fixed<8, 3, 5, 3, 0>, config21> : data_0_V_read | {2 }
	Port: dense_wrapper<ap_ufixed<8, 2, 5, 3, 0>, ap_fixed<8, 3, 5, 3, 0>, config21> : data_1_V_read | {2 }
	Port: dense_wrapper<ap_ufixed<8, 2, 5, 3, 0>, ap_fixed<8, 3, 5, 3, 0>, config21> : data_2_V_read | {2 }
	Port: dense_wrapper<ap_ufixed<8, 2, 5, 3, 0>, ap_fixed<8, 3, 5, 3, 0>, config21> : data_3_V_read | {2 }
	Port: dense_wrapper<ap_ufixed<8, 2, 5, 3, 0>, ap_fixed<8, 3, 5, 3, 0>, config21> : data_4_V_read | {2 }
	Port: dense_wrapper<ap_ufixed<8, 2, 5, 3, 0>, ap_fixed<8, 3, 5, 3, 0>, config21> : data_5_V_read | {2 }
	Port: dense_wrapper<ap_ufixed<8, 2, 5, 3, 0>, ap_fixed<8, 3, 5, 3, 0>, config21> : data_6_V_read | {2 }
	Port: dense_wrapper<ap_ufixed<8, 2, 5, 3, 0>, ap_fixed<8, 3, 5, 3, 0>, config21> : data_7_V_read | {2 }
	Port: dense_wrapper<ap_ufixed<8, 2, 5, 3, 0>, ap_fixed<8, 3, 5, 3, 0>, config21> : data_8_V_read | {2 }
	Port: dense_wrapper<ap_ufixed<8, 2, 5, 3, 0>, ap_fixed<8, 3, 5, 3, 0>, config21> : data_9_V_read | {2 }
	Port: dense_wrapper<ap_ufixed<8, 2, 5, 3, 0>, ap_fixed<8, 3, 5, 3, 0>, config21> : w21_V | {2 3 }
  - Chain level:
	State 1
	State 2
		zext_ln59 : 1
		w21_V_addr : 2
		w21_V_load : 3
		w_index : 1
		icmp_ln46 : 1
		br_ln46 : 2
	State 3
		data_0_V_read16_phi : 1
		data_1_V_read17_phi : 1
		data_2_V_read18_phi : 1
		data_3_V_read19_phi : 1
		data_4_V_read20_phi : 1
		data_5_V_read21_phi : 1
		data_6_V_read22_phi : 1
		data_7_V_read23_phi : 1
		data_8_V_read24_phi : 1
		data_9_V_read25_phi : 1
		tmp_11 : 2
		trunc_ln59 : 1
		tmp_2 : 1
		tmp_3 : 1
		tmp_4 : 1
		tmp_12 : 1
	State 4
		mul_ln1118 : 1
		trunc_ln : 2
		sext_ln708 : 3
		trunc_ln703_5 : 2
		trunc_ln703 : 1
		acc_0_V : 4
		add_ln703_1 : 3
		mul_ln1118_1 : 1
		trunc_ln708_s : 2
		sext_ln708_1 : 3
		trunc_ln1 : 2
		trunc_ln703_1 : 1
		acc_1_V : 4
		add_ln703_2 : 3
		mul_ln1118_2 : 1
		trunc_ln708_14 : 2
		sext_ln708_2 : 3
		trunc_ln703_8 : 2
		trunc_ln703_2 : 1
		acc_2_V : 4
		add_ln703_3 : 3
		mul_ln1118_3 : 1
		trunc_ln708_15 : 2
		sext_ln708_3 : 3
		trunc_ln703_s : 2
		trunc_ln703_3 : 1
		acc_3_V : 4
		add_ln703_4 : 3
		mul_ln1118_4 : 1
		trunc_ln708_16 : 2
		sext_ln708_4 : 3
		trunc_ln703_4 : 1
		acc_4_V : 4
		add_ln703_5 : 3
		empty : 1
		trunc_ln2 : 4
		trunc_ln46_1 : 4
		trunc_ln46_2 : 4
		trunc_ln46_3 : 4
		trunc_ln46_4 : 4
		mrv : 5
		mrv_1 : 6
		mrv_2 : 7
		mrv_3 : 8
		mrv_4 : 9
		return_ln21 : 10


============================================================
+ Verbose Summary: Datapath Resource usage 
============================================================

* Functional unit list:
|----------|-----------------------------|---------|---------|---------|
| Operation|       Functional Unit       |  DSP48E |    FF   |   LUT   |
|----------|-----------------------------|---------|---------|---------|
|          |        w_index_fu_551       |    0    |    0    |    12   |
|          |        acc_0_V_fu_673       |    0    |    0    |    23   |
|          |      add_ln703_1_fu_679     |    0    |    0    |    20   |
|          |        acc_1_V_fu_722       |    0    |    0    |    23   |
|          |      add_ln703_2_fu_728     |    0    |    0    |    20   |
|    add   |        acc_2_V_fu_771       |    0    |    0    |    23   |
|          |      add_ln703_3_fu_777     |    0    |    0    |    20   |
|          |        acc_3_V_fu_820       |    0    |    0    |    23   |
|          |      add_ln703_4_fu_826     |    0    |    0    |    20   |
|          |        acc_4_V_fu_862       |    0    |    0    |    23   |
|          |      add_ln703_5_fu_868     |    0    |    0    |    20   |
|----------|-----------------------------|---------|---------|---------|
|          |      mul_ln1118_fu_639      |    0    |    0    |    40   |
|          |     mul_ln1118_1_fu_688     |    0    |    0    |    40   |
|    mul   |     mul_ln1118_2_fu_737     |    0    |    0    |    40   |
|          |     mul_ln1118_3_fu_786     |    0    |    0    |    40   |
|          |     mul_ln1118_4_fu_838     |    0    |    0    |    40   |
|----------|-----------------------------|---------|---------|---------|
|    mux   |        tmp_11_fu_563        |    0    |    0    |    53   |
|----------|-----------------------------|---------|---------|---------|
|   icmp   |       icmp_ln46_fu_557      |    0    |    0    |    9    |
|----------|-----------------------------|---------|---------|---------|
|          | data_9_V_read_1_read_fu_112 |    0    |    0    |    0    |
|          | data_8_V_read_1_read_fu_118 |    0    |    0    |    0    |
|          | data_7_V_read_1_read_fu_124 |    0    |    0    |    0    |
|          | data_6_V_read_1_read_fu_130 |    0    |    0    |    0    |
|   read   | data_5_V_read_1_read_fu_136 |    0    |    0    |    0    |
|          | data_4_V_read_1_read_fu_142 |    0    |    0    |    0    |
|          | data_3_V_read_1_read_fu_148 |    0    |    0    |    0    |
|          | data_2_V_read_1_read_fu_154 |    0    |    0    |    0    |
|          | data_1_V_read_1_read_fu_160 |    0    |    0    |    0    |
|          | data_0_V_read_1_read_fu_166 |    0    |    0    |    0    |
|----------|-----------------------------|---------|---------|---------|
|          |       zext_ln59_fu_546      |    0    |    0    |    0    |
|   zext   |      zext_ln1116_fu_633     |    0    |    0    |    0    |
|          |      zext_ln1118_fu_832     |    0    |    0    |    0    |
|----------|-----------------------------|---------|---------|---------|
|          |      trunc_ln59_fu_589      |    0    |    0    |    0    |
|          |      trunc_ln703_fu_669     |    0    |    0    |    0    |
|   trunc  |     trunc_ln703_1_fu_718    |    0    |    0    |    0    |
|          |     trunc_ln703_2_fu_767    |    0    |    0    |    0    |
|          |     trunc_ln703_3_fu_816    |    0    |    0    |    0    |
|          |     trunc_ln703_4_fu_858    |    0    |    0    |    0    |
|----------|-----------------------------|---------|---------|---------|
|          |         tmp_2_fu_593        |    0    |    0    |    0    |
|          |         tmp_3_fu_603        |    0    |    0    |    0    |
|          |         tmp_4_fu_613        |    0    |    0    |    0    |
|          |        tmp_12_fu_623        |    0    |    0    |    0    |
|          |       trunc_ln_fu_645       |    0    |    0    |    0    |
|          |     trunc_ln703_5_fu_659    |    0    |    0    |    0    |
|          |     trunc_ln708_s_fu_694    |    0    |    0    |    0    |
|          |       trunc_ln1_fu_708      |    0    |    0    |    0    |
|partselect|    trunc_ln708_14_fu_743    |    0    |    0    |    0    |
|          |     trunc_ln703_8_fu_757    |    0    |    0    |    0    |
|          |    trunc_ln708_15_fu_792    |    0    |    0    |    0    |
|          |     trunc_ln703_s_fu_806    |    0    |    0    |    0    |
|          |    trunc_ln708_16_fu_844    |    0    |    0    |    0    |
|          |       trunc_ln2_fu_874      |    0    |    0    |    0    |
|          |     trunc_ln46_1_fu_884     |    0    |    0    |    0    |
|          |     trunc_ln46_2_fu_894     |    0    |    0    |    0    |
|          |     trunc_ln46_3_fu_904     |    0    |    0    |    0    |
|          |     trunc_ln46_4_fu_914     |    0    |    0    |    0    |
|----------|-----------------------------|---------|---------|---------|
|          |      sext_ln1118_fu_636     |    0    |    0    |    0    |
|          |      sext_ln708_fu_655      |    0    |    0    |    0    |
|          |     sext_ln1118_1_fu_685    |    0    |    0    |    0    |
|          |     sext_ln708_1_fu_704     |    0    |    0    |    0    |
|   sext   |     sext_ln1118_2_fu_734    |    0    |    0    |    0    |
|          |     sext_ln708_2_fu_753     |    0    |    0    |    0    |
|          |     sext_ln1118_3_fu_783    |    0    |    0    |    0    |
|          |     sext_ln708_3_fu_802     |    0    |    0    |    0    |
|          |     sext_ln1118_4_fu_835    |    0    |    0    |    0    |
|          |     sext_ln708_4_fu_854     |    0    |    0    |    0    |
|----------|-----------------------------|---------|---------|---------|
|          |          mrv_fu_924         |    0    |    0    |    0    |
|          |         mrv_1_fu_930        |    0    |    0    |    0    |
|insertvalue|         mrv_2_fu_936        |    0    |    0    |    0    |
|          |         mrv_3_fu_942        |    0    |    0    |    0    |
|          |         mrv_4_fu_948        |    0    |    0    |    0    |
|----------|-----------------------------|---------|---------|---------|
|  return  |      return_ln21_fu_954     |    0    |    0    |    0    |
|----------|-----------------------------|---------|---------|---------|
|   Total  |                             |    0    |    0    |   489   |
|----------|-----------------------------|---------|---------|---------|

Memories:
N/A

* Register list:
+------------------------------+--------+
|                              |   FF   |
+------------------------------+--------+
|       acc_0_V_reg_1053       |   16   |
|       acc_1_V_reg_1058       |   16   |
|       acc_2_V_reg_1063       |   16   |
|       acc_3_V_reg_1068       |   16   |
|       acc_4_V_reg_1073       |   16   |
|      acc_V_0_05_reg_532      |   16   |
|      acc_V_1_06_reg_518      |   16   |
|      acc_V_2_07_reg_504      |   16   |
|      acc_V_3_08_reg_490      |   16   |
|      acc_V_4_09_reg_476      |   16   |
|  data_0_V_read16_phi_reg_356 |    8   |
|data_0_V_read16_rewind_reg_216|    8   |
|   data_0_V_read_1_reg_1003   |    8   |
|  data_1_V_read17_phi_reg_368 |    8   |
|data_1_V_read17_rewind_reg_230|    8   |
|    data_1_V_read_1_reg_998   |    8   |
|  data_2_V_read18_phi_reg_380 |    8   |
|data_2_V_read18_rewind_reg_244|    8   |
|    data_2_V_read_1_reg_993   |    8   |
|  data_3_V_read19_phi_reg_392 |    8   |
|data_3_V_read19_rewind_reg_258|    8   |
|    data_3_V_read_1_reg_988   |    8   |
|  data_4_V_read20_phi_reg_404 |    8   |
|data_4_V_read20_rewind_reg_272|    8   |
|    data_4_V_read_1_reg_983   |    8   |
|  data_5_V_read21_phi_reg_416 |    8   |
|data_5_V_read21_rewind_reg_286|    8   |
|    data_5_V_read_1_reg_978   |    8   |
|  data_6_V_read22_phi_reg_428 |    8   |
|data_6_V_read22_rewind_reg_300|    8   |
|    data_6_V_read_1_reg_973   |    8   |
|  data_7_V_read23_phi_reg_440 |    8   |
|data_7_V_read23_rewind_reg_314|    8   |
|    data_7_V_read_1_reg_968   |    8   |
|  data_8_V_read24_phi_reg_452 |    8   |
|data_8_V_read24_rewind_reg_328|    8   |
|    data_8_V_read_1_reg_963   |    8   |
|  data_9_V_read25_phi_reg_464 |    8   |
|data_9_V_read25_rewind_reg_342|    8   |
|    data_9_V_read_1_reg_958   |    8   |
|        do_init_reg_185       |    1   |
|      icmp_ln46_reg_1018      |    1   |
|        tmp_11_reg_1022       |    8   |
|        tmp_12_reg_1048       |    6   |
|        tmp_2_reg_1033        |    8   |
|        tmp_3_reg_1038        |    8   |
|        tmp_4_reg_1043        |    8   |
|      trunc_ln59_reg_1028     |    8   |
|      w21_V_addr_reg_1008     |    4   |
|       w_index15_reg_201      |    4   |
|       w_index_reg_1013       |    4   |
+------------------------------+--------+
|             Total            |   460  |
+------------------------------+--------+

* Multiplexer (MUX) list: 
|-------------------|------|------|------|--------||---------||---------|
|        Comp       |  Pin | Size |  BW  | S x BW ||  Delay  ||   LUT   |
|-------------------|------|------|------|--------||---------||---------|
| grp_access_fu_179 |  p0  |   2  |   4  |    8   ||    9    |
|  do_init_reg_185  |  p0  |   2  |   1  |    2   ||    9    |
| w_index15_reg_201 |  p0  |   2  |   4  |    8   ||    9    |
|-------------------|------|------|------|--------||---------||---------|
|       Total       |      |      |      |   18   ||  2.505  ||    27   |
|-------------------|------|------|------|--------||---------||---------|



* Summary:
+-----------+--------+--------+--------+--------+
|           | DSP48E |  Delay |   FF   |   LUT  |
+-----------+--------+--------+--------+--------+
|  Function |    0   |    -   |    0   |   489  |
|   Memory  |    -   |    -   |    -   |    -   |
|Multiplexer|    -   |    2   |    -   |   27   |
|  Register |    -   |    -   |   460  |    -   |
+-----------+--------+--------+--------+--------+
|   Total   |    0   |    2   |   460  |   516  |
+-----------+--------+--------+--------+--------+
