

================================================================
== Vivado HLS Report for 'dense_wrapper_ap_ufixed_8_2_5_3_0_ap_fixed_8_3_5_3_0_config18_s'
================================================================
* Date:           Tue Sep 22 06:03:01 2026

* Version:        2019.1 (Build 2552052 on Fri May 24 15:28:33 MDT 2019)
* Project:        myproject_prj
* Solution:       solution1
* Product family: kintexu
* Target device:  xcku035-fbva676-2-e


================================================================
== Performance Estimates
================================================================
+ Timing (ns): 
    * Summary: 
    +--------+-------+----------+------------+
    |  Clock | Target| Estimated| Uncertainty|
    +--------+-------+----------+------------+
    |ap_clk  |   5.00|     3.859|        0.62|
    +--------+-------+----------+------------+

+ Latency (clock cycles): 
    * Summary: 
    +-----+-----+-----+-----+---------------------------------------------+
    |  Latency  |  Interval |                   Pipeline                  |
    | min | max | min | max |                     Type                    |
    +-----+-----+-----+-----+---------------------------------------------+
    |   16|   17|   15|   15| loop rewind(delay=0 initiation interval(s)) |
    +-----+-----+-----+-----+---------------------------------------------+

    + Detail: 
        * Instance: 
        N/A

        * Loop: 
        +-------------+-----+-----+----------+-----------+-----------+------+----------+
        |             |  Latency  | Iteration|  Initiation Interval  | Trip |          |
        |  Loop Name  | min | max |  Latency |  achieved |   target  | Count| Pipelined|
        +-------------+-----+-----+----------+-----------+-----------+------+----------+
        |- ReuseLoop  |   16|   16|         3|          1|          1|    15|    yes   |
        +-------------+-----+-----+----------+-----------+-----------+------+----------+



================================================================
== Utilization Estimates
================================================================
* Summary: 
+-----------------+---------+-------+--------+--------+-----+
|       Name      | BRAM_18K| DSP48E|   FF   |   LUT  | URAM|
+-----------------+---------+-------+--------+--------+-----+
|DSP              |        -|      -|       -|       -|    -|
|Expression       |        -|      0|       0|     859|    -|
|FIFO             |        -|      -|       -|       -|    -|
|Instance         |        -|      -|       0|      53|    -|
|Memory           |        3|      -|       0|       0|    -|
|Multiplexer      |        -|      -|       -|     792|    -|
|Register         |        -|      -|     701|       -|    -|
+-----------------+---------+-------+--------+--------+-----+
|Total            |        3|      0|     701|    1704|    0|
+-----------------+---------+-------+--------+--------+-----+
|Available        |     1080|   1700|  406256|  203128|    0|
+-----------------+---------+-------+--------+--------+-----+
|Utilization (%)  |    ~0   |      0|   ~0   |   ~0   |    0|
+-----------------+---------+-------+--------+--------+-----+

+ Detail: 
    * Instance: 
    +------------------------------+-------------------------+---------+-------+---+----+-----+
    |           Instance           |          Module         | BRAM_18K| DSP48E| FF| LUT| URAM|
    +------------------------------+-------------------------+---------+-------+---+----+-----+
    |myproject_mux_154_8_1_1_U775  |myproject_mux_154_8_1_1  |        0|      0|  0|  53|    0|
    +------------------------------+-------------------------+---------+-------+---+----+-----+
    |Total                         |                         |        0|      0|  0|  53|    0|
    +------------------------------+-------------------------+---------+-------+---+----+-----+

    * DSP48E: 
    N/A

    * Memory: 
    +---------+-----------------------------------------------------------------------+---------+---+----+-----+------+-----+------+-------------+
    |  Memory |                                 Module                                | BRAM_18K| FF| LUT| URAM| Words| Bits| Banks| W*Bits*Banks|
    +---------+-----------------------------------------------------------------------+---------+---+----+-----+------+-----+------+-------------+
    |w18_V_U  |dense_wrapper_ap_ufixed_8_2_5_3_0_ap_fixed_8_3_5_3_0_config18_s_w18_V  |        3|  0|   0|    0|    15|   78|     1|         1170|
    +---------+-----------------------------------------------------------------------+---------+---+----+-----+------+-----+------+-------------+
    |Total    |                                                                       |        3|  0|   0|    0|    15|   78|     1|         1170|
    +---------+-----------------------------------------------------------------------+---------+---+----+-----+------+-----+------+-------------+

    * FIFO: 
    N/A

    * Expression: 
    +--------------------------+----------+-------+---+----+------------+------------+
    |       Variable Name      | Operation| DSP48E| FF| LUT| Bitwidth P0| Bitwidth P1|
    +--------------------------+----------+-------+---+----+------------+------------+
    |mul_ln1118_10_fu_1255_p2  |     *    |      0|  0|  40|           8|           8|
    |mul_ln1118_11_fu_1304_p2  |     *    |      0|  0|  40|           8|           8|
    |mul_ln1118_12_fu_1353_p2  |     *    |      0|  0|  40|           8|           8|
    |mul_ln1118_13_fu_1405_p2  |     *    |      0|  0|  40|           6|           8|
    |mul_ln1118_5_fu_1010_p2   |     *    |      0|  0|  40|           8|           8|
    |mul_ln1118_6_fu_1059_p2   |     *    |      0|  0|  40|           8|           8|
    |mul_ln1118_7_fu_1108_p2   |     *    |      0|  0|  40|           8|           8|
    |mul_ln1118_8_fu_1157_p2   |     *    |      0|  0|  40|           8|           8|
    |mul_ln1118_9_fu_1206_p2   |     *    |      0|  0|  40|           8|           8|
    |mul_ln1118_fu_961_p2      |     *    |      0|  0|  40|           8|           8|
    |acc_0_V_fu_995_p2         |     +    |      0|  0|  23|          16|          16|
    |acc_1_V_fu_1044_p2        |     +    |      0|  0|  23|          16|          16|
    |acc_2_V_fu_1093_p2        |     +    |      0|  0|  23|          16|          16|
    |acc_3_V_fu_1142_p2        |     +    |      0|  0|  23|          16|          16|
    |acc_4_V_fu_1191_p2        |     +    |      0|  0|  23|          16|          16|
    |acc_5_V_fu_1240_p2        |     +    |      0|  0|  23|          16|          16|
    |acc_6_V_fu_1289_p2        |     +    |      0|  0|  23|          16|          16|
    |acc_7_V_fu_1338_p2        |     +    |      0|  0|  23|          16|          16|
    |acc_8_V_fu_1387_p2        |     +    |      0|  0|  23|          16|          16|
    |acc_9_V_fu_1429_p2        |     +    |      0|  0|  23|          16|          16|
    |add_ln703_10_fu_1197_p2   |     +    |      0|  0|  20|          13|          13|
    |add_ln703_11_fu_1246_p2   |     +    |      0|  0|  20|          13|          13|
    |add_ln703_12_fu_1295_p2   |     +    |      0|  0|  20|          13|          13|
    |add_ln703_13_fu_1344_p2   |     +    |      0|  0|  20|          13|          13|
    |add_ln703_14_fu_1393_p2   |     +    |      0|  0|  20|          13|          13|
    |add_ln703_15_fu_1435_p2   |     +    |      0|  0|  20|          13|          13|
    |add_ln703_6_fu_1001_p2    |     +    |      0|  0|  20|          13|          13|
    |add_ln703_7_fu_1050_p2    |     +    |      0|  0|  20|          13|          13|
    |add_ln703_8_fu_1099_p2    |     +    |      0|  0|  20|          13|          13|
    |add_ln703_9_fu_1148_p2    |     +    |      0|  0|  20|          13|          13|
    |w_index_fu_813_p2         |     +    |      0|  0|  12|           1|           4|
    |ap_condition_256          |    and   |      0|  0|   2|           1|           1|
    |ap_condition_262          |    and   |      0|  0|   2|           1|           1|
    |ap_condition_40           |    and   |      0|  0|   2|           1|           1|
    |icmp_ln46_fu_819_p2       |   icmp   |      0|  0|   9|           4|           3|
    |ap_enable_pp0             |    xor   |      0|  0|   2|           1|           2|
    +--------------------------+----------+-------+---+----+------------+------------+
    |Total                     |          |      0|  0| 859|         377|         382|
    +--------------------------+----------+-------+---+----+------------+------------+

    * Multiplexer: 
    +---------------------------------------------------+----+-----------+-----+-----------+
    |                        Name                       | LUT| Input Size| Bits| Total Bits|
    +---------------------------------------------------+----+-----------+-----+-----------+
    |acc_V_0_05_reg_794                                 |   9|          2|   16|         32|
    |acc_V_1_06_reg_780                                 |   9|          2|   16|         32|
    |acc_V_2_07_reg_766                                 |   9|          2|   16|         32|
    |acc_V_3_08_reg_752                                 |   9|          2|   16|         32|
    |acc_V_4_09_reg_738                                 |   9|          2|   16|         32|
    |acc_V_5_010_reg_724                                |   9|          2|   16|         32|
    |acc_V_6_011_reg_710                                |   9|          2|   16|         32|
    |acc_V_7_012_reg_696                                |   9|          2|   16|         32|
    |acc_V_8_013_reg_682                                |   9|          2|   16|         32|
    |acc_V_9_014_reg_668                                |   9|          2|   16|         32|
    |ap_NS_fsm                                          |  15|          3|    1|          3|
    |ap_enable_reg_pp0_iter1                            |   9|          2|    1|          2|
    |ap_enable_reg_pp0_iter2                            |   9|          2|    1|          2|
    |ap_phi_mux_data_0_V_read26_phi_phi_fu_492_p4       |   9|          2|    8|         16|
    |ap_phi_mux_data_0_V_read26_rewind_phi_fu_282_p6    |   9|          2|    8|         16|
    |ap_phi_mux_data_10_V_read36_phi_phi_fu_612_p4      |   9|          2|    8|         16|
    |ap_phi_mux_data_10_V_read36_rewind_phi_fu_422_p6   |   9|          2|    8|         16|
    |ap_phi_mux_data_11_V_read37_phi_phi_fu_624_p4      |   9|          2|    8|         16|
    |ap_phi_mux_data_11_V_read37_rewind_phi_fu_436_p6   |   9|          2|    8|         16|
    |ap_phi_mux_data_12_V_read38_phi_phi_fu_636_p4      |   9|          2|    8|         16|
    |ap_phi_mux_data_12_V_read38_rewind_phi_fu_450_p6   |   9|          2|    8|         16|
    |ap_phi_mux_data_13_V_read39_phi_phi_fu_648_p4      |   9|          2|    8|         16|
    |ap_phi_mux_data_13_V_read39_rewind_phi_fu_464_p6   |   9|          2|    8|         16|
    |ap_phi_mux_data_14_V_read40_phi_phi_fu_660_p4      |   9|          2|    8|         16|
    |ap_phi_mux_data_14_V_read40_rewind_phi_fu_478_p6   |   9|          2|    8|         16|
    |ap_phi_mux_data_1_V_read27_phi_phi_fu_504_p4       |   9|          2|    8|         16|
    |ap_phi_mux_data_1_V_read27_rewind_phi_fu_296_p6    |   9|          2|    8|         16|
    |ap_phi_mux_data_2_V_read28_phi_phi_fu_516_p4       |   9|          2|    8|         16|
    |ap_phi_mux_data_2_V_read28_rewind_phi_fu_310_p6    |   9|          2|    8|         16|
    |ap_phi_mux_data_3_V_read29_phi_phi_fu_528_p4       |   9|          2|    8|         16|
    |ap_phi_mux_data_3_V_read29_rewind_phi_fu_324_p6    |   9|          2|    8|         16|
    |ap_phi_mux_data_4_V_read30_phi_phi_fu_540_p4       |   9|          2|    8|         16|
    |ap_phi_mux_data_4_V_read30_rewind_phi_fu_338_p6    |   9|          2|    8|         16|
    |ap_phi_mux_data_5_V_read31_phi_phi_fu_552_p4       |   9|          2|    8|         16|
    |ap_phi_mux_data_5_V_read31_rewind_phi_fu_352_p6    |   9|          2|    8|         16|
    |ap_phi_mux_data_6_V_read32_phi_phi_fu_564_p4       |   9|          2|    8|         16|
    |ap_phi_mux_data_6_V_read32_rewind_phi_fu_366_p6    |   9|          2|    8|         16|
    |ap_phi_mux_data_7_V_read33_phi_phi_fu_576_p4       |   9|          2|    8|         16|
    |ap_phi_mux_data_7_V_read33_rewind_phi_fu_380_p6    |   9|          2|    8|         16|
    |ap_phi_mux_data_8_V_read34_phi_phi_fu_588_p4       |   9|          2|    8|         16|
    |ap_phi_mux_data_8_V_read34_rewind_phi_fu_394_p6    |   9|          2|    8|         16|
    |ap_phi_mux_data_9_V_read35_phi_phi_fu_600_p4       |   9|          2|    8|         16|
    |ap_phi_mux_data_9_V_read35_rewind_phi_fu_408_p6    |   9|          2|    8|         16|
    |ap_phi_mux_do_init_phi_fu_251_p6                   |  15|          3|    1|          3|
    |ap_phi_mux_w_index25_phi_fu_267_p6                 |  15|          3|    4|         12|
    |ap_phi_reg_pp0_iter1_data_0_V_read26_phi_reg_488   |   9|          2|    8|         16|
    |ap_phi_reg_pp0_iter1_data_10_V_read36_phi_reg_608  |   9|          2|    8|         16|
    |ap_phi_reg_pp0_iter1_data_11_V_read37_phi_reg_620  |   9|          2|    8|         16|
    |ap_phi_reg_pp0_iter1_data_12_V_read38_phi_reg_632  |   9|          2|    8|         16|
    |ap_phi_reg_pp0_iter1_data_13_V_read39_phi_reg_644  |   9|          2|    8|         16|
    |ap_phi_reg_pp0_iter1_data_14_V_read40_phi_reg_656  |   9|          2|    8|         16|
    |ap_phi_reg_pp0_iter1_data_1_V_read27_phi_reg_500   |   9|          2|    8|         16|
    |ap_phi_reg_pp0_iter1_data_2_V_read28_phi_reg_512   |   9|          2|    8|         16|
    |ap_phi_reg_pp0_iter1_data_3_V_read29_phi_reg_524   |   9|          2|    8|         16|
    |ap_phi_reg_pp0_iter1_data_4_V_read30_phi_reg_536   |   9|          2|    8|         16|
    |ap_phi_reg_pp0_iter1_data_5_V_read31_phi_reg_548   |   9|          2|    8|         16|
    |ap_phi_reg_pp0_iter1_data_6_V_read32_phi_reg_560   |   9|          2|    8|         16|
    |ap_phi_reg_pp0_iter1_data_7_V_read33_phi_reg_572   |   9|          2|    8|         16|
    |ap_phi_reg_pp0_iter1_data_8_V_read34_phi_reg_584   |   9|          2|    8|         16|
    |ap_phi_reg_pp0_iter1_data_9_V_read35_phi_reg_596   |   9|          2|    8|         16|
    |ap_return_0                                        |   9|          2|    8|         16|
    |ap_return_1                                        |   9|          2|    8|         16|
    |ap_return_2                                        |   9|          2|    8|         16|
    |ap_return_3                                        |   9|          2|    8|         16|
    |ap_return_4                                        |   9|          2|    8|         16|
    |ap_return_5                                        |   9|          2|    8|         16|
    |ap_return_6                                        |   9|          2|    8|         16|
    |ap_return_7                                        |   9|          2|    8|         16|
    |ap_return_8                                        |   9|          2|    8|         16|
    |ap_return_9                                        |   9|          2|    8|         16|
    |data_0_V_read26_phi_reg_488                        |   9|          2|    8|         16|
    |data_10_V_read36_phi_reg_608                       |   9|          2|    8|         16|
    |data_11_V_read37_phi_reg_620                       |   9|          2|    8|         16|
    |data_12_V_read38_phi_reg_632                       |   9|          2|    8|         16|
    |data_13_V_read39_phi_reg_644                       |   9|          2|    8|         16|
    |data_14_V_read40_phi_reg_656                       |   9|          2|    8|         16|
    |data_1_V_read27_phi_reg_500                        |   9|          2|    8|         16|
    |data_2_V_read28_phi_reg_512                        |   9|          2|    8|         16|
    |data_3_V_read29_phi_reg_524                        |   9|          2|    8|         16|
    |data_4_V_read30_phi_reg_536                        |   9|          2|    8|         16|
    |data_5_V_read31_phi_reg_548                        |   9|          2|    8|         16|
    |data_6_V_read32_phi_reg_560                        |   9|          2|    8|         16|
    |data_7_V_read33_phi_reg_572                        |   9|          2|    8|         16|
    |data_8_V_read34_phi_reg_584                        |   9|          2|    8|         16|
    |data_9_V_read35_phi_reg_596                        |   9|          2|    8|         16|
    |w_index25_reg_263                                  |   9|          2|    4|          8|
    +---------------------------------------------------+----+-----------+-----+-----------+
    |Total                                              | 792|        175|  732|       1470|
    +---------------------------------------------------+----+-----------+-----+-----------+

    * Register: 
    +---------------------------------------------------+----+----+-----+-----------+
    |                        Name                       | FF | LUT| Bits| Const Bits|
    +---------------------------------------------------+----+----+-----+-----------+
    |acc_V_0_05_reg_794                                 |  16|   0|   16|          0|
    |acc_V_1_06_reg_780                                 |  16|   0|   16|          0|
    |acc_V_2_07_reg_766                                 |  16|   0|   16|          0|
    |acc_V_3_08_reg_752                                 |  16|   0|   16|          0|
    |acc_V_4_09_reg_738                                 |  16|   0|   16|          0|
    |acc_V_5_010_reg_724                                |  16|   0|   16|          0|
    |acc_V_6_011_reg_710                                |  16|   0|   16|          0|
    |acc_V_7_012_reg_696                                |  16|   0|   16|          0|
    |acc_V_8_013_reg_682                                |  16|   0|   16|          0|
    |acc_V_9_014_reg_668                                |  16|   0|   16|          0|
    |ap_CS_fsm                                          |   2|   0|    2|          0|
    |ap_enable_reg_pp0_iter1                            |   1|   0|    1|          0|
    |ap_enable_reg_pp0_iter2                            |   1|   0|    1|          0|
    |ap_phi_reg_pp0_iter1_data_0_V_read26_phi_reg_488   |   8|   0|    8|          0|
    |ap_phi_reg_pp0_iter1_data_10_V_read36_phi_reg_608  |   8|   0|    8|          0|
    |ap_phi_reg_pp0_iter1_data_11_V_read37_phi_reg_620  |   8|   0|    8|          0|
    |ap_phi_reg_pp0_iter1_data_12_V_read38_phi_reg_632  |   8|   0|    8|          0|
    |ap_phi_reg_pp0_iter1_data_13_V_read39_phi_reg_644  |   8|   0|    8|          0|
    |ap_phi_reg_pp0_iter1_data_14_V_read40_phi_reg_656  |   8|   0|    8|          0|
    |ap_phi_reg_pp0_iter1_data_1_V_read27_phi_reg_500   |   8|   0|    8|          0|
    |ap_phi_reg_pp0_iter1_data_2_V_read28_phi_reg_512   |   8|   0|    8|          0|
    |ap_phi_reg_pp0_iter1_data_3_V_read29_phi_reg_524   |   8|   0|    8|          0|
    |ap_phi_reg_pp0_iter1_data_4_V_read30_phi_reg_536   |   8|   0|    8|          0|
    |ap_phi_reg_pp0_iter1_data_5_V_read31_phi_reg_548   |   8|   0|    8|          0|
    |ap_phi_reg_pp0_iter1_data_6_V_read32_phi_reg_560   |   8|   0|    8|          0|
    |ap_phi_reg_pp0_iter1_data_7_V_read33_phi_reg_572   |   8|   0|    8|          0|
    |ap_phi_reg_pp0_iter1_data_8_V_read34_phi_reg_584   |   8|   0|    8|          0|
    |ap_phi_reg_pp0_iter1_data_9_V_read35_phi_reg_596   |   8|   0|    8|          0|
    |ap_return_0_preg                                   |   8|   0|    8|          0|
    |ap_return_1_preg                                   |   8|   0|    8|          0|
    |ap_return_2_preg                                   |   8|   0|    8|          0|
    |ap_return_3_preg                                   |   8|   0|    8|          0|
    |ap_return_4_preg                                   |   8|   0|    8|          0|
    |ap_return_5_preg                                   |   8|   0|    8|          0|
    |ap_return_6_preg                                   |   8|   0|    8|          0|
    |ap_return_7_preg                                   |   8|   0|    8|          0|
    |ap_return_8_preg                                   |   8|   0|    8|          0|
    |ap_return_9_preg                                   |   8|   0|    8|          0|
    |data_0_V_read26_phi_reg_488                        |   8|   0|    8|          0|
    |data_0_V_read26_rewind_reg_278                     |   8|   0|    8|          0|
    |data_10_V_read36_phi_reg_608                       |   8|   0|    8|          0|
    |data_10_V_read36_rewind_reg_418                    |   8|   0|    8|          0|
    |data_11_V_read37_phi_reg_620                       |   8|   0|    8|          0|
    |data_11_V_read37_rewind_reg_432                    |   8|   0|    8|          0|
    |data_12_V_read38_phi_reg_632                       |   8|   0|    8|          0|
    |data_12_V_read38_rewind_reg_446                    |   8|   0|    8|          0|
    |data_13_V_read39_phi_reg_644                       |   8|   0|    8|          0|
    |data_13_V_read39_rewind_reg_460                    |   8|   0|    8|          0|
    |data_14_V_read40_phi_reg_656                       |   8|   0|    8|          0|
    |data_14_V_read40_rewind_reg_474                    |   8|   0|    8|          0|
    |data_1_V_read27_phi_reg_500                        |   8|   0|    8|          0|
    |data_1_V_read27_rewind_reg_292                     |   8|   0|    8|          0|
    |data_2_V_read28_phi_reg_512                        |   8|   0|    8|          0|
    |data_2_V_read28_rewind_reg_306                     |   8|   0|    8|          0|
    |data_3_V_read29_phi_reg_524                        |   8|   0|    8|          0|
    |data_3_V_read29_rewind_reg_320                     |   8|   0|    8|          0|
    |data_4_V_read30_phi_reg_536                        |   8|   0|    8|          0|
    |data_4_V_read30_rewind_reg_334                     |   8|   0|    8|          0|
    |data_5_V_read31_phi_reg_548                        |   8|   0|    8|          0|
    |data_5_V_read31_rewind_reg_348                     |   8|   0|    8|          0|
    |data_6_V_read32_phi_reg_560                        |   8|   0|    8|          0|
    |data_6_V_read32_rewind_reg_362                     |   8|   0|    8|          0|
    |data_7_V_read33_phi_reg_572                        |   8|   0|    8|          0|
    |data_7_V_read33_rewind_reg_376                     |   8|   0|    8|          0|
    |data_8_V_read34_phi_reg_584                        |   8|   0|    8|          0|
    |data_8_V_read34_rewind_reg_390                     |   8|   0|    8|          0|
    |data_9_V_read35_phi_reg_596                        |   8|   0|    8|          0|
    |data_9_V_read35_rewind_reg_404                     |   8|   0|    8|          0|
    |do_init_reg_247                                    |   1|   0|    1|          0|
    |icmp_ln46_reg_1690                                 |   1|   0|    1|          0|
    |icmp_ln46_reg_1690_pp0_iter1_reg                   |   1|   0|    1|          0|
    |tmp_10_reg_1725                                    |   8|   0|    8|          0|
    |tmp_11_reg_1730                                    |   8|   0|    8|          0|
    |tmp_12_reg_1735                                    |   8|   0|    8|          0|
    |tmp_13_reg_1740                                    |   8|   0|    8|          0|
    |tmp_14_reg_1694                                    |   8|   0|    8|          0|
    |tmp_15_reg_1745                                    |   6|   0|    6|          0|
    |tmp_6_reg_1705                                     |   8|   0|    8|          0|
    |tmp_7_reg_1710                                     |   8|   0|    8|          0|
    |tmp_8_reg_1715                                     |   8|   0|    8|          0|
    |tmp_9_reg_1720                                     |   8|   0|    8|          0|
    |trunc_ln59_reg_1700                                |   8|   0|    8|          0|
    |w_index25_reg_263                                  |   4|   0|    4|          0|
    |w_index_reg_1685                                   |   4|   0|    4|          0|
    +---------------------------------------------------+----+----+-----+-----------+
    |Total                                              | 701|   0|  701|          0|
    +---------------------------------------------------+----+----+-----+-----------+



================================================================
== Interface
================================================================
* Summary: 
+----------------+-----+-----+------------+----------------------------------------------------------------------------+--------------+
|    RTL Ports   | Dir | Bits|  Protocol  |                                Source Object                               |    C Type    |
+----------------+-----+-----+------------+----------------------------------------------------------------------------+--------------+
|ap_clk          |  in |    1| ap_ctrl_hs | dense_wrapper<ap_ufixed<8, 2, 5, 3, 0>, ap_fixed<8, 3, 5, 3, 0>, config18> | return value |
|ap_rst          |  in |    1| ap_ctrl_hs | dense_wrapper<ap_ufixed<8, 2, 5, 3, 0>, ap_fixed<8, 3, 5, 3, 0>, config18> | return value |
|ap_start        |  in |    1| ap_ctrl_hs | dense_wrapper<ap_ufixed<8, 2, 5, 3, 0>, ap_fixed<8, 3, 5, 3, 0>, config18> | return value |
|ap_done         | out |    1| ap_ctrl_hs | dense_wrapper<ap_ufixed<8, 2, 5, 3, 0>, ap_fixed<8, 3, 5, 3, 0>, config18> | return value |
|ap_idle         | out |    1| ap_ctrl_hs | dense_wrapper<ap_ufixed<8, 2, 5, 3, 0>, ap_fixed<8, 3, 5, 3, 0>, config18> | return value |
|ap_ready        | out |    1| ap_ctrl_hs | dense_wrapper<ap_ufixed<8, 2, 5, 3, 0>, ap_fixed<8, 3, 5, 3, 0>, config18> | return value |
|ap_return_0     | out |    8| ap_ctrl_hs | dense_wrapper<ap_ufixed<8, 2, 5, 3, 0>, ap_fixed<8, 3, 5, 3, 0>, config18> | return value |
|ap_return_1     | out |    8| ap_ctrl_hs | dense_wrapper<ap_ufixed<8, 2, 5, 3, 0>, ap_fixed<8, 3, 5, 3, 0>, config18> | return value |
|ap_return_2     | out |    8| ap_ctrl_hs | dense_wrapper<ap_ufixed<8, 2, 5, 3, 0>, ap_fixed<8, 3, 5, 3, 0>, config18> | return value |
|ap_return_3     | out |    8| ap_ctrl_hs | dense_wrapper<ap_ufixed<8, 2, 5, 3, 0>, ap_fixed<8, 3, 5, 3, 0>, config18> | return value |
|ap_return_4     | out |    8| ap_ctrl_hs | dense_wrapper<ap_ufixed<8, 2, 5, 3, 0>, ap_fixed<8, 3, 5, 3, 0>, config18> | return value |
|ap_return_5     | out |    8| ap_ctrl_hs | dense_wrapper<ap_ufixed<8, 2, 5, 3, 0>, ap_fixed<8, 3, 5, 3, 0>, config18> | return value |
|ap_return_6     | out |    8| ap_ctrl_hs | dense_wrapper<ap_ufixed<8, 2, 5, 3, 0>, ap_fixed<8, 3, 5, 3, 0>, config18> | return value |
|ap_return_7     | out |    8| ap_ctrl_hs | dense_wrapper<ap_ufixed<8, 2, 5, 3, 0>, ap_fixed<8, 3, 5, 3, 0>, config18> | return value |
|ap_return_8     | out |    8| ap_ctrl_hs | dense_wrapper<ap_ufixed<8, 2, 5, 3, 0>, ap_fixed<8, 3, 5, 3, 0>, config18> | return value |
|ap_return_9     | out |    8| ap_ctrl_hs | dense_wrapper<ap_ufixed<8, 2, 5, 3, 0>, ap_fixed<8, 3, 5, 3, 0>, config18> | return value |
|data_0_V_read   |  in |    8|   ap_none  |                                data_0_V_read                               |    scalar    |
|data_1_V_read   |  in |    8|   ap_none  |                                data_1_V_read                               |    scalar    |
|data_2_V_read   |  in |    8|   ap_none  |                                data_2_V_read                               |    scalar    |
|data_3_V_read   |  in |    8|   ap_none  |                                data_3_V_read                               |    scalar    |
|data_4_V_read   |  in |    8|   ap_none  |                                data_4_V_read                               |    scalar    |
|data_5_V_read   |  in |    8|   ap_none  |                                data_5_V_read                               |    scalar    |
|data_6_V_read   |  in |    8|   ap_none  |                                data_6_V_read                               |    scalar    |
|data_7_V_read   |  in |    8|   ap_none  |                                data_7_V_read                               |    scalar    |
|data_8_V_read   |  in |    8|   ap_none  |                                data_8_V_read                               |    scalar    |
|data_9_V_read   |  in |    8|   ap_none  |                                data_9_V_read                               |    scalar    |
|data_10_V_read  |  in |    8|   ap_none  |                               data_10_V_read                               |    scalar    |
|data_11_V_read  |  in |    8|   ap_none  |                               data_11_V_read                               |    scalar    |
|data_12_V_read  |  in |    8|   ap_none  |                               data_12_V_read                               |    scalar    |
|data_13_V_read  |  in |    8|   ap_none  |                               data_13_V_read                               |    scalar    |
|data_14_V_read  |  in |    8|   ap_none  |                               data_14_V_read                               |    scalar    |
+----------------+-----+-----+------------+----------------------------------------------------------------------------+--------------+

============================================================
+ Verbose Summary: Synthesis Manager
============================================================
InlineROM: 1
ExposeGlobal: 0
============================================================
+ Verbose Summary: CDFG Model
============================================================
IsTopModel: 0
ResetActiveHigh: 1
IsCombinational: 2
IsDatapathOnly: 2
HasWiredReturn: 1
HasMFsm: 0
HasVarLatency: 1
IsPipeline: 0
IsRtlPipelined: 0
IsInstanceOverlapped: 0
IsDontTouch: 0
HasImplIP: 0
IsGatedGlobalClock: 0

+ Individual pipeline summary: 
  * Pipeline-0: initiation interval (II) = 1, depth = 3


============================================================
+ Verbose Summary: Schedule
============================================================
* Number of FSM states : 4
* Pipeline : 1
  Pipeline-0 : II = 1, D = 3, States = { 2 3 4 }
* Dataflow Pipeline: 0

* FSM state transitions: 
1 --> 2 
2 --> 3 
3 --> 4 
4 --> 2 

* FSM state operations: 

State 1 <SV = 0> <Delay = 0.83>
ST_1 : Operation 5 [1/1] (0.00ns)   --->   "%tmp = call i32 (...)* @_ssdm_op_SpecRegionBegin([13 x i8]* @p_str60)" [firmware/nnet_utils/nnet_dense_resource.h:32->firmware/nnet_utils/nnet_dense.h:65->firmware/nnet_utils/nnet_dense_stream.h:20]   --->   Operation 5 'specregionbegin' 'tmp' <Predicate = true> <Delay = 0.00>
ST_1 : Operation 6 [1/1] (0.83ns)   --->   "br label %rewind_header" [firmware/nnet_utils/nnet_dense_resource.h:46->firmware/nnet_utils/nnet_dense.h:65->firmware/nnet_utils/nnet_dense_stream.h:20]   --->   Operation 6 'br' <Predicate = true> <Delay = 0.83>

State 2 <SV = 1> <Delay = 1.77>
ST_2 : Operation 7 [1/1] (0.00ns)   --->   "%do_init = phi i1 [ true, %hls_label_44_begin ], [ false, %ReuseLoop ], [ true, %"cast<ap_ufixed<8, 2, 5, 3, 0>, ap_fixed<8, 3, 5, 3, 0>, config18>.exit.0" ]"   --->   Operation 7 'phi' 'do_init' <Predicate = true> <Delay = 0.00>
ST_2 : Operation 8 [1/1] (0.00ns)   --->   "%w_index25 = phi i4 [ 0, %hls_label_44_begin ], [ %w_index, %ReuseLoop ], [ 0, %"cast<ap_ufixed<8, 2, 5, 3, 0>, ap_fixed<8, 3, 5, 3, 0>, config18>.exit.0" ]"   --->   Operation 8 'phi' 'w_index25' <Predicate = true> <Delay = 0.00>
ST_2 : Operation 9 [1/1] (0.00ns)   --->   "%data_14_V_read_1 = call i8 @_ssdm_op_Read.ap_auto.i8(i8 %data_14_V_read)" [firmware/nnet_utils/nnet_dense_stream.h:13]   --->   Operation 9 'read' 'data_14_V_read_1' <Predicate = (do_init)> <Delay = 0.00>
ST_2 : Operation 10 [1/1] (0.00ns)   --->   "%data_13_V_read_1 = call i8 @_ssdm_op_Read.ap_auto.i8(i8 %data_13_V_read)" [firmware/nnet_utils/nnet_dense_stream.h:13]   --->   Operation 10 'read' 'data_13_V_read_1' <Predicate = (do_init)> <Delay = 0.00>
ST_2 : Operation 11 [1/1] (0.00ns)   --->   "%data_12_V_read_1 = call i8 @_ssdm_op_Read.ap_auto.i8(i8 %data_12_V_read)" [firmware/nnet_utils/nnet_dense_stream.h:13]   --->   Operation 11 'read' 'data_12_V_read_1' <Predicate = (do_init)> <Delay = 0.00>
ST_2 : Operation 12 [1/1] (0.00ns)   --->   "%data_11_V_read_1 = call i8 @_ssdm_op_Read.ap_auto.i8(i8 %data_11_V_read)" [firmware/nnet_utils/nnet_dense_stream.h:13]   --->   Operation 12 'read' 'data_11_V_read_1' <Predicate = (do_init)> <Delay = 0.00>
ST_2 : Operation 13 [1/1] (0.00ns)   --->   "%data_10_V_read_1 = call i8 @_ssdm_op_Read.ap_auto.i8(i8 %data_10_V_read)" [firmware/nnet_utils/nnet_dense_stream.h:13]   --->   Operation 13 'read' 'data_10_V_read_1' <Predicate = (do_init)> <Delay = 0.00>
ST_2 : Operation 14 [1/1] (0.00ns)   --->   "%data_9_V_read_2 = call i8 @_ssdm_op_Read.ap_auto.i8(i8 %data_9_V_read)" [firmware/nnet_utils/nnet_dense_stream.h:13]   --->   Operation 14 'read' 'data_9_V_read_2' <Predicate = (do_init)> <Delay = 0.00>
ST_2 : Operation 15 [1/1] (0.00ns)   --->   "%data_8_V_read_2 = call i8 @_ssdm_op_Read.ap_auto.i8(i8 %data_8_V_read)" [firmware/nnet_utils/nnet_dense_stream.h:13]   --->   Operation 15 'read' 'data_8_V_read_2' <Predicate = (do_init)> <Delay = 0.00>
ST_2 : Operation 16 [1/1] (0.00ns)   --->   "%data_7_V_read_2 = call i8 @_ssdm_op_Read.ap_auto.i8(i8 %data_7_V_read)" [firmware/nnet_utils/nnet_dense_stream.h:13]   --->   Operation 16 'read' 'data_7_V_read_2' <Predicate = (do_init)> <Delay = 0.00>
ST_2 : Operation 17 [1/1] (0.00ns)   --->   "%data_6_V_read_2 = call i8 @_ssdm_op_Read.ap_auto.i8(i8 %data_6_V_read)" [firmware/nnet_utils/nnet_dense_stream.h:13]   --->   Operation 17 'read' 'data_6_V_read_2' <Predicate = (do_init)> <Delay = 0.00>
ST_2 : Operation 18 [1/1] (0.00ns)   --->   "%data_5_V_read31 = call i8 @_ssdm_op_Read.ap_auto.i8(i8 %data_5_V_read)" [firmware/nnet_utils/nnet_dense_stream.h:13]   --->   Operation 18 'read' 'data_5_V_read31' <Predicate = (do_init)> <Delay = 0.00>
ST_2 : Operation 19 [1/1] (0.00ns)   --->   "%data_4_V_read_2 = call i8 @_ssdm_op_Read.ap_auto.i8(i8 %data_4_V_read)" [firmware/nnet_utils/nnet_dense_stream.h:13]   --->   Operation 19 'read' 'data_4_V_read_2' <Predicate = (do_init)> <Delay = 0.00>
ST_2 : Operation 20 [1/1] (0.00ns)   --->   "%data_3_V_read_2 = call i8 @_ssdm_op_Read.ap_auto.i8(i8 %data_3_V_read)" [firmware/nnet_utils/nnet_dense_stream.h:13]   --->   Operation 20 'read' 'data_3_V_read_2' <Predicate = (do_init)> <Delay = 0.00>
ST_2 : Operation 21 [1/1] (0.00ns)   --->   "%data_2_V_read_2 = call i8 @_ssdm_op_Read.ap_auto.i8(i8 %data_2_V_read)" [firmware/nnet_utils/nnet_dense_stream.h:13]   --->   Operation 21 'read' 'data_2_V_read_2' <Predicate = (do_init)> <Delay = 0.00>
ST_2 : Operation 22 [1/1] (0.00ns)   --->   "%data_1_V_read_2 = call i8 @_ssdm_op_Read.ap_auto.i8(i8 %data_1_V_read)" [firmware/nnet_utils/nnet_dense_stream.h:13]   --->   Operation 22 'read' 'data_1_V_read_2' <Predicate = (do_init)> <Delay = 0.00>
ST_2 : Operation 23 [1/1] (0.00ns)   --->   "%data_0_V_read_2 = call i8 @_ssdm_op_Read.ap_auto.i8(i8 %data_0_V_read)" [firmware/nnet_utils/nnet_dense_stream.h:13]   --->   Operation 23 'read' 'data_0_V_read_2' <Predicate = (do_init)> <Delay = 0.00>
ST_2 : Operation 24 [1/1] (0.00ns)   --->   "call void (...)* @_ssdm_op_SpecMemCore([15 x i78]* @w18_V, [1 x i8]* @p_str17, [12 x i8]* @p_str50, [1 x i8]* @p_str17, i32 -1, [1 x i8]* @p_str17, [1 x i8]* @p_str17, [1 x i8]* @p_str17, [1 x i8]* @p_str17, [1 x i8]* @p_str17)"   --->   Operation 24 'specmemcore' <Predicate = (do_init)> <Delay = 0.00>
ST_2 : Operation 25 [1/1] (0.00ns)   --->   "%empty_230 = call i32 (...)* @_ssdm_op_SpecRegionEnd([13 x i8]* @p_str60, i32 %tmp)" [firmware/nnet_utils/nnet_dense_resource.h:34->firmware/nnet_utils/nnet_dense.h:65->firmware/nnet_utils/nnet_dense_stream.h:20]   --->   Operation 25 'specregionend' 'empty_230' <Predicate = (do_init)> <Delay = 0.00>
ST_2 : Operation 26 [1/1] (0.83ns)   --->   "br label %ReuseLoop" [firmware/nnet_utils/nnet_dense_resource.h:46->firmware/nnet_utils/nnet_dense.h:65->firmware/nnet_utils/nnet_dense_stream.h:20]   --->   Operation 26 'br' <Predicate = (do_init)> <Delay = 0.83>
ST_2 : Operation 27 [1/1] (0.00ns)   --->   "%zext_ln59 = zext i4 %w_index25 to i64" [firmware/nnet_utils/nnet_dense_resource.h:59->firmware/nnet_utils/nnet_dense.h:65->firmware/nnet_utils/nnet_dense_stream.h:20]   --->   Operation 27 'zext' 'zext_ln59' <Predicate = true> <Delay = 0.00>
ST_2 : Operation 28 [1/1] (0.00ns)   --->   "%w18_V_addr = getelementptr [15 x i78]* @w18_V, i64 0, i64 %zext_ln59" [firmware/nnet_utils/nnet_dense_resource.h:59->firmware/nnet_utils/nnet_dense.h:65->firmware/nnet_utils/nnet_dense_stream.h:20]   --->   Operation 28 'getelementptr' 'w18_V_addr' <Predicate = true> <Delay = 0.00>
ST_2 : Operation 29 [2/2] (1.77ns)   --->   "%w18_V_load = load i78* %w18_V_addr, align 16" [firmware/nnet_utils/nnet_dense_resource.h:59->firmware/nnet_utils/nnet_dense.h:65->firmware/nnet_utils/nnet_dense_stream.h:20]   --->   Operation 29 'load' 'w18_V_load' <Predicate = true> <Delay = 1.77> <Core = "ROM_nP_BRAM">   --->   Core 55 'ROM_nP_BRAM' <Latency = 1> <II = 1> <Delay = 1.77> <Storage> <Opcode : 'load'> <Ports = 0> <Width = 78> <Depth = 15> <ROM>
ST_2 : Operation 30 [1/1] (0.94ns)   --->   "%w_index = add i4 1, %w_index25" [firmware/nnet_utils/nnet_dense_resource.h:46->firmware/nnet_utils/nnet_dense.h:65->firmware/nnet_utils/nnet_dense_stream.h:20]   --->   Operation 30 'add' 'w_index' <Predicate = true> <Delay = 0.94> <Core = "AddSub">   --->   Core 14 'AddSub' <Latency = 0> <II = 1> <Delay = 0.94> <FuncUnit> <Opcode : 'add' 'sub'> <InPorts = 2> <OutPorts = 1>
ST_2 : Operation 31 [1/1] (0.90ns)   --->   "%icmp_ln46 = icmp eq i4 %w_index25, -2" [firmware/nnet_utils/nnet_dense_resource.h:46->firmware/nnet_utils/nnet_dense.h:65->firmware/nnet_utils/nnet_dense_stream.h:20]   --->   Operation 31 'icmp' 'icmp_ln46' <Predicate = true> <Delay = 0.90> <Core = "Cmp">   --->   Core 25 'Cmp' <Latency = 0> <II = 1> <Delay = 0.90> <FuncUnit> <Opcode : 'icmp'> <InPorts = 2> <OutPorts = 1>
ST_2 : Operation 32 [1/1] (0.00ns)   --->   "br i1 %icmp_ln46, label %"cast<ap_ufixed<8, 2, 5, 3, 0>, ap_fixed<8, 3, 5, 3, 0>, config18>.exit.0", label %rewind_header" [firmware/nnet_utils/nnet_dense_resource.h:46->firmware/nnet_utils/nnet_dense.h:65->firmware/nnet_utils/nnet_dense_stream.h:20]   --->   Operation 32 'br' <Predicate = true> <Delay = 0.00>
ST_2 : Operation 33 [1/1] (0.00ns)   --->   "br label %rewind_header" [firmware/nnet_utils/nnet_dense_stream.h:21]   --->   Operation 33 'br' <Predicate = (icmp_ln46)> <Delay = 0.00>

State 3 <SV = 2> <Delay = 1.77>
ST_3 : Operation 34 [1/1] (0.00ns)   --->   "%data_0_V_read26_rewind = phi i8 [ undef, %hls_label_44_begin ], [ %data_0_V_read26_phi, %ReuseLoop ], [ undef, %"cast<ap_ufixed<8, 2, 5, 3, 0>, ap_fixed<8, 3, 5, 3, 0>, config18>.exit.0" ]" [firmware/nnet_utils/nnet_dense_stream.h:13]   --->   Operation 34 'phi' 'data_0_V_read26_rewind' <Predicate = true> <Delay = 0.00>
ST_3 : Operation 35 [1/1] (0.00ns)   --->   "%data_1_V_read27_rewind = phi i8 [ undef, %hls_label_44_begin ], [ %data_1_V_read27_phi, %ReuseLoop ], [ undef, %"cast<ap_ufixed<8, 2, 5, 3, 0>, ap_fixed<8, 3, 5, 3, 0>, config18>.exit.0" ]" [firmware/nnet_utils/nnet_dense_stream.h:13]   --->   Operation 35 'phi' 'data_1_V_read27_rewind' <Predicate = true> <Delay = 0.00>
ST_3 : Operation 36 [1/1] (0.00ns)   --->   "%data_2_V_read28_rewind = phi i8 [ undef, %hls_label_44_begin ], [ %data_2_V_read28_phi, %ReuseLoop ], [ undef, %"cast<ap_ufixed<8, 2, 5, 3, 0>, ap_fixed<8, 3, 5, 3, 0>, config18>.exit.0" ]" [firmware/nnet_utils/nnet_dense_stream.h:13]   --->   Operation 36 'phi' 'data_2_V_read28_rewind' <Predicate = true> <Delay = 0.00>
ST_3 : Operation 37 [1/1] (0.00ns)   --->   "%data_3_V_read29_rewind = phi i8 [ undef, %hls_label_44_begin ], [ %data_3_V_read29_phi, %ReuseLoop ], [ undef, %"cast<ap_ufixed<8, 2, 5, 3, 0>, ap_fixed<8, 3, 5, 3, 0>, config18>.exit.0" ]" [firmware/nnet_utils/nnet_dense_stream.h:13]   --->   Operation 37 'phi' 'data_3_V_read29_rewind' <Predicate = true> <Delay = 0.00>
ST_3 : Operation 38 [1/1] (0.00ns)   --->   "%data_4_V_read30_rewind = phi i8 [ undef, %hls_label_44_begin ], [ %data_4_V_read30_phi, %ReuseLoop ], [ undef, %"cast<ap_ufixed<8, 2, 5, 3, 0>, ap_fixed<8, 3, 5, 3, 0>, config18>.exit.0" ]" [firmware/nnet_utils/nnet_dense_stream.h:13]   --->   Operation 38 'phi' 'data_4_V_read30_rewind' <Predicate = true> <Delay = 0.00>
ST_3 : Operation 39 [1/1] (0.00ns)   --->   "%data_5_V_read31_rewind = phi i8 [ undef, %hls_label_44_begin ], [ %data_5_V_read31_phi, %ReuseLoop ], [ undef, %"cast<ap_ufixed<8, 2, 5, 3, 0>, ap_fixed<8, 3, 5, 3, 0>, config18>.exit.0" ]" [firmware/nnet_utils/nnet_dense_stream.h:13]   --->   Operation 39 'phi' 'data_5_V_read31_rewind' <Predicate = true> <Delay = 0.00>
ST_3 : Operation 40 [1/1] (0.00ns)   --->   "%data_6_V_read32_rewind = phi i8 [ undef, %hls_label_44_begin ], [ %data_6_V_read32_phi, %ReuseLoop ], [ undef, %"cast<ap_ufixed<8, 2, 5, 3, 0>, ap_fixed<8, 3, 5, 3, 0>, config18>.exit.0" ]" [firmware/nnet_utils/nnet_dense_stream.h:13]   --->   Operation 40 'phi' 'data_6_V_read32_rewind' <Predicate = true> <Delay = 0.00>
ST_3 : Operation 41 [1/1] (0.00ns)   --->   "%data_7_V_read33_rewind = phi i8 [ undef, %hls_label_44_begin ], [ %data_7_V_read33_phi, %ReuseLoop ], [ undef, %"cast<ap_ufixed<8, 2, 5, 3, 0>, ap_fixed<8, 3, 5, 3, 0>, config18>.exit.0" ]" [firmware/nnet_utils/nnet_dense_stream.h:13]   --->   Operation 41 'phi' 'data_7_V_read33_rewind' <Predicate = true> <Delay = 0.00>
ST_3 : Operation 42 [1/1] (0.00ns)   --->   "%data_8_V_read34_rewind = phi i8 [ undef, %hls_label_44_begin ], [ %data_8_V_read34_phi, %ReuseLoop ], [ undef, %"cast<ap_ufixed<8, 2, 5, 3, 0>, ap_fixed<8, 3, 5, 3, 0>, config18>.exit.0" ]" [firmware/nnet_utils/nnet_dense_stream.h:13]   --->   Operation 42 'phi' 'data_8_V_read34_rewind' <Predicate = true> <Delay = 0.00>
ST_3 : Operation 43 [1/1] (0.00ns)   --->   "%data_9_V_read35_rewind = phi i8 [ undef, %hls_label_44_begin ], [ %data_9_V_read35_phi, %ReuseLoop ], [ undef, %"cast<ap_ufixed<8, 2, 5, 3, 0>, ap_fixed<8, 3, 5, 3, 0>, config18>.exit.0" ]" [firmware/nnet_utils/nnet_dense_stream.h:13]   --->   Operation 43 'phi' 'data_9_V_read35_rewind' <Predicate = true> <Delay = 0.00>
ST_3 : Operation 44 [1/1] (0.00ns)   --->   "%data_10_V_read36_rewind = phi i8 [ undef, %hls_label_44_begin ], [ %data_10_V_read36_phi, %ReuseLoop ], [ undef, %"cast<ap_ufixed<8, 2, 5, 3, 0>, ap_fixed<8, 3, 5, 3, 0>, config18>.exit.0" ]" [firmware/nnet_utils/nnet_dense_stream.h:13]   --->   Operation 44 'phi' 'data_10_V_read36_rewind' <Predicate = true> <Delay = 0.00>
ST_3 : Operation 45 [1/1] (0.00ns)   --->   "%data_11_V_read37_rewind = phi i8 [ undef, %hls_label_44_begin ], [ %data_11_V_read37_phi, %ReuseLoop ], [ undef, %"cast<ap_ufixed<8, 2, 5, 3, 0>, ap_fixed<8, 3, 5, 3, 0>, config18>.exit.0" ]" [firmware/nnet_utils/nnet_dense_stream.h:13]   --->   Operation 45 'phi' 'data_11_V_read37_rewind' <Predicate = true> <Delay = 0.00>
ST_3 : Operation 46 [1/1] (0.00ns)   --->   "%data_12_V_read38_rewind = phi i8 [ undef, %hls_label_44_begin ], [ %data_12_V_read38_phi, %ReuseLoop ], [ undef, %"cast<ap_ufixed<8, 2, 5, 3, 0>, ap_fixed<8, 3, 5, 3, 0>, config18>.exit.0" ]" [firmware/nnet_utils/nnet_dense_stream.h:13]   --->   Operation 46 'phi' 'data_12_V_read38_rewind' <Predicate = true> <Delay = 0.00>
ST_3 : Operation 47 [1/1] (0.00ns)   --->   "%data_13_V_read39_rewind = phi i8 [ undef, %hls_label_44_begin ], [ %data_13_V_read39_phi, %ReuseLoop ], [ undef, %"cast<ap_ufixed<8, 2, 5, 3, 0>, ap_fixed<8, 3, 5, 3, 0>, config18>.exit.0" ]" [firmware/nnet_utils/nnet_dense_stream.h:13]   --->   Operation 47 'phi' 'data_13_V_read39_rewind' <Predicate = true> <Delay = 0.00>
ST_3 : Operation 48 [1/1] (0.00ns)   --->   "%data_14_V_read40_rewind = phi i8 [ undef, %hls_label_44_begin ], [ %data_14_V_read40_phi, %ReuseLoop ], [ undef, %"cast<ap_ufixed<8, 2, 5, 3, 0>, ap_fixed<8, 3, 5, 3, 0>, config18>.exit.0" ]" [firmware/nnet_utils/nnet_dense_stream.h:13]   --->   Operation 48 'phi' 'data_14_V_read40_rewind' <Predicate = true> <Delay = 0.00>
ST_3 : Operation 49 [1/1] (0.83ns)   --->   "br i1 %do_init, label %hls_label_44_end, label %ReuseLoop"   --->   Operation 49 'br' <Predicate = true> <Delay = 0.83>
ST_3 : Operation 50 [1/1] (0.00ns)   --->   "%data_0_V_read26_phi = phi i8 [ %data_0_V_read_2, %hls_label_44_end ], [ %data_0_V_read26_rewind, %rewind_header ]" [firmware/nnet_utils/nnet_dense_stream.h:13]   --->   Operation 50 'phi' 'data_0_V_read26_phi' <Predicate = true> <Delay = 0.00>
ST_3 : Operation 51 [1/1] (0.00ns)   --->   "%data_1_V_read27_phi = phi i8 [ %data_1_V_read_2, %hls_label_44_end ], [ %data_1_V_read27_rewind, %rewind_header ]" [firmware/nnet_utils/nnet_dense_stream.h:13]   --->   Operation 51 'phi' 'data_1_V_read27_phi' <Predicate = true> <Delay = 0.00>
ST_3 : Operation 52 [1/1] (0.00ns)   --->   "%data_2_V_read28_phi = phi i8 [ %data_2_V_read_2, %hls_label_44_end ], [ %data_2_V_read28_rewind, %rewind_header ]" [firmware/nnet_utils/nnet_dense_stream.h:13]   --->   Operation 52 'phi' 'data_2_V_read28_phi' <Predicate = true> <Delay = 0.00>
ST_3 : Operation 53 [1/1] (0.00ns)   --->   "%data_3_V_read29_phi = phi i8 [ %data_3_V_read_2, %hls_label_44_end ], [ %data_3_V_read29_rewind, %rewind_header ]" [firmware/nnet_utils/nnet_dense_stream.h:13]   --->   Operation 53 'phi' 'data_3_V_read29_phi' <Predicate = true> <Delay = 0.00>
ST_3 : Operation 54 [1/1] (0.00ns)   --->   "%data_4_V_read30_phi = phi i8 [ %data_4_V_read_2, %hls_label_44_end ], [ %data_4_V_read30_rewind, %rewind_header ]" [firmware/nnet_utils/nnet_dense_stream.h:13]   --->   Operation 54 'phi' 'data_4_V_read30_phi' <Predicate = true> <Delay = 0.00>
ST_3 : Operation 55 [1/1] (0.00ns)   --->   "%data_5_V_read31_phi = phi i8 [ %data_5_V_read31, %hls_label_44_end ], [ %data_5_V_read31_rewind, %rewind_header ]" [firmware/nnet_utils/nnet_dense_stream.h:13]   --->   Operation 55 'phi' 'data_5_V_read31_phi' <Predicate = true> <Delay = 0.00>
ST_3 : Operation 56 [1/1] (0.00ns)   --->   "%data_6_V_read32_phi = phi i8 [ %data_6_V_read_2, %hls_label_44_end ], [ %data_6_V_read32_rewind, %rewind_header ]" [firmware/nnet_utils/nnet_dense_stream.h:13]   --->   Operation 56 'phi' 'data_6_V_read32_phi' <Predicate = true> <Delay = 0.00>
ST_3 : Operation 57 [1/1] (0.00ns)   --->   "%data_7_V_read33_phi = phi i8 [ %data_7_V_read_2, %hls_label_44_end ], [ %data_7_V_read33_rewind, %rewind_header ]" [firmware/nnet_utils/nnet_dense_stream.h:13]   --->   Operation 57 'phi' 'data_7_V_read33_phi' <Predicate = true> <Delay = 0.00>
ST_3 : Operation 58 [1/1] (0.00ns)   --->   "%data_8_V_read34_phi = phi i8 [ %data_8_V_read_2, %hls_label_44_end ], [ %data_8_V_read34_rewind, %rewind_header ]" [firmware/nnet_utils/nnet_dense_stream.h:13]   --->   Operation 58 'phi' 'data_8_V_read34_phi' <Predicate = true> <Delay = 0.00>
ST_3 : Operation 59 [1/1] (0.00ns)   --->   "%data_9_V_read35_phi = phi i8 [ %data_9_V_read_2, %hls_label_44_end ], [ %data_9_V_read35_rewind, %rewind_header ]" [firmware/nnet_utils/nnet_dense_stream.h:13]   --->   Operation 59 'phi' 'data_9_V_read35_phi' <Predicate = true> <Delay = 0.00>
ST_3 : Operation 60 [1/1] (0.00ns)   --->   "%data_10_V_read36_phi = phi i8 [ %data_10_V_read_1, %hls_label_44_end ], [ %data_10_V_read36_rewind, %rewind_header ]" [firmware/nnet_utils/nnet_dense_stream.h:13]   --->   Operation 60 'phi' 'data_10_V_read36_phi' <Predicate = true> <Delay = 0.00>
ST_3 : Operation 61 [1/1] (0.00ns)   --->   "%data_11_V_read37_phi = phi i8 [ %data_11_V_read_1, %hls_label_44_end ], [ %data_11_V_read37_rewind, %rewind_header ]" [firmware/nnet_utils/nnet_dense_stream.h:13]   --->   Operation 61 'phi' 'data_11_V_read37_phi' <Predicate = true> <Delay = 0.00>
ST_3 : Operation 62 [1/1] (0.00ns)   --->   "%data_12_V_read38_phi = phi i8 [ %data_12_V_read_1, %hls_label_44_end ], [ %data_12_V_read38_rewind, %rewind_header ]" [firmware/nnet_utils/nnet_dense_stream.h:13]   --->   Operation 62 'phi' 'data_12_V_read38_phi' <Predicate = true> <Delay = 0.00>
ST_3 : Operation 63 [1/1] (0.00ns)   --->   "%data_13_V_read39_phi = phi i8 [ %data_13_V_read_1, %hls_label_44_end ], [ %data_13_V_read39_rewind, %rewind_header ]" [firmware/nnet_utils/nnet_dense_stream.h:13]   --->   Operation 63 'phi' 'data_13_V_read39_phi' <Predicate = true> <Delay = 0.00>
ST_3 : Operation 64 [1/1] (0.00ns)   --->   "%data_14_V_read40_phi = phi i8 [ %data_14_V_read_1, %hls_label_44_end ], [ %data_14_V_read40_rewind, %rewind_header ]" [firmware/nnet_utils/nnet_dense_stream.h:13]   --->   Operation 64 'phi' 'data_14_V_read40_phi' <Predicate = true> <Delay = 0.00>
ST_3 : Operation 65 [1/1] (0.78ns)   --->   "%tmp_14 = call i8 @_ssdm_op_Mux.ap_auto.15i8.i4(i8 %data_0_V_read26_phi, i8 %data_1_V_read27_phi, i8 %data_2_V_read28_phi, i8 %data_3_V_read29_phi, i8 %data_4_V_read30_phi, i8 %data_5_V_read31_phi, i8 %data_6_V_read32_phi, i8 %data_7_V_read33_phi, i8 %data_8_V_read34_phi, i8 %data_9_V_read35_phi, i8 %data_10_V_read36_phi, i8 %data_11_V_read37_phi, i8 %data_12_V_read38_phi, i8 %data_13_V_read39_phi, i8 %data_14_V_read40_phi, i4 %w_index25)" [firmware/nnet_utils/nnet_dense_resource.h:59->firmware/nnet_utils/nnet_dense.h:65->firmware/nnet_utils/nnet_dense_stream.h:20]   --->   Operation 65 'mux' 'tmp_14' <Predicate = true> <Delay = 0.78> <Core = "MuxnS">   --->   Core 31 'MuxnS' <Latency = 0> <II = 1> <Delay = 0.87> <FuncUnit> <Opcode : 'mux'> <InPorts = 2> <OutPorts = 1>
ST_3 : Operation 66 [1/2] (1.77ns)   --->   "%w18_V_load = load i78* %w18_V_addr, align 16" [firmware/nnet_utils/nnet_dense_resource.h:59->firmware/nnet_utils/nnet_dense.h:65->firmware/nnet_utils/nnet_dense_stream.h:20]   --->   Operation 66 'load' 'w18_V_load' <Predicate = true> <Delay = 1.77> <Core = "ROM_nP_BRAM">   --->   Core 55 'ROM_nP_BRAM' <Latency = 1> <II = 1> <Delay = 1.77> <Storage> <Opcode : 'load'> <Ports = 0> <Width = 78> <Depth = 15> <ROM>
ST_3 : Operation 67 [1/1] (0.00ns)   --->   "%trunc_ln59 = trunc i78 %w18_V_load to i8" [firmware/nnet_utils/nnet_dense_resource.h:59->firmware/nnet_utils/nnet_dense.h:65->firmware/nnet_utils/nnet_dense_stream.h:20]   --->   Operation 67 'trunc' 'trunc_ln59' <Predicate = true> <Delay = 0.00>
ST_3 : Operation 68 [1/1] (0.00ns)   --->   "%tmp_6 = call i8 @_ssdm_op_PartSelect.i8.i78.i32.i32(i78 %w18_V_load, i32 8, i32 15)" [firmware/nnet_utils/nnet_dense_resource.h:59->firmware/nnet_utils/nnet_dense.h:65->firmware/nnet_utils/nnet_dense_stream.h:20]   --->   Operation 68 'partselect' 'tmp_6' <Predicate = true> <Delay = 0.00>
ST_3 : Operation 69 [1/1] (0.00ns)   --->   "%tmp_7 = call i8 @_ssdm_op_PartSelect.i8.i78.i32.i32(i78 %w18_V_load, i32 16, i32 23)" [firmware/nnet_utils/nnet_dense_resource.h:59->firmware/nnet_utils/nnet_dense.h:65->firmware/nnet_utils/nnet_dense_stream.h:20]   --->   Operation 69 'partselect' 'tmp_7' <Predicate = true> <Delay = 0.00>
ST_3 : Operation 70 [1/1] (0.00ns)   --->   "%tmp_8 = call i8 @_ssdm_op_PartSelect.i8.i78.i32.i32(i78 %w18_V_load, i32 24, i32 31)" [firmware/nnet_utils/nnet_dense_resource.h:59->firmware/nnet_utils/nnet_dense.h:65->firmware/nnet_utils/nnet_dense_stream.h:20]   --->   Operation 70 'partselect' 'tmp_8' <Predicate = true> <Delay = 0.00>
ST_3 : Operation 71 [1/1] (0.00ns)   --->   "%tmp_9 = call i8 @_ssdm_op_PartSelect.i8.i78.i32.i32(i78 %w18_V_load, i32 32, i32 39)" [firmware/nnet_utils/nnet_dense_resource.h:59->firmware/nnet_utils/nnet_dense.h:65->firmware/nnet_utils/nnet_dense_stream.h:20]   --->   Operation 71 'partselect' 'tmp_9' <Predicate = true> <Delay = 0.00>
ST_3 : Operation 72 [1/1] (0.00ns)   --->   "%tmp_10 = call i8 @_ssdm_op_PartSelect.i8.i78.i32.i32(i78 %w18_V_load, i32 40, i32 47)" [firmware/nnet_utils/nnet_dense_resource.h:59->firmware/nnet_utils/nnet_dense.h:65->firmware/nnet_utils/nnet_dense_stream.h:20]   --->   Operation 72 'partselect' 'tmp_10' <Predicate = true> <Delay = 0.00>
ST_3 : Operation 73 [1/1] (0.00ns)   --->   "%tmp_11 = call i8 @_ssdm_op_PartSelect.i8.i78.i32.i32(i78 %w18_V_load, i32 48, i32 55)" [firmware/nnet_utils/nnet_dense_resource.h:59->firmware/nnet_utils/nnet_dense.h:65->firmware/nnet_utils/nnet_dense_stream.h:20]   --->   Operation 73 'partselect' 'tmp_11' <Predicate = true> <Delay = 0.00>
ST_3 : Operation 74 [1/1] (0.00ns)   --->   "%tmp_12 = call i8 @_ssdm_op_PartSelect.i8.i78.i32.i32(i78 %w18_V_load, i32 56, i32 63)" [firmware/nnet_utils/nnet_dense_resource.h:59->firmware/nnet_utils/nnet_dense.h:65->firmware/nnet_utils/nnet_dense_stream.h:20]   --->   Operation 74 'partselect' 'tmp_12' <Predicate = true> <Delay = 0.00>
ST_3 : Operation 75 [1/1] (0.00ns)   --->   "%tmp_13 = call i8 @_ssdm_op_PartSelect.i8.i78.i32.i32(i78 %w18_V_load, i32 64, i32 71)" [firmware/nnet_utils/nnet_dense_resource.h:59->firmware/nnet_utils/nnet_dense.h:65->firmware/nnet_utils/nnet_dense_stream.h:20]   --->   Operation 75 'partselect' 'tmp_13' <Predicate = true> <Delay = 0.00>
ST_3 : Operation 76 [1/1] (0.00ns)   --->   "%tmp_15 = call i6 @_ssdm_op_PartSelect.i6.i78.i32.i32(i78 %w18_V_load, i32 72, i32 77)" [firmware/nnet_utils/nnet_dense_resource.h:59->firmware/nnet_utils/nnet_dense.h:65->firmware/nnet_utils/nnet_dense_stream.h:20]   --->   Operation 76 'partselect' 'tmp_15' <Predicate = true> <Delay = 0.00>

State 4 <SV = 3> <Delay = 3.85>
ST_4 : Operation 77 [1/1] (0.00ns)   --->   "%acc_V_9_014 = phi i16 [ -224, %hls_label_44_begin ], [ %acc_9_V, %ReuseLoop ], [ -224, %"cast<ap_ufixed<8, 2, 5, 3, 0>, ap_fixed<8, 3, 5, 3, 0>, config18>.exit.0" ]"   --->   Operation 77 'phi' 'acc_V_9_014' <Predicate = true> <Delay = 0.00>
ST_4 : Operation 78 [1/1] (0.00ns)   --->   "%acc_V_8_013 = phi i16 [ 0, %hls_label_44_begin ], [ %acc_8_V, %ReuseLoop ], [ 0, %"cast<ap_ufixed<8, 2, 5, 3, 0>, ap_fixed<8, 3, 5, 3, 0>, config18>.exit.0" ]"   --->   Operation 78 'phi' 'acc_V_8_013' <Predicate = true> <Delay = 0.00>
ST_4 : Operation 79 [1/1] (0.00ns)   --->   "%acc_V_7_012 = phi i16 [ 32, %hls_label_44_begin ], [ %acc_7_V, %ReuseLoop ], [ 32, %"cast<ap_ufixed<8, 2, 5, 3, 0>, ap_fixed<8, 3, 5, 3, 0>, config18>.exit.0" ]"   --->   Operation 79 'phi' 'acc_V_7_012' <Predicate = true> <Delay = 0.00>
ST_4 : Operation 80 [1/1] (0.00ns)   --->   "%acc_V_6_011 = phi i16 [ -64, %hls_label_44_begin ], [ %acc_6_V, %ReuseLoop ], [ -64, %"cast<ap_ufixed<8, 2, 5, 3, 0>, ap_fixed<8, 3, 5, 3, 0>, config18>.exit.0" ]"   --->   Operation 80 'phi' 'acc_V_6_011' <Predicate = true> <Delay = 0.00>
ST_4 : Operation 81 [1/1] (0.00ns)   --->   "%acc_V_5_010 = phi i16 [ 0, %hls_label_44_begin ], [ %acc_5_V, %ReuseLoop ], [ 0, %"cast<ap_ufixed<8, 2, 5, 3, 0>, ap_fixed<8, 3, 5, 3, 0>, config18>.exit.0" ]"   --->   Operation 81 'phi' 'acc_V_5_010' <Predicate = true> <Delay = 0.00>
ST_4 : Operation 82 [1/1] (0.00ns)   --->   "%acc_V_4_09 = phi i16 [ 32, %hls_label_44_begin ], [ %acc_4_V, %ReuseLoop ], [ 32, %"cast<ap_ufixed<8, 2, 5, 3, 0>, ap_fixed<8, 3, 5, 3, 0>, config18>.exit.0" ]"   --->   Operation 82 'phi' 'acc_V_4_09' <Predicate = true> <Delay = 0.00>
ST_4 : Operation 83 [1/1] (0.00ns)   --->   "%acc_V_3_08 = phi i16 [ -96, %hls_label_44_begin ], [ %acc_3_V, %ReuseLoop ], [ -96, %"cast<ap_ufixed<8, 2, 5, 3, 0>, ap_fixed<8, 3, 5, 3, 0>, config18>.exit.0" ]"   --->   Operation 83 'phi' 'acc_V_3_08' <Predicate = true> <Delay = 0.00>
ST_4 : Operation 84 [1/1] (0.00ns)   --->   "%acc_V_2_07 = phi i16 [ 0, %hls_label_44_begin ], [ %acc_2_V, %ReuseLoop ], [ 0, %"cast<ap_ufixed<8, 2, 5, 3, 0>, ap_fixed<8, 3, 5, 3, 0>, config18>.exit.0" ]"   --->   Operation 84 'phi' 'acc_V_2_07' <Predicate = true> <Delay = 0.00>
ST_4 : Operation 85 [1/1] (0.00ns)   --->   "%acc_V_1_06 = phi i16 [ -96, %hls_label_44_begin ], [ %acc_1_V, %ReuseLoop ], [ -96, %"cast<ap_ufixed<8, 2, 5, 3, 0>, ap_fixed<8, 3, 5, 3, 0>, config18>.exit.0" ]"   --->   Operation 85 'phi' 'acc_V_1_06' <Predicate = true> <Delay = 0.00>
ST_4 : Operation 86 [1/1] (0.00ns)   --->   "%acc_V_0_05 = phi i16 [ -96, %hls_label_44_begin ], [ %acc_0_V, %ReuseLoop ], [ -96, %"cast<ap_ufixed<8, 2, 5, 3, 0>, ap_fixed<8, 3, 5, 3, 0>, config18>.exit.0" ]"   --->   Operation 86 'phi' 'acc_V_0_05' <Predicate = true> <Delay = 0.00>
ST_4 : Operation 87 [1/1] (0.00ns)   --->   "call void (...)* @_ssdm_op_SpecLoopName([10 x i8]* @p_str52) nounwind" [firmware/nnet_utils/nnet_dense_resource.h:46->firmware/nnet_utils/nnet_dense.h:65->firmware/nnet_utils/nnet_dense_stream.h:20]   --->   Operation 87 'specloopname' <Predicate = true> <Delay = 0.00>
ST_4 : Operation 88 [1/1] (0.00ns)   --->   "%tmp_s = call i32 (...)* @_ssdm_op_SpecRegionBegin([10 x i8]* @p_str52)" [firmware/nnet_utils/nnet_dense_resource.h:46->firmware/nnet_utils/nnet_dense.h:65->firmware/nnet_utils/nnet_dense_stream.h:20]   --->   Operation 88 'specregionbegin' 'tmp_s' <Predicate = true> <Delay = 0.00>
ST_4 : Operation 89 [1/1] (0.00ns)   --->   "call void (...)* @_ssdm_op_SpecPipeline(i32 1, i32 1, i32 1, i32 0, [1 x i8]* @p_str17) nounwind" [firmware/nnet_utils/nnet_dense_resource.h:47->firmware/nnet_utils/nnet_dense.h:65->firmware/nnet_utils/nnet_dense_stream.h:20]   --->   Operation 89 'specpipeline' <Predicate = true> <Delay = 0.00>
ST_4 : Operation 90 [1/1] (0.00ns)   --->   "%zext_ln1116 = zext i8 %tmp_14 to i16" [firmware/nnet_utils/nnet_mult.h:73->firmware/nnet_utils/nnet_dense_resource.h:59->firmware/nnet_utils/nnet_dense.h:65->firmware/nnet_utils/nnet_dense_stream.h:20]   --->   Operation 90 'zext' 'zext_ln1116' <Predicate = true> <Delay = 0.00>
ST_4 : Operation 91 [1/1] (0.00ns)   --->   "%sext_ln1118 = sext i8 %trunc_ln59 to i16" [firmware/nnet_utils/nnet_mult.h:73->firmware/nnet_utils/nnet_dense_resource.h:59->firmware/nnet_utils/nnet_dense.h:65->firmware/nnet_utils/nnet_dense_stream.h:20]   --->   Operation 91 'sext' 'sext_ln1118' <Predicate = true> <Delay = 0.00>
ST_4 : Operation 92 [1/1] (2.44ns)   --->   "%mul_ln1118 = mul i16 %zext_ln1116, %sext_ln1118" [firmware/nnet_utils/nnet_mult.h:73->firmware/nnet_utils/nnet_dense_resource.h:59->firmware/nnet_utils/nnet_dense.h:65->firmware/nnet_utils/nnet_dense_stream.h:20]   --->   Operation 92 'mul' 'mul_ln1118' <Predicate = true> <Delay = 2.44> <Core = "Mul">   --->   Core 16 'Mul' <Latency = 0> <II = 1> <Delay = 2.44> <FuncUnit> <Opcode : 'mul'> <InPorts = 2> <OutPorts = 1>
ST_4 : Operation 93 [1/1] (0.00ns)   --->   "%trunc_ln = call i15 @_ssdm_op_PartSelect.i15.i16.i32.i32(i16 %mul_ln1118, i32 1, i32 15)" [firmware/nnet_utils/nnet_dense_resource.h:59->firmware/nnet_utils/nnet_dense.h:65->firmware/nnet_utils/nnet_dense_stream.h:20]   --->   Operation 93 'partselect' 'trunc_ln' <Predicate = true> <Delay = 0.00>
ST_4 : Operation 94 [1/1] (0.00ns)   --->   "%sext_ln708 = sext i15 %trunc_ln to i16" [firmware/nnet_utils/nnet_dense_resource.h:59->firmware/nnet_utils/nnet_dense.h:65->firmware/nnet_utils/nnet_dense_stream.h:20]   --->   Operation 94 'sext' 'sext_ln708' <Predicate = true> <Delay = 0.00>
ST_4 : Operation 95 [1/1] (0.00ns)   --->   "%trunc_ln703_s = call i13 @_ssdm_op_PartSelect.i13.i16.i32.i32(i16 %mul_ln1118, i32 1, i32 13)" [firmware/nnet_utils/nnet_dense_resource.h:59->firmware/nnet_utils/nnet_dense.h:65->firmware/nnet_utils/nnet_dense_stream.h:20]   --->   Operation 95 'partselect' 'trunc_ln703_s' <Predicate = true> <Delay = 0.00>
ST_4 : Operation 96 [1/1] (0.00ns)   --->   "%trunc_ln703 = trunc i16 %acc_V_0_05 to i13" [firmware/nnet_utils/nnet_dense_resource.h:59->firmware/nnet_utils/nnet_dense.h:65->firmware/nnet_utils/nnet_dense_stream.h:20]   --->   Operation 96 'trunc' 'trunc_ln703' <Predicate = true> <Delay = 0.00>
ST_4 : Operation 97 [1/1] (1.41ns)   --->   "%acc_0_V = add i16 %acc_V_0_05, %sext_ln708" [firmware/nnet_utils/nnet_dense_resource.h:59->firmware/nnet_utils/nnet_dense.h:65->firmware/nnet_utils/nnet_dense_stream.h:20]   --->   Operation 97 'add' 'acc_0_V' <Predicate = true> <Delay = 1.41> <Core = "AddSub">   --->   Core 14 'AddSub' <Latency = 0> <II = 1> <Delay = 0.94> <FuncUnit> <Opcode : 'add' 'sub'> <InPorts = 2> <OutPorts = 1>
ST_4 : Operation 98 [1/1] (1.36ns)   --->   "%add_ln703_6 = add i13 %trunc_ln703, %trunc_ln703_s" [firmware/nnet_utils/nnet_dense_resource.h:59->firmware/nnet_utils/nnet_dense.h:65->firmware/nnet_utils/nnet_dense_stream.h:20]   --->   Operation 98 'add' 'add_ln703_6' <Predicate = true> <Delay = 1.36> <Core = "AddSub">   --->   Core 14 'AddSub' <Latency = 0> <II = 1> <Delay = 0.94> <FuncUnit> <Opcode : 'add' 'sub'> <InPorts = 2> <OutPorts = 1>
ST_4 : Operation 99 [1/1] (0.00ns)   --->   "%sext_ln1118_1 = sext i8 %tmp_6 to i16" [firmware/nnet_utils/nnet_mult.h:73->firmware/nnet_utils/nnet_dense_resource.h:59->firmware/nnet_utils/nnet_dense.h:65->firmware/nnet_utils/nnet_dense_stream.h:20]   --->   Operation 99 'sext' 'sext_ln1118_1' <Predicate = true> <Delay = 0.00>
ST_4 : Operation 100 [1/1] (2.44ns)   --->   "%mul_ln1118_5 = mul i16 %zext_ln1116, %sext_ln1118_1" [firmware/nnet_utils/nnet_mult.h:73->firmware/nnet_utils/nnet_dense_resource.h:59->firmware/nnet_utils/nnet_dense.h:65->firmware/nnet_utils/nnet_dense_stream.h:20]   --->   Operation 100 'mul' 'mul_ln1118_5' <Predicate = true> <Delay = 2.44> <Core = "Mul">   --->   Core 16 'Mul' <Latency = 0> <II = 1> <Delay = 2.44> <FuncUnit> <Opcode : 'mul'> <InPorts = 2> <OutPorts = 1>
ST_4 : Operation 101 [1/1] (0.00ns)   --->   "%trunc_ln708_s = call i15 @_ssdm_op_PartSelect.i15.i16.i32.i32(i16 %mul_ln1118_5, i32 1, i32 15)" [firmware/nnet_utils/nnet_dense_resource.h:59->firmware/nnet_utils/nnet_dense.h:65->firmware/nnet_utils/nnet_dense_stream.h:20]   --->   Operation 101 'partselect' 'trunc_ln708_s' <Predicate = true> <Delay = 0.00>
ST_4 : Operation 102 [1/1] (0.00ns)   --->   "%sext_ln708_5 = sext i15 %trunc_ln708_s to i16" [firmware/nnet_utils/nnet_dense_resource.h:59->firmware/nnet_utils/nnet_dense.h:65->firmware/nnet_utils/nnet_dense_stream.h:20]   --->   Operation 102 'sext' 'sext_ln708_5' <Predicate = true> <Delay = 0.00>
ST_4 : Operation 103 [1/1] (0.00ns)   --->   "%trunc_ln3 = call i13 @_ssdm_op_PartSelect.i13.i16.i32.i32(i16 %mul_ln1118_5, i32 1, i32 13)" [firmware/nnet_utils/nnet_dense_resource.h:59->firmware/nnet_utils/nnet_dense.h:65->firmware/nnet_utils/nnet_dense_stream.h:20]   --->   Operation 103 'partselect' 'trunc_ln3' <Predicate = true> <Delay = 0.00>
ST_4 : Operation 104 [1/1] (0.00ns)   --->   "%trunc_ln703_6 = trunc i16 %acc_V_1_06 to i13" [firmware/nnet_utils/nnet_dense_resource.h:59->firmware/nnet_utils/nnet_dense.h:65->firmware/nnet_utils/nnet_dense_stream.h:20]   --->   Operation 104 'trunc' 'trunc_ln703_6' <Predicate = true> <Delay = 0.00>
ST_4 : Operation 105 [1/1] (1.41ns)   --->   "%acc_1_V = add i16 %acc_V_1_06, %sext_ln708_5" [firmware/nnet_utils/nnet_dense_resource.h:59->firmware/nnet_utils/nnet_dense.h:65->firmware/nnet_utils/nnet_dense_stream.h:20]   --->   Operation 105 'add' 'acc_1_V' <Predicate = true> <Delay = 1.41> <Core = "AddSub">   --->   Core 14 'AddSub' <Latency = 0> <II = 1> <Delay = 0.94> <FuncUnit> <Opcode : 'add' 'sub'> <InPorts = 2> <OutPorts = 1>
ST_4 : Operation 106 [1/1] (1.36ns)   --->   "%add_ln703_7 = add i13 %trunc_ln703_6, %trunc_ln3" [firmware/nnet_utils/nnet_dense_resource.h:59->firmware/nnet_utils/nnet_dense.h:65->firmware/nnet_utils/nnet_dense_stream.h:20]   --->   Operation 106 'add' 'add_ln703_7' <Predicate = true> <Delay = 1.36> <Core = "AddSub">   --->   Core 14 'AddSub' <Latency = 0> <II = 1> <Delay = 0.94> <FuncUnit> <Opcode : 'add' 'sub'> <InPorts = 2> <OutPorts = 1>
ST_4 : Operation 107 [1/1] (0.00ns)   --->   "%sext_ln1118_2 = sext i8 %tmp_7 to i16" [firmware/nnet_utils/nnet_mult.h:73->firmware/nnet_utils/nnet_dense_resource.h:59->firmware/nnet_utils/nnet_dense.h:65->firmware/nnet_utils/nnet_dense_stream.h:20]   --->   Operation 107 'sext' 'sext_ln1118_2' <Predicate = true> <Delay = 0.00>
ST_4 : Operation 108 [1/1] (2.44ns)   --->   "%mul_ln1118_6 = mul i16 %zext_ln1116, %sext_ln1118_2" [firmware/nnet_utils/nnet_mult.h:73->firmware/nnet_utils/nnet_dense_resource.h:59->firmware/nnet_utils/nnet_dense.h:65->firmware/nnet_utils/nnet_dense_stream.h:20]   --->   Operation 108 'mul' 'mul_ln1118_6' <Predicate = true> <Delay = 2.44> <Core = "Mul">   --->   Core 16 'Mul' <Latency = 0> <II = 1> <Delay = 2.44> <FuncUnit> <Opcode : 'mul'> <InPorts = 2> <OutPorts = 1>
ST_4 : Operation 109 [1/1] (0.00ns)   --->   "%trunc_ln708_17 = call i15 @_ssdm_op_PartSelect.i15.i16.i32.i32(i16 %mul_ln1118_6, i32 1, i32 15)" [firmware/nnet_utils/nnet_dense_resource.h:59->firmware/nnet_utils/nnet_dense.h:65->firmware/nnet_utils/nnet_dense_stream.h:20]   --->   Operation 109 'partselect' 'trunc_ln708_17' <Predicate = true> <Delay = 0.00>
ST_4 : Operation 110 [1/1] (0.00ns)   --->   "%sext_ln708_6 = sext i15 %trunc_ln708_17 to i16" [firmware/nnet_utils/nnet_dense_resource.h:59->firmware/nnet_utils/nnet_dense.h:65->firmware/nnet_utils/nnet_dense_stream.h:20]   --->   Operation 110 'sext' 'sext_ln708_6' <Predicate = true> <Delay = 0.00>
ST_4 : Operation 111 [1/1] (0.00ns)   --->   "%trunc_ln703_5 = call i13 @_ssdm_op_PartSelect.i13.i16.i32.i32(i16 %mul_ln1118_6, i32 1, i32 13)" [firmware/nnet_utils/nnet_dense_resource.h:59->firmware/nnet_utils/nnet_dense.h:65->firmware/nnet_utils/nnet_dense_stream.h:20]   --->   Operation 111 'partselect' 'trunc_ln703_5' <Predicate = true> <Delay = 0.00>
ST_4 : Operation 112 [1/1] (0.00ns)   --->   "%trunc_ln703_8 = trunc i16 %acc_V_2_07 to i13" [firmware/nnet_utils/nnet_dense_resource.h:59->firmware/nnet_utils/nnet_dense.h:65->firmware/nnet_utils/nnet_dense_stream.h:20]   --->   Operation 112 'trunc' 'trunc_ln703_8' <Predicate = true> <Delay = 0.00>
ST_4 : Operation 113 [1/1] (1.41ns)   --->   "%acc_2_V = add i16 %acc_V_2_07, %sext_ln708_6" [firmware/nnet_utils/nnet_dense_resource.h:59->firmware/nnet_utils/nnet_dense.h:65->firmware/nnet_utils/nnet_dense_stream.h:20]   --->   Operation 113 'add' 'acc_2_V' <Predicate = true> <Delay = 1.41> <Core = "AddSub">   --->   Core 14 'AddSub' <Latency = 0> <II = 1> <Delay = 0.94> <FuncUnit> <Opcode : 'add' 'sub'> <InPorts = 2> <OutPorts = 1>
ST_4 : Operation 114 [1/1] (1.36ns)   --->   "%add_ln703_8 = add i13 %trunc_ln703_8, %trunc_ln703_5" [firmware/nnet_utils/nnet_dense_resource.h:59->firmware/nnet_utils/nnet_dense.h:65->firmware/nnet_utils/nnet_dense_stream.h:20]   --->   Operation 114 'add' 'add_ln703_8' <Predicate = true> <Delay = 1.36> <Core = "AddSub">   --->   Core 14 'AddSub' <Latency = 0> <II = 1> <Delay = 0.94> <FuncUnit> <Opcode : 'add' 'sub'> <InPorts = 2> <OutPorts = 1>
ST_4 : Operation 115 [1/1] (0.00ns)   --->   "%sext_ln1118_3 = sext i8 %tmp_8 to i16" [firmware/nnet_utils/nnet_mult.h:73->firmware/nnet_utils/nnet_dense_resource.h:59->firmware/nnet_utils/nnet_dense.h:65->firmware/nnet_utils/nnet_dense_stream.h:20]   --->   Operation 115 'sext' 'sext_ln1118_3' <Predicate = true> <Delay = 0.00>
ST_4 : Operation 116 [1/1] (2.44ns)   --->   "%mul_ln1118_7 = mul i16 %zext_ln1116, %sext_ln1118_3" [firmware/nnet_utils/nnet_mult.h:73->firmware/nnet_utils/nnet_dense_resource.h:59->firmware/nnet_utils/nnet_dense.h:65->firmware/nnet_utils/nnet_dense_stream.h:20]   --->   Operation 116 'mul' 'mul_ln1118_7' <Predicate = true> <Delay = 2.44> <Core = "Mul">   --->   Core 16 'Mul' <Latency = 0> <II = 1> <Delay = 2.44> <FuncUnit> <Opcode : 'mul'> <InPorts = 2> <OutPorts = 1>
ST_4 : Operation 117 [1/1] (0.00ns)   --->   "%trunc_ln708_18 = call i15 @_ssdm_op_PartSelect.i15.i16.i32.i32(i16 %mul_ln1118_7, i32 1, i32 15)" [firmware/nnet_utils/nnet_dense_resource.h:59->firmware/nnet_utils/nnet_dense.h:65->firmware/nnet_utils/nnet_dense_stream.h:20]   --->   Operation 117 'partselect' 'trunc_ln708_18' <Predicate = true> <Delay = 0.00>
ST_4 : Operation 118 [1/1] (0.00ns)   --->   "%sext_ln708_7 = sext i15 %trunc_ln708_18 to i16" [firmware/nnet_utils/nnet_dense_resource.h:59->firmware/nnet_utils/nnet_dense.h:65->firmware/nnet_utils/nnet_dense_stream.h:20]   --->   Operation 118 'sext' 'sext_ln708_7' <Predicate = true> <Delay = 0.00>
ST_4 : Operation 119 [1/1] (0.00ns)   --->   "%trunc_ln703_7 = call i13 @_ssdm_op_PartSelect.i13.i16.i32.i32(i16 %mul_ln1118_7, i32 1, i32 13)" [firmware/nnet_utils/nnet_dense_resource.h:59->firmware/nnet_utils/nnet_dense.h:65->firmware/nnet_utils/nnet_dense_stream.h:20]   --->   Operation 119 'partselect' 'trunc_ln703_7' <Predicate = true> <Delay = 0.00>
ST_4 : Operation 120 [1/1] (0.00ns)   --->   "%trunc_ln703_10 = trunc i16 %acc_V_3_08 to i13" [firmware/nnet_utils/nnet_dense_resource.h:59->firmware/nnet_utils/nnet_dense.h:65->firmware/nnet_utils/nnet_dense_stream.h:20]   --->   Operation 120 'trunc' 'trunc_ln703_10' <Predicate = true> <Delay = 0.00>
ST_4 : Operation 121 [1/1] (1.41ns)   --->   "%acc_3_V = add i16 %acc_V_3_08, %sext_ln708_7" [firmware/nnet_utils/nnet_dense_resource.h:59->firmware/nnet_utils/nnet_dense.h:65->firmware/nnet_utils/nnet_dense_stream.h:20]   --->   Operation 121 'add' 'acc_3_V' <Predicate = true> <Delay = 1.41> <Core = "AddSub">   --->   Core 14 'AddSub' <Latency = 0> <II = 1> <Delay = 0.94> <FuncUnit> <Opcode : 'add' 'sub'> <InPorts = 2> <OutPorts = 1>
ST_4 : Operation 122 [1/1] (1.36ns)   --->   "%add_ln703_9 = add i13 %trunc_ln703_10, %trunc_ln703_7" [firmware/nnet_utils/nnet_dense_resource.h:59->firmware/nnet_utils/nnet_dense.h:65->firmware/nnet_utils/nnet_dense_stream.h:20]   --->   Operation 122 'add' 'add_ln703_9' <Predicate = true> <Delay = 1.36> <Core = "AddSub">   --->   Core 14 'AddSub' <Latency = 0> <II = 1> <Delay = 0.94> <FuncUnit> <Opcode : 'add' 'sub'> <InPorts = 2> <OutPorts = 1>
ST_4 : Operation 123 [1/1] (0.00ns)   --->   "%sext_ln1118_4 = sext i8 %tmp_9 to i16" [firmware/nnet_utils/nnet_mult.h:73->firmware/nnet_utils/nnet_dense_resource.h:59->firmware/nnet_utils/nnet_dense.h:65->firmware/nnet_utils/nnet_dense_stream.h:20]   --->   Operation 123 'sext' 'sext_ln1118_4' <Predicate = true> <Delay = 0.00>
ST_4 : Operation 124 [1/1] (2.44ns)   --->   "%mul_ln1118_8 = mul i16 %zext_ln1116, %sext_ln1118_4" [firmware/nnet_utils/nnet_mult.h:73->firmware/nnet_utils/nnet_dense_resource.h:59->firmware/nnet_utils/nnet_dense.h:65->firmware/nnet_utils/nnet_dense_stream.h:20]   --->   Operation 124 'mul' 'mul_ln1118_8' <Predicate = true> <Delay = 2.44> <Core = "Mul">   --->   Core 16 'Mul' <Latency = 0> <II = 1> <Delay = 2.44> <FuncUnit> <Opcode : 'mul'> <InPorts = 2> <OutPorts = 1>
ST_4 : Operation 125 [1/1] (0.00ns)   --->   "%trunc_ln708_19 = call i15 @_ssdm_op_PartSelect.i15.i16.i32.i32(i16 %mul_ln1118_8, i32 1, i32 15)" [firmware/nnet_utils/nnet_dense_resource.h:59->firmware/nnet_utils/nnet_dense.h:65->firmware/nnet_utils/nnet_dense_stream.h:20]   --->   Operation 125 'partselect' 'trunc_ln708_19' <Predicate = true> <Delay = 0.00>
ST_4 : Operation 126 [1/1] (0.00ns)   --->   "%sext_ln708_8 = sext i15 %trunc_ln708_19 to i16" [firmware/nnet_utils/nnet_dense_resource.h:59->firmware/nnet_utils/nnet_dense.h:65->firmware/nnet_utils/nnet_dense_stream.h:20]   --->   Operation 126 'sext' 'sext_ln708_8' <Predicate = true> <Delay = 0.00>
ST_4 : Operation 127 [1/1] (0.00ns)   --->   "%trunc_ln703_9 = call i13 @_ssdm_op_PartSelect.i13.i16.i32.i32(i16 %mul_ln1118_8, i32 1, i32 13)" [firmware/nnet_utils/nnet_dense_resource.h:59->firmware/nnet_utils/nnet_dense.h:65->firmware/nnet_utils/nnet_dense_stream.h:20]   --->   Operation 127 'partselect' 'trunc_ln703_9' <Predicate = true> <Delay = 0.00>
ST_4 : Operation 128 [1/1] (0.00ns)   --->   "%trunc_ln703_12 = trunc i16 %acc_V_4_09 to i13" [firmware/nnet_utils/nnet_dense_resource.h:59->firmware/nnet_utils/nnet_dense.h:65->firmware/nnet_utils/nnet_dense_stream.h:20]   --->   Operation 128 'trunc' 'trunc_ln703_12' <Predicate = true> <Delay = 0.00>
ST_4 : Operation 129 [1/1] (1.41ns)   --->   "%acc_4_V = add i16 %acc_V_4_09, %sext_ln708_8" [firmware/nnet_utils/nnet_dense_resource.h:59->firmware/nnet_utils/nnet_dense.h:65->firmware/nnet_utils/nnet_dense_stream.h:20]   --->   Operation 129 'add' 'acc_4_V' <Predicate = true> <Delay = 1.41> <Core = "AddSub">   --->   Core 14 'AddSub' <Latency = 0> <II = 1> <Delay = 0.94> <FuncUnit> <Opcode : 'add' 'sub'> <InPorts = 2> <OutPorts = 1>
ST_4 : Operation 130 [1/1] (1.36ns)   --->   "%add_ln703_10 = add i13 %trunc_ln703_12, %trunc_ln703_9" [firmware/nnet_utils/nnet_dense_resource.h:59->firmware/nnet_utils/nnet_dense.h:65->firmware/nnet_utils/nnet_dense_stream.h:20]   --->   Operation 130 'add' 'add_ln703_10' <Predicate = true> <Delay = 1.36> <Core = "AddSub">   --->   Core 14 'AddSub' <Latency = 0> <II = 1> <Delay = 0.94> <FuncUnit> <Opcode : 'add' 'sub'> <InPorts = 2> <OutPorts = 1>
ST_4 : Operation 131 [1/1] (0.00ns)   --->   "%sext_ln1118_5 = sext i8 %tmp_10 to i16" [firmware/nnet_utils/nnet_mult.h:73->firmware/nnet_utils/nnet_dense_resource.h:59->firmware/nnet_utils/nnet_dense.h:65->firmware/nnet_utils/nnet_dense_stream.h:20]   --->   Operation 131 'sext' 'sext_ln1118_5' <Predicate = true> <Delay = 0.00>
ST_4 : Operation 132 [1/1] (2.44ns)   --->   "%mul_ln1118_9 = mul i16 %zext_ln1116, %sext_ln1118_5" [firmware/nnet_utils/nnet_mult.h:73->firmware/nnet_utils/nnet_dense_resource.h:59->firmware/nnet_utils/nnet_dense.h:65->firmware/nnet_utils/nnet_dense_stream.h:20]   --->   Operation 132 'mul' 'mul_ln1118_9' <Predicate = true> <Delay = 2.44> <Core = "Mul">   --->   Core 16 'Mul' <Latency = 0> <II = 1> <Delay = 2.44> <FuncUnit> <Opcode : 'mul'> <InPorts = 2> <OutPorts = 1>
ST_4 : Operation 133 [1/1] (0.00ns)   --->   "%trunc_ln708_20 = call i15 @_ssdm_op_PartSelect.i15.i16.i32.i32(i16 %mul_ln1118_9, i32 1, i32 15)" [firmware/nnet_utils/nnet_dense_resource.h:59->firmware/nnet_utils/nnet_dense.h:65->firmware/nnet_utils/nnet_dense_stream.h:20]   --->   Operation 133 'partselect' 'trunc_ln708_20' <Predicate = true> <Delay = 0.00>
ST_4 : Operation 134 [1/1] (0.00ns)   --->   "%sext_ln708_9 = sext i15 %trunc_ln708_20 to i16" [firmware/nnet_utils/nnet_dense_resource.h:59->firmware/nnet_utils/nnet_dense.h:65->firmware/nnet_utils/nnet_dense_stream.h:20]   --->   Operation 134 'sext' 'sext_ln708_9' <Predicate = true> <Delay = 0.00>
ST_4 : Operation 135 [1/1] (0.00ns)   --->   "%trunc_ln703_1 = call i13 @_ssdm_op_PartSelect.i13.i16.i32.i32(i16 %mul_ln1118_9, i32 1, i32 13)" [firmware/nnet_utils/nnet_dense_resource.h:59->firmware/nnet_utils/nnet_dense.h:65->firmware/nnet_utils/nnet_dense_stream.h:20]   --->   Operation 135 'partselect' 'trunc_ln703_1' <Predicate = true> <Delay = 0.00>
ST_4 : Operation 136 [1/1] (0.00ns)   --->   "%trunc_ln703_14 = trunc i16 %acc_V_5_010 to i13" [firmware/nnet_utils/nnet_dense_resource.h:59->firmware/nnet_utils/nnet_dense.h:65->firmware/nnet_utils/nnet_dense_stream.h:20]   --->   Operation 136 'trunc' 'trunc_ln703_14' <Predicate = true> <Delay = 0.00>
ST_4 : Operation 137 [1/1] (1.41ns)   --->   "%acc_5_V = add i16 %acc_V_5_010, %sext_ln708_9" [firmware/nnet_utils/nnet_dense_resource.h:59->firmware/nnet_utils/nnet_dense.h:65->firmware/nnet_utils/nnet_dense_stream.h:20]   --->   Operation 137 'add' 'acc_5_V' <Predicate = true> <Delay = 1.41> <Core = "AddSub">   --->   Core 14 'AddSub' <Latency = 0> <II = 1> <Delay = 0.94> <FuncUnit> <Opcode : 'add' 'sub'> <InPorts = 2> <OutPorts = 1>
ST_4 : Operation 138 [1/1] (1.36ns)   --->   "%add_ln703_11 = add i13 %trunc_ln703_14, %trunc_ln703_1" [firmware/nnet_utils/nnet_dense_resource.h:59->firmware/nnet_utils/nnet_dense.h:65->firmware/nnet_utils/nnet_dense_stream.h:20]   --->   Operation 138 'add' 'add_ln703_11' <Predicate = true> <Delay = 1.36> <Core = "AddSub">   --->   Core 14 'AddSub' <Latency = 0> <II = 1> <Delay = 0.94> <FuncUnit> <Opcode : 'add' 'sub'> <InPorts = 2> <OutPorts = 1>
ST_4 : Operation 139 [1/1] (0.00ns)   --->   "%sext_ln1118_6 = sext i8 %tmp_11 to i16" [firmware/nnet_utils/nnet_mult.h:73->firmware/nnet_utils/nnet_dense_resource.h:59->firmware/nnet_utils/nnet_dense.h:65->firmware/nnet_utils/nnet_dense_stream.h:20]   --->   Operation 139 'sext' 'sext_ln1118_6' <Predicate = true> <Delay = 0.00>
ST_4 : Operation 140 [1/1] (2.44ns)   --->   "%mul_ln1118_10 = mul i16 %zext_ln1116, %sext_ln1118_6" [firmware/nnet_utils/nnet_mult.h:73->firmware/nnet_utils/nnet_dense_resource.h:59->firmware/nnet_utils/nnet_dense.h:65->firmware/nnet_utils/nnet_dense_stream.h:20]   --->   Operation 140 'mul' 'mul_ln1118_10' <Predicate = true> <Delay = 2.44> <Core = "Mul">   --->   Core 16 'Mul' <Latency = 0> <II = 1> <Delay = 2.44> <FuncUnit> <Opcode : 'mul'> <InPorts = 2> <OutPorts = 1>
ST_4 : Operation 141 [1/1] (0.00ns)   --->   "%trunc_ln708_21 = call i15 @_ssdm_op_PartSelect.i15.i16.i32.i32(i16 %mul_ln1118_10, i32 1, i32 15)" [firmware/nnet_utils/nnet_dense_resource.h:59->firmware/nnet_utils/nnet_dense.h:65->firmware/nnet_utils/nnet_dense_stream.h:20]   --->   Operation 141 'partselect' 'trunc_ln708_21' <Predicate = true> <Delay = 0.00>
ST_4 : Operation 142 [1/1] (0.00ns)   --->   "%sext_ln708_10 = sext i15 %trunc_ln708_21 to i16" [firmware/nnet_utils/nnet_dense_resource.h:59->firmware/nnet_utils/nnet_dense.h:65->firmware/nnet_utils/nnet_dense_stream.h:20]   --->   Operation 142 'sext' 'sext_ln708_10' <Predicate = true> <Delay = 0.00>
ST_4 : Operation 143 [1/1] (0.00ns)   --->   "%trunc_ln703_2 = call i13 @_ssdm_op_PartSelect.i13.i16.i32.i32(i16 %mul_ln1118_10, i32 1, i32 13)" [firmware/nnet_utils/nnet_dense_resource.h:59->firmware/nnet_utils/nnet_dense.h:65->firmware/nnet_utils/nnet_dense_stream.h:20]   --->   Operation 143 'partselect' 'trunc_ln703_2' <Predicate = true> <Delay = 0.00>
ST_4 : Operation 144 [1/1] (0.00ns)   --->   "%trunc_ln703_16 = trunc i16 %acc_V_6_011 to i13" [firmware/nnet_utils/nnet_dense_resource.h:59->firmware/nnet_utils/nnet_dense.h:65->firmware/nnet_utils/nnet_dense_stream.h:20]   --->   Operation 144 'trunc' 'trunc_ln703_16' <Predicate = true> <Delay = 0.00>
ST_4 : Operation 145 [1/1] (1.41ns)   --->   "%acc_6_V = add i16 %acc_V_6_011, %sext_ln708_10" [firmware/nnet_utils/nnet_dense_resource.h:59->firmware/nnet_utils/nnet_dense.h:65->firmware/nnet_utils/nnet_dense_stream.h:20]   --->   Operation 145 'add' 'acc_6_V' <Predicate = true> <Delay = 1.41> <Core = "AddSub">   --->   Core 14 'AddSub' <Latency = 0> <II = 1> <Delay = 0.94> <FuncUnit> <Opcode : 'add' 'sub'> <InPorts = 2> <OutPorts = 1>
ST_4 : Operation 146 [1/1] (1.36ns)   --->   "%add_ln703_12 = add i13 %trunc_ln703_16, %trunc_ln703_2" [firmware/nnet_utils/nnet_dense_resource.h:59->firmware/nnet_utils/nnet_dense.h:65->firmware/nnet_utils/nnet_dense_stream.h:20]   --->   Operation 146 'add' 'add_ln703_12' <Predicate = true> <Delay = 1.36> <Core = "AddSub">   --->   Core 14 'AddSub' <Latency = 0> <II = 1> <Delay = 0.94> <FuncUnit> <Opcode : 'add' 'sub'> <InPorts = 2> <OutPorts = 1>
ST_4 : Operation 147 [1/1] (0.00ns)   --->   "%sext_ln1118_7 = sext i8 %tmp_12 to i16" [firmware/nnet_utils/nnet_mult.h:73->firmware/nnet_utils/nnet_dense_resource.h:59->firmware/nnet_utils/nnet_dense.h:65->firmware/nnet_utils/nnet_dense_stream.h:20]   --->   Operation 147 'sext' 'sext_ln1118_7' <Predicate = true> <Delay = 0.00>
ST_4 : Operation 148 [1/1] (2.44ns)   --->   "%mul_ln1118_11 = mul i16 %zext_ln1116, %sext_ln1118_7" [firmware/nnet_utils/nnet_mult.h:73->firmware/nnet_utils/nnet_dense_resource.h:59->firmware/nnet_utils/nnet_dense.h:65->firmware/nnet_utils/nnet_dense_stream.h:20]   --->   Operation 148 'mul' 'mul_ln1118_11' <Predicate = true> <Delay = 2.44> <Core = "Mul">   --->   Core 16 'Mul' <Latency = 0> <II = 1> <Delay = 2.44> <FuncUnit> <Opcode : 'mul'> <InPorts = 2> <OutPorts = 1>
ST_4 : Operation 149 [1/1] (0.00ns)   --->   "%trunc_ln708_22 = call i15 @_ssdm_op_PartSelect.i15.i16.i32.i32(i16 %mul_ln1118_11, i32 1, i32 15)" [firmware/nnet_utils/nnet_dense_resource.h:59->firmware/nnet_utils/nnet_dense.h:65->firmware/nnet_utils/nnet_dense_stream.h:20]   --->   Operation 149 'partselect' 'trunc_ln708_22' <Predicate = true> <Delay = 0.00>
ST_4 : Operation 150 [1/1] (0.00ns)   --->   "%sext_ln708_11 = sext i15 %trunc_ln708_22 to i16" [firmware/nnet_utils/nnet_dense_resource.h:59->firmware/nnet_utils/nnet_dense.h:65->firmware/nnet_utils/nnet_dense_stream.h:20]   --->   Operation 150 'sext' 'sext_ln708_11' <Predicate = true> <Delay = 0.00>
ST_4 : Operation 151 [1/1] (0.00ns)   --->   "%trunc_ln703_3 = call i13 @_ssdm_op_PartSelect.i13.i16.i32.i32(i16 %mul_ln1118_11, i32 1, i32 13)" [firmware/nnet_utils/nnet_dense_resource.h:59->firmware/nnet_utils/nnet_dense.h:65->firmware/nnet_utils/nnet_dense_stream.h:20]   --->   Operation 151 'partselect' 'trunc_ln703_3' <Predicate = true> <Delay = 0.00>
ST_4 : Operation 152 [1/1] (0.00ns)   --->   "%trunc_ln703_18 = trunc i16 %acc_V_7_012 to i13" [firmware/nnet_utils/nnet_dense_resource.h:59->firmware/nnet_utils/nnet_dense.h:65->firmware/nnet_utils/nnet_dense_stream.h:20]   --->   Operation 152 'trunc' 'trunc_ln703_18' <Predicate = true> <Delay = 0.00>
ST_4 : Operation 153 [1/1] (1.41ns)   --->   "%acc_7_V = add i16 %acc_V_7_012, %sext_ln708_11" [firmware/nnet_utils/nnet_dense_resource.h:59->firmware/nnet_utils/nnet_dense.h:65->firmware/nnet_utils/nnet_dense_stream.h:20]   --->   Operation 153 'add' 'acc_7_V' <Predicate = true> <Delay = 1.41> <Core = "AddSub">   --->   Core 14 'AddSub' <Latency = 0> <II = 1> <Delay = 0.94> <FuncUnit> <Opcode : 'add' 'sub'> <InPorts = 2> <OutPorts = 1>
ST_4 : Operation 154 [1/1] (1.36ns)   --->   "%add_ln703_13 = add i13 %trunc_ln703_18, %trunc_ln703_3" [firmware/nnet_utils/nnet_dense_resource.h:59->firmware/nnet_utils/nnet_dense.h:65->firmware/nnet_utils/nnet_dense_stream.h:20]   --->   Operation 154 'add' 'add_ln703_13' <Predicate = true> <Delay = 1.36> <Core = "AddSub">   --->   Core 14 'AddSub' <Latency = 0> <II = 1> <Delay = 0.94> <FuncUnit> <Opcode : 'add' 'sub'> <InPorts = 2> <OutPorts = 1>
ST_4 : Operation 155 [1/1] (0.00ns)   --->   "%sext_ln1118_8 = sext i8 %tmp_13 to i16" [firmware/nnet_utils/nnet_mult.h:73->firmware/nnet_utils/nnet_dense_resource.h:59->firmware/nnet_utils/nnet_dense.h:65->firmware/nnet_utils/nnet_dense_stream.h:20]   --->   Operation 155 'sext' 'sext_ln1118_8' <Predicate = true> <Delay = 0.00>
ST_4 : Operation 156 [1/1] (2.44ns)   --->   "%mul_ln1118_12 = mul i16 %zext_ln1116, %sext_ln1118_8" [firmware/nnet_utils/nnet_mult.h:73->firmware/nnet_utils/nnet_dense_resource.h:59->firmware/nnet_utils/nnet_dense.h:65->firmware/nnet_utils/nnet_dense_stream.h:20]   --->   Operation 156 'mul' 'mul_ln1118_12' <Predicate = true> <Delay = 2.44> <Core = "Mul">   --->   Core 16 'Mul' <Latency = 0> <II = 1> <Delay = 2.44> <FuncUnit> <Opcode : 'mul'> <InPorts = 2> <OutPorts = 1>
ST_4 : Operation 157 [1/1] (0.00ns)   --->   "%trunc_ln708_23 = call i15 @_ssdm_op_PartSelect.i15.i16.i32.i32(i16 %mul_ln1118_12, i32 1, i32 15)" [firmware/nnet_utils/nnet_dense_resource.h:59->firmware/nnet_utils/nnet_dense.h:65->firmware/nnet_utils/nnet_dense_stream.h:20]   --->   Operation 157 'partselect' 'trunc_ln708_23' <Predicate = true> <Delay = 0.00>
ST_4 : Operation 158 [1/1] (0.00ns)   --->   "%sext_ln708_12 = sext i15 %trunc_ln708_23 to i16" [firmware/nnet_utils/nnet_dense_resource.h:59->firmware/nnet_utils/nnet_dense.h:65->firmware/nnet_utils/nnet_dense_stream.h:20]   --->   Operation 158 'sext' 'sext_ln708_12' <Predicate = true> <Delay = 0.00>
ST_4 : Operation 159 [1/1] (0.00ns)   --->   "%trunc_ln703_4 = call i13 @_ssdm_op_PartSelect.i13.i16.i32.i32(i16 %mul_ln1118_12, i32 1, i32 13)" [firmware/nnet_utils/nnet_dense_resource.h:59->firmware/nnet_utils/nnet_dense.h:65->firmware/nnet_utils/nnet_dense_stream.h:20]   --->   Operation 159 'partselect' 'trunc_ln703_4' <Predicate = true> <Delay = 0.00>
ST_4 : Operation 160 [1/1] (0.00ns)   --->   "%trunc_ln703_19 = trunc i16 %acc_V_8_013 to i13" [firmware/nnet_utils/nnet_dense_resource.h:59->firmware/nnet_utils/nnet_dense.h:65->firmware/nnet_utils/nnet_dense_stream.h:20]   --->   Operation 160 'trunc' 'trunc_ln703_19' <Predicate = true> <Delay = 0.00>
ST_4 : Operation 161 [1/1] (1.41ns)   --->   "%acc_8_V = add i16 %acc_V_8_013, %sext_ln708_12" [firmware/nnet_utils/nnet_dense_resource.h:59->firmware/nnet_utils/nnet_dense.h:65->firmware/nnet_utils/nnet_dense_stream.h:20]   --->   Operation 161 'add' 'acc_8_V' <Predicate = true> <Delay = 1.41> <Core = "AddSub">   --->   Core 14 'AddSub' <Latency = 0> <II = 1> <Delay = 0.94> <FuncUnit> <Opcode : 'add' 'sub'> <InPorts = 2> <OutPorts = 1>
ST_4 : Operation 162 [1/1] (1.36ns)   --->   "%add_ln703_14 = add i13 %trunc_ln703_19, %trunc_ln703_4" [firmware/nnet_utils/nnet_dense_resource.h:59->firmware/nnet_utils/nnet_dense.h:65->firmware/nnet_utils/nnet_dense_stream.h:20]   --->   Operation 162 'add' 'add_ln703_14' <Predicate = true> <Delay = 1.36> <Core = "AddSub">   --->   Core 14 'AddSub' <Latency = 0> <II = 1> <Delay = 0.94> <FuncUnit> <Opcode : 'add' 'sub'> <InPorts = 2> <OutPorts = 1>
ST_4 : Operation 163 [1/1] (0.00ns)   --->   "%zext_ln1118 = zext i8 %tmp_14 to i14" [firmware/nnet_utils/nnet_mult.h:73->firmware/nnet_utils/nnet_dense_resource.h:59->firmware/nnet_utils/nnet_dense.h:65->firmware/nnet_utils/nnet_dense_stream.h:20]   --->   Operation 163 'zext' 'zext_ln1118' <Predicate = true> <Delay = 0.00>
ST_4 : Operation 164 [1/1] (0.00ns)   --->   "%sext_ln1118_9 = sext i6 %tmp_15 to i14" [firmware/nnet_utils/nnet_mult.h:73->firmware/nnet_utils/nnet_dense_resource.h:59->firmware/nnet_utils/nnet_dense.h:65->firmware/nnet_utils/nnet_dense_stream.h:20]   --->   Operation 164 'sext' 'sext_ln1118_9' <Predicate = true> <Delay = 0.00>
ST_4 : Operation 165 [1/1] (2.44ns)   --->   "%mul_ln1118_13 = mul i14 %sext_ln1118_9, %zext_ln1118" [firmware/nnet_utils/nnet_mult.h:73->firmware/nnet_utils/nnet_dense_resource.h:59->firmware/nnet_utils/nnet_dense.h:65->firmware/nnet_utils/nnet_dense_stream.h:20]   --->   Operation 165 'mul' 'mul_ln1118_13' <Predicate = true> <Delay = 2.44> <Core = "Mul">   --->   Core 16 'Mul' <Latency = 0> <II = 1> <Delay = 2.44> <FuncUnit> <Opcode : 'mul'> <InPorts = 2> <OutPorts = 1>
ST_4 : Operation 166 [1/1] (0.00ns)   --->   "%trunc_ln708_24 = call i13 @_ssdm_op_PartSelect.i13.i14.i32.i32(i14 %mul_ln1118_13, i32 1, i32 13)" [firmware/nnet_utils/nnet_dense_resource.h:59->firmware/nnet_utils/nnet_dense.h:65->firmware/nnet_utils/nnet_dense_stream.h:20]   --->   Operation 166 'partselect' 'trunc_ln708_24' <Predicate = true> <Delay = 0.00>
ST_4 : Operation 167 [1/1] (0.00ns)   --->   "%sext_ln708_13 = sext i13 %trunc_ln708_24 to i16" [firmware/nnet_utils/nnet_dense_resource.h:59->firmware/nnet_utils/nnet_dense.h:65->firmware/nnet_utils/nnet_dense_stream.h:20]   --->   Operation 167 'sext' 'sext_ln708_13' <Predicate = true> <Delay = 0.00>
ST_4 : Operation 168 [1/1] (0.00ns)   --->   "%trunc_ln703_20 = trunc i16 %acc_V_9_014 to i13" [firmware/nnet_utils/nnet_dense_resource.h:59->firmware/nnet_utils/nnet_dense.h:65->firmware/nnet_utils/nnet_dense_stream.h:20]   --->   Operation 168 'trunc' 'trunc_ln703_20' <Predicate = true> <Delay = 0.00>
ST_4 : Operation 169 [1/1] (1.41ns)   --->   "%acc_9_V = add i16 %acc_V_9_014, %sext_ln708_13" [firmware/nnet_utils/nnet_dense_resource.h:59->firmware/nnet_utils/nnet_dense.h:65->firmware/nnet_utils/nnet_dense_stream.h:20]   --->   Operation 169 'add' 'acc_9_V' <Predicate = true> <Delay = 1.41> <Core = "AddSub">   --->   Core 14 'AddSub' <Latency = 0> <II = 1> <Delay = 0.94> <FuncUnit> <Opcode : 'add' 'sub'> <InPorts = 2> <OutPorts = 1>
ST_4 : Operation 170 [1/1] (1.36ns)   --->   "%add_ln703_15 = add i13 %trunc_ln703_20, %trunc_ln708_24" [firmware/nnet_utils/nnet_dense_resource.h:59->firmware/nnet_utils/nnet_dense.h:65->firmware/nnet_utils/nnet_dense_stream.h:20]   --->   Operation 170 'add' 'add_ln703_15' <Predicate = true> <Delay = 1.36> <Core = "AddSub">   --->   Core 14 'AddSub' <Latency = 0> <II = 1> <Delay = 0.94> <FuncUnit> <Opcode : 'add' 'sub'> <InPorts = 2> <OutPorts = 1>
ST_4 : Operation 171 [1/1] (0.00ns)   --->   "%empty = call i32 (...)* @_ssdm_op_SpecRegionEnd([10 x i8]* @p_str52, i32 %tmp_s)" [firmware/nnet_utils/nnet_dense_resource.h:76->firmware/nnet_utils/nnet_dense.h:65->firmware/nnet_utils/nnet_dense_stream.h:20]   --->   Operation 171 'specregionend' 'empty' <Predicate = true> <Delay = 0.00>
ST_4 : Operation 172 [1/1] (0.00ns)   --->   "%trunc_ln4 = call i8 @_ssdm_op_PartSelect.i8.i13.i32.i32(i13 %add_ln703_6, i32 5, i32 12)" [firmware/nnet_utils/nnet_dense_resource.h:46->firmware/nnet_utils/nnet_dense.h:65->firmware/nnet_utils/nnet_dense_stream.h:20]   --->   Operation 172 'partselect' 'trunc_ln4' <Predicate = true> <Delay = 0.00>
ST_4 : Operation 173 [1/1] (0.00ns)   --->   "%trunc_ln46_5 = call i8 @_ssdm_op_PartSelect.i8.i13.i32.i32(i13 %add_ln703_7, i32 5, i32 12)" [firmware/nnet_utils/nnet_dense_resource.h:46->firmware/nnet_utils/nnet_dense.h:65->firmware/nnet_utils/nnet_dense_stream.h:20]   --->   Operation 173 'partselect' 'trunc_ln46_5' <Predicate = true> <Delay = 0.00>
ST_4 : Operation 174 [1/1] (0.00ns)   --->   "%trunc_ln46_6 = call i8 @_ssdm_op_PartSelect.i8.i13.i32.i32(i13 %add_ln703_8, i32 5, i32 12)" [firmware/nnet_utils/nnet_dense_resource.h:46->firmware/nnet_utils/nnet_dense.h:65->firmware/nnet_utils/nnet_dense_stream.h:20]   --->   Operation 174 'partselect' 'trunc_ln46_6' <Predicate = true> <Delay = 0.00>
ST_4 : Operation 175 [1/1] (0.00ns)   --->   "%trunc_ln46_7 = call i8 @_ssdm_op_PartSelect.i8.i13.i32.i32(i13 %add_ln703_9, i32 5, i32 12)" [firmware/nnet_utils/nnet_dense_resource.h:46->firmware/nnet_utils/nnet_dense.h:65->firmware/nnet_utils/nnet_dense_stream.h:20]   --->   Operation 175 'partselect' 'trunc_ln46_7' <Predicate = true> <Delay = 0.00>
ST_4 : Operation 176 [1/1] (0.00ns)   --->   "%trunc_ln46_8 = call i8 @_ssdm_op_PartSelect.i8.i13.i32.i32(i13 %add_ln703_10, i32 5, i32 12)" [firmware/nnet_utils/nnet_dense_resource.h:46->firmware/nnet_utils/nnet_dense.h:65->firmware/nnet_utils/nnet_dense_stream.h:20]   --->   Operation 176 'partselect' 'trunc_ln46_8' <Predicate = true> <Delay = 0.00>
ST_4 : Operation 177 [1/1] (0.00ns)   --->   "%trunc_ln46_9 = call i8 @_ssdm_op_PartSelect.i8.i13.i32.i32(i13 %add_ln703_11, i32 5, i32 12)" [firmware/nnet_utils/nnet_dense_resource.h:46->firmware/nnet_utils/nnet_dense.h:65->firmware/nnet_utils/nnet_dense_stream.h:20]   --->   Operation 177 'partselect' 'trunc_ln46_9' <Predicate = true> <Delay = 0.00>
ST_4 : Operation 178 [1/1] (0.00ns)   --->   "%trunc_ln46_s = call i8 @_ssdm_op_PartSelect.i8.i13.i32.i32(i13 %add_ln703_12, i32 5, i32 12)" [firmware/nnet_utils/nnet_dense_resource.h:46->firmware/nnet_utils/nnet_dense.h:65->firmware/nnet_utils/nnet_dense_stream.h:20]   --->   Operation 178 'partselect' 'trunc_ln46_s' <Predicate = true> <Delay = 0.00>
ST_4 : Operation 179 [1/1] (0.00ns)   --->   "%trunc_ln46_1 = call i8 @_ssdm_op_PartSelect.i8.i13.i32.i32(i13 %add_ln703_13, i32 5, i32 12)" [firmware/nnet_utils/nnet_dense_resource.h:46->firmware/nnet_utils/nnet_dense.h:65->firmware/nnet_utils/nnet_dense_stream.h:20]   --->   Operation 179 'partselect' 'trunc_ln46_1' <Predicate = true> <Delay = 0.00>
ST_4 : Operation 180 [1/1] (0.00ns)   --->   "%trunc_ln46_2 = call i8 @_ssdm_op_PartSelect.i8.i13.i32.i32(i13 %add_ln703_14, i32 5, i32 12)" [firmware/nnet_utils/nnet_dense_resource.h:46->firmware/nnet_utils/nnet_dense.h:65->firmware/nnet_utils/nnet_dense_stream.h:20]   --->   Operation 180 'partselect' 'trunc_ln46_2' <Predicate = true> <Delay = 0.00>
ST_4 : Operation 181 [1/1] (0.00ns)   --->   "%trunc_ln46_3 = call i8 @_ssdm_op_PartSelect.i8.i13.i32.i32(i13 %add_ln703_15, i32 5, i32 12)" [firmware/nnet_utils/nnet_dense_resource.h:46->firmware/nnet_utils/nnet_dense.h:65->firmware/nnet_utils/nnet_dense_stream.h:20]   --->   Operation 181 'partselect' 'trunc_ln46_3' <Predicate = true> <Delay = 0.00>
ST_4 : Operation 182 [1/1] (0.00ns)   --->   "%empty_229 = call i32 (...)* @_ssdm_op_SpecLoopTripCount(i64 15, i64 15, i64 15)"   --->   Operation 182 'speclooptripcount' 'empty_229' <Predicate = true> <Delay = 0.00>
ST_4 : Operation 183 [1/1] (0.00ns)   --->   "%mrv = insertvalue { i8, i8, i8, i8, i8, i8, i8, i8, i8, i8 } undef, i8 %trunc_ln4, 0" [firmware/nnet_utils/nnet_dense_stream.h:21]   --->   Operation 183 'insertvalue' 'mrv' <Predicate = (icmp_ln46)> <Delay = 0.00>
ST_4 : Operation 184 [1/1] (0.00ns)   --->   "%mrv_1 = insertvalue { i8, i8, i8, i8, i8, i8, i8, i8, i8, i8 } %mrv, i8 %trunc_ln46_5, 1" [firmware/nnet_utils/nnet_dense_stream.h:21]   --->   Operation 184 'insertvalue' 'mrv_1' <Predicate = (icmp_ln46)> <Delay = 0.00>
ST_4 : Operation 185 [1/1] (0.00ns)   --->   "%mrv_2 = insertvalue { i8, i8, i8, i8, i8, i8, i8, i8, i8, i8 } %mrv_1, i8 %trunc_ln46_6, 2" [firmware/nnet_utils/nnet_dense_stream.h:21]   --->   Operation 185 'insertvalue' 'mrv_2' <Predicate = (icmp_ln46)> <Delay = 0.00>
ST_4 : Operation 186 [1/1] (0.00ns)   --->   "%mrv_3 = insertvalue { i8, i8, i8, i8, i8, i8, i8, i8, i8, i8 } %mrv_2, i8 %trunc_ln46_7, 3" [firmware/nnet_utils/nnet_dense_stream.h:21]   --->   Operation 186 'insertvalue' 'mrv_3' <Predicate = (icmp_ln46)> <Delay = 0.00>
ST_4 : Operation 187 [1/1] (0.00ns)   --->   "%mrv_4 = insertvalue { i8, i8, i8, i8, i8, i8, i8, i8, i8, i8 } %mrv_3, i8 %trunc_ln46_8, 4" [firmware/nnet_utils/nnet_dense_stream.h:21]   --->   Operation 187 'insertvalue' 'mrv_4' <Predicate = (icmp_ln46)> <Delay = 0.00>
ST_4 : Operation 188 [1/1] (0.00ns)   --->   "%mrv_5 = insertvalue { i8, i8, i8, i8, i8, i8, i8, i8, i8, i8 } %mrv_4, i8 %trunc_ln46_9, 5" [firmware/nnet_utils/nnet_dense_stream.h:21]   --->   Operation 188 'insertvalue' 'mrv_5' <Predicate = (icmp_ln46)> <Delay = 0.00>
ST_4 : Operation 189 [1/1] (0.00ns)   --->   "%mrv_6 = insertvalue { i8, i8, i8, i8, i8, i8, i8, i8, i8, i8 } %mrv_5, i8 %trunc_ln46_s, 6" [firmware/nnet_utils/nnet_dense_stream.h:21]   --->   Operation 189 'insertvalue' 'mrv_6' <Predicate = (icmp_ln46)> <Delay = 0.00>
ST_4 : Operation 190 [1/1] (0.00ns)   --->   "%mrv_7 = insertvalue { i8, i8, i8, i8, i8, i8, i8, i8, i8, i8 } %mrv_6, i8 %trunc_ln46_1, 7" [firmware/nnet_utils/nnet_dense_stream.h:21]   --->   Operation 190 'insertvalue' 'mrv_7' <Predicate = (icmp_ln46)> <Delay = 0.00>
ST_4 : Operation 191 [1/1] (0.00ns)   --->   "%mrv_8 = insertvalue { i8, i8, i8, i8, i8, i8, i8, i8, i8, i8 } %mrv_7, i8 %trunc_ln46_2, 8" [firmware/nnet_utils/nnet_dense_stream.h:21]   --->   Operation 191 'insertvalue' 'mrv_8' <Predicate = (icmp_ln46)> <Delay = 0.00>
ST_4 : Operation 192 [1/1] (0.00ns)   --->   "%mrv_9 = insertvalue { i8, i8, i8, i8, i8, i8, i8, i8, i8, i8 } %mrv_8, i8 %trunc_ln46_3, 9" [firmware/nnet_utils/nnet_dense_stream.h:21]   --->   Operation 192 'insertvalue' 'mrv_9' <Predicate = (icmp_ln46)> <Delay = 0.00>
ST_4 : Operation 193 [1/1] (0.00ns)   --->   "call void (...)* @_ssdm_op_Return({ i8, i8, i8, i8, i8, i8, i8, i8, i8, i8 } %mrv_9)" [firmware/nnet_utils/nnet_dense_stream.h:21]   --->   Operation 193 'return' <Predicate = (icmp_ln46)> <Delay = 0.00>


============================================================
+ Verbose Summary: Binding
============================================================
STG Binding: 
---------------- STG Properties BEGIN ----------------
- Is combinational: 0
- Is one-state seq: 0
- Is datapath-only: 0
- Is pipelined: 0
- Is top level: 0
Port [ Return ] is wired: 1; IO mode=ap_ctrl_hs:ce=0
Port [ data_0_V_read]:  wired=1; compound=0; hidden=0; nouse=0; global=0; static=0; extern=0; dir=0; type=0; pingpong=0; private_global=0; IO mode=ap_none:ce=0
Port [ data_1_V_read]:  wired=1; compound=0; hidden=0; nouse=0; global=0; static=0; extern=0; dir=0; type=0; pingpong=0; private_global=0; IO mode=ap_none:ce=0
Port [ data_2_V_read]:  wired=1; compound=0; hidden=0; nouse=0; global=0; static=0; extern=0; dir=0; type=0; pingpong=0; private_global=0; IO mode=ap_none:ce=0
Port [ data_3_V_read]:  wired=1; compound=0; hidden=0; nouse=0; global=0; static=0; extern=0; dir=0; type=0; pingpong=0; private_global=0; IO mode=ap_none:ce=0
Port [ data_4_V_read]:  wired=1; compound=0; hidden=0; nouse=0; global=0; static=0; extern=0; dir=0; type=0; pingpong=0; private_global=0; IO mode=ap_none:ce=0
Port [ data_5_V_read]:  wired=1; compound=0; hidden=0; nouse=0; global=0; static=0; extern=0; dir=0; type=0; pingpong=0; private_global=0; IO mode=ap_none:ce=0
Port [ data_6_V_read]:  wired=1; compound=0; hidden=0; nouse=0; global=0; static=0; extern=0; dir=0; type=0; pingpong=0; private_global=0; IO mode=ap_none:ce=0
Port [ data_7_V_read]:  wired=1; compound=0; hidden=0; nouse=0; global=0; static=0; extern=0; dir=0; type=0; pingpong=0; private_global=0; IO mode=ap_none:ce=0
Port [ data_8_V_read]:  wired=1; compound=0; hidden=0; nouse=0; global=0; static=0; extern=0; dir=0; type=0; pingpong=0; private_global=0; IO mode=ap_none:ce=0
Port [ data_9_V_read]:  wired=1; compound=0; hidden=0; nouse=0; global=0; static=0; extern=0; dir=0; type=0; pingpong=0; private_global=0; IO mode=ap_none:ce=0
Port [ data_10_V_read]:  wired=1; compound=0; hidden=0; nouse=0; global=0; static=0; extern=0; dir=0; type=0; pingpong=0; private_global=0; IO mode=ap_none:ce=0
Port [ data_11_V_read]:  wired=1; compound=0; hidden=0; nouse=0; global=0; static=0; extern=0; dir=0; type=0; pingpong=0; private_global=0; IO mode=ap_none:ce=0
Port [ data_12_V_read]:  wired=1; compound=0; hidden=0; nouse=0; global=0; static=0; extern=0; dir=0; type=0; pingpong=0; private_global=0; IO mode=ap_none:ce=0
Port [ data_13_V_read]:  wired=1; compound=0; hidden=0; nouse=0; global=0; static=0; extern=0; dir=0; type=0; pingpong=0; private_global=0; IO mode=ap_none:ce=0
Port [ data_14_V_read]:  wired=1; compound=0; hidden=0; nouse=0; global=0; static=0; extern=0; dir=0; type=0; pingpong=0; private_global=0; IO mode=ap_none:ce=0
Port [ w18_V]:  wired=0; compound=1; hidden=1; nouse=0; global=1; static=0; extern=0; dir=0; type=1; pingpong=0; private_global=1; linkage=0; visibility=0; MemPort=[1]; IO mode=ap_memory:ce=0
---------------- STG Properties END ------------------

---------------- Datapath Model BEGIN ----------------

<LifeTime>
<method=bitvector/>
tmp                     (specregionbegin  ) [ 00111]
br_ln46                 (br               ) [ 01111]
do_init                 (phi              ) [ 00111]
w_index25               (phi              ) [ 00111]
data_14_V_read_1        (read             ) [ 00111]
data_13_V_read_1        (read             ) [ 00111]
data_12_V_read_1        (read             ) [ 00111]
data_11_V_read_1        (read             ) [ 00111]
data_10_V_read_1        (read             ) [ 00111]
data_9_V_read_2         (read             ) [ 00111]
data_8_V_read_2         (read             ) [ 00111]
data_7_V_read_2         (read             ) [ 00111]
data_6_V_read_2         (read             ) [ 00111]
data_5_V_read31         (read             ) [ 00111]
data_4_V_read_2         (read             ) [ 00111]
data_3_V_read_2         (read             ) [ 00111]
data_2_V_read_2         (read             ) [ 00111]
data_1_V_read_2         (read             ) [ 00111]
data_0_V_read_2         (read             ) [ 00111]
specmemcore_ln0         (specmemcore      ) [ 00000]
empty_230               (specregionend    ) [ 00000]
br_ln46                 (br               ) [ 00111]
zext_ln59               (zext             ) [ 00000]
w18_V_addr              (getelementptr    ) [ 00110]
w_index                 (add              ) [ 01111]
icmp_ln46               (icmp             ) [ 00111]
br_ln46                 (br               ) [ 01111]
br_ln21                 (br               ) [ 01111]
data_0_V_read26_rewind  (phi              ) [ 00110]
data_1_V_read27_rewind  (phi              ) [ 00110]
data_2_V_read28_rewind  (phi              ) [ 00110]
data_3_V_read29_rewind  (phi              ) [ 00110]
data_4_V_read30_rewind  (phi              ) [ 00110]
data_5_V_read31_rewind  (phi              ) [ 00110]
data_6_V_read32_rewind  (phi              ) [ 00110]
data_7_V_read33_rewind  (phi              ) [ 00110]
data_8_V_read34_rewind  (phi              ) [ 00110]
data_9_V_read35_rewind  (phi              ) [ 00110]
data_10_V_read36_rewind (phi              ) [ 00110]
data_11_V_read37_rewind (phi              ) [ 00110]
data_12_V_read38_rewind (phi              ) [ 00110]
data_13_V_read39_rewind (phi              ) [ 00110]
data_14_V_read40_rewind (phi              ) [ 00110]
br_ln0                  (br               ) [ 00000]
data_0_V_read26_phi     (phi              ) [ 01111]
data_1_V_read27_phi     (phi              ) [ 01111]
data_2_V_read28_phi     (phi              ) [ 01111]
data_3_V_read29_phi     (phi              ) [ 01111]
data_4_V_read30_phi     (phi              ) [ 01111]
data_5_V_read31_phi     (phi              ) [ 01111]
data_6_V_read32_phi     (phi              ) [ 01111]
data_7_V_read33_phi     (phi              ) [ 01111]
data_8_V_read34_phi     (phi              ) [ 01111]
data_9_V_read35_phi     (phi              ) [ 01111]
data_10_V_read36_phi    (phi              ) [ 01111]
data_11_V_read37_phi    (phi              ) [ 01111]
data_12_V_read38_phi    (phi              ) [ 01111]
data_13_V_read39_phi    (phi              ) [ 01111]
data_14_V_read40_phi    (phi              ) [ 01111]
tmp_14                  (mux              ) [ 00101]
w18_V_load              (load             ) [ 00000]
trunc_ln59              (trunc            ) [ 00101]
tmp_6                   (partselect       ) [ 00101]
tmp_7                   (partselect       ) [ 00101]
tmp_8                   (partselect       ) [ 00101]
tmp_9                   (partselect       ) [ 00101]
tmp_10                  (partselect       ) [ 00101]
tmp_11                  (partselect       ) [ 00101]
tmp_12                  (partselect       ) [ 00101]
tmp_13                  (partselect       ) [ 00101]
tmp_15                  (partselect       ) [ 00101]
acc_V_9_014             (phi              ) [ 00111]
acc_V_8_013             (phi              ) [ 00111]
acc_V_7_012             (phi              ) [ 00111]
acc_V_6_011             (phi              ) [ 00111]
acc_V_5_010             (phi              ) [ 00111]
acc_V_4_09              (phi              ) [ 00111]
acc_V_3_08              (phi              ) [ 00111]
acc_V_2_07              (phi              ) [ 00111]
acc_V_1_06              (phi              ) [ 00111]
acc_V_0_05              (phi              ) [ 00111]
specloopname_ln46       (specloopname     ) [ 00000]
tmp_s                   (specregionbegin  ) [ 00000]
specpipeline_ln47       (specpipeline     ) [ 00000]
zext_ln1116             (zext             ) [ 00000]
sext_ln1118             (sext             ) [ 00000]
mul_ln1118              (mul              ) [ 00000]
trunc_ln                (partselect       ) [ 00000]
sext_ln708              (sext             ) [ 00000]
trunc_ln703_s           (partselect       ) [ 00000]
trunc_ln703             (trunc            ) [ 00000]
acc_0_V                 (add              ) [ 01111]
add_ln703_6             (add              ) [ 00000]
sext_ln1118_1           (sext             ) [ 00000]
mul_ln1118_5            (mul              ) [ 00000]
trunc_ln708_s           (partselect       ) [ 00000]
sext_ln708_5            (sext             ) [ 00000]
trunc_ln3               (partselect       ) [ 00000]
trunc_ln703_6           (trunc            ) [ 00000]
acc_1_V                 (add              ) [ 01111]
add_ln703_7             (add              ) [ 00000]
sext_ln1118_2           (sext             ) [ 00000]
mul_ln1118_6            (mul              ) [ 00000]
trunc_ln708_17          (partselect       ) [ 00000]
sext_ln708_6            (sext             ) [ 00000]
trunc_ln703_5           (partselect       ) [ 00000]
trunc_ln703_8           (trunc            ) [ 00000]
acc_2_V                 (add              ) [ 01111]
add_ln703_8             (add              ) [ 00000]
sext_ln1118_3           (sext             ) [ 00000]
mul_ln1118_7            (mul              ) [ 00000]
trunc_ln708_18          (partselect       ) [ 00000]
sext_ln708_7            (sext             ) [ 00000]
trunc_ln703_7           (partselect       ) [ 00000]
trunc_ln703_10          (trunc            ) [ 00000]
acc_3_V                 (add              ) [ 01111]
add_ln703_9             (add              ) [ 00000]
sext_ln1118_4           (sext             ) [ 00000]
mul_ln1118_8            (mul              ) [ 00000]
trunc_ln708_19          (partselect       ) [ 00000]
sext_ln708_8            (sext             ) [ 00000]
trunc_ln703_9           (partselect       ) [ 00000]
trunc_ln703_12          (trunc            ) [ 00000]
acc_4_V                 (add              ) [ 01111]
add_ln703_10            (add              ) [ 00000]
sext_ln1118_5           (sext             ) [ 00000]
mul_ln1118_9            (mul              ) [ 00000]
trunc_ln708_20          (partselect       ) [ 00000]
sext_ln708_9            (sext             ) [ 00000]
trunc_ln703_1           (partselect       ) [ 00000]
trunc_ln703_14          (trunc            ) [ 00000]
acc_5_V                 (add              ) [ 01111]
add_ln703_11            (add              ) [ 00000]
sext_ln1118_6           (sext             ) [ 00000]
mul_ln1118_10           (mul              ) [ 00000]
trunc_ln708_21          (partselect       ) [ 00000]
sext_ln708_10           (sext             ) [ 00000]
trunc_ln703_2           (partselect       ) [ 00000]
trunc_ln703_16          (trunc            ) [ 00000]
acc_6_V                 (add              ) [ 01111]
add_ln703_12            (add              ) [ 00000]
sext_ln1118_7           (sext             ) [ 00000]
mul_ln1118_11           (mul              ) [ 00000]
trunc_ln708_22          (partselect       ) [ 00000]
sext_ln708_11           (sext             ) [ 00000]
trunc_ln703_3           (partselect       ) [ 00000]
trunc_ln703_18          (trunc            ) [ 00000]
acc_7_V                 (add              ) [ 01111]
add_ln703_13            (add              ) [ 00000]
sext_ln1118_8           (sext             ) [ 00000]
mul_ln1118_12           (mul              ) [ 00000]
trunc_ln708_23          (partselect       ) [ 00000]
sext_ln708_12           (sext             ) [ 00000]
trunc_ln703_4           (partselect       ) [ 00000]
trunc_ln703_19          (trunc            ) [ 00000]
acc_8_V                 (add              ) [ 01111]
add_ln703_14            (add              ) [ 00000]
zext_ln1118             (zext             ) [ 00000]
sext_ln1118_9           (sext             ) [ 00000]
mul_ln1118_13           (mul              ) [ 00000]
trunc_ln708_24          (partselect       ) [ 00000]
sext_ln708_13           (sext             ) [ 00000]
trunc_ln703_20          (trunc            ) [ 00000]
acc_9_V                 (add              ) [ 01111]
add_ln703_15            (add              ) [ 00000]
empty                   (specregionend    ) [ 00000]
trunc_ln4               (partselect       ) [ 00000]
trunc_ln46_5            (partselect       ) [ 00000]
trunc_ln46_6            (partselect       ) [ 00000]
trunc_ln46_7            (partselect       ) [ 00000]
trunc_ln46_8            (partselect       ) [ 00000]
trunc_ln46_9            (partselect       ) [ 00000]
trunc_ln46_s            (partselect       ) [ 00000]
trunc_ln46_1            (partselect       ) [ 00000]
trunc_ln46_2            (partselect       ) [ 00000]
trunc_ln46_3            (partselect       ) [ 00000]
empty_229               (speclooptripcount) [ 00000]
mrv                     (insertvalue      ) [ 00000]
mrv_1                   (insertvalue      ) [ 00000]
mrv_2                   (insertvalue      ) [ 00000]
mrv_3                   (insertvalue      ) [ 00000]
mrv_4                   (insertvalue      ) [ 00000]
mrv_5                   (insertvalue      ) [ 00000]
mrv_6                   (insertvalue      ) [ 00000]
mrv_7                   (insertvalue      ) [ 00000]
mrv_8                   (insertvalue      ) [ 00000]
mrv_9                   (insertvalue      ) [ 00000]
return_ln21             (return           ) [ 00000]
</LifeTime>

<model>

<comp_list>
<comp id="0" class="1000" name="data_0_V_read">
<pin_list>
<pin id="1" dir="1" index="0" bw="1" slack="0"/>
</pin_list>
<bind>
<StgValue><ssdm name="data_0_V_read"/></StgValue>
</bind>
</comp>

<comp id="2" class="1000" name="data_1_V_read">
<pin_list>
<pin id="3" dir="1" index="0" bw="1" slack="0"/>
</pin_list>
<bind>
<StgValue><ssdm name="data_1_V_read"/></StgValue>
</bind>
</comp>

<comp id="4" class="1000" name="data_2_V_read">
<pin_list>
<pin id="5" dir="1" index="0" bw="1" slack="0"/>
</pin_list>
<bind>
<StgValue><ssdm name="data_2_V_read"/></StgValue>
</bind>
</comp>

<comp id="6" class="1000" name="data_3_V_read">
<pin_list>
<pin id="7" dir="1" index="0" bw="1" slack="0"/>
</pin_list>
<bind>
<StgValue><ssdm name="data_3_V_read"/></StgValue>
</bind>
</comp>

<comp id="8" class="1000" name="data_4_V_read">
<pin_list>
<pin id="9" dir="1" index="0" bw="1" slack="0"/>
</pin_list>
<bind>
<StgValue><ssdm name="data_4_V_read"/></StgValue>
</bind>
</comp>

<comp id="10" class="1000" name="data_5_V_read">
<pin_list>
<pin id="11" dir="1" index="0" bw="1" slack="0"/>
</pin_list>
<bind>
<StgValue><ssdm name="data_5_V_read"/></StgValue>
</bind>
</comp>

<comp id="12" class="1000" name="data_6_V_read">
<pin_list>
<pin id="13" dir="1" index="0" bw="1" slack="0"/>
</pin_list>
<bind>
<StgValue><ssdm name="data_6_V_read"/></StgValue>
</bind>
</comp>

<comp id="14" class="1000" name="data_7_V_read">
<pin_list>
<pin id="15" dir="1" index="0" bw="1" slack="0"/>
</pin_list>
<bind>
<StgValue><ssdm name="data_7_V_read"/></StgValue>
</bind>
</comp>

<comp id="16" class="1000" name="data_8_V_read">
<pin_list>
<pin id="17" dir="1" index="0" bw="1" slack="0"/>
</pin_list>
<bind>
<StgValue><ssdm name="data_8_V_read"/></StgValue>
</bind>
</comp>

<comp id="18" class="1000" name="data_9_V_read">
<pin_list>
<pin id="19" dir="1" index="0" bw="1" slack="0"/>
</pin_list>
<bind>
<StgValue><ssdm name="data_9_V_read"/></StgValue>
</bind>
</comp>

<comp id="20" class="1000" name="data_10_V_read">
<pin_list>
<pin id="21" dir="1" index="0" bw="1" slack="0"/>
</pin_list>
<bind>
<StgValue><ssdm name="data_10_V_read"/></StgValue>
</bind>
</comp>

<comp id="22" class="1000" name="data_11_V_read">
<pin_list>
<pin id="23" dir="1" index="0" bw="1" slack="0"/>
</pin_list>
<bind>
<StgValue><ssdm name="data_11_V_read"/></StgValue>
</bind>
</comp>

<comp id="24" class="1000" name="data_12_V_read">
<pin_list>
<pin id="25" dir="1" index="0" bw="1" slack="0"/>
</pin_list>
<bind>
<StgValue><ssdm name="data_12_V_read"/></StgValue>
</bind>
</comp>

<comp id="26" class="1000" name="data_13_V_read">
<pin_list>
<pin id="27" dir="1" index="0" bw="1" slack="0"/>
</pin_list>
<bind>
<StgValue><ssdm name="data_13_V_read"/></StgValue>
</bind>
</comp>

<comp id="28" class="1000" name="data_14_V_read">
<pin_list>
<pin id="29" dir="1" index="0" bw="1" slack="0"/>
</pin_list>
<bind>
<StgValue><ssdm name="data_14_V_read"/></StgValue>
</bind>
</comp>

<comp id="30" class="1000" name="w18_V">
<pin_list>
<pin id="31" dir="1" index="0" bw="1" slack="0"/>
</pin_list>
<bind>
<StgValue><ssdm name="w18_V"/><MemPortTyVec>1 </MemPortTyVec>
</StgValue>
</bind>
</comp>

<comp id="32" class="1001" name="const_32">
<pin_list>
<pin id="33" dir="1" index="0" bw="1" slack="2147483647"/>
</pin_list>
<bind>
<StgValue><ssdm name="_ssdm_op_SpecRegionBegin"/></StgValue>
</bind>
</comp>

<comp id="34" class="1001" name="const_34">
<pin_list>
<pin id="35" dir="1" index="0" bw="1" slack="2147483647"/>
</pin_list>
<bind>
<StgValue><ssdm name="p_str60"/></StgValue>
</bind>
</comp>

<comp id="36" class="1001" name="const_36">
<pin_list>
<pin id="37" dir="1" index="0" bw="1" slack="0"/>
</pin_list>
<bind>
<StgValue><ssdm name=""/></StgValue>
</bind>
</comp>

<comp id="38" class="1001" name="const_38">
<pin_list>
<pin id="39" dir="1" index="0" bw="1" slack="0"/>
</pin_list>
<bind>
<StgValue><ssdm name=""/></StgValue>
</bind>
</comp>

<comp id="40" class="1001" name="const_40">
<pin_list>
<pin id="41" dir="1" index="0" bw="1" slack="0"/>
</pin_list>
<bind>
<StgValue><ssdm name=""/></StgValue>
</bind>
</comp>

<comp id="42" class="1001" name="const_42">
<pin_list>
<pin id="43" dir="1" index="0" bw="1" slack="0"/>
</pin_list>
<bind>
<StgValue><ssdm name="_ssdm_op_Read.ap_auto.i8"/></StgValue>
</bind>
</comp>

<comp id="44" class="1001" name="const_44">
<pin_list>
<pin id="45" dir="1" index="0" bw="1" slack="2147483647"/>
</pin_list>
<bind>
<StgValue><ssdm name="_ssdm_op_SpecMemCore"/></StgValue>
</bind>
</comp>

<comp id="46" class="1001" name="const_46">
<pin_list>
<pin id="47" dir="1" index="0" bw="1" slack="2147483647"/>
</pin_list>
<bind>
<StgValue><ssdm name="p_str17"/></StgValue>
</bind>
</comp>

<comp id="48" class="1001" name="const_48">
<pin_list>
<pin id="49" dir="1" index="0" bw="1" slack="2147483647"/>
</pin_list>
<bind>
<StgValue><ssdm name="p_str50"/></StgValue>
</bind>
</comp>

<comp id="50" class="1001" name="const_50">
<pin_list>
<pin id="51" dir="1" index="0" bw="1" slack="2147483647"/>
</pin_list>
<bind>
<StgValue><ssdm name=""/></StgValue>
</bind>
</comp>

<comp id="52" class="1001" name="const_52">
<pin_list>
<pin id="53" dir="1" index="0" bw="1" slack="2147483647"/>
</pin_list>
<bind>
<StgValue><ssdm name="_ssdm_op_SpecRegionEnd"/></StgValue>
</bind>
</comp>

<comp id="54" class="1001" name="const_54">
<pin_list>
<pin id="55" dir="1" index="0" bw="1" slack="0"/>
</pin_list>
<bind>
<StgValue><ssdm name=""/></StgValue>
</bind>
</comp>

<comp id="56" class="1001" name="const_56">
<pin_list>
<pin id="57" dir="1" index="0" bw="1" slack="0"/>
</pin_list>
<bind>
<StgValue><ssdm name=""/></StgValue>
</bind>
</comp>

<comp id="58" class="1001" name="const_58">
<pin_list>
<pin id="59" dir="1" index="0" bw="1" slack="0"/>
</pin_list>
<bind>
<StgValue><ssdm name=""/></StgValue>
</bind>
</comp>

<comp id="60" class="1001" name="const_60">
<pin_list>
<pin id="61" dir="1" index="0" bw="1" slack="1"/>
</pin_list>
<bind>
<StgValue><ssdm name=""/></StgValue>
</bind>
</comp>

<comp id="62" class="1001" name="const_62">
<pin_list>
<pin id="63" dir="1" index="0" bw="1" slack="0"/>
</pin_list>
<bind>
<StgValue><ssdm name="_ssdm_op_Mux.ap_auto.15i8.i4"/></StgValue>
</bind>
</comp>

<comp id="64" class="1001" name="const_64">
<pin_list>
<pin id="65" dir="1" index="0" bw="1" slack="0"/>
</pin_list>
<bind>
<StgValue><ssdm name="_ssdm_op_PartSelect.i8.i78.i32.i32"/></StgValue>
</bind>
</comp>

<comp id="66" class="1001" name="const_66">
<pin_list>
<pin id="67" dir="1" index="0" bw="1" slack="0"/>
</pin_list>
<bind>
<StgValue><ssdm name=""/></StgValue>
</bind>
</comp>

<comp id="68" class="1001" name="const_68">
<pin_list>
<pin id="69" dir="1" index="0" bw="1" slack="0"/>
</pin_list>
<bind>
<StgValue><ssdm name=""/></StgValue>
</bind>
</comp>

<comp id="70" class="1001" name="const_70">
<pin_list>
<pin id="71" dir="1" index="0" bw="1" slack="0"/>
</pin_list>
<bind>
<StgValue><ssdm name=""/></StgValue>
</bind>
</comp>

<comp id="72" class="1001" name="const_72">
<pin_list>
<pin id="73" dir="1" index="0" bw="1" slack="0"/>
</pin_list>
<bind>
<StgValue><ssdm name=""/></StgValue>
</bind>
</comp>

<comp id="74" class="1001" name="const_74">
<pin_list>
<pin id="75" dir="1" index="0" bw="1" slack="0"/>
</pin_list>
<bind>
<StgValue><ssdm name=""/></StgValue>
</bind>
</comp>

<comp id="76" class="1001" name="const_76">
<pin_list>
<pin id="77" dir="1" index="0" bw="1" slack="0"/>
</pin_list>
<bind>
<StgValue><ssdm name=""/></StgValue>
</bind>
</comp>

<comp id="78" class="1001" name="const_78">
<pin_list>
<pin id="79" dir="1" index="0" bw="1" slack="0"/>
</pin_list>
<bind>
<StgValue><ssdm name=""/></StgValue>
</bind>
</comp>

<comp id="80" class="1001" name="const_80">
<pin_list>
<pin id="81" dir="1" index="0" bw="1" slack="0"/>
</pin_list>
<bind>
<StgValue><ssdm name=""/></StgValue>
</bind>
</comp>

<comp id="82" class="1001" name="const_82">
<pin_list>
<pin id="83" dir="1" index="0" bw="1" slack="0"/>
</pin_list>
<bind>
<StgValue><ssdm name=""/></StgValue>
</bind>
</comp>

<comp id="84" class="1001" name="const_84">
<pin_list>
<pin id="85" dir="1" index="0" bw="1" slack="0"/>
</pin_list>
<bind>
<StgValue><ssdm name=""/></StgValue>
</bind>
</comp>

<comp id="86" class="1001" name="const_86">
<pin_list>
<pin id="87" dir="1" index="0" bw="1" slack="0"/>
</pin_list>
<bind>
<StgValue><ssdm name=""/></StgValue>
</bind>
</comp>

<comp id="88" class="1001" name="const_88">
<pin_list>
<pin id="89" dir="1" index="0" bw="1" slack="0"/>
</pin_list>
<bind>
<StgValue><ssdm name=""/></StgValue>
</bind>
</comp>

<comp id="90" class="1001" name="const_90">
<pin_list>
<pin id="91" dir="1" index="0" bw="1" slack="0"/>
</pin_list>
<bind>
<StgValue><ssdm name=""/></StgValue>
</bind>
</comp>

<comp id="92" class="1001" name="const_92">
<pin_list>
<pin id="93" dir="1" index="0" bw="1" slack="0"/>
</pin_list>
<bind>
<StgValue><ssdm name=""/></StgValue>
</bind>
</comp>

<comp id="94" class="1001" name="const_94">
<pin_list>
<pin id="95" dir="1" index="0" bw="1" slack="0"/>
</pin_list>
<bind>
<StgValue><ssdm name=""/></StgValue>
</bind>
</comp>

<comp id="96" class="1001" name="const_96">
<pin_list>
<pin id="97" dir="1" index="0" bw="1" slack="0"/>
</pin_list>
<bind>
<StgValue><ssdm name=""/></StgValue>
</bind>
</comp>

<comp id="98" class="1001" name="const_98">
<pin_list>
<pin id="99" dir="1" index="0" bw="1" slack="0"/>
</pin_list>
<bind>
<StgValue><ssdm name="_ssdm_op_PartSelect.i6.i78.i32.i32"/></StgValue>
</bind>
</comp>

<comp id="100" class="1001" name="const_100">
<pin_list>
<pin id="101" dir="1" index="0" bw="1" slack="0"/>
</pin_list>
<bind>
<StgValue><ssdm name=""/></StgValue>
</bind>
</comp>

<comp id="102" class="1001" name="const_102">
<pin_list>
<pin id="103" dir="1" index="0" bw="1" slack="0"/>
</pin_list>
<bind>
<StgValue><ssdm name=""/></StgValue>
</bind>
</comp>

<comp id="104" class="1001" name="const_104">
<pin_list>
<pin id="105" dir="1" index="0" bw="1" slack="2"/>
</pin_list>
<bind>
<StgValue><ssdm name=""/></StgValue>
</bind>
</comp>

<comp id="106" class="1001" name="const_106">
<pin_list>
<pin id="107" dir="1" index="0" bw="1" slack="2"/>
</pin_list>
<bind>
<StgValue><ssdm name=""/></StgValue>
</bind>
</comp>

<comp id="108" class="1001" name="const_108">
<pin_list>
<pin id="109" dir="1" index="0" bw="1" slack="2"/>
</pin_list>
<bind>
<StgValue><ssdm name=""/></StgValue>
</bind>
</comp>

<comp id="110" class="1001" name="const_110">
<pin_list>
<pin id="111" dir="1" index="0" bw="1" slack="2"/>
</pin_list>
<bind>
<StgValue><ssdm name=""/></StgValue>
</bind>
</comp>

<comp id="112" class="1001" name="const_112">
<pin_list>
<pin id="113" dir="1" index="0" bw="1" slack="2"/>
</pin_list>
<bind>
<StgValue><ssdm name=""/></StgValue>
</bind>
</comp>

<comp id="114" class="1001" name="const_114">
<pin_list>
<pin id="115" dir="1" index="0" bw="1" slack="2147483647"/>
</pin_list>
<bind>
<StgValue><ssdm name="_ssdm_op_SpecLoopName"/></StgValue>
</bind>
</comp>

<comp id="116" class="1001" name="const_116">
<pin_list>
<pin id="117" dir="1" index="0" bw="1" slack="2147483647"/>
</pin_list>
<bind>
<StgValue><ssdm name="p_str52"/></StgValue>
</bind>
</comp>

<comp id="118" class="1001" name="const_118">
<pin_list>
<pin id="119" dir="1" index="0" bw="1" slack="2147483647"/>
</pin_list>
<bind>
<StgValue><ssdm name="_ssdm_op_SpecPipeline"/></StgValue>
</bind>
</comp>

<comp id="120" class="1001" name="const_120">
<pin_list>
<pin id="121" dir="1" index="0" bw="1" slack="0"/>
</pin_list>
<bind>
<StgValue><ssdm name=""/></StgValue>
</bind>
</comp>

<comp id="122" class="1001" name="const_122">
<pin_list>
<pin id="123" dir="1" index="0" bw="1" slack="2147483647"/>
</pin_list>
<bind>
<StgValue><ssdm name=""/></StgValue>
</bind>
</comp>

<comp id="124" class="1001" name="const_124">
<pin_list>
<pin id="125" dir="1" index="0" bw="1" slack="0"/>
</pin_list>
<bind>
<StgValue><ssdm name="_ssdm_op_PartSelect.i15.i16.i32.i32"/></StgValue>
</bind>
</comp>

<comp id="126" class="1001" name="const_126">
<pin_list>
<pin id="127" dir="1" index="0" bw="1" slack="0"/>
</pin_list>
<bind>
<StgValue><ssdm name="_ssdm_op_PartSelect.i13.i16.i32.i32"/></StgValue>
</bind>
</comp>

<comp id="128" class="1001" name="const_128">
<pin_list>
<pin id="129" dir="1" index="0" bw="1" slack="0"/>
</pin_list>
<bind>
<StgValue><ssdm name=""/></StgValue>
</bind>
</comp>

<comp id="130" class="1001" name="const_130">
<pin_list>
<pin id="131" dir="1" index="0" bw="1" slack="0"/>
</pin_list>
<bind>
<StgValue><ssdm name="_ssdm_op_PartSelect.i13.i14.i32.i32"/></StgValue>
</bind>
</comp>

<comp id="132" class="1001" name="const_132">
<pin_list>
<pin id="133" dir="1" index="0" bw="1" slack="0"/>
</pin_list>
<bind>
<StgValue><ssdm name="_ssdm_op_PartSelect.i8.i13.i32.i32"/></StgValue>
</bind>
</comp>

<comp id="134" class="1001" name="const_134">
<pin_list>
<pin id="135" dir="1" index="0" bw="1" slack="0"/>
</pin_list>
<bind>
<StgValue><ssdm name=""/></StgValue>
</bind>
</comp>

<comp id="136" class="1001" name="const_136">
<pin_list>
<pin id="137" dir="1" index="0" bw="1" slack="0"/>
</pin_list>
<bind>
<StgValue><ssdm name=""/></StgValue>
</bind>
</comp>

<comp id="138" class="1001" name="const_138">
<pin_list>
<pin id="139" dir="1" index="0" bw="1" slack="2147483647"/>
</pin_list>
<bind>
<StgValue><ssdm name="_ssdm_op_SpecLoopTripCount"/></StgValue>
</bind>
</comp>

<comp id="140" class="1001" name="const_140">
<pin_list>
<pin id="141" dir="1" index="0" bw="1" slack="2147483647"/>
</pin_list>
<bind>
<StgValue><ssdm name=""/></StgValue>
</bind>
</comp>

<comp id="142" class="1001" name="const_142">
<pin_list>
<pin id="143" dir="1" index="0" bw="1" slack="0"/>
</pin_list>
<bind>
<StgValue><ssdm name=""/></StgValue>
</bind>
</comp>

<comp id="144" class="1004" name="data_14_V_read_1_read_fu_144">
<pin_list>
<pin id="145" dir="0" index="0" bw="8" slack="0"/>
<pin id="146" dir="0" index="1" bw="8" slack="0"/>
<pin id="147" dir="1" index="2" bw="8" slack="1"/>
</pin_list>
<bind>
<opcode="read(1150) " fcode="read"/>
<opset="data_14_V_read_1/2 "/>
</bind>
</comp>

<comp id="150" class="1004" name="data_13_V_read_1_read_fu_150">
<pin_list>
<pin id="151" dir="0" index="0" bw="8" slack="0"/>
<pin id="152" dir="0" index="1" bw="8" slack="0"/>
<pin id="153" dir="1" index="2" bw="8" slack="1"/>
</pin_list>
<bind>
<opcode="read(1150) " fcode="read"/>
<opset="data_13_V_read_1/2 "/>
</bind>
</comp>

<comp id="156" class="1004" name="data_12_V_read_1_read_fu_156">
<pin_list>
<pin id="157" dir="0" index="0" bw="8" slack="0"/>
<pin id="158" dir="0" index="1" bw="8" slack="0"/>
<pin id="159" dir="1" index="2" bw="8" slack="1"/>
</pin_list>
<bind>
<opcode="read(1150) " fcode="read"/>
<opset="data_12_V_read_1/2 "/>
</bind>
</comp>

<comp id="162" class="1004" name="data_11_V_read_1_read_fu_162">
<pin_list>
<pin id="163" dir="0" index="0" bw="8" slack="0"/>
<pin id="164" dir="0" index="1" bw="8" slack="0"/>
<pin id="165" dir="1" index="2" bw="8" slack="1"/>
</pin_list>
<bind>
<opcode="read(1150) " fcode="read"/>
<opset="data_11_V_read_1/2 "/>
</bind>
</comp>

<comp id="168" class="1004" name="data_10_V_read_1_read_fu_168">
<pin_list>
<pin id="169" dir="0" index="0" bw="8" slack="0"/>
<pin id="170" dir="0" index="1" bw="8" slack="0"/>
<pin id="171" dir="1" index="2" bw="8" slack="1"/>
</pin_list>
<bind>
<opcode="read(1150) " fcode="read"/>
<opset="data_10_V_read_1/2 "/>
</bind>
</comp>

<comp id="174" class="1004" name="data_9_V_read_2_read_fu_174">
<pin_list>
<pin id="175" dir="0" index="0" bw="8" slack="0"/>
<pin id="176" dir="0" index="1" bw="8" slack="0"/>
<pin id="177" dir="1" index="2" bw="8" slack="1"/>
</pin_list>
<bind>
<opcode="read(1150) " fcode="read"/>
<opset="data_9_V_read_2/2 "/>
</bind>
</comp>

<comp id="180" class="1004" name="data_8_V_read_2_read_fu_180">
<pin_list>
<pin id="181" dir="0" index="0" bw="8" slack="0"/>
<pin id="182" dir="0" index="1" bw="8" slack="0"/>
<pin id="183" dir="1" index="2" bw="8" slack="1"/>
</pin_list>
<bind>
<opcode="read(1150) " fcode="read"/>
<opset="data_8_V_read_2/2 "/>
</bind>
</comp>

<comp id="186" class="1004" name="data_7_V_read_2_read_fu_186">
<pin_list>
<pin id="187" dir="0" index="0" bw="8" slack="0"/>
<pin id="188" dir="0" index="1" bw="8" slack="0"/>
<pin id="189" dir="1" index="2" bw="8" slack="1"/>
</pin_list>
<bind>
<opcode="read(1150) " fcode="read"/>
<opset="data_7_V_read_2/2 "/>
</bind>
</comp>

<comp id="192" class="1004" name="data_6_V_read_2_read_fu_192">
<pin_list>
<pin id="193" dir="0" index="0" bw="8" slack="0"/>
<pin id="194" dir="0" index="1" bw="8" slack="0"/>
<pin id="195" dir="1" index="2" bw="8" slack="1"/>
</pin_list>
<bind>
<opcode="read(1150) " fcode="read"/>
<opset="data_6_V_read_2/2 "/>
</bind>
</comp>

<comp id="198" class="1004" name="data_5_V_read31_read_fu_198">
<pin_list>
<pin id="199" dir="0" index="0" bw="8" slack="0"/>
<pin id="200" dir="0" index="1" bw="8" slack="0"/>
<pin id="201" dir="1" index="2" bw="8" slack="1"/>
</pin_list>
<bind>
<opcode="read(1150) " fcode="read"/>
<opset="data_5_V_read31/2 "/>
</bind>
</comp>

<comp id="204" class="1004" name="data_4_V_read_2_read_fu_204">
<pin_list>
<pin id="205" dir="0" index="0" bw="8" slack="0"/>
<pin id="206" dir="0" index="1" bw="8" slack="0"/>
<pin id="207" dir="1" index="2" bw="8" slack="1"/>
</pin_list>
<bind>
<opcode="read(1150) " fcode="read"/>
<opset="data_4_V_read_2/2 "/>
</bind>
</comp>

<comp id="210" class="1004" name="data_3_V_read_2_read_fu_210">
<pin_list>
<pin id="211" dir="0" index="0" bw="8" slack="0"/>
<pin id="212" dir="0" index="1" bw="8" slack="0"/>
<pin id="213" dir="1" index="2" bw="8" slack="1"/>
</pin_list>
<bind>
<opcode="read(1150) " fcode="read"/>
<opset="data_3_V_read_2/2 "/>
</bind>
</comp>

<comp id="216" class="1004" name="data_2_V_read_2_read_fu_216">
<pin_list>
<pin id="217" dir="0" index="0" bw="8" slack="0"/>
<pin id="218" dir="0" index="1" bw="8" slack="0"/>
<pin id="219" dir="1" index="2" bw="8" slack="1"/>
</pin_list>
<bind>
<opcode="read(1150) " fcode="read"/>
<opset="data_2_V_read_2/2 "/>
</bind>
</comp>

<comp id="222" class="1004" name="data_1_V_read_2_read_fu_222">
<pin_list>
<pin id="223" dir="0" index="0" bw="8" slack="0"/>
<pin id="224" dir="0" index="1" bw="8" slack="0"/>
<pin id="225" dir="1" index="2" bw="8" slack="1"/>
</pin_list>
<bind>
<opcode="read(1150) " fcode="read"/>
<opset="data_1_V_read_2/2 "/>
</bind>
</comp>

<comp id="228" class="1004" name="data_0_V_read_2_read_fu_228">
<pin_list>
<pin id="229" dir="0" index="0" bw="8" slack="0"/>
<pin id="230" dir="0" index="1" bw="8" slack="0"/>
<pin id="231" dir="1" index="2" bw="8" slack="1"/>
</pin_list>
<bind>
<opcode="read(1150) " fcode="read"/>
<opset="data_0_V_read_2/2 "/>
</bind>
</comp>

<comp id="234" class="1004" name="w18_V_addr_gep_fu_234">
<pin_list>
<pin id="235" dir="0" index="0" bw="78" slack="0"/>
<pin id="236" dir="0" index="1" bw="1" slack="0"/>
<pin id="237" dir="0" index="2" bw="4" slack="0"/>
<pin id="238" dir="1" index="3" bw="4" slack="0"/>
</pin_list>
<bind>
<opcode="getelementptr(29) " fcode="getelementptr"/>
<opset="w18_V_addr/2 "/>
</bind>
</comp>

<comp id="241" class="1004" name="grp_access_fu_241">
<pin_list>
<pin id="242" dir="0" index="0" bw="4" slack="0"/>
<pin id="243" dir="0" index="1" bw="78" slack="2147483647"/>
<pin id="244" dir="0" index="2" bw="0" slack="2147483647"/>
<pin id="245" dir="1" index="3" bw="78" slack="0"/>
</pin_list>
<bind>
<opcode="load(27) " fcode="load"/>
<opset="w18_V_load/2 "/>
</bind>
</comp>

<comp id="247" class="1005" name="do_init_reg_247">
<pin_list>
<pin id="248" dir="0" index="0" bw="1" slack="1"/>
<pin id="249" dir="1" index="1" bw="1" slack="1"/>
</pin_list>
<bind>
<opset="do_init (phireg) "/>
</bind>
</comp>

<comp id="251" class="1004" name="do_init_phi_fu_251">
<pin_list>
<pin id="252" dir="0" index="0" bw="1" slack="1"/>
<pin id="253" dir="0" index="1" bw="0" slack="2147483647"/>
<pin id="254" dir="0" index="2" bw="1" slack="0"/>
<pin id="255" dir="0" index="3" bw="0" slack="2147483647"/>
<pin id="256" dir="0" index="4" bw="1" slack="0"/>
<pin id="257" dir="0" index="5" bw="0" slack="2147483647"/>
<pin id="258" dir="1" index="6" bw="1" slack="1"/>
</pin_list>
<bind>
<opcode="phi(47) " fcode="phi"/>
<opset="do_init/2 "/>
</bind>
</comp>

<comp id="263" class="1005" name="w_index25_reg_263">
<pin_list>
<pin id="264" dir="0" index="0" bw="4" slack="1"/>
<pin id="265" dir="1" index="1" bw="4" slack="1"/>
</pin_list>
<bind>
<opset="w_index25 (phireg) "/>
</bind>
</comp>

<comp id="267" class="1004" name="w_index25_phi_fu_267">
<pin_list>
<pin id="268" dir="0" index="0" bw="1" slack="1"/>
<pin id="269" dir="0" index="1" bw="0" slack="2147483647"/>
<pin id="270" dir="0" index="2" bw="4" slack="0"/>
<pin id="271" dir="0" index="3" bw="0" slack="2147483647"/>
<pin id="272" dir="0" index="4" bw="1" slack="0"/>
<pin id="273" dir="0" index="5" bw="0" slack="2147483647"/>
<pin id="274" dir="1" index="6" bw="4" slack="0"/>
</pin_list>
<bind>
<opcode="phi(47) " fcode="phi"/>
<opset="w_index25/2 "/>
</bind>
</comp>

<comp id="278" class="1005" name="data_0_V_read26_rewind_reg_278">
<pin_list>
<pin id="279" dir="0" index="0" bw="8" slack="1"/>
<pin id="280" dir="1" index="1" bw="8" slack="1"/>
</pin_list>
<bind>
<opset="data_0_V_read26_rewind (phireg) "/>
</bind>
</comp>

<comp id="282" class="1004" name="data_0_V_read26_rewind_phi_fu_282">
<pin_list>
<pin id="283" dir="0" index="0" bw="1" slack="2"/>
<pin id="284" dir="0" index="1" bw="0" slack="2147483647"/>
<pin id="285" dir="0" index="2" bw="8" slack="0"/>
<pin id="286" dir="0" index="3" bw="0" slack="2147483647"/>
<pin id="287" dir="0" index="4" bw="1" slack="1"/>
<pin id="288" dir="0" index="5" bw="0" slack="2147483647"/>
<pin id="289" dir="1" index="6" bw="8" slack="0"/>
</pin_list>
<bind>
<opcode="phi(47) " fcode="phi"/>
<opset="data_0_V_read26_rewind/3 "/>
</bind>
</comp>

<comp id="292" class="1005" name="data_1_V_read27_rewind_reg_292">
<pin_list>
<pin id="293" dir="0" index="0" bw="8" slack="1"/>
<pin id="294" dir="1" index="1" bw="8" slack="1"/>
</pin_list>
<bind>
<opset="data_1_V_read27_rewind (phireg) "/>
</bind>
</comp>

<comp id="296" class="1004" name="data_1_V_read27_rewind_phi_fu_296">
<pin_list>
<pin id="297" dir="0" index="0" bw="1" slack="2"/>
<pin id="298" dir="0" index="1" bw="0" slack="2147483647"/>
<pin id="299" dir="0" index="2" bw="8" slack="0"/>
<pin id="300" dir="0" index="3" bw="0" slack="2147483647"/>
<pin id="301" dir="0" index="4" bw="1" slack="1"/>
<pin id="302" dir="0" index="5" bw="0" slack="2147483647"/>
<pin id="303" dir="1" index="6" bw="8" slack="0"/>
</pin_list>
<bind>
<opcode="phi(47) " fcode="phi"/>
<opset="data_1_V_read27_rewind/3 "/>
</bind>
</comp>

<comp id="306" class="1005" name="data_2_V_read28_rewind_reg_306">
<pin_list>
<pin id="307" dir="0" index="0" bw="8" slack="1"/>
<pin id="308" dir="1" index="1" bw="8" slack="1"/>
</pin_list>
<bind>
<opset="data_2_V_read28_rewind (phireg) "/>
</bind>
</comp>

<comp id="310" class="1004" name="data_2_V_read28_rewind_phi_fu_310">
<pin_list>
<pin id="311" dir="0" index="0" bw="1" slack="2"/>
<pin id="312" dir="0" index="1" bw="0" slack="2147483647"/>
<pin id="313" dir="0" index="2" bw="8" slack="0"/>
<pin id="314" dir="0" index="3" bw="0" slack="2147483647"/>
<pin id="315" dir="0" index="4" bw="1" slack="1"/>
<pin id="316" dir="0" index="5" bw="0" slack="2147483647"/>
<pin id="317" dir="1" index="6" bw="8" slack="0"/>
</pin_list>
<bind>
<opcode="phi(47) " fcode="phi"/>
<opset="data_2_V_read28_rewind/3 "/>
</bind>
</comp>

<comp id="320" class="1005" name="data_3_V_read29_rewind_reg_320">
<pin_list>
<pin id="321" dir="0" index="0" bw="8" slack="1"/>
<pin id="322" dir="1" index="1" bw="8" slack="1"/>
</pin_list>
<bind>
<opset="data_3_V_read29_rewind (phireg) "/>
</bind>
</comp>

<comp id="324" class="1004" name="data_3_V_read29_rewind_phi_fu_324">
<pin_list>
<pin id="325" dir="0" index="0" bw="1" slack="2"/>
<pin id="326" dir="0" index="1" bw="0" slack="2147483647"/>
<pin id="327" dir="0" index="2" bw="8" slack="0"/>
<pin id="328" dir="0" index="3" bw="0" slack="2147483647"/>
<pin id="329" dir="0" index="4" bw="1" slack="1"/>
<pin id="330" dir="0" index="5" bw="0" slack="2147483647"/>
<pin id="331" dir="1" index="6" bw="8" slack="0"/>
</pin_list>
<bind>
<opcode="phi(47) " fcode="phi"/>
<opset="data_3_V_read29_rewind/3 "/>
</bind>
</comp>

<comp id="334" class="1005" name="data_4_V_read30_rewind_reg_334">
<pin_list>
<pin id="335" dir="0" index="0" bw="8" slack="1"/>
<pin id="336" dir="1" index="1" bw="8" slack="1"/>
</pin_list>
<bind>
<opset="data_4_V_read30_rewind (phireg) "/>
</bind>
</comp>

<comp id="338" class="1004" name="data_4_V_read30_rewind_phi_fu_338">
<pin_list>
<pin id="339" dir="0" index="0" bw="1" slack="2"/>
<pin id="340" dir="0" index="1" bw="0" slack="2147483647"/>
<pin id="341" dir="0" index="2" bw="8" slack="0"/>
<pin id="342" dir="0" index="3" bw="0" slack="2147483647"/>
<pin id="343" dir="0" index="4" bw="1" slack="1"/>
<pin id="344" dir="0" index="5" bw="0" slack="2147483647"/>
<pin id="345" dir="1" index="6" bw="8" slack="0"/>
</pin_list>
<bind>
<opcode="phi(47) " fcode="phi"/>
<opset="data_4_V_read30_rewind/3 "/>
</bind>
</comp>

<comp id="348" class="1005" name="data_5_V_read31_rewind_reg_348">
<pin_list>
<pin id="349" dir="0" index="0" bw="8" slack="1"/>
<pin id="350" dir="1" index="1" bw="8" slack="1"/>
</pin_list>
<bind>
<opset="data_5_V_read31_rewind (phireg) "/>
</bind>
</comp>

<comp id="352" class="1004" name="data_5_V_read31_rewind_phi_fu_352">
<pin_list>
<pin id="353" dir="0" index="0" bw="1" slack="2"/>
<pin id="354" dir="0" index="1" bw="0" slack="2147483647"/>
<pin id="355" dir="0" index="2" bw="8" slack="0"/>
<pin id="356" dir="0" index="3" bw="0" slack="2147483647"/>
<pin id="357" dir="0" index="4" bw="1" slack="1"/>
<pin id="358" dir="0" index="5" bw="0" slack="2147483647"/>
<pin id="359" dir="1" index="6" bw="8" slack="0"/>
</pin_list>
<bind>
<opcode="phi(47) " fcode="phi"/>
<opset="data_5_V_read31_rewind/3 "/>
</bind>
</comp>

<comp id="362" class="1005" name="data_6_V_read32_rewind_reg_362">
<pin_list>
<pin id="363" dir="0" index="0" bw="8" slack="1"/>
<pin id="364" dir="1" index="1" bw="8" slack="1"/>
</pin_list>
<bind>
<opset="data_6_V_read32_rewind (phireg) "/>
</bind>
</comp>

<comp id="366" class="1004" name="data_6_V_read32_rewind_phi_fu_366">
<pin_list>
<pin id="367" dir="0" index="0" bw="1" slack="2"/>
<pin id="368" dir="0" index="1" bw="0" slack="2147483647"/>
<pin id="369" dir="0" index="2" bw="8" slack="0"/>
<pin id="370" dir="0" index="3" bw="0" slack="2147483647"/>
<pin id="371" dir="0" index="4" bw="1" slack="1"/>
<pin id="372" dir="0" index="5" bw="0" slack="2147483647"/>
<pin id="373" dir="1" index="6" bw="8" slack="0"/>
</pin_list>
<bind>
<opcode="phi(47) " fcode="phi"/>
<opset="data_6_V_read32_rewind/3 "/>
</bind>
</comp>

<comp id="376" class="1005" name="data_7_V_read33_rewind_reg_376">
<pin_list>
<pin id="377" dir="0" index="0" bw="8" slack="1"/>
<pin id="378" dir="1" index="1" bw="8" slack="1"/>
</pin_list>
<bind>
<opset="data_7_V_read33_rewind (phireg) "/>
</bind>
</comp>

<comp id="380" class="1004" name="data_7_V_read33_rewind_phi_fu_380">
<pin_list>
<pin id="381" dir="0" index="0" bw="1" slack="2"/>
<pin id="382" dir="0" index="1" bw="0" slack="2147483647"/>
<pin id="383" dir="0" index="2" bw="8" slack="0"/>
<pin id="384" dir="0" index="3" bw="0" slack="2147483647"/>
<pin id="385" dir="0" index="4" bw="1" slack="1"/>
<pin id="386" dir="0" index="5" bw="0" slack="2147483647"/>
<pin id="387" dir="1" index="6" bw="8" slack="0"/>
</pin_list>
<bind>
<opcode="phi(47) " fcode="phi"/>
<opset="data_7_V_read33_rewind/3 "/>
</bind>
</comp>

<comp id="390" class="1005" name="data_8_V_read34_rewind_reg_390">
<pin_list>
<pin id="391" dir="0" index="0" bw="8" slack="1"/>
<pin id="392" dir="1" index="1" bw="8" slack="1"/>
</pin_list>
<bind>
<opset="data_8_V_read34_rewind (phireg) "/>
</bind>
</comp>

<comp id="394" class="1004" name="data_8_V_read34_rewind_phi_fu_394">
<pin_list>
<pin id="395" dir="0" index="0" bw="1" slack="2"/>
<pin id="396" dir="0" index="1" bw="0" slack="2147483647"/>
<pin id="397" dir="0" index="2" bw="8" slack="0"/>
<pin id="398" dir="0" index="3" bw="0" slack="2147483647"/>
<pin id="399" dir="0" index="4" bw="1" slack="1"/>
<pin id="400" dir="0" index="5" bw="0" slack="2147483647"/>
<pin id="401" dir="1" index="6" bw="8" slack="0"/>
</pin_list>
<bind>
<opcode="phi(47) " fcode="phi"/>
<opset="data_8_V_read34_rewind/3 "/>
</bind>
</comp>

<comp id="404" class="1005" name="data_9_V_read35_rewind_reg_404">
<pin_list>
<pin id="405" dir="0" index="0" bw="8" slack="1"/>
<pin id="406" dir="1" index="1" bw="8" slack="1"/>
</pin_list>
<bind>
<opset="data_9_V_read35_rewind (phireg) "/>
</bind>
</comp>

<comp id="408" class="1004" name="data_9_V_read35_rewind_phi_fu_408">
<pin_list>
<pin id="409" dir="0" index="0" bw="1" slack="2"/>
<pin id="410" dir="0" index="1" bw="0" slack="2147483647"/>
<pin id="411" dir="0" index="2" bw="8" slack="0"/>
<pin id="412" dir="0" index="3" bw="0" slack="2147483647"/>
<pin id="413" dir="0" index="4" bw="1" slack="1"/>
<pin id="414" dir="0" index="5" bw="0" slack="2147483647"/>
<pin id="415" dir="1" index="6" bw="8" slack="0"/>
</pin_list>
<bind>
<opcode="phi(47) " fcode="phi"/>
<opset="data_9_V_read35_rewind/3 "/>
</bind>
</comp>

<comp id="418" class="1005" name="data_10_V_read36_rewind_reg_418">
<pin_list>
<pin id="419" dir="0" index="0" bw="8" slack="1"/>
<pin id="420" dir="1" index="1" bw="8" slack="1"/>
</pin_list>
<bind>
<opset="data_10_V_read36_rewind (phireg) "/>
</bind>
</comp>

<comp id="422" class="1004" name="data_10_V_read36_rewind_phi_fu_422">
<pin_list>
<pin id="423" dir="0" index="0" bw="1" slack="2"/>
<pin id="424" dir="0" index="1" bw="0" slack="2147483647"/>
<pin id="425" dir="0" index="2" bw="8" slack="0"/>
<pin id="426" dir="0" index="3" bw="0" slack="2147483647"/>
<pin id="427" dir="0" index="4" bw="1" slack="1"/>
<pin id="428" dir="0" index="5" bw="0" slack="2147483647"/>
<pin id="429" dir="1" index="6" bw="8" slack="0"/>
</pin_list>
<bind>
<opcode="phi(47) " fcode="phi"/>
<opset="data_10_V_read36_rewind/3 "/>
</bind>
</comp>

<comp id="432" class="1005" name="data_11_V_read37_rewind_reg_432">
<pin_list>
<pin id="433" dir="0" index="0" bw="8" slack="1"/>
<pin id="434" dir="1" index="1" bw="8" slack="1"/>
</pin_list>
<bind>
<opset="data_11_V_read37_rewind (phireg) "/>
</bind>
</comp>

<comp id="436" class="1004" name="data_11_V_read37_rewind_phi_fu_436">
<pin_list>
<pin id="437" dir="0" index="0" bw="1" slack="2"/>
<pin id="438" dir="0" index="1" bw="0" slack="2147483647"/>
<pin id="439" dir="0" index="2" bw="8" slack="0"/>
<pin id="440" dir="0" index="3" bw="0" slack="2147483647"/>
<pin id="441" dir="0" index="4" bw="1" slack="1"/>
<pin id="442" dir="0" index="5" bw="0" slack="2147483647"/>
<pin id="443" dir="1" index="6" bw="8" slack="0"/>
</pin_list>
<bind>
<opcode="phi(47) " fcode="phi"/>
<opset="data_11_V_read37_rewind/3 "/>
</bind>
</comp>

<comp id="446" class="1005" name="data_12_V_read38_rewind_reg_446">
<pin_list>
<pin id="447" dir="0" index="0" bw="8" slack="1"/>
<pin id="448" dir="1" index="1" bw="8" slack="1"/>
</pin_list>
<bind>
<opset="data_12_V_read38_rewind (phireg) "/>
</bind>
</comp>

<comp id="450" class="1004" name="data_12_V_read38_rewind_phi_fu_450">
<pin_list>
<pin id="451" dir="0" index="0" bw="1" slack="2"/>
<pin id="452" dir="0" index="1" bw="0" slack="2147483647"/>
<pin id="453" dir="0" index="2" bw="8" slack="0"/>
<pin id="454" dir="0" index="3" bw="0" slack="2147483647"/>
<pin id="455" dir="0" index="4" bw="1" slack="1"/>
<pin id="456" dir="0" index="5" bw="0" slack="2147483647"/>
<pin id="457" dir="1" index="6" bw="8" slack="0"/>
</pin_list>
<bind>
<opcode="phi(47) " fcode="phi"/>
<opset="data_12_V_read38_rewind/3 "/>
</bind>
</comp>

<comp id="460" class="1005" name="data_13_V_read39_rewind_reg_460">
<pin_list>
<pin id="461" dir="0" index="0" bw="8" slack="1"/>
<pin id="462" dir="1" index="1" bw="8" slack="1"/>
</pin_list>
<bind>
<opset="data_13_V_read39_rewind (phireg) "/>
</bind>
</comp>

<comp id="464" class="1004" name="data_13_V_read39_rewind_phi_fu_464">
<pin_list>
<pin id="465" dir="0" index="0" bw="1" slack="2"/>
<pin id="466" dir="0" index="1" bw="0" slack="2147483647"/>
<pin id="467" dir="0" index="2" bw="8" slack="0"/>
<pin id="468" dir="0" index="3" bw="0" slack="2147483647"/>
<pin id="469" dir="0" index="4" bw="1" slack="1"/>
<pin id="470" dir="0" index="5" bw="0" slack="2147483647"/>
<pin id="471" dir="1" index="6" bw="8" slack="0"/>
</pin_list>
<bind>
<opcode="phi(47) " fcode="phi"/>
<opset="data_13_V_read39_rewind/3 "/>
</bind>
</comp>

<comp id="474" class="1005" name="data_14_V_read40_rewind_reg_474">
<pin_list>
<pin id="475" dir="0" index="0" bw="8" slack="1"/>
<pin id="476" dir="1" index="1" bw="8" slack="1"/>
</pin_list>
<bind>
<opset="data_14_V_read40_rewind (phireg) "/>
</bind>
</comp>

<comp id="478" class="1004" name="data_14_V_read40_rewind_phi_fu_478">
<pin_list>
<pin id="479" dir="0" index="0" bw="1" slack="2"/>
<pin id="480" dir="0" index="1" bw="0" slack="2147483647"/>
<pin id="481" dir="0" index="2" bw="8" slack="0"/>
<pin id="482" dir="0" index="3" bw="0" slack="2147483647"/>
<pin id="483" dir="0" index="4" bw="1" slack="1"/>
<pin id="484" dir="0" index="5" bw="0" slack="2147483647"/>
<pin id="485" dir="1" index="6" bw="8" slack="0"/>
</pin_list>
<bind>
<opcode="phi(47) " fcode="phi"/>
<opset="data_14_V_read40_rewind/3 "/>
</bind>
</comp>

<comp id="488" class="1005" name="data_0_V_read26_phi_reg_488">
<pin_list>
<pin id="489" dir="0" index="0" bw="8" slack="0"/>
<pin id="490" dir="1" index="1" bw="8" slack="0"/>
</pin_list>
<bind>
<opset="data_0_V_read26_phi (phireg) "/>
</bind>
</comp>

<comp id="492" class="1004" name="data_0_V_read26_phi_phi_fu_492">
<pin_list>
<pin id="493" dir="0" index="0" bw="8" slack="1"/>
<pin id="494" dir="0" index="1" bw="0" slack="2147483647"/>
<pin id="495" dir="0" index="2" bw="8" slack="0"/>
<pin id="496" dir="0" index="3" bw="0" slack="2147483647"/>
<pin id="497" dir="1" index="4" bw="8" slack="0"/>
</pin_list>
<bind>
<opcode="phi(47) " fcode="phi"/>
<opset="data_0_V_read26_phi/3 "/>
</bind>
</comp>

<comp id="500" class="1005" name="data_1_V_read27_phi_reg_500">
<pin_list>
<pin id="501" dir="0" index="0" bw="8" slack="0"/>
<pin id="502" dir="1" index="1" bw="8" slack="0"/>
</pin_list>
<bind>
<opset="data_1_V_read27_phi (phireg) "/>
</bind>
</comp>

<comp id="504" class="1004" name="data_1_V_read27_phi_phi_fu_504">
<pin_list>
<pin id="505" dir="0" index="0" bw="8" slack="1"/>
<pin id="506" dir="0" index="1" bw="0" slack="2147483647"/>
<pin id="507" dir="0" index="2" bw="8" slack="0"/>
<pin id="508" dir="0" index="3" bw="0" slack="2147483647"/>
<pin id="509" dir="1" index="4" bw="8" slack="0"/>
</pin_list>
<bind>
<opcode="phi(47) " fcode="phi"/>
<opset="data_1_V_read27_phi/3 "/>
</bind>
</comp>

<comp id="512" class="1005" name="data_2_V_read28_phi_reg_512">
<pin_list>
<pin id="513" dir="0" index="0" bw="8" slack="0"/>
<pin id="514" dir="1" index="1" bw="8" slack="0"/>
</pin_list>
<bind>
<opset="data_2_V_read28_phi (phireg) "/>
</bind>
</comp>

<comp id="516" class="1004" name="data_2_V_read28_phi_phi_fu_516">
<pin_list>
<pin id="517" dir="0" index="0" bw="8" slack="1"/>
<pin id="518" dir="0" index="1" bw="0" slack="2147483647"/>
<pin id="519" dir="0" index="2" bw="8" slack="0"/>
<pin id="520" dir="0" index="3" bw="0" slack="2147483647"/>
<pin id="521" dir="1" index="4" bw="8" slack="0"/>
</pin_list>
<bind>
<opcode="phi(47) " fcode="phi"/>
<opset="data_2_V_read28_phi/3 "/>
</bind>
</comp>

<comp id="524" class="1005" name="data_3_V_read29_phi_reg_524">
<pin_list>
<pin id="525" dir="0" index="0" bw="8" slack="0"/>
<pin id="526" dir="1" index="1" bw="8" slack="0"/>
</pin_list>
<bind>
<opset="data_3_V_read29_phi (phireg) "/>
</bind>
</comp>

<comp id="528" class="1004" name="data_3_V_read29_phi_phi_fu_528">
<pin_list>
<pin id="529" dir="0" index="0" bw="8" slack="1"/>
<pin id="530" dir="0" index="1" bw="0" slack="2147483647"/>
<pin id="531" dir="0" index="2" bw="8" slack="0"/>
<pin id="532" dir="0" index="3" bw="0" slack="2147483647"/>
<pin id="533" dir="1" index="4" bw="8" slack="0"/>
</pin_list>
<bind>
<opcode="phi(47) " fcode="phi"/>
<opset="data_3_V_read29_phi/3 "/>
</bind>
</comp>

<comp id="536" class="1005" name="data_4_V_read30_phi_reg_536">
<pin_list>
<pin id="537" dir="0" index="0" bw="8" slack="0"/>
<pin id="538" dir="1" index="1" bw="8" slack="0"/>
</pin_list>
<bind>
<opset="data_4_V_read30_phi (phireg) "/>
</bind>
</comp>

<comp id="540" class="1004" name="data_4_V_read30_phi_phi_fu_540">
<pin_list>
<pin id="541" dir="0" index="0" bw="8" slack="1"/>
<pin id="542" dir="0" index="1" bw="0" slack="2147483647"/>
<pin id="543" dir="0" index="2" bw="8" slack="0"/>
<pin id="544" dir="0" index="3" bw="0" slack="2147483647"/>
<pin id="545" dir="1" index="4" bw="8" slack="0"/>
</pin_list>
<bind>
<opcode="phi(47) " fcode="phi"/>
<opset="data_4_V_read30_phi/3 "/>
</bind>
</comp>

<comp id="548" class="1005" name="data_5_V_read31_phi_reg_548">
<pin_list>
<pin id="549" dir="0" index="0" bw="8" slack="0"/>
<pin id="550" dir="1" index="1" bw="8" slack="0"/>
</pin_list>
<bind>
<opset="data_5_V_read31_phi (phireg) "/>
</bind>
</comp>

<comp id="552" class="1004" name="data_5_V_read31_phi_phi_fu_552">
<pin_list>
<pin id="553" dir="0" index="0" bw="8" slack="1"/>
<pin id="554" dir="0" index="1" bw="0" slack="2147483647"/>
<pin id="555" dir="0" index="2" bw="8" slack="0"/>
<pin id="556" dir="0" index="3" bw="0" slack="2147483647"/>
<pin id="557" dir="1" index="4" bw="8" slack="0"/>
</pin_list>
<bind>
<opcode="phi(47) " fcode="phi"/>
<opset="data_5_V_read31_phi/3 "/>
</bind>
</comp>

<comp id="560" class="1005" name="data_6_V_read32_phi_reg_560">
<pin_list>
<pin id="561" dir="0" index="0" bw="8" slack="0"/>
<pin id="562" dir="1" index="1" bw="8" slack="0"/>
</pin_list>
<bind>
<opset="data_6_V_read32_phi (phireg) "/>
</bind>
</comp>

<comp id="564" class="1004" name="data_6_V_read32_phi_phi_fu_564">
<pin_list>
<pin id="565" dir="0" index="0" bw="8" slack="1"/>
<pin id="566" dir="0" index="1" bw="0" slack="2147483647"/>
<pin id="567" dir="0" index="2" bw="8" slack="0"/>
<pin id="568" dir="0" index="3" bw="0" slack="2147483647"/>
<pin id="569" dir="1" index="4" bw="8" slack="0"/>
</pin_list>
<bind>
<opcode="phi(47) " fcode="phi"/>
<opset="data_6_V_read32_phi/3 "/>
</bind>
</comp>

<comp id="572" class="1005" name="data_7_V_read33_phi_reg_572">
<pin_list>
<pin id="573" dir="0" index="0" bw="8" slack="0"/>
<pin id="574" dir="1" index="1" bw="8" slack="0"/>
</pin_list>
<bind>
<opset="data_7_V_read33_phi (phireg) "/>
</bind>
</comp>

<comp id="576" class="1004" name="data_7_V_read33_phi_phi_fu_576">
<pin_list>
<pin id="577" dir="0" index="0" bw="8" slack="1"/>
<pin id="578" dir="0" index="1" bw="0" slack="2147483647"/>
<pin id="579" dir="0" index="2" bw="8" slack="0"/>
<pin id="580" dir="0" index="3" bw="0" slack="2147483647"/>
<pin id="581" dir="1" index="4" bw="8" slack="0"/>
</pin_list>
<bind>
<opcode="phi(47) " fcode="phi"/>
<opset="data_7_V_read33_phi/3 "/>
</bind>
</comp>

<comp id="584" class="1005" name="data_8_V_read34_phi_reg_584">
<pin_list>
<pin id="585" dir="0" index="0" bw="8" slack="0"/>
<pin id="586" dir="1" index="1" bw="8" slack="0"/>
</pin_list>
<bind>
<opset="data_8_V_read34_phi (phireg) "/>
</bind>
</comp>

<comp id="588" class="1004" name="data_8_V_read34_phi_phi_fu_588">
<pin_list>
<pin id="589" dir="0" index="0" bw="8" slack="1"/>
<pin id="590" dir="0" index="1" bw="0" slack="2147483647"/>
<pin id="591" dir="0" index="2" bw="8" slack="0"/>
<pin id="592" dir="0" index="3" bw="0" slack="2147483647"/>
<pin id="593" dir="1" index="4" bw="8" slack="0"/>
</pin_list>
<bind>
<opcode="phi(47) " fcode="phi"/>
<opset="data_8_V_read34_phi/3 "/>
</bind>
</comp>

<comp id="596" class="1005" name="data_9_V_read35_phi_reg_596">
<pin_list>
<pin id="597" dir="0" index="0" bw="8" slack="0"/>
<pin id="598" dir="1" index="1" bw="8" slack="0"/>
</pin_list>
<bind>
<opset="data_9_V_read35_phi (phireg) "/>
</bind>
</comp>

<comp id="600" class="1004" name="data_9_V_read35_phi_phi_fu_600">
<pin_list>
<pin id="601" dir="0" index="0" bw="8" slack="1"/>
<pin id="602" dir="0" index="1" bw="0" slack="2147483647"/>
<pin id="603" dir="0" index="2" bw="8" slack="0"/>
<pin id="604" dir="0" index="3" bw="0" slack="2147483647"/>
<pin id="605" dir="1" index="4" bw="8" slack="0"/>
</pin_list>
<bind>
<opcode="phi(47) " fcode="phi"/>
<opset="data_9_V_read35_phi/3 "/>
</bind>
</comp>

<comp id="608" class="1005" name="data_10_V_read36_phi_reg_608">
<pin_list>
<pin id="609" dir="0" index="0" bw="8" slack="0"/>
<pin id="610" dir="1" index="1" bw="8" slack="0"/>
</pin_list>
<bind>
<opset="data_10_V_read36_phi (phireg) "/>
</bind>
</comp>

<comp id="612" class="1004" name="data_10_V_read36_phi_phi_fu_612">
<pin_list>
<pin id="613" dir="0" index="0" bw="8" slack="1"/>
<pin id="614" dir="0" index="1" bw="0" slack="2147483647"/>
<pin id="615" dir="0" index="2" bw="8" slack="0"/>
<pin id="616" dir="0" index="3" bw="0" slack="2147483647"/>
<pin id="617" dir="1" index="4" bw="8" slack="0"/>
</pin_list>
<bind>
<opcode="phi(47) " fcode="phi"/>
<opset="data_10_V_read36_phi/3 "/>
</bind>
</comp>

<comp id="620" class="1005" name="data_11_V_read37_phi_reg_620">
<pin_list>
<pin id="621" dir="0" index="0" bw="8" slack="0"/>
<pin id="622" dir="1" index="1" bw="8" slack="0"/>
</pin_list>
<bind>
<opset="data_11_V_read37_phi (phireg) "/>
</bind>
</comp>

<comp id="624" class="1004" name="data_11_V_read37_phi_phi_fu_624">
<pin_list>
<pin id="625" dir="0" index="0" bw="8" slack="1"/>
<pin id="626" dir="0" index="1" bw="0" slack="2147483647"/>
<pin id="627" dir="0" index="2" bw="8" slack="0"/>
<pin id="628" dir="0" index="3" bw="0" slack="2147483647"/>
<pin id="629" dir="1" index="4" bw="8" slack="0"/>
</pin_list>
<bind>
<opcode="phi(47) " fcode="phi"/>
<opset="data_11_V_read37_phi/3 "/>
</bind>
</comp>

<comp id="632" class="1005" name="data_12_V_read38_phi_reg_632">
<pin_list>
<pin id="633" dir="0" index="0" bw="8" slack="0"/>
<pin id="634" dir="1" index="1" bw="8" slack="0"/>
</pin_list>
<bind>
<opset="data_12_V_read38_phi (phireg) "/>
</bind>
</comp>

<comp id="636" class="1004" name="data_12_V_read38_phi_phi_fu_636">
<pin_list>
<pin id="637" dir="0" index="0" bw="8" slack="1"/>
<pin id="638" dir="0" index="1" bw="0" slack="2147483647"/>
<pin id="639" dir="0" index="2" bw="8" slack="0"/>
<pin id="640" dir="0" index="3" bw="0" slack="2147483647"/>
<pin id="641" dir="1" index="4" bw="8" slack="0"/>
</pin_list>
<bind>
<opcode="phi(47) " fcode="phi"/>
<opset="data_12_V_read38_phi/3 "/>
</bind>
</comp>

<comp id="644" class="1005" name="data_13_V_read39_phi_reg_644">
<pin_list>
<pin id="645" dir="0" index="0" bw="8" slack="0"/>
<pin id="646" dir="1" index="1" bw="8" slack="0"/>
</pin_list>
<bind>
<opset="data_13_V_read39_phi (phireg) "/>
</bind>
</comp>

<comp id="648" class="1004" name="data_13_V_read39_phi_phi_fu_648">
<pin_list>
<pin id="649" dir="0" index="0" bw="8" slack="1"/>
<pin id="650" dir="0" index="1" bw="0" slack="2147483647"/>
<pin id="651" dir="0" index="2" bw="8" slack="0"/>
<pin id="652" dir="0" index="3" bw="0" slack="2147483647"/>
<pin id="653" dir="1" index="4" bw="8" slack="0"/>
</pin_list>
<bind>
<opcode="phi(47) " fcode="phi"/>
<opset="data_13_V_read39_phi/3 "/>
</bind>
</comp>

<comp id="656" class="1005" name="data_14_V_read40_phi_reg_656">
<pin_list>
<pin id="657" dir="0" index="0" bw="8" slack="0"/>
<pin id="658" dir="1" index="1" bw="8" slack="0"/>
</pin_list>
<bind>
<opset="data_14_V_read40_phi (phireg) "/>
</bind>
</comp>

<comp id="660" class="1004" name="data_14_V_read40_phi_phi_fu_660">
<pin_list>
<pin id="661" dir="0" index="0" bw="8" slack="1"/>
<pin id="662" dir="0" index="1" bw="0" slack="2147483647"/>
<pin id="663" dir="0" index="2" bw="8" slack="0"/>
<pin id="664" dir="0" index="3" bw="0" slack="2147483647"/>
<pin id="665" dir="1" index="4" bw="8" slack="0"/>
</pin_list>
<bind>
<opcode="phi(47) " fcode="phi"/>
<opset="data_14_V_read40_phi/3 "/>
</bind>
</comp>

<comp id="668" class="1005" name="acc_V_9_014_reg_668">
<pin_list>
<pin id="669" dir="0" index="0" bw="16" slack="2"/>
<pin id="670" dir="1" index="1" bw="16" slack="2"/>
</pin_list>
<bind>
<opset="acc_V_9_014 (phireg) "/>
</bind>
</comp>

<comp id="672" class="1004" name="acc_V_9_014_phi_fu_672">
<pin_list>
<pin id="673" dir="0" index="0" bw="9" slack="3"/>
<pin id="674" dir="0" index="1" bw="0" slack="2147483647"/>
<pin id="675" dir="0" index="2" bw="16" slack="0"/>
<pin id="676" dir="0" index="3" bw="0" slack="2147483647"/>
<pin id="677" dir="0" index="4" bw="9" slack="2"/>
<pin id="678" dir="0" index="5" bw="0" slack="2147483647"/>
<pin id="679" dir="1" index="6" bw="16" slack="0"/>
</pin_list>
<bind>
<opcode="phi(47) " fcode="phi"/>
<opset="acc_V_9_014/4 "/>
</bind>
</comp>

<comp id="682" class="1005" name="acc_V_8_013_reg_682">
<pin_list>
<pin id="683" dir="0" index="0" bw="16" slack="2"/>
<pin id="684" dir="1" index="1" bw="16" slack="2"/>
</pin_list>
<bind>
<opset="acc_V_8_013 (phireg) "/>
</bind>
</comp>

<comp id="686" class="1004" name="acc_V_8_013_phi_fu_686">
<pin_list>
<pin id="687" dir="0" index="0" bw="1" slack="3"/>
<pin id="688" dir="0" index="1" bw="0" slack="2147483647"/>
<pin id="689" dir="0" index="2" bw="16" slack="0"/>
<pin id="690" dir="0" index="3" bw="0" slack="2147483647"/>
<pin id="691" dir="0" index="4" bw="1" slack="2"/>
<pin id="692" dir="0" index="5" bw="0" slack="2147483647"/>
<pin id="693" dir="1" index="6" bw="16" slack="0"/>
</pin_list>
<bind>
<opcode="phi(47) " fcode="phi"/>
<opset="acc_V_8_013/4 "/>
</bind>
</comp>

<comp id="696" class="1005" name="acc_V_7_012_reg_696">
<pin_list>
<pin id="697" dir="0" index="0" bw="16" slack="2"/>
<pin id="698" dir="1" index="1" bw="16" slack="2"/>
</pin_list>
<bind>
<opset="acc_V_7_012 (phireg) "/>
</bind>
</comp>

<comp id="700" class="1004" name="acc_V_7_012_phi_fu_700">
<pin_list>
<pin id="701" dir="0" index="0" bw="7" slack="3"/>
<pin id="702" dir="0" index="1" bw="0" slack="2147483647"/>
<pin id="703" dir="0" index="2" bw="16" slack="0"/>
<pin id="704" dir="0" index="3" bw="0" slack="2147483647"/>
<pin id="705" dir="0" index="4" bw="7" slack="2"/>
<pin id="706" dir="0" index="5" bw="0" slack="2147483647"/>
<pin id="707" dir="1" index="6" bw="16" slack="0"/>
</pin_list>
<bind>
<opcode="phi(47) " fcode="phi"/>
<opset="acc_V_7_012/4 "/>
</bind>
</comp>

<comp id="710" class="1005" name="acc_V_6_011_reg_710">
<pin_list>
<pin id="711" dir="0" index="0" bw="16" slack="2"/>
<pin id="712" dir="1" index="1" bw="16" slack="2"/>
</pin_list>
<bind>
<opset="acc_V_6_011 (phireg) "/>
</bind>
</comp>

<comp id="714" class="1004" name="acc_V_6_011_phi_fu_714">
<pin_list>
<pin id="715" dir="0" index="0" bw="7" slack="3"/>
<pin id="716" dir="0" index="1" bw="0" slack="2147483647"/>
<pin id="717" dir="0" index="2" bw="16" slack="0"/>
<pin id="718" dir="0" index="3" bw="0" slack="2147483647"/>
<pin id="719" dir="0" index="4" bw="7" slack="2"/>
<pin id="720" dir="0" index="5" bw="0" slack="2147483647"/>
<pin id="721" dir="1" index="6" bw="16" slack="0"/>
</pin_list>
<bind>
<opcode="phi(47) " fcode="phi"/>
<opset="acc_V_6_011/4 "/>
</bind>
</comp>

<comp id="724" class="1005" name="acc_V_5_010_reg_724">
<pin_list>
<pin id="725" dir="0" index="0" bw="16" slack="2"/>
<pin id="726" dir="1" index="1" bw="16" slack="2"/>
</pin_list>
<bind>
<opset="acc_V_5_010 (phireg) "/>
</bind>
</comp>

<comp id="728" class="1004" name="acc_V_5_010_phi_fu_728">
<pin_list>
<pin id="729" dir="0" index="0" bw="1" slack="3"/>
<pin id="730" dir="0" index="1" bw="0" slack="2147483647"/>
<pin id="731" dir="0" index="2" bw="16" slack="0"/>
<pin id="732" dir="0" index="3" bw="0" slack="2147483647"/>
<pin id="733" dir="0" index="4" bw="1" slack="2"/>
<pin id="734" dir="0" index="5" bw="0" slack="2147483647"/>
<pin id="735" dir="1" index="6" bw="16" slack="0"/>
</pin_list>
<bind>
<opcode="phi(47) " fcode="phi"/>
<opset="acc_V_5_010/4 "/>
</bind>
</comp>

<comp id="738" class="1005" name="acc_V_4_09_reg_738">
<pin_list>
<pin id="739" dir="0" index="0" bw="16" slack="2"/>
<pin id="740" dir="1" index="1" bw="16" slack="2"/>
</pin_list>
<bind>
<opset="acc_V_4_09 (phireg) "/>
</bind>
</comp>

<comp id="742" class="1004" name="acc_V_4_09_phi_fu_742">
<pin_list>
<pin id="743" dir="0" index="0" bw="7" slack="3"/>
<pin id="744" dir="0" index="1" bw="0" slack="2147483647"/>
<pin id="745" dir="0" index="2" bw="16" slack="0"/>
<pin id="746" dir="0" index="3" bw="0" slack="2147483647"/>
<pin id="747" dir="0" index="4" bw="7" slack="2"/>
<pin id="748" dir="0" index="5" bw="0" slack="2147483647"/>
<pin id="749" dir="1" index="6" bw="16" slack="0"/>
</pin_list>
<bind>
<opcode="phi(47) " fcode="phi"/>
<opset="acc_V_4_09/4 "/>
</bind>
</comp>

<comp id="752" class="1005" name="acc_V_3_08_reg_752">
<pin_list>
<pin id="753" dir="0" index="0" bw="16" slack="2"/>
<pin id="754" dir="1" index="1" bw="16" slack="2"/>
</pin_list>
<bind>
<opset="acc_V_3_08 (phireg) "/>
</bind>
</comp>

<comp id="756" class="1004" name="acc_V_3_08_phi_fu_756">
<pin_list>
<pin id="757" dir="0" index="0" bw="8" slack="3"/>
<pin id="758" dir="0" index="1" bw="0" slack="2147483647"/>
<pin id="759" dir="0" index="2" bw="16" slack="0"/>
<pin id="760" dir="0" index="3" bw="0" slack="2147483647"/>
<pin id="761" dir="0" index="4" bw="8" slack="2"/>
<pin id="762" dir="0" index="5" bw="0" slack="2147483647"/>
<pin id="763" dir="1" index="6" bw="16" slack="0"/>
</pin_list>
<bind>
<opcode="phi(47) " fcode="phi"/>
<opset="acc_V_3_08/4 "/>
</bind>
</comp>

<comp id="766" class="1005" name="acc_V_2_07_reg_766">
<pin_list>
<pin id="767" dir="0" index="0" bw="16" slack="2"/>
<pin id="768" dir="1" index="1" bw="16" slack="2"/>
</pin_list>
<bind>
<opset="acc_V_2_07 (phireg) "/>
</bind>
</comp>

<comp id="770" class="1004" name="acc_V_2_07_phi_fu_770">
<pin_list>
<pin id="771" dir="0" index="0" bw="1" slack="3"/>
<pin id="772" dir="0" index="1" bw="0" slack="2147483647"/>
<pin id="773" dir="0" index="2" bw="16" slack="0"/>
<pin id="774" dir="0" index="3" bw="0" slack="2147483647"/>
<pin id="775" dir="0" index="4" bw="1" slack="2"/>
<pin id="776" dir="0" index="5" bw="0" slack="2147483647"/>
<pin id="777" dir="1" index="6" bw="16" slack="0"/>
</pin_list>
<bind>
<opcode="phi(47) " fcode="phi"/>
<opset="acc_V_2_07/4 "/>
</bind>
</comp>

<comp id="780" class="1005" name="acc_V_1_06_reg_780">
<pin_list>
<pin id="781" dir="0" index="0" bw="16" slack="2"/>
<pin id="782" dir="1" index="1" bw="16" slack="2"/>
</pin_list>
<bind>
<opset="acc_V_1_06 (phireg) "/>
</bind>
</comp>

<comp id="784" class="1004" name="acc_V_1_06_phi_fu_784">
<pin_list>
<pin id="785" dir="0" index="0" bw="8" slack="3"/>
<pin id="786" dir="0" index="1" bw="0" slack="2147483647"/>
<pin id="787" dir="0" index="2" bw="16" slack="0"/>
<pin id="788" dir="0" index="3" bw="0" slack="2147483647"/>
<pin id="789" dir="0" index="4" bw="8" slack="2"/>
<pin id="790" dir="0" index="5" bw="0" slack="2147483647"/>
<pin id="791" dir="1" index="6" bw="16" slack="0"/>
</pin_list>
<bind>
<opcode="phi(47) " fcode="phi"/>
<opset="acc_V_1_06/4 "/>
</bind>
</comp>

<comp id="794" class="1005" name="acc_V_0_05_reg_794">
<pin_list>
<pin id="795" dir="0" index="0" bw="16" slack="2"/>
<pin id="796" dir="1" index="1" bw="16" slack="2"/>
</pin_list>
<bind>
<opset="acc_V_0_05 (phireg) "/>
</bind>
</comp>

<comp id="798" class="1004" name="acc_V_0_05_phi_fu_798">
<pin_list>
<pin id="799" dir="0" index="0" bw="8" slack="3"/>
<pin id="800" dir="0" index="1" bw="0" slack="2147483647"/>
<pin id="801" dir="0" index="2" bw="16" slack="0"/>
<pin id="802" dir="0" index="3" bw="0" slack="2147483647"/>
<pin id="803" dir="0" index="4" bw="8" slack="2"/>
<pin id="804" dir="0" index="5" bw="0" slack="2147483647"/>
<pin id="805" dir="1" index="6" bw="16" slack="0"/>
</pin_list>
<bind>
<opcode="phi(47) " fcode="phi"/>
<opset="acc_V_0_05/4 "/>
</bind>
</comp>

<comp id="808" class="1004" name="zext_ln59_fu_808">
<pin_list>
<pin id="809" dir="0" index="0" bw="4" slack="0"/>
<pin id="810" dir="1" index="1" bw="64" slack="0"/>
</pin_list>
<bind>
<opcode="zext(34) " fcode="zext"/>
<opset="zext_ln59/2 "/>
</bind>
</comp>

<comp id="813" class="1004" name="w_index_fu_813">
<pin_list>
<pin id="814" dir="0" index="0" bw="1" slack="0"/>
<pin id="815" dir="0" index="1" bw="4" slack="0"/>
<pin id="816" dir="1" index="2" bw="4" slack="0"/>
</pin_list>
<bind>
<opcode="add(8) " fcode="add"/>
<opset="w_index/2 "/>
</bind>
</comp>

<comp id="819" class="1004" name="icmp_ln46_fu_819">
<pin_list>
<pin id="820" dir="0" index="0" bw="4" slack="0"/>
<pin id="821" dir="0" index="1" bw="4" slack="0"/>
<pin id="822" dir="1" index="2" bw="1" slack="1"/>
</pin_list>
<bind>
<opcode="icmp(45) " fcode="icmp"/>
<opset="icmp_ln46/2 "/>
</bind>
</comp>

<comp id="825" class="1004" name="tmp_14_fu_825">
<pin_list>
<pin id="826" dir="0" index="0" bw="8" slack="0"/>
<pin id="827" dir="0" index="1" bw="8" slack="0"/>
<pin id="828" dir="0" index="2" bw="8" slack="0"/>
<pin id="829" dir="0" index="3" bw="8" slack="0"/>
<pin id="830" dir="0" index="4" bw="8" slack="0"/>
<pin id="831" dir="0" index="5" bw="8" slack="0"/>
<pin id="832" dir="0" index="6" bw="8" slack="0"/>
<pin id="833" dir="0" index="7" bw="8" slack="0"/>
<pin id="834" dir="0" index="8" bw="8" slack="0"/>
<pin id="835" dir="0" index="9" bw="8" slack="0"/>
<pin id="836" dir="0" index="10" bw="8" slack="0"/>
<pin id="837" dir="0" index="11" bw="8" slack="0"/>
<pin id="838" dir="0" index="12" bw="8" slack="0"/>
<pin id="839" dir="0" index="13" bw="8" slack="0"/>
<pin id="840" dir="0" index="14" bw="8" slack="0"/>
<pin id="841" dir="0" index="15" bw="8" slack="0"/>
<pin id="842" dir="0" index="16" bw="4" slack="1"/>
<pin id="843" dir="1" index="17" bw="8" slack="1"/>
</pin_list>
<bind>
<opcode="mux(1196) " fcode="mux"/>
<opset="tmp_14/3 "/>
</bind>
</comp>

<comp id="861" class="1004" name="trunc_ln59_fu_861">
<pin_list>
<pin id="862" dir="0" index="0" bw="78" slack="0"/>
<pin id="863" dir="1" index="1" bw="8" slack="1"/>
</pin_list>
<bind>
<opcode="trunc(33) " fcode="trunc"/>
<opset="trunc_ln59/3 "/>
</bind>
</comp>

<comp id="865" class="1004" name="tmp_6_fu_865">
<pin_list>
<pin id="866" dir="0" index="0" bw="8" slack="0"/>
<pin id="867" dir="0" index="1" bw="78" slack="0"/>
<pin id="868" dir="0" index="2" bw="5" slack="0"/>
<pin id="869" dir="0" index="3" bw="5" slack="0"/>
<pin id="870" dir="1" index="4" bw="8" slack="1"/>
</pin_list>
<bind>
<opcode="partselect(1002) " fcode="partselect"/>
<opset="tmp_6/3 "/>
</bind>
</comp>

<comp id="875" class="1004" name="tmp_7_fu_875">
<pin_list>
<pin id="876" dir="0" index="0" bw="8" slack="0"/>
<pin id="877" dir="0" index="1" bw="78" slack="0"/>
<pin id="878" dir="0" index="2" bw="6" slack="0"/>
<pin id="879" dir="0" index="3" bw="6" slack="0"/>
<pin id="880" dir="1" index="4" bw="8" slack="1"/>
</pin_list>
<bind>
<opcode="partselect(1002) " fcode="partselect"/>
<opset="tmp_7/3 "/>
</bind>
</comp>

<comp id="885" class="1004" name="tmp_8_fu_885">
<pin_list>
<pin id="886" dir="0" index="0" bw="8" slack="0"/>
<pin id="887" dir="0" index="1" bw="78" slack="0"/>
<pin id="888" dir="0" index="2" bw="6" slack="0"/>
<pin id="889" dir="0" index="3" bw="6" slack="0"/>
<pin id="890" dir="1" index="4" bw="8" slack="1"/>
</pin_list>
<bind>
<opcode="partselect(1002) " fcode="partselect"/>
<opset="tmp_8/3 "/>
</bind>
</comp>

<comp id="895" class="1004" name="tmp_9_fu_895">
<pin_list>
<pin id="896" dir="0" index="0" bw="8" slack="0"/>
<pin id="897" dir="0" index="1" bw="78" slack="0"/>
<pin id="898" dir="0" index="2" bw="7" slack="0"/>
<pin id="899" dir="0" index="3" bw="7" slack="0"/>
<pin id="900" dir="1" index="4" bw="8" slack="1"/>
</pin_list>
<bind>
<opcode="partselect(1002) " fcode="partselect"/>
<opset="tmp_9/3 "/>
</bind>
</comp>

<comp id="905" class="1004" name="tmp_10_fu_905">
<pin_list>
<pin id="906" dir="0" index="0" bw="8" slack="0"/>
<pin id="907" dir="0" index="1" bw="78" slack="0"/>
<pin id="908" dir="0" index="2" bw="7" slack="0"/>
<pin id="909" dir="0" index="3" bw="7" slack="0"/>
<pin id="910" dir="1" index="4" bw="8" slack="1"/>
</pin_list>
<bind>
<opcode="partselect(1002) " fcode="partselect"/>
<opset="tmp_10/3 "/>
</bind>
</comp>

<comp id="915" class="1004" name="tmp_11_fu_915">
<pin_list>
<pin id="916" dir="0" index="0" bw="8" slack="0"/>
<pin id="917" dir="0" index="1" bw="78" slack="0"/>
<pin id="918" dir="0" index="2" bw="7" slack="0"/>
<pin id="919" dir="0" index="3" bw="7" slack="0"/>
<pin id="920" dir="1" index="4" bw="8" slack="1"/>
</pin_list>
<bind>
<opcode="partselect(1002) " fcode="partselect"/>
<opset="tmp_11/3 "/>
</bind>
</comp>

<comp id="925" class="1004" name="tmp_12_fu_925">
<pin_list>
<pin id="926" dir="0" index="0" bw="8" slack="0"/>
<pin id="927" dir="0" index="1" bw="78" slack="0"/>
<pin id="928" dir="0" index="2" bw="7" slack="0"/>
<pin id="929" dir="0" index="3" bw="7" slack="0"/>
<pin id="930" dir="1" index="4" bw="8" slack="1"/>
</pin_list>
<bind>
<opcode="partselect(1002) " fcode="partselect"/>
<opset="tmp_12/3 "/>
</bind>
</comp>

<comp id="935" class="1004" name="tmp_13_fu_935">
<pin_list>
<pin id="936" dir="0" index="0" bw="8" slack="0"/>
<pin id="937" dir="0" index="1" bw="78" slack="0"/>
<pin id="938" dir="0" index="2" bw="8" slack="0"/>
<pin id="939" dir="0" index="3" bw="8" slack="0"/>
<pin id="940" dir="1" index="4" bw="8" slack="1"/>
</pin_list>
<bind>
<opcode="partselect(1002) " fcode="partselect"/>
<opset="tmp_13/3 "/>
</bind>
</comp>

<comp id="945" class="1004" name="tmp_15_fu_945">
<pin_list>
<pin id="946" dir="0" index="0" bw="6" slack="0"/>
<pin id="947" dir="0" index="1" bw="78" slack="0"/>
<pin id="948" dir="0" index="2" bw="8" slack="0"/>
<pin id="949" dir="0" index="3" bw="8" slack="0"/>
<pin id="950" dir="1" index="4" bw="6" slack="1"/>
</pin_list>
<bind>
<opcode="partselect(1002) " fcode="partselect"/>
<opset="tmp_15/3 "/>
</bind>
</comp>

<comp id="955" class="1004" name="zext_ln1116_fu_955">
<pin_list>
<pin id="956" dir="0" index="0" bw="8" slack="1"/>
<pin id="957" dir="1" index="1" bw="16" slack="0"/>
</pin_list>
<bind>
<opcode="zext(34) " fcode="zext"/>
<opset="zext_ln1116/4 "/>
</bind>
</comp>

<comp id="958" class="1004" name="sext_ln1118_fu_958">
<pin_list>
<pin id="959" dir="0" index="0" bw="8" slack="1"/>
<pin id="960" dir="1" index="1" bw="16" slack="0"/>
</pin_list>
<bind>
<opcode="sext(35) " fcode="sext"/>
<opset="sext_ln1118/4 "/>
</bind>
</comp>

<comp id="961" class="1004" name="mul_ln1118_fu_961">
<pin_list>
<pin id="962" dir="0" index="0" bw="8" slack="0"/>
<pin id="963" dir="0" index="1" bw="8" slack="0"/>
<pin id="964" dir="1" index="2" bw="16" slack="0"/>
</pin_list>
<bind>
<opcode="mul(12) " fcode="mul"/>
<opset="mul_ln1118/4 "/>
</bind>
</comp>

<comp id="967" class="1004" name="trunc_ln_fu_967">
<pin_list>
<pin id="968" dir="0" index="0" bw="15" slack="0"/>
<pin id="969" dir="0" index="1" bw="16" slack="0"/>
<pin id="970" dir="0" index="2" bw="1" slack="0"/>
<pin id="971" dir="0" index="3" bw="5" slack="0"/>
<pin id="972" dir="1" index="4" bw="15" slack="0"/>
</pin_list>
<bind>
<opcode="partselect(1002) " fcode="partselect"/>
<opset="trunc_ln/4 "/>
</bind>
</comp>

<comp id="977" class="1004" name="sext_ln708_fu_977">
<pin_list>
<pin id="978" dir="0" index="0" bw="15" slack="0"/>
<pin id="979" dir="1" index="1" bw="16" slack="0"/>
</pin_list>
<bind>
<opcode="sext(35) " fcode="sext"/>
<opset="sext_ln708/4 "/>
</bind>
</comp>

<comp id="981" class="1004" name="trunc_ln703_s_fu_981">
<pin_list>
<pin id="982" dir="0" index="0" bw="13" slack="0"/>
<pin id="983" dir="0" index="1" bw="16" slack="0"/>
<pin id="984" dir="0" index="2" bw="1" slack="0"/>
<pin id="985" dir="0" index="3" bw="5" slack="0"/>
<pin id="986" dir="1" index="4" bw="13" slack="0"/>
</pin_list>
<bind>
<opcode="partselect(1002) " fcode="partselect"/>
<opset="trunc_ln703_s/4 "/>
</bind>
</comp>

<comp id="991" class="1004" name="trunc_ln703_fu_991">
<pin_list>
<pin id="992" dir="0" index="0" bw="16" slack="0"/>
<pin id="993" dir="1" index="1" bw="13" slack="0"/>
</pin_list>
<bind>
<opcode="trunc(33) " fcode="trunc"/>
<opset="trunc_ln703/4 "/>
</bind>
</comp>

<comp id="995" class="1004" name="acc_0_V_fu_995">
<pin_list>
<pin id="996" dir="0" index="0" bw="16" slack="0"/>
<pin id="997" dir="0" index="1" bw="15" slack="0"/>
<pin id="998" dir="1" index="2" bw="16" slack="0"/>
</pin_list>
<bind>
<opcode="add(8) " fcode="add"/>
<opset="acc_0_V/4 "/>
</bind>
</comp>

<comp id="1001" class="1004" name="add_ln703_6_fu_1001">
<pin_list>
<pin id="1002" dir="0" index="0" bw="13" slack="0"/>
<pin id="1003" dir="0" index="1" bw="13" slack="0"/>
<pin id="1004" dir="1" index="2" bw="13" slack="0"/>
</pin_list>
<bind>
<opcode="add(8) " fcode="add"/>
<opset="add_ln703_6/4 "/>
</bind>
</comp>

<comp id="1007" class="1004" name="sext_ln1118_1_fu_1007">
<pin_list>
<pin id="1008" dir="0" index="0" bw="8" slack="1"/>
<pin id="1009" dir="1" index="1" bw="16" slack="0"/>
</pin_list>
<bind>
<opcode="sext(35) " fcode="sext"/>
<opset="sext_ln1118_1/4 "/>
</bind>
</comp>

<comp id="1010" class="1004" name="mul_ln1118_5_fu_1010">
<pin_list>
<pin id="1011" dir="0" index="0" bw="8" slack="0"/>
<pin id="1012" dir="0" index="1" bw="8" slack="0"/>
<pin id="1013" dir="1" index="2" bw="16" slack="0"/>
</pin_list>
<bind>
<opcode="mul(12) " fcode="mul"/>
<opset="mul_ln1118_5/4 "/>
</bind>
</comp>

<comp id="1016" class="1004" name="trunc_ln708_s_fu_1016">
<pin_list>
<pin id="1017" dir="0" index="0" bw="15" slack="0"/>
<pin id="1018" dir="0" index="1" bw="16" slack="0"/>
<pin id="1019" dir="0" index="2" bw="1" slack="0"/>
<pin id="1020" dir="0" index="3" bw="5" slack="0"/>
<pin id="1021" dir="1" index="4" bw="15" slack="0"/>
</pin_list>
<bind>
<opcode="partselect(1002) " fcode="partselect"/>
<opset="trunc_ln708_s/4 "/>
</bind>
</comp>

<comp id="1026" class="1004" name="sext_ln708_5_fu_1026">
<pin_list>
<pin id="1027" dir="0" index="0" bw="15" slack="0"/>
<pin id="1028" dir="1" index="1" bw="16" slack="0"/>
</pin_list>
<bind>
<opcode="sext(35) " fcode="sext"/>
<opset="sext_ln708_5/4 "/>
</bind>
</comp>

<comp id="1030" class="1004" name="trunc_ln3_fu_1030">
<pin_list>
<pin id="1031" dir="0" index="0" bw="13" slack="0"/>
<pin id="1032" dir="0" index="1" bw="16" slack="0"/>
<pin id="1033" dir="0" index="2" bw="1" slack="0"/>
<pin id="1034" dir="0" index="3" bw="5" slack="0"/>
<pin id="1035" dir="1" index="4" bw="13" slack="0"/>
</pin_list>
<bind>
<opcode="partselect(1002) " fcode="partselect"/>
<opset="trunc_ln3/4 "/>
</bind>
</comp>

<comp id="1040" class="1004" name="trunc_ln703_6_fu_1040">
<pin_list>
<pin id="1041" dir="0" index="0" bw="16" slack="0"/>
<pin id="1042" dir="1" index="1" bw="13" slack="0"/>
</pin_list>
<bind>
<opcode="trunc(33) " fcode="trunc"/>
<opset="trunc_ln703_6/4 "/>
</bind>
</comp>

<comp id="1044" class="1004" name="acc_1_V_fu_1044">
<pin_list>
<pin id="1045" dir="0" index="0" bw="16" slack="0"/>
<pin id="1046" dir="0" index="1" bw="15" slack="0"/>
<pin id="1047" dir="1" index="2" bw="16" slack="0"/>
</pin_list>
<bind>
<opcode="add(8) " fcode="add"/>
<opset="acc_1_V/4 "/>
</bind>
</comp>

<comp id="1050" class="1004" name="add_ln703_7_fu_1050">
<pin_list>
<pin id="1051" dir="0" index="0" bw="13" slack="0"/>
<pin id="1052" dir="0" index="1" bw="13" slack="0"/>
<pin id="1053" dir="1" index="2" bw="13" slack="0"/>
</pin_list>
<bind>
<opcode="add(8) " fcode="add"/>
<opset="add_ln703_7/4 "/>
</bind>
</comp>

<comp id="1056" class="1004" name="sext_ln1118_2_fu_1056">
<pin_list>
<pin id="1057" dir="0" index="0" bw="8" slack="1"/>
<pin id="1058" dir="1" index="1" bw="16" slack="0"/>
</pin_list>
<bind>
<opcode="sext(35) " fcode="sext"/>
<opset="sext_ln1118_2/4 "/>
</bind>
</comp>

<comp id="1059" class="1004" name="mul_ln1118_6_fu_1059">
<pin_list>
<pin id="1060" dir="0" index="0" bw="8" slack="0"/>
<pin id="1061" dir="0" index="1" bw="8" slack="0"/>
<pin id="1062" dir="1" index="2" bw="16" slack="0"/>
</pin_list>
<bind>
<opcode="mul(12) " fcode="mul"/>
<opset="mul_ln1118_6/4 "/>
</bind>
</comp>

<comp id="1065" class="1004" name="trunc_ln708_17_fu_1065">
<pin_list>
<pin id="1066" dir="0" index="0" bw="15" slack="0"/>
<pin id="1067" dir="0" index="1" bw="16" slack="0"/>
<pin id="1068" dir="0" index="2" bw="1" slack="0"/>
<pin id="1069" dir="0" index="3" bw="5" slack="0"/>
<pin id="1070" dir="1" index="4" bw="15" slack="0"/>
</pin_list>
<bind>
<opcode="partselect(1002) " fcode="partselect"/>
<opset="trunc_ln708_17/4 "/>
</bind>
</comp>

<comp id="1075" class="1004" name="sext_ln708_6_fu_1075">
<pin_list>
<pin id="1076" dir="0" index="0" bw="15" slack="0"/>
<pin id="1077" dir="1" index="1" bw="16" slack="0"/>
</pin_list>
<bind>
<opcode="sext(35) " fcode="sext"/>
<opset="sext_ln708_6/4 "/>
</bind>
</comp>

<comp id="1079" class="1004" name="trunc_ln703_5_fu_1079">
<pin_list>
<pin id="1080" dir="0" index="0" bw="13" slack="0"/>
<pin id="1081" dir="0" index="1" bw="16" slack="0"/>
<pin id="1082" dir="0" index="2" bw="1" slack="0"/>
<pin id="1083" dir="0" index="3" bw="5" slack="0"/>
<pin id="1084" dir="1" index="4" bw="13" slack="0"/>
</pin_list>
<bind>
<opcode="partselect(1002) " fcode="partselect"/>
<opset="trunc_ln703_5/4 "/>
</bind>
</comp>

<comp id="1089" class="1004" name="trunc_ln703_8_fu_1089">
<pin_list>
<pin id="1090" dir="0" index="0" bw="16" slack="0"/>
<pin id="1091" dir="1" index="1" bw="13" slack="0"/>
</pin_list>
<bind>
<opcode="trunc(33) " fcode="trunc"/>
<opset="trunc_ln703_8/4 "/>
</bind>
</comp>

<comp id="1093" class="1004" name="acc_2_V_fu_1093">
<pin_list>
<pin id="1094" dir="0" index="0" bw="16" slack="0"/>
<pin id="1095" dir="0" index="1" bw="15" slack="0"/>
<pin id="1096" dir="1" index="2" bw="16" slack="0"/>
</pin_list>
<bind>
<opcode="add(8) " fcode="add"/>
<opset="acc_2_V/4 "/>
</bind>
</comp>

<comp id="1099" class="1004" name="add_ln703_8_fu_1099">
<pin_list>
<pin id="1100" dir="0" index="0" bw="13" slack="0"/>
<pin id="1101" dir="0" index="1" bw="13" slack="0"/>
<pin id="1102" dir="1" index="2" bw="13" slack="0"/>
</pin_list>
<bind>
<opcode="add(8) " fcode="add"/>
<opset="add_ln703_8/4 "/>
</bind>
</comp>

<comp id="1105" class="1004" name="sext_ln1118_3_fu_1105">
<pin_list>
<pin id="1106" dir="0" index="0" bw="8" slack="1"/>
<pin id="1107" dir="1" index="1" bw="16" slack="0"/>
</pin_list>
<bind>
<opcode="sext(35) " fcode="sext"/>
<opset="sext_ln1118_3/4 "/>
</bind>
</comp>

<comp id="1108" class="1004" name="mul_ln1118_7_fu_1108">
<pin_list>
<pin id="1109" dir="0" index="0" bw="8" slack="0"/>
<pin id="1110" dir="0" index="1" bw="8" slack="0"/>
<pin id="1111" dir="1" index="2" bw="16" slack="0"/>
</pin_list>
<bind>
<opcode="mul(12) " fcode="mul"/>
<opset="mul_ln1118_7/4 "/>
</bind>
</comp>

<comp id="1114" class="1004" name="trunc_ln708_18_fu_1114">
<pin_list>
<pin id="1115" dir="0" index="0" bw="15" slack="0"/>
<pin id="1116" dir="0" index="1" bw="16" slack="0"/>
<pin id="1117" dir="0" index="2" bw="1" slack="0"/>
<pin id="1118" dir="0" index="3" bw="5" slack="0"/>
<pin id="1119" dir="1" index="4" bw="15" slack="0"/>
</pin_list>
<bind>
<opcode="partselect(1002) " fcode="partselect"/>
<opset="trunc_ln708_18/4 "/>
</bind>
</comp>

<comp id="1124" class="1004" name="sext_ln708_7_fu_1124">
<pin_list>
<pin id="1125" dir="0" index="0" bw="15" slack="0"/>
<pin id="1126" dir="1" index="1" bw="16" slack="0"/>
</pin_list>
<bind>
<opcode="sext(35) " fcode="sext"/>
<opset="sext_ln708_7/4 "/>
</bind>
</comp>

<comp id="1128" class="1004" name="trunc_ln703_7_fu_1128">
<pin_list>
<pin id="1129" dir="0" index="0" bw="13" slack="0"/>
<pin id="1130" dir="0" index="1" bw="16" slack="0"/>
<pin id="1131" dir="0" index="2" bw="1" slack="0"/>
<pin id="1132" dir="0" index="3" bw="5" slack="0"/>
<pin id="1133" dir="1" index="4" bw="13" slack="0"/>
</pin_list>
<bind>
<opcode="partselect(1002) " fcode="partselect"/>
<opset="trunc_ln703_7/4 "/>
</bind>
</comp>

<comp id="1138" class="1004" name="trunc_ln703_10_fu_1138">
<pin_list>
<pin id="1139" dir="0" index="0" bw="16" slack="0"/>
<pin id="1140" dir="1" index="1" bw="13" slack="0"/>
</pin_list>
<bind>
<opcode="trunc(33) " fcode="trunc"/>
<opset="trunc_ln703_10/4 "/>
</bind>
</comp>

<comp id="1142" class="1004" name="acc_3_V_fu_1142">
<pin_list>
<pin id="1143" dir="0" index="0" bw="16" slack="0"/>
<pin id="1144" dir="0" index="1" bw="15" slack="0"/>
<pin id="1145" dir="1" index="2" bw="16" slack="0"/>
</pin_list>
<bind>
<opcode="add(8) " fcode="add"/>
<opset="acc_3_V/4 "/>
</bind>
</comp>

<comp id="1148" class="1004" name="add_ln703_9_fu_1148">
<pin_list>
<pin id="1149" dir="0" index="0" bw="13" slack="0"/>
<pin id="1150" dir="0" index="1" bw="13" slack="0"/>
<pin id="1151" dir="1" index="2" bw="13" slack="0"/>
</pin_list>
<bind>
<opcode="add(8) " fcode="add"/>
<opset="add_ln703_9/4 "/>
</bind>
</comp>

<comp id="1154" class="1004" name="sext_ln1118_4_fu_1154">
<pin_list>
<pin id="1155" dir="0" index="0" bw="8" slack="1"/>
<pin id="1156" dir="1" index="1" bw="16" slack="0"/>
</pin_list>
<bind>
<opcode="sext(35) " fcode="sext"/>
<opset="sext_ln1118_4/4 "/>
</bind>
</comp>

<comp id="1157" class="1004" name="mul_ln1118_8_fu_1157">
<pin_list>
<pin id="1158" dir="0" index="0" bw="8" slack="0"/>
<pin id="1159" dir="0" index="1" bw="8" slack="0"/>
<pin id="1160" dir="1" index="2" bw="16" slack="0"/>
</pin_list>
<bind>
<opcode="mul(12) " fcode="mul"/>
<opset="mul_ln1118_8/4 "/>
</bind>
</comp>

<comp id="1163" class="1004" name="trunc_ln708_19_fu_1163">
<pin_list>
<pin id="1164" dir="0" index="0" bw="15" slack="0"/>
<pin id="1165" dir="0" index="1" bw="16" slack="0"/>
<pin id="1166" dir="0" index="2" bw="1" slack="0"/>
<pin id="1167" dir="0" index="3" bw="5" slack="0"/>
<pin id="1168" dir="1" index="4" bw="15" slack="0"/>
</pin_list>
<bind>
<opcode="partselect(1002) " fcode="partselect"/>
<opset="trunc_ln708_19/4 "/>
</bind>
</comp>

<comp id="1173" class="1004" name="sext_ln708_8_fu_1173">
<pin_list>
<pin id="1174" dir="0" index="0" bw="15" slack="0"/>
<pin id="1175" dir="1" index="1" bw="16" slack="0"/>
</pin_list>
<bind>
<opcode="sext(35) " fcode="sext"/>
<opset="sext_ln708_8/4 "/>
</bind>
</comp>

<comp id="1177" class="1004" name="trunc_ln703_9_fu_1177">
<pin_list>
<pin id="1178" dir="0" index="0" bw="13" slack="0"/>
<pin id="1179" dir="0" index="1" bw="16" slack="0"/>
<pin id="1180" dir="0" index="2" bw="1" slack="0"/>
<pin id="1181" dir="0" index="3" bw="5" slack="0"/>
<pin id="1182" dir="1" index="4" bw="13" slack="0"/>
</pin_list>
<bind>
<opcode="partselect(1002) " fcode="partselect"/>
<opset="trunc_ln703_9/4 "/>
</bind>
</comp>

<comp id="1187" class="1004" name="trunc_ln703_12_fu_1187">
<pin_list>
<pin id="1188" dir="0" index="0" bw="16" slack="0"/>
<pin id="1189" dir="1" index="1" bw="13" slack="0"/>
</pin_list>
<bind>
<opcode="trunc(33) " fcode="trunc"/>
<opset="trunc_ln703_12/4 "/>
</bind>
</comp>

<comp id="1191" class="1004" name="acc_4_V_fu_1191">
<pin_list>
<pin id="1192" dir="0" index="0" bw="16" slack="0"/>
<pin id="1193" dir="0" index="1" bw="15" slack="0"/>
<pin id="1194" dir="1" index="2" bw="16" slack="0"/>
</pin_list>
<bind>
<opcode="add(8) " fcode="add"/>
<opset="acc_4_V/4 "/>
</bind>
</comp>

<comp id="1197" class="1004" name="add_ln703_10_fu_1197">
<pin_list>
<pin id="1198" dir="0" index="0" bw="13" slack="0"/>
<pin id="1199" dir="0" index="1" bw="13" slack="0"/>
<pin id="1200" dir="1" index="2" bw="13" slack="0"/>
</pin_list>
<bind>
<opcode="add(8) " fcode="add"/>
<opset="add_ln703_10/4 "/>
</bind>
</comp>

<comp id="1203" class="1004" name="sext_ln1118_5_fu_1203">
<pin_list>
<pin id="1204" dir="0" index="0" bw="8" slack="1"/>
<pin id="1205" dir="1" index="1" bw="16" slack="0"/>
</pin_list>
<bind>
<opcode="sext(35) " fcode="sext"/>
<opset="sext_ln1118_5/4 "/>
</bind>
</comp>

<comp id="1206" class="1004" name="mul_ln1118_9_fu_1206">
<pin_list>
<pin id="1207" dir="0" index="0" bw="8" slack="0"/>
<pin id="1208" dir="0" index="1" bw="8" slack="0"/>
<pin id="1209" dir="1" index="2" bw="16" slack="0"/>
</pin_list>
<bind>
<opcode="mul(12) " fcode="mul"/>
<opset="mul_ln1118_9/4 "/>
</bind>
</comp>

<comp id="1212" class="1004" name="trunc_ln708_20_fu_1212">
<pin_list>
<pin id="1213" dir="0" index="0" bw="15" slack="0"/>
<pin id="1214" dir="0" index="1" bw="16" slack="0"/>
<pin id="1215" dir="0" index="2" bw="1" slack="0"/>
<pin id="1216" dir="0" index="3" bw="5" slack="0"/>
<pin id="1217" dir="1" index="4" bw="15" slack="0"/>
</pin_list>
<bind>
<opcode="partselect(1002) " fcode="partselect"/>
<opset="trunc_ln708_20/4 "/>
</bind>
</comp>

<comp id="1222" class="1004" name="sext_ln708_9_fu_1222">
<pin_list>
<pin id="1223" dir="0" index="0" bw="15" slack="0"/>
<pin id="1224" dir="1" index="1" bw="16" slack="0"/>
</pin_list>
<bind>
<opcode="sext(35) " fcode="sext"/>
<opset="sext_ln708_9/4 "/>
</bind>
</comp>

<comp id="1226" class="1004" name="trunc_ln703_1_fu_1226">
<pin_list>
<pin id="1227" dir="0" index="0" bw="13" slack="0"/>
<pin id="1228" dir="0" index="1" bw="16" slack="0"/>
<pin id="1229" dir="0" index="2" bw="1" slack="0"/>
<pin id="1230" dir="0" index="3" bw="5" slack="0"/>
<pin id="1231" dir="1" index="4" bw="13" slack="0"/>
</pin_list>
<bind>
<opcode="partselect(1002) " fcode="partselect"/>
<opset="trunc_ln703_1/4 "/>
</bind>
</comp>

<comp id="1236" class="1004" name="trunc_ln703_14_fu_1236">
<pin_list>
<pin id="1237" dir="0" index="0" bw="16" slack="0"/>
<pin id="1238" dir="1" index="1" bw="13" slack="0"/>
</pin_list>
<bind>
<opcode="trunc(33) " fcode="trunc"/>
<opset="trunc_ln703_14/4 "/>
</bind>
</comp>

<comp id="1240" class="1004" name="acc_5_V_fu_1240">
<pin_list>
<pin id="1241" dir="0" index="0" bw="16" slack="0"/>
<pin id="1242" dir="0" index="1" bw="15" slack="0"/>
<pin id="1243" dir="1" index="2" bw="16" slack="0"/>
</pin_list>
<bind>
<opcode="add(8) " fcode="add"/>
<opset="acc_5_V/4 "/>
</bind>
</comp>

<comp id="1246" class="1004" name="add_ln703_11_fu_1246">
<pin_list>
<pin id="1247" dir="0" index="0" bw="13" slack="0"/>
<pin id="1248" dir="0" index="1" bw="13" slack="0"/>
<pin id="1249" dir="1" index="2" bw="13" slack="0"/>
</pin_list>
<bind>
<opcode="add(8) " fcode="add"/>
<opset="add_ln703_11/4 "/>
</bind>
</comp>

<comp id="1252" class="1004" name="sext_ln1118_6_fu_1252">
<pin_list>
<pin id="1253" dir="0" index="0" bw="8" slack="1"/>
<pin id="1254" dir="1" index="1" bw="16" slack="0"/>
</pin_list>
<bind>
<opcode="sext(35) " fcode="sext"/>
<opset="sext_ln1118_6/4 "/>
</bind>
</comp>

<comp id="1255" class="1004" name="mul_ln1118_10_fu_1255">
<pin_list>
<pin id="1256" dir="0" index="0" bw="8" slack="0"/>
<pin id="1257" dir="0" index="1" bw="8" slack="0"/>
<pin id="1258" dir="1" index="2" bw="16" slack="0"/>
</pin_list>
<bind>
<opcode="mul(12) " fcode="mul"/>
<opset="mul_ln1118_10/4 "/>
</bind>
</comp>

<comp id="1261" class="1004" name="trunc_ln708_21_fu_1261">
<pin_list>
<pin id="1262" dir="0" index="0" bw="15" slack="0"/>
<pin id="1263" dir="0" index="1" bw="16" slack="0"/>
<pin id="1264" dir="0" index="2" bw="1" slack="0"/>
<pin id="1265" dir="0" index="3" bw="5" slack="0"/>
<pin id="1266" dir="1" index="4" bw="15" slack="0"/>
</pin_list>
<bind>
<opcode="partselect(1002) " fcode="partselect"/>
<opset="trunc_ln708_21/4 "/>
</bind>
</comp>

<comp id="1271" class="1004" name="sext_ln708_10_fu_1271">
<pin_list>
<pin id="1272" dir="0" index="0" bw="15" slack="0"/>
<pin id="1273" dir="1" index="1" bw="16" slack="0"/>
</pin_list>
<bind>
<opcode="sext(35) " fcode="sext"/>
<opset="sext_ln708_10/4 "/>
</bind>
</comp>

<comp id="1275" class="1004" name="trunc_ln703_2_fu_1275">
<pin_list>
<pin id="1276" dir="0" index="0" bw="13" slack="0"/>
<pin id="1277" dir="0" index="1" bw="16" slack="0"/>
<pin id="1278" dir="0" index="2" bw="1" slack="0"/>
<pin id="1279" dir="0" index="3" bw="5" slack="0"/>
<pin id="1280" dir="1" index="4" bw="13" slack="0"/>
</pin_list>
<bind>
<opcode="partselect(1002) " fcode="partselect"/>
<opset="trunc_ln703_2/4 "/>
</bind>
</comp>

<comp id="1285" class="1004" name="trunc_ln703_16_fu_1285">
<pin_list>
<pin id="1286" dir="0" index="0" bw="16" slack="0"/>
<pin id="1287" dir="1" index="1" bw="13" slack="0"/>
</pin_list>
<bind>
<opcode="trunc(33) " fcode="trunc"/>
<opset="trunc_ln703_16/4 "/>
</bind>
</comp>

<comp id="1289" class="1004" name="acc_6_V_fu_1289">
<pin_list>
<pin id="1290" dir="0" index="0" bw="16" slack="0"/>
<pin id="1291" dir="0" index="1" bw="15" slack="0"/>
<pin id="1292" dir="1" index="2" bw="16" slack="0"/>
</pin_list>
<bind>
<opcode="add(8) " fcode="add"/>
<opset="acc_6_V/4 "/>
</bind>
</comp>

<comp id="1295" class="1004" name="add_ln703_12_fu_1295">
<pin_list>
<pin id="1296" dir="0" index="0" bw="13" slack="0"/>
<pin id="1297" dir="0" index="1" bw="13" slack="0"/>
<pin id="1298" dir="1" index="2" bw="13" slack="0"/>
</pin_list>
<bind>
<opcode="add(8) " fcode="add"/>
<opset="add_ln703_12/4 "/>
</bind>
</comp>

<comp id="1301" class="1004" name="sext_ln1118_7_fu_1301">
<pin_list>
<pin id="1302" dir="0" index="0" bw="8" slack="1"/>
<pin id="1303" dir="1" index="1" bw="16" slack="0"/>
</pin_list>
<bind>
<opcode="sext(35) " fcode="sext"/>
<opset="sext_ln1118_7/4 "/>
</bind>
</comp>

<comp id="1304" class="1004" name="mul_ln1118_11_fu_1304">
<pin_list>
<pin id="1305" dir="0" index="0" bw="8" slack="0"/>
<pin id="1306" dir="0" index="1" bw="8" slack="0"/>
<pin id="1307" dir="1" index="2" bw="16" slack="0"/>
</pin_list>
<bind>
<opcode="mul(12) " fcode="mul"/>
<opset="mul_ln1118_11/4 "/>
</bind>
</comp>

<comp id="1310" class="1004" name="trunc_ln708_22_fu_1310">
<pin_list>
<pin id="1311" dir="0" index="0" bw="15" slack="0"/>
<pin id="1312" dir="0" index="1" bw="16" slack="0"/>
<pin id="1313" dir="0" index="2" bw="1" slack="0"/>
<pin id="1314" dir="0" index="3" bw="5" slack="0"/>
<pin id="1315" dir="1" index="4" bw="15" slack="0"/>
</pin_list>
<bind>
<opcode="partselect(1002) " fcode="partselect"/>
<opset="trunc_ln708_22/4 "/>
</bind>
</comp>

<comp id="1320" class="1004" name="sext_ln708_11_fu_1320">
<pin_list>
<pin id="1321" dir="0" index="0" bw="15" slack="0"/>
<pin id="1322" dir="1" index="1" bw="16" slack="0"/>
</pin_list>
<bind>
<opcode="sext(35) " fcode="sext"/>
<opset="sext_ln708_11/4 "/>
</bind>
</comp>

<comp id="1324" class="1004" name="trunc_ln703_3_fu_1324">
<pin_list>
<pin id="1325" dir="0" index="0" bw="13" slack="0"/>
<pin id="1326" dir="0" index="1" bw="16" slack="0"/>
<pin id="1327" dir="0" index="2" bw="1" slack="0"/>
<pin id="1328" dir="0" index="3" bw="5" slack="0"/>
<pin id="1329" dir="1" index="4" bw="13" slack="0"/>
</pin_list>
<bind>
<opcode="partselect(1002) " fcode="partselect"/>
<opset="trunc_ln703_3/4 "/>
</bind>
</comp>

<comp id="1334" class="1004" name="trunc_ln703_18_fu_1334">
<pin_list>
<pin id="1335" dir="0" index="0" bw="16" slack="0"/>
<pin id="1336" dir="1" index="1" bw="13" slack="0"/>
</pin_list>
<bind>
<opcode="trunc(33) " fcode="trunc"/>
<opset="trunc_ln703_18/4 "/>
</bind>
</comp>

<comp id="1338" class="1004" name="acc_7_V_fu_1338">
<pin_list>
<pin id="1339" dir="0" index="0" bw="16" slack="0"/>
<pin id="1340" dir="0" index="1" bw="15" slack="0"/>
<pin id="1341" dir="1" index="2" bw="16" slack="0"/>
</pin_list>
<bind>
<opcode="add(8) " fcode="add"/>
<opset="acc_7_V/4 "/>
</bind>
</comp>

<comp id="1344" class="1004" name="add_ln703_13_fu_1344">
<pin_list>
<pin id="1345" dir="0" index="0" bw="13" slack="0"/>
<pin id="1346" dir="0" index="1" bw="13" slack="0"/>
<pin id="1347" dir="1" index="2" bw="13" slack="0"/>
</pin_list>
<bind>
<opcode="add(8) " fcode="add"/>
<opset="add_ln703_13/4 "/>
</bind>
</comp>

<comp id="1350" class="1004" name="sext_ln1118_8_fu_1350">
<pin_list>
<pin id="1351" dir="0" index="0" bw="8" slack="1"/>
<pin id="1352" dir="1" index="1" bw="16" slack="0"/>
</pin_list>
<bind>
<opcode="sext(35) " fcode="sext"/>
<opset="sext_ln1118_8/4 "/>
</bind>
</comp>

<comp id="1353" class="1004" name="mul_ln1118_12_fu_1353">
<pin_list>
<pin id="1354" dir="0" index="0" bw="8" slack="0"/>
<pin id="1355" dir="0" index="1" bw="8" slack="0"/>
<pin id="1356" dir="1" index="2" bw="16" slack="0"/>
</pin_list>
<bind>
<opcode="mul(12) " fcode="mul"/>
<opset="mul_ln1118_12/4 "/>
</bind>
</comp>

<comp id="1359" class="1004" name="trunc_ln708_23_fu_1359">
<pin_list>
<pin id="1360" dir="0" index="0" bw="15" slack="0"/>
<pin id="1361" dir="0" index="1" bw="16" slack="0"/>
<pin id="1362" dir="0" index="2" bw="1" slack="0"/>
<pin id="1363" dir="0" index="3" bw="5" slack="0"/>
<pin id="1364" dir="1" index="4" bw="15" slack="0"/>
</pin_list>
<bind>
<opcode="partselect(1002) " fcode="partselect"/>
<opset="trunc_ln708_23/4 "/>
</bind>
</comp>

<comp id="1369" class="1004" name="sext_ln708_12_fu_1369">
<pin_list>
<pin id="1370" dir="0" index="0" bw="15" slack="0"/>
<pin id="1371" dir="1" index="1" bw="16" slack="0"/>
</pin_list>
<bind>
<opcode="sext(35) " fcode="sext"/>
<opset="sext_ln708_12/4 "/>
</bind>
</comp>

<comp id="1373" class="1004" name="trunc_ln703_4_fu_1373">
<pin_list>
<pin id="1374" dir="0" index="0" bw="13" slack="0"/>
<pin id="1375" dir="0" index="1" bw="16" slack="0"/>
<pin id="1376" dir="0" index="2" bw="1" slack="0"/>
<pin id="1377" dir="0" index="3" bw="5" slack="0"/>
<pin id="1378" dir="1" index="4" bw="13" slack="0"/>
</pin_list>
<bind>
<opcode="partselect(1002) " fcode="partselect"/>
<opset="trunc_ln703_4/4 "/>
</bind>
</comp>

<comp id="1383" class="1004" name="trunc_ln703_19_fu_1383">
<pin_list>
<pin id="1384" dir="0" index="0" bw="16" slack="0"/>
<pin id="1385" dir="1" index="1" bw="13" slack="0"/>
</pin_list>
<bind>
<opcode="trunc(33) " fcode="trunc"/>
<opset="trunc_ln703_19/4 "/>
</bind>
</comp>

<comp id="1387" class="1004" name="acc_8_V_fu_1387">
<pin_list>
<pin id="1388" dir="0" index="0" bw="16" slack="0"/>
<pin id="1389" dir="0" index="1" bw="15" slack="0"/>
<pin id="1390" dir="1" index="2" bw="16" slack="0"/>
</pin_list>
<bind>
<opcode="add(8) " fcode="add"/>
<opset="acc_8_V/4 "/>
</bind>
</comp>

<comp id="1393" class="1004" name="add_ln703_14_fu_1393">
<pin_list>
<pin id="1394" dir="0" index="0" bw="13" slack="0"/>
<pin id="1395" dir="0" index="1" bw="13" slack="0"/>
<pin id="1396" dir="1" index="2" bw="13" slack="0"/>
</pin_list>
<bind>
<opcode="add(8) " fcode="add"/>
<opset="add_ln703_14/4 "/>
</bind>
</comp>

<comp id="1399" class="1004" name="zext_ln1118_fu_1399">
<pin_list>
<pin id="1400" dir="0" index="0" bw="8" slack="1"/>
<pin id="1401" dir="1" index="1" bw="14" slack="0"/>
</pin_list>
<bind>
<opcode="zext(34) " fcode="zext"/>
<opset="zext_ln1118/4 "/>
</bind>
</comp>

<comp id="1402" class="1004" name="sext_ln1118_9_fu_1402">
<pin_list>
<pin id="1403" dir="0" index="0" bw="6" slack="1"/>
<pin id="1404" dir="1" index="1" bw="14" slack="0"/>
</pin_list>
<bind>
<opcode="sext(35) " fcode="sext"/>
<opset="sext_ln1118_9/4 "/>
</bind>
</comp>

<comp id="1405" class="1004" name="mul_ln1118_13_fu_1405">
<pin_list>
<pin id="1406" dir="0" index="0" bw="6" slack="0"/>
<pin id="1407" dir="0" index="1" bw="8" slack="0"/>
<pin id="1408" dir="1" index="2" bw="14" slack="0"/>
</pin_list>
<bind>
<opcode="mul(12) " fcode="mul"/>
<opset="mul_ln1118_13/4 "/>
</bind>
</comp>

<comp id="1411" class="1004" name="trunc_ln708_24_fu_1411">
<pin_list>
<pin id="1412" dir="0" index="0" bw="13" slack="0"/>
<pin id="1413" dir="0" index="1" bw="14" slack="0"/>
<pin id="1414" dir="0" index="2" bw="1" slack="0"/>
<pin id="1415" dir="0" index="3" bw="5" slack="0"/>
<pin id="1416" dir="1" index="4" bw="13" slack="0"/>
</pin_list>
<bind>
<opcode="partselect(1002) " fcode="partselect"/>
<opset="trunc_ln708_24/4 "/>
</bind>
</comp>

<comp id="1421" class="1004" name="sext_ln708_13_fu_1421">
<pin_list>
<pin id="1422" dir="0" index="0" bw="13" slack="0"/>
<pin id="1423" dir="1" index="1" bw="16" slack="0"/>
</pin_list>
<bind>
<opcode="sext(35) " fcode="sext"/>
<opset="sext_ln708_13/4 "/>
</bind>
</comp>

<comp id="1425" class="1004" name="trunc_ln703_20_fu_1425">
<pin_list>
<pin id="1426" dir="0" index="0" bw="16" slack="0"/>
<pin id="1427" dir="1" index="1" bw="13" slack="0"/>
</pin_list>
<bind>
<opcode="trunc(33) " fcode="trunc"/>
<opset="trunc_ln703_20/4 "/>
</bind>
</comp>

<comp id="1429" class="1004" name="acc_9_V_fu_1429">
<pin_list>
<pin id="1430" dir="0" index="0" bw="16" slack="0"/>
<pin id="1431" dir="0" index="1" bw="13" slack="0"/>
<pin id="1432" dir="1" index="2" bw="16" slack="0"/>
</pin_list>
<bind>
<opcode="add(8) " fcode="add"/>
<opset="acc_9_V/4 "/>
</bind>
</comp>

<comp id="1435" class="1004" name="add_ln703_15_fu_1435">
<pin_list>
<pin id="1436" dir="0" index="0" bw="13" slack="0"/>
<pin id="1437" dir="0" index="1" bw="13" slack="0"/>
<pin id="1438" dir="1" index="2" bw="13" slack="0"/>
</pin_list>
<bind>
<opcode="add(8) " fcode="add"/>
<opset="add_ln703_15/4 "/>
</bind>
</comp>

<comp id="1441" class="1004" name="trunc_ln4_fu_1441">
<pin_list>
<pin id="1442" dir="0" index="0" bw="8" slack="0"/>
<pin id="1443" dir="0" index="1" bw="13" slack="0"/>
<pin id="1444" dir="0" index="2" bw="4" slack="0"/>
<pin id="1445" dir="0" index="3" bw="5" slack="0"/>
<pin id="1446" dir="1" index="4" bw="8" slack="0"/>
</pin_list>
<bind>
<opcode="partselect(1002) " fcode="partselect"/>
<opset="trunc_ln4/4 "/>
</bind>
</comp>

<comp id="1451" class="1004" name="trunc_ln46_5_fu_1451">
<pin_list>
<pin id="1452" dir="0" index="0" bw="8" slack="0"/>
<pin id="1453" dir="0" index="1" bw="13" slack="0"/>
<pin id="1454" dir="0" index="2" bw="4" slack="0"/>
<pin id="1455" dir="0" index="3" bw="5" slack="0"/>
<pin id="1456" dir="1" index="4" bw="8" slack="0"/>
</pin_list>
<bind>
<opcode="partselect(1002) " fcode="partselect"/>
<opset="trunc_ln46_5/4 "/>
</bind>
</comp>

<comp id="1461" class="1004" name="trunc_ln46_6_fu_1461">
<pin_list>
<pin id="1462" dir="0" index="0" bw="8" slack="0"/>
<pin id="1463" dir="0" index="1" bw="13" slack="0"/>
<pin id="1464" dir="0" index="2" bw="4" slack="0"/>
<pin id="1465" dir="0" index="3" bw="5" slack="0"/>
<pin id="1466" dir="1" index="4" bw="8" slack="0"/>
</pin_list>
<bind>
<opcode="partselect(1002) " fcode="partselect"/>
<opset="trunc_ln46_6/4 "/>
</bind>
</comp>

<comp id="1471" class="1004" name="trunc_ln46_7_fu_1471">
<pin_list>
<pin id="1472" dir="0" index="0" bw="8" slack="0"/>
<pin id="1473" dir="0" index="1" bw="13" slack="0"/>
<pin id="1474" dir="0" index="2" bw="4" slack="0"/>
<pin id="1475" dir="0" index="3" bw="5" slack="0"/>
<pin id="1476" dir="1" index="4" bw="8" slack="0"/>
</pin_list>
<bind>
<opcode="partselect(1002) " fcode="partselect"/>
<opset="trunc_ln46_7/4 "/>
</bind>
</comp>

<comp id="1481" class="1004" name="trunc_ln46_8_fu_1481">
<pin_list>
<pin id="1482" dir="0" index="0" bw="8" slack="0"/>
<pin id="1483" dir="0" index="1" bw="13" slack="0"/>
<pin id="1484" dir="0" index="2" bw="4" slack="0"/>
<pin id="1485" dir="0" index="3" bw="5" slack="0"/>
<pin id="1486" dir="1" index="4" bw="8" slack="0"/>
</pin_list>
<bind>
<opcode="partselect(1002) " fcode="partselect"/>
<opset="trunc_ln46_8/4 "/>
</bind>
</comp>

<comp id="1491" class="1004" name="trunc_ln46_9_fu_1491">
<pin_list>
<pin id="1492" dir="0" index="0" bw="8" slack="0"/>
<pin id="1493" dir="0" index="1" bw="13" slack="0"/>
<pin id="1494" dir="0" index="2" bw="4" slack="0"/>
<pin id="1495" dir="0" index="3" bw="5" slack="0"/>
<pin id="1496" dir="1" index="4" bw="8" slack="0"/>
</pin_list>
<bind>
<opcode="partselect(1002) " fcode="partselect"/>
<opset="trunc_ln46_9/4 "/>
</bind>
</comp>

<comp id="1501" class="1004" name="trunc_ln46_s_fu_1501">
<pin_list>
<pin id="1502" dir="0" index="0" bw="8" slack="0"/>
<pin id="1503" dir="0" index="1" bw="13" slack="0"/>
<pin id="1504" dir="0" index="2" bw="4" slack="0"/>
<pin id="1505" dir="0" index="3" bw="5" slack="0"/>
<pin id="1506" dir="1" index="4" bw="8" slack="0"/>
</pin_list>
<bind>
<opcode="partselect(1002) " fcode="partselect"/>
<opset="trunc_ln46_s/4 "/>
</bind>
</comp>

<comp id="1511" class="1004" name="trunc_ln46_1_fu_1511">
<pin_list>
<pin id="1512" dir="0" index="0" bw="8" slack="0"/>
<pin id="1513" dir="0" index="1" bw="13" slack="0"/>
<pin id="1514" dir="0" index="2" bw="4" slack="0"/>
<pin id="1515" dir="0" index="3" bw="5" slack="0"/>
<pin id="1516" dir="1" index="4" bw="8" slack="0"/>
</pin_list>
<bind>
<opcode="partselect(1002) " fcode="partselect"/>
<opset="trunc_ln46_1/4 "/>
</bind>
</comp>

<comp id="1521" class="1004" name="trunc_ln46_2_fu_1521">
<pin_list>
<pin id="1522" dir="0" index="0" bw="8" slack="0"/>
<pin id="1523" dir="0" index="1" bw="13" slack="0"/>
<pin id="1524" dir="0" index="2" bw="4" slack="0"/>
<pin id="1525" dir="0" index="3" bw="5" slack="0"/>
<pin id="1526" dir="1" index="4" bw="8" slack="0"/>
</pin_list>
<bind>
<opcode="partselect(1002) " fcode="partselect"/>
<opset="trunc_ln46_2/4 "/>
</bind>
</comp>

<comp id="1531" class="1004" name="trunc_ln46_3_fu_1531">
<pin_list>
<pin id="1532" dir="0" index="0" bw="8" slack="0"/>
<pin id="1533" dir="0" index="1" bw="13" slack="0"/>
<pin id="1534" dir="0" index="2" bw="4" slack="0"/>
<pin id="1535" dir="0" index="3" bw="5" slack="0"/>
<pin id="1536" dir="1" index="4" bw="8" slack="0"/>
</pin_list>
<bind>
<opcode="partselect(1002) " fcode="partselect"/>
<opset="trunc_ln46_3/4 "/>
</bind>
</comp>

<comp id="1541" class="1004" name="mrv_fu_1541">
<pin_list>
<pin id="1542" dir="0" index="0" bw="80" slack="0"/>
<pin id="1543" dir="0" index="1" bw="8" slack="0"/>
<pin id="1544" dir="1" index="2" bw="80" slack="0"/>
</pin_list>
<bind>
<opcode="insertvalue(57) " fcode="insertvalue"/>
<opset="mrv/4 "/>
</bind>
</comp>

<comp id="1547" class="1004" name="mrv_1_fu_1547">
<pin_list>
<pin id="1548" dir="0" index="0" bw="80" slack="0"/>
<pin id="1549" dir="0" index="1" bw="8" slack="0"/>
<pin id="1550" dir="1" index="2" bw="80" slack="0"/>
</pin_list>
<bind>
<opcode="insertvalue(57) " fcode="insertvalue"/>
<opset="mrv_1/4 "/>
</bind>
</comp>

<comp id="1553" class="1004" name="mrv_2_fu_1553">
<pin_list>
<pin id="1554" dir="0" index="0" bw="80" slack="0"/>
<pin id="1555" dir="0" index="1" bw="8" slack="0"/>
<pin id="1556" dir="1" index="2" bw="80" slack="0"/>
</pin_list>
<bind>
<opcode="insertvalue(57) " fcode="insertvalue"/>
<opset="mrv_2/4 "/>
</bind>
</comp>

<comp id="1559" class="1004" name="mrv_3_fu_1559">
<pin_list>
<pin id="1560" dir="0" index="0" bw="80" slack="0"/>
<pin id="1561" dir="0" index="1" bw="8" slack="0"/>
<pin id="1562" dir="1" index="2" bw="80" slack="0"/>
</pin_list>
<bind>
<opcode="insertvalue(57) " fcode="insertvalue"/>
<opset="mrv_3/4 "/>
</bind>
</comp>

<comp id="1565" class="1004" name="mrv_4_fu_1565">
<pin_list>
<pin id="1566" dir="0" index="0" bw="80" slack="0"/>
<pin id="1567" dir="0" index="1" bw="8" slack="0"/>
<pin id="1568" dir="1" index="2" bw="80" slack="0"/>
</pin_list>
<bind>
<opcode="insertvalue(57) " fcode="insertvalue"/>
<opset="mrv_4/4 "/>
</bind>
</comp>

<comp id="1571" class="1004" name="mrv_5_fu_1571">
<pin_list>
<pin id="1572" dir="0" index="0" bw="80" slack="0"/>
<pin id="1573" dir="0" index="1" bw="8" slack="0"/>
<pin id="1574" dir="1" index="2" bw="80" slack="0"/>
</pin_list>
<bind>
<opcode="insertvalue(57) " fcode="insertvalue"/>
<opset="mrv_5/4 "/>
</bind>
</comp>

<comp id="1577" class="1004" name="mrv_6_fu_1577">
<pin_list>
<pin id="1578" dir="0" index="0" bw="80" slack="0"/>
<pin id="1579" dir="0" index="1" bw="8" slack="0"/>
<pin id="1580" dir="1" index="2" bw="80" slack="0"/>
</pin_list>
<bind>
<opcode="insertvalue(57) " fcode="insertvalue"/>
<opset="mrv_6/4 "/>
</bind>
</comp>

<comp id="1583" class="1004" name="mrv_7_fu_1583">
<pin_list>
<pin id="1584" dir="0" index="0" bw="80" slack="0"/>
<pin id="1585" dir="0" index="1" bw="8" slack="0"/>
<pin id="1586" dir="1" index="2" bw="80" slack="0"/>
</pin_list>
<bind>
<opcode="insertvalue(57) " fcode="insertvalue"/>
<opset="mrv_7/4 "/>
</bind>
</comp>

<comp id="1589" class="1004" name="mrv_8_fu_1589">
<pin_list>
<pin id="1590" dir="0" index="0" bw="80" slack="0"/>
<pin id="1591" dir="0" index="1" bw="8" slack="0"/>
<pin id="1592" dir="1" index="2" bw="80" slack="0"/>
</pin_list>
<bind>
<opcode="insertvalue(57) " fcode="insertvalue"/>
<opset="mrv_8/4 "/>
</bind>
</comp>

<comp id="1595" class="1004" name="mrv_9_fu_1595">
<pin_list>
<pin id="1596" dir="0" index="0" bw="80" slack="0"/>
<pin id="1597" dir="0" index="1" bw="8" slack="0"/>
<pin id="1598" dir="1" index="2" bw="80" slack="0"/>
</pin_list>
<bind>
<opcode="insertvalue(57) " fcode="insertvalue"/>
<opset="mrv_9/4 "/>
</bind>
</comp>

<comp id="1601" class="1004" name="return_ln21_fu_1601">
<pin_list>
<pin id="1602" dir="0" index="0" bw="80" slack="0"/>
<pin id="1603" dir="1" index="1" bw="0" slack="2147483647"/>
</pin_list>
<bind>
<opcode="return(1203) " fcode="return"/>
<opset="return_ln21/4 "/>
</bind>
</comp>

<comp id="1605" class="1005" name="data_14_V_read_1_reg_1605">
<pin_list>
<pin id="1606" dir="0" index="0" bw="8" slack="1"/>
<pin id="1607" dir="1" index="1" bw="8" slack="1"/>
</pin_list>
<bind>
<opset="data_14_V_read_1 "/>
</bind>
</comp>

<comp id="1610" class="1005" name="data_13_V_read_1_reg_1610">
<pin_list>
<pin id="1611" dir="0" index="0" bw="8" slack="1"/>
<pin id="1612" dir="1" index="1" bw="8" slack="1"/>
</pin_list>
<bind>
<opset="data_13_V_read_1 "/>
</bind>
</comp>

<comp id="1615" class="1005" name="data_12_V_read_1_reg_1615">
<pin_list>
<pin id="1616" dir="0" index="0" bw="8" slack="1"/>
<pin id="1617" dir="1" index="1" bw="8" slack="1"/>
</pin_list>
<bind>
<opset="data_12_V_read_1 "/>
</bind>
</comp>

<comp id="1620" class="1005" name="data_11_V_read_1_reg_1620">
<pin_list>
<pin id="1621" dir="0" index="0" bw="8" slack="1"/>
<pin id="1622" dir="1" index="1" bw="8" slack="1"/>
</pin_list>
<bind>
<opset="data_11_V_read_1 "/>
</bind>
</comp>

<comp id="1625" class="1005" name="data_10_V_read_1_reg_1625">
<pin_list>
<pin id="1626" dir="0" index="0" bw="8" slack="1"/>
<pin id="1627" dir="1" index="1" bw="8" slack="1"/>
</pin_list>
<bind>
<opset="data_10_V_read_1 "/>
</bind>
</comp>

<comp id="1630" class="1005" name="data_9_V_read_2_reg_1630">
<pin_list>
<pin id="1631" dir="0" index="0" bw="8" slack="1"/>
<pin id="1632" dir="1" index="1" bw="8" slack="1"/>
</pin_list>
<bind>
<opset="data_9_V_read_2 "/>
</bind>
</comp>

<comp id="1635" class="1005" name="data_8_V_read_2_reg_1635">
<pin_list>
<pin id="1636" dir="0" index="0" bw="8" slack="1"/>
<pin id="1637" dir="1" index="1" bw="8" slack="1"/>
</pin_list>
<bind>
<opset="data_8_V_read_2 "/>
</bind>
</comp>

<comp id="1640" class="1005" name="data_7_V_read_2_reg_1640">
<pin_list>
<pin id="1641" dir="0" index="0" bw="8" slack="1"/>
<pin id="1642" dir="1" index="1" bw="8" slack="1"/>
</pin_list>
<bind>
<opset="data_7_V_read_2 "/>
</bind>
</comp>

<comp id="1645" class="1005" name="data_6_V_read_2_reg_1645">
<pin_list>
<pin id="1646" dir="0" index="0" bw="8" slack="1"/>
<pin id="1647" dir="1" index="1" bw="8" slack="1"/>
</pin_list>
<bind>
<opset="data_6_V_read_2 "/>
</bind>
</comp>

<comp id="1650" class="1005" name="data_5_V_read31_reg_1650">
<pin_list>
<pin id="1651" dir="0" index="0" bw="8" slack="1"/>
<pin id="1652" dir="1" index="1" bw="8" slack="1"/>
</pin_list>
<bind>
<opset="data_5_V_read31 "/>
</bind>
</comp>

<comp id="1655" class="1005" name="data_4_V_read_2_reg_1655">
<pin_list>
<pin id="1656" dir="0" index="0" bw="8" slack="1"/>
<pin id="1657" dir="1" index="1" bw="8" slack="1"/>
</pin_list>
<bind>
<opset="data_4_V_read_2 "/>
</bind>
</comp>

<comp id="1660" class="1005" name="data_3_V_read_2_reg_1660">
<pin_list>
<pin id="1661" dir="0" index="0" bw="8" slack="1"/>
<pin id="1662" dir="1" index="1" bw="8" slack="1"/>
</pin_list>
<bind>
<opset="data_3_V_read_2 "/>
</bind>
</comp>

<comp id="1665" class="1005" name="data_2_V_read_2_reg_1665">
<pin_list>
<pin id="1666" dir="0" index="0" bw="8" slack="1"/>
<pin id="1667" dir="1" index="1" bw="8" slack="1"/>
</pin_list>
<bind>
<opset="data_2_V_read_2 "/>
</bind>
</comp>

<comp id="1670" class="1005" name="data_1_V_read_2_reg_1670">
<pin_list>
<pin id="1671" dir="0" index="0" bw="8" slack="1"/>
<pin id="1672" dir="1" index="1" bw="8" slack="1"/>
</pin_list>
<bind>
<opset="data_1_V_read_2 "/>
</bind>
</comp>

<comp id="1675" class="1005" name="data_0_V_read_2_reg_1675">
<pin_list>
<pin id="1676" dir="0" index="0" bw="8" slack="1"/>
<pin id="1677" dir="1" index="1" bw="8" slack="1"/>
</pin_list>
<bind>
<opset="data_0_V_read_2 "/>
</bind>
</comp>

<comp id="1680" class="1005" name="w18_V_addr_reg_1680">
<pin_list>
<pin id="1681" dir="0" index="0" bw="4" slack="1"/>
<pin id="1682" dir="1" index="1" bw="4" slack="1"/>
</pin_list>
<bind>
<opset="w18_V_addr "/>
</bind>
</comp>

<comp id="1685" class="1005" name="w_index_reg_1685">
<pin_list>
<pin id="1686" dir="0" index="0" bw="4" slack="0"/>
<pin id="1687" dir="1" index="1" bw="4" slack="0"/>
</pin_list>
<bind>
<opset="w_index "/>
</bind>
</comp>

<comp id="1690" class="1005" name="icmp_ln46_reg_1690">
<pin_list>
<pin id="1691" dir="0" index="0" bw="1" slack="1"/>
<pin id="1692" dir="1" index="1" bw="1" slack="2147483647"/>
</pin_list>
<bind>
<opset="icmp_ln46 "/>
</bind>
</comp>

<comp id="1694" class="1005" name="tmp_14_reg_1694">
<pin_list>
<pin id="1695" dir="0" index="0" bw="8" slack="1"/>
<pin id="1696" dir="1" index="1" bw="8" slack="1"/>
</pin_list>
<bind>
<opset="tmp_14 "/>
</bind>
</comp>

<comp id="1700" class="1005" name="trunc_ln59_reg_1700">
<pin_list>
<pin id="1701" dir="0" index="0" bw="8" slack="1"/>
<pin id="1702" dir="1" index="1" bw="8" slack="1"/>
</pin_list>
<bind>
<opset="trunc_ln59 "/>
</bind>
</comp>

<comp id="1705" class="1005" name="tmp_6_reg_1705">
<pin_list>
<pin id="1706" dir="0" index="0" bw="8" slack="1"/>
<pin id="1707" dir="1" index="1" bw="8" slack="1"/>
</pin_list>
<bind>
<opset="tmp_6 "/>
</bind>
</comp>

<comp id="1710" class="1005" name="tmp_7_reg_1710">
<pin_list>
<pin id="1711" dir="0" index="0" bw="8" slack="1"/>
<pin id="1712" dir="1" index="1" bw="8" slack="1"/>
</pin_list>
<bind>
<opset="tmp_7 "/>
</bind>
</comp>

<comp id="1715" class="1005" name="tmp_8_reg_1715">
<pin_list>
<pin id="1716" dir="0" index="0" bw="8" slack="1"/>
<pin id="1717" dir="1" index="1" bw="8" slack="1"/>
</pin_list>
<bind>
<opset="tmp_8 "/>
</bind>
</comp>

<comp id="1720" class="1005" name="tmp_9_reg_1720">
<pin_list>
<pin id="1721" dir="0" index="0" bw="8" slack="1"/>
<pin id="1722" dir="1" index="1" bw="8" slack="1"/>
</pin_list>
<bind>
<opset="tmp_9 "/>
</bind>
</comp>

<comp id="1725" class="1005" name="tmp_10_reg_1725">
<pin_list>
<pin id="1726" dir="0" index="0" bw="8" slack="1"/>
<pin id="1727" dir="1" index="1" bw="8" slack="1"/>
</pin_list>
<bind>
<opset="tmp_10 "/>
</bind>
</comp>

<comp id="1730" class="1005" name="tmp_11_reg_1730">
<pin_list>
<pin id="1731" dir="0" index="0" bw="8" slack="1"/>
<pin id="1732" dir="1" index="1" bw="8" slack="1"/>
</pin_list>
<bind>
<opset="tmp_11 "/>
</bind>
</comp>

<comp id="1735" class="1005" name="tmp_12_reg_1735">
<pin_list>
<pin id="1736" dir="0" index="0" bw="8" slack="1"/>
<pin id="1737" dir="1" index="1" bw="8" slack="1"/>
</pin_list>
<bind>
<opset="tmp_12 "/>
</bind>
</comp>

<comp id="1740" class="1005" name="tmp_13_reg_1740">
<pin_list>
<pin id="1741" dir="0" index="0" bw="8" slack="1"/>
<pin id="1742" dir="1" index="1" bw="8" slack="1"/>
</pin_list>
<bind>
<opset="tmp_13 "/>
</bind>
</comp>

<comp id="1745" class="1005" name="tmp_15_reg_1745">
<pin_list>
<pin id="1746" dir="0" index="0" bw="6" slack="1"/>
<pin id="1747" dir="1" index="1" bw="6" slack="1"/>
</pin_list>
<bind>
<opset="tmp_15 "/>
</bind>
</comp>

<comp id="1750" class="1005" name="acc_0_V_reg_1750">
<pin_list>
<pin id="1751" dir="0" index="0" bw="16" slack="0"/>
<pin id="1752" dir="1" index="1" bw="16" slack="0"/>
</pin_list>
<bind>
<opset="acc_0_V "/>
</bind>
</comp>

<comp id="1755" class="1005" name="acc_1_V_reg_1755">
<pin_list>
<pin id="1756" dir="0" index="0" bw="16" slack="0"/>
<pin id="1757" dir="1" index="1" bw="16" slack="0"/>
</pin_list>
<bind>
<opset="acc_1_V "/>
</bind>
</comp>

<comp id="1760" class="1005" name="acc_2_V_reg_1760">
<pin_list>
<pin id="1761" dir="0" index="0" bw="16" slack="0"/>
<pin id="1762" dir="1" index="1" bw="16" slack="0"/>
</pin_list>
<bind>
<opset="acc_2_V "/>
</bind>
</comp>

<comp id="1765" class="1005" name="acc_3_V_reg_1765">
<pin_list>
<pin id="1766" dir="0" index="0" bw="16" slack="0"/>
<pin id="1767" dir="1" index="1" bw="16" slack="0"/>
</pin_list>
<bind>
<opset="acc_3_V "/>
</bind>
</comp>

<comp id="1770" class="1005" name="acc_4_V_reg_1770">
<pin_list>
<pin id="1771" dir="0" index="0" bw="16" slack="0"/>
<pin id="1772" dir="1" index="1" bw="16" slack="0"/>
</pin_list>
<bind>
<opset="acc_4_V "/>
</bind>
</comp>

<comp id="1775" class="1005" name="acc_5_V_reg_1775">
<pin_list>
<pin id="1776" dir="0" index="0" bw="16" slack="0"/>
<pin id="1777" dir="1" index="1" bw="16" slack="0"/>
</pin_list>
<bind>
<opset="acc_5_V "/>
</bind>
</comp>

<comp id="1780" class="1005" name="acc_6_V_reg_1780">
<pin_list>
<pin id="1781" dir="0" index="0" bw="16" slack="0"/>
<pin id="1782" dir="1" index="1" bw="16" slack="0"/>
</pin_list>
<bind>
<opset="acc_6_V "/>
</bind>
</comp>

<comp id="1785" class="1005" name="acc_7_V_reg_1785">
<pin_list>
<pin id="1786" dir="0" index="0" bw="16" slack="0"/>
<pin id="1787" dir="1" index="1" bw="16" slack="0"/>
</pin_list>
<bind>
<opset="acc_7_V "/>
</bind>
</comp>

<comp id="1790" class="1005" name="acc_8_V_reg_1790">
<pin_list>
<pin id="1791" dir="0" index="0" bw="16" slack="0"/>
<pin id="1792" dir="1" index="1" bw="16" slack="0"/>
</pin_list>
<bind>
<opset="acc_8_V "/>
</bind>
</comp>

<comp id="1795" class="1005" name="acc_9_V_reg_1795">
<pin_list>
<pin id="1796" dir="0" index="0" bw="16" slack="0"/>
<pin id="1797" dir="1" index="1" bw="16" slack="0"/>
</pin_list>
<bind>
<opset="acc_9_V "/>
</bind>
</comp>

</comp_list>

<net_list>
<net id="148"><net_src comp="42" pin="0"/><net_sink comp="144" pin=0"/></net>

<net id="149"><net_src comp="28" pin="0"/><net_sink comp="144" pin=1"/></net>

<net id="154"><net_src comp="42" pin="0"/><net_sink comp="150" pin=0"/></net>

<net id="155"><net_src comp="26" pin="0"/><net_sink comp="150" pin=1"/></net>

<net id="160"><net_src comp="42" pin="0"/><net_sink comp="156" pin=0"/></net>

<net id="161"><net_src comp="24" pin="0"/><net_sink comp="156" pin=1"/></net>

<net id="166"><net_src comp="42" pin="0"/><net_sink comp="162" pin=0"/></net>

<net id="167"><net_src comp="22" pin="0"/><net_sink comp="162" pin=1"/></net>

<net id="172"><net_src comp="42" pin="0"/><net_sink comp="168" pin=0"/></net>

<net id="173"><net_src comp="20" pin="0"/><net_sink comp="168" pin=1"/></net>

<net id="178"><net_src comp="42" pin="0"/><net_sink comp="174" pin=0"/></net>

<net id="179"><net_src comp="18" pin="0"/><net_sink comp="174" pin=1"/></net>

<net id="184"><net_src comp="42" pin="0"/><net_sink comp="180" pin=0"/></net>

<net id="185"><net_src comp="16" pin="0"/><net_sink comp="180" pin=1"/></net>

<net id="190"><net_src comp="42" pin="0"/><net_sink comp="186" pin=0"/></net>

<net id="191"><net_src comp="14" pin="0"/><net_sink comp="186" pin=1"/></net>

<net id="196"><net_src comp="42" pin="0"/><net_sink comp="192" pin=0"/></net>

<net id="197"><net_src comp="12" pin="0"/><net_sink comp="192" pin=1"/></net>

<net id="202"><net_src comp="42" pin="0"/><net_sink comp="198" pin=0"/></net>

<net id="203"><net_src comp="10" pin="0"/><net_sink comp="198" pin=1"/></net>

<net id="208"><net_src comp="42" pin="0"/><net_sink comp="204" pin=0"/></net>

<net id="209"><net_src comp="8" pin="0"/><net_sink comp="204" pin=1"/></net>

<net id="214"><net_src comp="42" pin="0"/><net_sink comp="210" pin=0"/></net>

<net id="215"><net_src comp="6" pin="0"/><net_sink comp="210" pin=1"/></net>

<net id="220"><net_src comp="42" pin="0"/><net_sink comp="216" pin=0"/></net>

<net id="221"><net_src comp="4" pin="0"/><net_sink comp="216" pin=1"/></net>

<net id="226"><net_src comp="42" pin="0"/><net_sink comp="222" pin=0"/></net>

<net id="227"><net_src comp="2" pin="0"/><net_sink comp="222" pin=1"/></net>

<net id="232"><net_src comp="42" pin="0"/><net_sink comp="228" pin=0"/></net>

<net id="233"><net_src comp="0" pin="0"/><net_sink comp="228" pin=1"/></net>

<net id="239"><net_src comp="30" pin="0"/><net_sink comp="234" pin=0"/></net>

<net id="240"><net_src comp="54" pin="0"/><net_sink comp="234" pin=1"/></net>

<net id="246"><net_src comp="234" pin="3"/><net_sink comp="241" pin=0"/></net>

<net id="250"><net_src comp="36" pin="0"/><net_sink comp="247" pin=0"/></net>

<net id="259"><net_src comp="247" pin="1"/><net_sink comp="251" pin=0"/></net>

<net id="260"><net_src comp="38" pin="0"/><net_sink comp="251" pin=2"/></net>

<net id="261"><net_src comp="36" pin="0"/><net_sink comp="251" pin=4"/></net>

<net id="262"><net_src comp="251" pin="6"/><net_sink comp="247" pin=0"/></net>

<net id="266"><net_src comp="40" pin="0"/><net_sink comp="263" pin=0"/></net>

<net id="275"><net_src comp="263" pin="1"/><net_sink comp="267" pin=0"/></net>

<net id="276"><net_src comp="40" pin="0"/><net_sink comp="267" pin=4"/></net>

<net id="277"><net_src comp="267" pin="6"/><net_sink comp="263" pin=0"/></net>

<net id="281"><net_src comp="60" pin="0"/><net_sink comp="278" pin=0"/></net>

<net id="290"><net_src comp="278" pin="1"/><net_sink comp="282" pin=0"/></net>

<net id="291"><net_src comp="278" pin="1"/><net_sink comp="282" pin=4"/></net>

<net id="295"><net_src comp="60" pin="0"/><net_sink comp="292" pin=0"/></net>

<net id="304"><net_src comp="292" pin="1"/><net_sink comp="296" pin=0"/></net>

<net id="305"><net_src comp="292" pin="1"/><net_sink comp="296" pin=4"/></net>

<net id="309"><net_src comp="60" pin="0"/><net_sink comp="306" pin=0"/></net>

<net id="318"><net_src comp="306" pin="1"/><net_sink comp="310" pin=0"/></net>

<net id="319"><net_src comp="306" pin="1"/><net_sink comp="310" pin=4"/></net>

<net id="323"><net_src comp="60" pin="0"/><net_sink comp="320" pin=0"/></net>

<net id="332"><net_src comp="320" pin="1"/><net_sink comp="324" pin=0"/></net>

<net id="333"><net_src comp="320" pin="1"/><net_sink comp="324" pin=4"/></net>

<net id="337"><net_src comp="60" pin="0"/><net_sink comp="334" pin=0"/></net>

<net id="346"><net_src comp="334" pin="1"/><net_sink comp="338" pin=0"/></net>

<net id="347"><net_src comp="334" pin="1"/><net_sink comp="338" pin=4"/></net>

<net id="351"><net_src comp="60" pin="0"/><net_sink comp="348" pin=0"/></net>

<net id="360"><net_src comp="348" pin="1"/><net_sink comp="352" pin=0"/></net>

<net id="361"><net_src comp="348" pin="1"/><net_sink comp="352" pin=4"/></net>

<net id="365"><net_src comp="60" pin="0"/><net_sink comp="362" pin=0"/></net>

<net id="374"><net_src comp="362" pin="1"/><net_sink comp="366" pin=0"/></net>

<net id="375"><net_src comp="362" pin="1"/><net_sink comp="366" pin=4"/></net>

<net id="379"><net_src comp="60" pin="0"/><net_sink comp="376" pin=0"/></net>

<net id="388"><net_src comp="376" pin="1"/><net_sink comp="380" pin=0"/></net>

<net id="389"><net_src comp="376" pin="1"/><net_sink comp="380" pin=4"/></net>

<net id="393"><net_src comp="60" pin="0"/><net_sink comp="390" pin=0"/></net>

<net id="402"><net_src comp="390" pin="1"/><net_sink comp="394" pin=0"/></net>

<net id="403"><net_src comp="390" pin="1"/><net_sink comp="394" pin=4"/></net>

<net id="407"><net_src comp="60" pin="0"/><net_sink comp="404" pin=0"/></net>

<net id="416"><net_src comp="404" pin="1"/><net_sink comp="408" pin=0"/></net>

<net id="417"><net_src comp="404" pin="1"/><net_sink comp="408" pin=4"/></net>

<net id="421"><net_src comp="60" pin="0"/><net_sink comp="418" pin=0"/></net>

<net id="430"><net_src comp="418" pin="1"/><net_sink comp="422" pin=0"/></net>

<net id="431"><net_src comp="418" pin="1"/><net_sink comp="422" pin=4"/></net>

<net id="435"><net_src comp="60" pin="0"/><net_sink comp="432" pin=0"/></net>

<net id="444"><net_src comp="432" pin="1"/><net_sink comp="436" pin=0"/></net>

<net id="445"><net_src comp="432" pin="1"/><net_sink comp="436" pin=4"/></net>

<net id="449"><net_src comp="60" pin="0"/><net_sink comp="446" pin=0"/></net>

<net id="458"><net_src comp="446" pin="1"/><net_sink comp="450" pin=0"/></net>

<net id="459"><net_src comp="446" pin="1"/><net_sink comp="450" pin=4"/></net>

<net id="463"><net_src comp="60" pin="0"/><net_sink comp="460" pin=0"/></net>

<net id="472"><net_src comp="460" pin="1"/><net_sink comp="464" pin=0"/></net>

<net id="473"><net_src comp="460" pin="1"/><net_sink comp="464" pin=4"/></net>

<net id="477"><net_src comp="60" pin="0"/><net_sink comp="474" pin=0"/></net>

<net id="486"><net_src comp="474" pin="1"/><net_sink comp="478" pin=0"/></net>

<net id="487"><net_src comp="474" pin="1"/><net_sink comp="478" pin=4"/></net>

<net id="491"><net_src comp="488" pin="1"/><net_sink comp="282" pin=2"/></net>

<net id="498"><net_src comp="282" pin="6"/><net_sink comp="492" pin=2"/></net>

<net id="499"><net_src comp="492" pin="4"/><net_sink comp="488" pin=0"/></net>

<net id="503"><net_src comp="500" pin="1"/><net_sink comp="296" pin=2"/></net>

<net id="510"><net_src comp="296" pin="6"/><net_sink comp="504" pin=2"/></net>

<net id="511"><net_src comp="504" pin="4"/><net_sink comp="500" pin=0"/></net>

<net id="515"><net_src comp="512" pin="1"/><net_sink comp="310" pin=2"/></net>

<net id="522"><net_src comp="310" pin="6"/><net_sink comp="516" pin=2"/></net>

<net id="523"><net_src comp="516" pin="4"/><net_sink comp="512" pin=0"/></net>

<net id="527"><net_src comp="524" pin="1"/><net_sink comp="324" pin=2"/></net>

<net id="534"><net_src comp="324" pin="6"/><net_sink comp="528" pin=2"/></net>

<net id="535"><net_src comp="528" pin="4"/><net_sink comp="524" pin=0"/></net>

<net id="539"><net_src comp="536" pin="1"/><net_sink comp="338" pin=2"/></net>

<net id="546"><net_src comp="338" pin="6"/><net_sink comp="540" pin=2"/></net>

<net id="547"><net_src comp="540" pin="4"/><net_sink comp="536" pin=0"/></net>

<net id="551"><net_src comp="548" pin="1"/><net_sink comp="352" pin=2"/></net>

<net id="558"><net_src comp="352" pin="6"/><net_sink comp="552" pin=2"/></net>

<net id="559"><net_src comp="552" pin="4"/><net_sink comp="548" pin=0"/></net>

<net id="563"><net_src comp="560" pin="1"/><net_sink comp="366" pin=2"/></net>

<net id="570"><net_src comp="366" pin="6"/><net_sink comp="564" pin=2"/></net>

<net id="571"><net_src comp="564" pin="4"/><net_sink comp="560" pin=0"/></net>

<net id="575"><net_src comp="572" pin="1"/><net_sink comp="380" pin=2"/></net>

<net id="582"><net_src comp="380" pin="6"/><net_sink comp="576" pin=2"/></net>

<net id="583"><net_src comp="576" pin="4"/><net_sink comp="572" pin=0"/></net>

<net id="587"><net_src comp="584" pin="1"/><net_sink comp="394" pin=2"/></net>

<net id="594"><net_src comp="394" pin="6"/><net_sink comp="588" pin=2"/></net>

<net id="595"><net_src comp="588" pin="4"/><net_sink comp="584" pin=0"/></net>

<net id="599"><net_src comp="596" pin="1"/><net_sink comp="408" pin=2"/></net>

<net id="606"><net_src comp="408" pin="6"/><net_sink comp="600" pin=2"/></net>

<net id="607"><net_src comp="600" pin="4"/><net_sink comp="596" pin=0"/></net>

<net id="611"><net_src comp="608" pin="1"/><net_sink comp="422" pin=2"/></net>

<net id="618"><net_src comp="422" pin="6"/><net_sink comp="612" pin=2"/></net>

<net id="619"><net_src comp="612" pin="4"/><net_sink comp="608" pin=0"/></net>

<net id="623"><net_src comp="620" pin="1"/><net_sink comp="436" pin=2"/></net>

<net id="630"><net_src comp="436" pin="6"/><net_sink comp="624" pin=2"/></net>

<net id="631"><net_src comp="624" pin="4"/><net_sink comp="620" pin=0"/></net>

<net id="635"><net_src comp="632" pin="1"/><net_sink comp="450" pin=2"/></net>

<net id="642"><net_src comp="450" pin="6"/><net_sink comp="636" pin=2"/></net>

<net id="643"><net_src comp="636" pin="4"/><net_sink comp="632" pin=0"/></net>

<net id="647"><net_src comp="644" pin="1"/><net_sink comp="464" pin=2"/></net>

<net id="654"><net_src comp="464" pin="6"/><net_sink comp="648" pin=2"/></net>

<net id="655"><net_src comp="648" pin="4"/><net_sink comp="644" pin=0"/></net>

<net id="659"><net_src comp="656" pin="1"/><net_sink comp="478" pin=2"/></net>

<net id="666"><net_src comp="478" pin="6"/><net_sink comp="660" pin=2"/></net>

<net id="667"><net_src comp="660" pin="4"/><net_sink comp="656" pin=0"/></net>

<net id="671"><net_src comp="104" pin="0"/><net_sink comp="668" pin=0"/></net>

<net id="680"><net_src comp="668" pin="1"/><net_sink comp="672" pin=0"/></net>

<net id="681"><net_src comp="668" pin="1"/><net_sink comp="672" pin=4"/></net>

<net id="685"><net_src comp="106" pin="0"/><net_sink comp="682" pin=0"/></net>

<net id="694"><net_src comp="682" pin="1"/><net_sink comp="686" pin=0"/></net>

<net id="695"><net_src comp="682" pin="1"/><net_sink comp="686" pin=4"/></net>

<net id="699"><net_src comp="108" pin="0"/><net_sink comp="696" pin=0"/></net>

<net id="708"><net_src comp="696" pin="1"/><net_sink comp="700" pin=0"/></net>

<net id="709"><net_src comp="696" pin="1"/><net_sink comp="700" pin=4"/></net>

<net id="713"><net_src comp="110" pin="0"/><net_sink comp="710" pin=0"/></net>

<net id="722"><net_src comp="710" pin="1"/><net_sink comp="714" pin=0"/></net>

<net id="723"><net_src comp="710" pin="1"/><net_sink comp="714" pin=4"/></net>

<net id="727"><net_src comp="106" pin="0"/><net_sink comp="724" pin=0"/></net>

<net id="736"><net_src comp="724" pin="1"/><net_sink comp="728" pin=0"/></net>

<net id="737"><net_src comp="724" pin="1"/><net_sink comp="728" pin=4"/></net>

<net id="741"><net_src comp="108" pin="0"/><net_sink comp="738" pin=0"/></net>

<net id="750"><net_src comp="738" pin="1"/><net_sink comp="742" pin=0"/></net>

<net id="751"><net_src comp="738" pin="1"/><net_sink comp="742" pin=4"/></net>

<net id="755"><net_src comp="112" pin="0"/><net_sink comp="752" pin=0"/></net>

<net id="764"><net_src comp="752" pin="1"/><net_sink comp="756" pin=0"/></net>

<net id="765"><net_src comp="752" pin="1"/><net_sink comp="756" pin=4"/></net>

<net id="769"><net_src comp="106" pin="0"/><net_sink comp="766" pin=0"/></net>

<net id="778"><net_src comp="766" pin="1"/><net_sink comp="770" pin=0"/></net>

<net id="779"><net_src comp="766" pin="1"/><net_sink comp="770" pin=4"/></net>

<net id="783"><net_src comp="112" pin="0"/><net_sink comp="780" pin=0"/></net>

<net id="792"><net_src comp="780" pin="1"/><net_sink comp="784" pin=0"/></net>

<net id="793"><net_src comp="780" pin="1"/><net_sink comp="784" pin=4"/></net>

<net id="797"><net_src comp="112" pin="0"/><net_sink comp="794" pin=0"/></net>

<net id="806"><net_src comp="794" pin="1"/><net_sink comp="798" pin=0"/></net>

<net id="807"><net_src comp="794" pin="1"/><net_sink comp="798" pin=4"/></net>

<net id="811"><net_src comp="267" pin="6"/><net_sink comp="808" pin=0"/></net>

<net id="812"><net_src comp="808" pin="1"/><net_sink comp="234" pin=2"/></net>

<net id="817"><net_src comp="56" pin="0"/><net_sink comp="813" pin=0"/></net>

<net id="818"><net_src comp="267" pin="6"/><net_sink comp="813" pin=1"/></net>

<net id="823"><net_src comp="267" pin="6"/><net_sink comp="819" pin=0"/></net>

<net id="824"><net_src comp="58" pin="0"/><net_sink comp="819" pin=1"/></net>

<net id="844"><net_src comp="62" pin="0"/><net_sink comp="825" pin=0"/></net>

<net id="845"><net_src comp="492" pin="4"/><net_sink comp="825" pin=1"/></net>

<net id="846"><net_src comp="504" pin="4"/><net_sink comp="825" pin=2"/></net>

<net id="847"><net_src comp="516" pin="4"/><net_sink comp="825" pin=3"/></net>

<net id="848"><net_src comp="528" pin="4"/><net_sink comp="825" pin=4"/></net>

<net id="849"><net_src comp="540" pin="4"/><net_sink comp="825" pin=5"/></net>

<net id="850"><net_src comp="552" pin="4"/><net_sink comp="825" pin=6"/></net>

<net id="851"><net_src comp="564" pin="4"/><net_sink comp="825" pin=7"/></net>

<net id="852"><net_src comp="576" pin="4"/><net_sink comp="825" pin=8"/></net>

<net id="853"><net_src comp="588" pin="4"/><net_sink comp="825" pin=9"/></net>

<net id="854"><net_src comp="600" pin="4"/><net_sink comp="825" pin=10"/></net>

<net id="855"><net_src comp="612" pin="4"/><net_sink comp="825" pin=11"/></net>

<net id="856"><net_src comp="624" pin="4"/><net_sink comp="825" pin=12"/></net>

<net id="857"><net_src comp="636" pin="4"/><net_sink comp="825" pin=13"/></net>

<net id="858"><net_src comp="648" pin="4"/><net_sink comp="825" pin=14"/></net>

<net id="859"><net_src comp="660" pin="4"/><net_sink comp="825" pin=15"/></net>

<net id="860"><net_src comp="263" pin="1"/><net_sink comp="825" pin=16"/></net>

<net id="864"><net_src comp="241" pin="3"/><net_sink comp="861" pin=0"/></net>

<net id="871"><net_src comp="64" pin="0"/><net_sink comp="865" pin=0"/></net>

<net id="872"><net_src comp="241" pin="3"/><net_sink comp="865" pin=1"/></net>

<net id="873"><net_src comp="66" pin="0"/><net_sink comp="865" pin=2"/></net>

<net id="874"><net_src comp="68" pin="0"/><net_sink comp="865" pin=3"/></net>

<net id="881"><net_src comp="64" pin="0"/><net_sink comp="875" pin=0"/></net>

<net id="882"><net_src comp="241" pin="3"/><net_sink comp="875" pin=1"/></net>

<net id="883"><net_src comp="70" pin="0"/><net_sink comp="875" pin=2"/></net>

<net id="884"><net_src comp="72" pin="0"/><net_sink comp="875" pin=3"/></net>

<net id="891"><net_src comp="64" pin="0"/><net_sink comp="885" pin=0"/></net>

<net id="892"><net_src comp="241" pin="3"/><net_sink comp="885" pin=1"/></net>

<net id="893"><net_src comp="74" pin="0"/><net_sink comp="885" pin=2"/></net>

<net id="894"><net_src comp="76" pin="0"/><net_sink comp="885" pin=3"/></net>

<net id="901"><net_src comp="64" pin="0"/><net_sink comp="895" pin=0"/></net>

<net id="902"><net_src comp="241" pin="3"/><net_sink comp="895" pin=1"/></net>

<net id="903"><net_src comp="78" pin="0"/><net_sink comp="895" pin=2"/></net>

<net id="904"><net_src comp="80" pin="0"/><net_sink comp="895" pin=3"/></net>

<net id="911"><net_src comp="64" pin="0"/><net_sink comp="905" pin=0"/></net>

<net id="912"><net_src comp="241" pin="3"/><net_sink comp="905" pin=1"/></net>

<net id="913"><net_src comp="82" pin="0"/><net_sink comp="905" pin=2"/></net>

<net id="914"><net_src comp="84" pin="0"/><net_sink comp="905" pin=3"/></net>

<net id="921"><net_src comp="64" pin="0"/><net_sink comp="915" pin=0"/></net>

<net id="922"><net_src comp="241" pin="3"/><net_sink comp="915" pin=1"/></net>

<net id="923"><net_src comp="86" pin="0"/><net_sink comp="915" pin=2"/></net>

<net id="924"><net_src comp="88" pin="0"/><net_sink comp="915" pin=3"/></net>

<net id="931"><net_src comp="64" pin="0"/><net_sink comp="925" pin=0"/></net>

<net id="932"><net_src comp="241" pin="3"/><net_sink comp="925" pin=1"/></net>

<net id="933"><net_src comp="90" pin="0"/><net_sink comp="925" pin=2"/></net>

<net id="934"><net_src comp="92" pin="0"/><net_sink comp="925" pin=3"/></net>

<net id="941"><net_src comp="64" pin="0"/><net_sink comp="935" pin=0"/></net>

<net id="942"><net_src comp="241" pin="3"/><net_sink comp="935" pin=1"/></net>

<net id="943"><net_src comp="94" pin="0"/><net_sink comp="935" pin=2"/></net>

<net id="944"><net_src comp="96" pin="0"/><net_sink comp="935" pin=3"/></net>

<net id="951"><net_src comp="98" pin="0"/><net_sink comp="945" pin=0"/></net>

<net id="952"><net_src comp="241" pin="3"/><net_sink comp="945" pin=1"/></net>

<net id="953"><net_src comp="100" pin="0"/><net_sink comp="945" pin=2"/></net>

<net id="954"><net_src comp="102" pin="0"/><net_sink comp="945" pin=3"/></net>

<net id="965"><net_src comp="955" pin="1"/><net_sink comp="961" pin=0"/></net>

<net id="966"><net_src comp="958" pin="1"/><net_sink comp="961" pin=1"/></net>

<net id="973"><net_src comp="124" pin="0"/><net_sink comp="967" pin=0"/></net>

<net id="974"><net_src comp="961" pin="2"/><net_sink comp="967" pin=1"/></net>

<net id="975"><net_src comp="120" pin="0"/><net_sink comp="967" pin=2"/></net>

<net id="976"><net_src comp="68" pin="0"/><net_sink comp="967" pin=3"/></net>

<net id="980"><net_src comp="967" pin="4"/><net_sink comp="977" pin=0"/></net>

<net id="987"><net_src comp="126" pin="0"/><net_sink comp="981" pin=0"/></net>

<net id="988"><net_src comp="961" pin="2"/><net_sink comp="981" pin=1"/></net>

<net id="989"><net_src comp="120" pin="0"/><net_sink comp="981" pin=2"/></net>

<net id="990"><net_src comp="128" pin="0"/><net_sink comp="981" pin=3"/></net>

<net id="994"><net_src comp="798" pin="6"/><net_sink comp="991" pin=0"/></net>

<net id="999"><net_src comp="798" pin="6"/><net_sink comp="995" pin=0"/></net>

<net id="1000"><net_src comp="977" pin="1"/><net_sink comp="995" pin=1"/></net>

<net id="1005"><net_src comp="991" pin="1"/><net_sink comp="1001" pin=0"/></net>

<net id="1006"><net_src comp="981" pin="4"/><net_sink comp="1001" pin=1"/></net>

<net id="1014"><net_src comp="955" pin="1"/><net_sink comp="1010" pin=0"/></net>

<net id="1015"><net_src comp="1007" pin="1"/><net_sink comp="1010" pin=1"/></net>

<net id="1022"><net_src comp="124" pin="0"/><net_sink comp="1016" pin=0"/></net>

<net id="1023"><net_src comp="1010" pin="2"/><net_sink comp="1016" pin=1"/></net>

<net id="1024"><net_src comp="120" pin="0"/><net_sink comp="1016" pin=2"/></net>

<net id="1025"><net_src comp="68" pin="0"/><net_sink comp="1016" pin=3"/></net>

<net id="1029"><net_src comp="1016" pin="4"/><net_sink comp="1026" pin=0"/></net>

<net id="1036"><net_src comp="126" pin="0"/><net_sink comp="1030" pin=0"/></net>

<net id="1037"><net_src comp="1010" pin="2"/><net_sink comp="1030" pin=1"/></net>

<net id="1038"><net_src comp="120" pin="0"/><net_sink comp="1030" pin=2"/></net>

<net id="1039"><net_src comp="128" pin="0"/><net_sink comp="1030" pin=3"/></net>

<net id="1043"><net_src comp="784" pin="6"/><net_sink comp="1040" pin=0"/></net>

<net id="1048"><net_src comp="784" pin="6"/><net_sink comp="1044" pin=0"/></net>

<net id="1049"><net_src comp="1026" pin="1"/><net_sink comp="1044" pin=1"/></net>

<net id="1054"><net_src comp="1040" pin="1"/><net_sink comp="1050" pin=0"/></net>

<net id="1055"><net_src comp="1030" pin="4"/><net_sink comp="1050" pin=1"/></net>

<net id="1063"><net_src comp="955" pin="1"/><net_sink comp="1059" pin=0"/></net>

<net id="1064"><net_src comp="1056" pin="1"/><net_sink comp="1059" pin=1"/></net>

<net id="1071"><net_src comp="124" pin="0"/><net_sink comp="1065" pin=0"/></net>

<net id="1072"><net_src comp="1059" pin="2"/><net_sink comp="1065" pin=1"/></net>

<net id="1073"><net_src comp="120" pin="0"/><net_sink comp="1065" pin=2"/></net>

<net id="1074"><net_src comp="68" pin="0"/><net_sink comp="1065" pin=3"/></net>

<net id="1078"><net_src comp="1065" pin="4"/><net_sink comp="1075" pin=0"/></net>

<net id="1085"><net_src comp="126" pin="0"/><net_sink comp="1079" pin=0"/></net>

<net id="1086"><net_src comp="1059" pin="2"/><net_sink comp="1079" pin=1"/></net>

<net id="1087"><net_src comp="120" pin="0"/><net_sink comp="1079" pin=2"/></net>

<net id="1088"><net_src comp="128" pin="0"/><net_sink comp="1079" pin=3"/></net>

<net id="1092"><net_src comp="770" pin="6"/><net_sink comp="1089" pin=0"/></net>

<net id="1097"><net_src comp="770" pin="6"/><net_sink comp="1093" pin=0"/></net>

<net id="1098"><net_src comp="1075" pin="1"/><net_sink comp="1093" pin=1"/></net>

<net id="1103"><net_src comp="1089" pin="1"/><net_sink comp="1099" pin=0"/></net>

<net id="1104"><net_src comp="1079" pin="4"/><net_sink comp="1099" pin=1"/></net>

<net id="1112"><net_src comp="955" pin="1"/><net_sink comp="1108" pin=0"/></net>

<net id="1113"><net_src comp="1105" pin="1"/><net_sink comp="1108" pin=1"/></net>

<net id="1120"><net_src comp="124" pin="0"/><net_sink comp="1114" pin=0"/></net>

<net id="1121"><net_src comp="1108" pin="2"/><net_sink comp="1114" pin=1"/></net>

<net id="1122"><net_src comp="120" pin="0"/><net_sink comp="1114" pin=2"/></net>

<net id="1123"><net_src comp="68" pin="0"/><net_sink comp="1114" pin=3"/></net>

<net id="1127"><net_src comp="1114" pin="4"/><net_sink comp="1124" pin=0"/></net>

<net id="1134"><net_src comp="126" pin="0"/><net_sink comp="1128" pin=0"/></net>

<net id="1135"><net_src comp="1108" pin="2"/><net_sink comp="1128" pin=1"/></net>

<net id="1136"><net_src comp="120" pin="0"/><net_sink comp="1128" pin=2"/></net>

<net id="1137"><net_src comp="128" pin="0"/><net_sink comp="1128" pin=3"/></net>

<net id="1141"><net_src comp="756" pin="6"/><net_sink comp="1138" pin=0"/></net>

<net id="1146"><net_src comp="756" pin="6"/><net_sink comp="1142" pin=0"/></net>

<net id="1147"><net_src comp="1124" pin="1"/><net_sink comp="1142" pin=1"/></net>

<net id="1152"><net_src comp="1138" pin="1"/><net_sink comp="1148" pin=0"/></net>

<net id="1153"><net_src comp="1128" pin="4"/><net_sink comp="1148" pin=1"/></net>

<net id="1161"><net_src comp="955" pin="1"/><net_sink comp="1157" pin=0"/></net>

<net id="1162"><net_src comp="1154" pin="1"/><net_sink comp="1157" pin=1"/></net>

<net id="1169"><net_src comp="124" pin="0"/><net_sink comp="1163" pin=0"/></net>

<net id="1170"><net_src comp="1157" pin="2"/><net_sink comp="1163" pin=1"/></net>

<net id="1171"><net_src comp="120" pin="0"/><net_sink comp="1163" pin=2"/></net>

<net id="1172"><net_src comp="68" pin="0"/><net_sink comp="1163" pin=3"/></net>

<net id="1176"><net_src comp="1163" pin="4"/><net_sink comp="1173" pin=0"/></net>

<net id="1183"><net_src comp="126" pin="0"/><net_sink comp="1177" pin=0"/></net>

<net id="1184"><net_src comp="1157" pin="2"/><net_sink comp="1177" pin=1"/></net>

<net id="1185"><net_src comp="120" pin="0"/><net_sink comp="1177" pin=2"/></net>

<net id="1186"><net_src comp="128" pin="0"/><net_sink comp="1177" pin=3"/></net>

<net id="1190"><net_src comp="742" pin="6"/><net_sink comp="1187" pin=0"/></net>

<net id="1195"><net_src comp="742" pin="6"/><net_sink comp="1191" pin=0"/></net>

<net id="1196"><net_src comp="1173" pin="1"/><net_sink comp="1191" pin=1"/></net>

<net id="1201"><net_src comp="1187" pin="1"/><net_sink comp="1197" pin=0"/></net>

<net id="1202"><net_src comp="1177" pin="4"/><net_sink comp="1197" pin=1"/></net>

<net id="1210"><net_src comp="955" pin="1"/><net_sink comp="1206" pin=0"/></net>

<net id="1211"><net_src comp="1203" pin="1"/><net_sink comp="1206" pin=1"/></net>

<net id="1218"><net_src comp="124" pin="0"/><net_sink comp="1212" pin=0"/></net>

<net id="1219"><net_src comp="1206" pin="2"/><net_sink comp="1212" pin=1"/></net>

<net id="1220"><net_src comp="120" pin="0"/><net_sink comp="1212" pin=2"/></net>

<net id="1221"><net_src comp="68" pin="0"/><net_sink comp="1212" pin=3"/></net>

<net id="1225"><net_src comp="1212" pin="4"/><net_sink comp="1222" pin=0"/></net>

<net id="1232"><net_src comp="126" pin="0"/><net_sink comp="1226" pin=0"/></net>

<net id="1233"><net_src comp="1206" pin="2"/><net_sink comp="1226" pin=1"/></net>

<net id="1234"><net_src comp="120" pin="0"/><net_sink comp="1226" pin=2"/></net>

<net id="1235"><net_src comp="128" pin="0"/><net_sink comp="1226" pin=3"/></net>

<net id="1239"><net_src comp="728" pin="6"/><net_sink comp="1236" pin=0"/></net>

<net id="1244"><net_src comp="728" pin="6"/><net_sink comp="1240" pin=0"/></net>

<net id="1245"><net_src comp="1222" pin="1"/><net_sink comp="1240" pin=1"/></net>

<net id="1250"><net_src comp="1236" pin="1"/><net_sink comp="1246" pin=0"/></net>

<net id="1251"><net_src comp="1226" pin="4"/><net_sink comp="1246" pin=1"/></net>

<net id="1259"><net_src comp="955" pin="1"/><net_sink comp="1255" pin=0"/></net>

<net id="1260"><net_src comp="1252" pin="1"/><net_sink comp="1255" pin=1"/></net>

<net id="1267"><net_src comp="124" pin="0"/><net_sink comp="1261" pin=0"/></net>

<net id="1268"><net_src comp="1255" pin="2"/><net_sink comp="1261" pin=1"/></net>

<net id="1269"><net_src comp="120" pin="0"/><net_sink comp="1261" pin=2"/></net>

<net id="1270"><net_src comp="68" pin="0"/><net_sink comp="1261" pin=3"/></net>

<net id="1274"><net_src comp="1261" pin="4"/><net_sink comp="1271" pin=0"/></net>

<net id="1281"><net_src comp="126" pin="0"/><net_sink comp="1275" pin=0"/></net>

<net id="1282"><net_src comp="1255" pin="2"/><net_sink comp="1275" pin=1"/></net>

<net id="1283"><net_src comp="120" pin="0"/><net_sink comp="1275" pin=2"/></net>

<net id="1284"><net_src comp="128" pin="0"/><net_sink comp="1275" pin=3"/></net>

<net id="1288"><net_src comp="714" pin="6"/><net_sink comp="1285" pin=0"/></net>

<net id="1293"><net_src comp="714" pin="6"/><net_sink comp="1289" pin=0"/></net>

<net id="1294"><net_src comp="1271" pin="1"/><net_sink comp="1289" pin=1"/></net>

<net id="1299"><net_src comp="1285" pin="1"/><net_sink comp="1295" pin=0"/></net>

<net id="1300"><net_src comp="1275" pin="4"/><net_sink comp="1295" pin=1"/></net>

<net id="1308"><net_src comp="955" pin="1"/><net_sink comp="1304" pin=0"/></net>

<net id="1309"><net_src comp="1301" pin="1"/><net_sink comp="1304" pin=1"/></net>

<net id="1316"><net_src comp="124" pin="0"/><net_sink comp="1310" pin=0"/></net>

<net id="1317"><net_src comp="1304" pin="2"/><net_sink comp="1310" pin=1"/></net>

<net id="1318"><net_src comp="120" pin="0"/><net_sink comp="1310" pin=2"/></net>

<net id="1319"><net_src comp="68" pin="0"/><net_sink comp="1310" pin=3"/></net>

<net id="1323"><net_src comp="1310" pin="4"/><net_sink comp="1320" pin=0"/></net>

<net id="1330"><net_src comp="126" pin="0"/><net_sink comp="1324" pin=0"/></net>

<net id="1331"><net_src comp="1304" pin="2"/><net_sink comp="1324" pin=1"/></net>

<net id="1332"><net_src comp="120" pin="0"/><net_sink comp="1324" pin=2"/></net>

<net id="1333"><net_src comp="128" pin="0"/><net_sink comp="1324" pin=3"/></net>

<net id="1337"><net_src comp="700" pin="6"/><net_sink comp="1334" pin=0"/></net>

<net id="1342"><net_src comp="700" pin="6"/><net_sink comp="1338" pin=0"/></net>

<net id="1343"><net_src comp="1320" pin="1"/><net_sink comp="1338" pin=1"/></net>

<net id="1348"><net_src comp="1334" pin="1"/><net_sink comp="1344" pin=0"/></net>

<net id="1349"><net_src comp="1324" pin="4"/><net_sink comp="1344" pin=1"/></net>

<net id="1357"><net_src comp="955" pin="1"/><net_sink comp="1353" pin=0"/></net>

<net id="1358"><net_src comp="1350" pin="1"/><net_sink comp="1353" pin=1"/></net>

<net id="1365"><net_src comp="124" pin="0"/><net_sink comp="1359" pin=0"/></net>

<net id="1366"><net_src comp="1353" pin="2"/><net_sink comp="1359" pin=1"/></net>

<net id="1367"><net_src comp="120" pin="0"/><net_sink comp="1359" pin=2"/></net>

<net id="1368"><net_src comp="68" pin="0"/><net_sink comp="1359" pin=3"/></net>

<net id="1372"><net_src comp="1359" pin="4"/><net_sink comp="1369" pin=0"/></net>

<net id="1379"><net_src comp="126" pin="0"/><net_sink comp="1373" pin=0"/></net>

<net id="1380"><net_src comp="1353" pin="2"/><net_sink comp="1373" pin=1"/></net>

<net id="1381"><net_src comp="120" pin="0"/><net_sink comp="1373" pin=2"/></net>

<net id="1382"><net_src comp="128" pin="0"/><net_sink comp="1373" pin=3"/></net>

<net id="1386"><net_src comp="686" pin="6"/><net_sink comp="1383" pin=0"/></net>

<net id="1391"><net_src comp="686" pin="6"/><net_sink comp="1387" pin=0"/></net>

<net id="1392"><net_src comp="1369" pin="1"/><net_sink comp="1387" pin=1"/></net>

<net id="1397"><net_src comp="1383" pin="1"/><net_sink comp="1393" pin=0"/></net>

<net id="1398"><net_src comp="1373" pin="4"/><net_sink comp="1393" pin=1"/></net>

<net id="1409"><net_src comp="1402" pin="1"/><net_sink comp="1405" pin=0"/></net>

<net id="1410"><net_src comp="1399" pin="1"/><net_sink comp="1405" pin=1"/></net>

<net id="1417"><net_src comp="130" pin="0"/><net_sink comp="1411" pin=0"/></net>

<net id="1418"><net_src comp="1405" pin="2"/><net_sink comp="1411" pin=1"/></net>

<net id="1419"><net_src comp="120" pin="0"/><net_sink comp="1411" pin=2"/></net>

<net id="1420"><net_src comp="128" pin="0"/><net_sink comp="1411" pin=3"/></net>

<net id="1424"><net_src comp="1411" pin="4"/><net_sink comp="1421" pin=0"/></net>

<net id="1428"><net_src comp="672" pin="6"/><net_sink comp="1425" pin=0"/></net>

<net id="1433"><net_src comp="672" pin="6"/><net_sink comp="1429" pin=0"/></net>

<net id="1434"><net_src comp="1421" pin="1"/><net_sink comp="1429" pin=1"/></net>

<net id="1439"><net_src comp="1425" pin="1"/><net_sink comp="1435" pin=0"/></net>

<net id="1440"><net_src comp="1411" pin="4"/><net_sink comp="1435" pin=1"/></net>

<net id="1447"><net_src comp="132" pin="0"/><net_sink comp="1441" pin=0"/></net>

<net id="1448"><net_src comp="1001" pin="2"/><net_sink comp="1441" pin=1"/></net>

<net id="1449"><net_src comp="134" pin="0"/><net_sink comp="1441" pin=2"/></net>

<net id="1450"><net_src comp="136" pin="0"/><net_sink comp="1441" pin=3"/></net>

<net id="1457"><net_src comp="132" pin="0"/><net_sink comp="1451" pin=0"/></net>

<net id="1458"><net_src comp="1050" pin="2"/><net_sink comp="1451" pin=1"/></net>

<net id="1459"><net_src comp="134" pin="0"/><net_sink comp="1451" pin=2"/></net>

<net id="1460"><net_src comp="136" pin="0"/><net_sink comp="1451" pin=3"/></net>

<net id="1467"><net_src comp="132" pin="0"/><net_sink comp="1461" pin=0"/></net>

<net id="1468"><net_src comp="1099" pin="2"/><net_sink comp="1461" pin=1"/></net>

<net id="1469"><net_src comp="134" pin="0"/><net_sink comp="1461" pin=2"/></net>

<net id="1470"><net_src comp="136" pin="0"/><net_sink comp="1461" pin=3"/></net>

<net id="1477"><net_src comp="132" pin="0"/><net_sink comp="1471" pin=0"/></net>

<net id="1478"><net_src comp="1148" pin="2"/><net_sink comp="1471" pin=1"/></net>

<net id="1479"><net_src comp="134" pin="0"/><net_sink comp="1471" pin=2"/></net>

<net id="1480"><net_src comp="136" pin="0"/><net_sink comp="1471" pin=3"/></net>

<net id="1487"><net_src comp="132" pin="0"/><net_sink comp="1481" pin=0"/></net>

<net id="1488"><net_src comp="1197" pin="2"/><net_sink comp="1481" pin=1"/></net>

<net id="1489"><net_src comp="134" pin="0"/><net_sink comp="1481" pin=2"/></net>

<net id="1490"><net_src comp="136" pin="0"/><net_sink comp="1481" pin=3"/></net>

<net id="1497"><net_src comp="132" pin="0"/><net_sink comp="1491" pin=0"/></net>

<net id="1498"><net_src comp="1246" pin="2"/><net_sink comp="1491" pin=1"/></net>

<net id="1499"><net_src comp="134" pin="0"/><net_sink comp="1491" pin=2"/></net>

<net id="1500"><net_src comp="136" pin="0"/><net_sink comp="1491" pin=3"/></net>

<net id="1507"><net_src comp="132" pin="0"/><net_sink comp="1501" pin=0"/></net>

<net id="1508"><net_src comp="1295" pin="2"/><net_sink comp="1501" pin=1"/></net>

<net id="1509"><net_src comp="134" pin="0"/><net_sink comp="1501" pin=2"/></net>

<net id="1510"><net_src comp="136" pin="0"/><net_sink comp="1501" pin=3"/></net>

<net id="1517"><net_src comp="132" pin="0"/><net_sink comp="1511" pin=0"/></net>

<net id="1518"><net_src comp="1344" pin="2"/><net_sink comp="1511" pin=1"/></net>

<net id="1519"><net_src comp="134" pin="0"/><net_sink comp="1511" pin=2"/></net>

<net id="1520"><net_src comp="136" pin="0"/><net_sink comp="1511" pin=3"/></net>

<net id="1527"><net_src comp="132" pin="0"/><net_sink comp="1521" pin=0"/></net>

<net id="1528"><net_src comp="1393" pin="2"/><net_sink comp="1521" pin=1"/></net>

<net id="1529"><net_src comp="134" pin="0"/><net_sink comp="1521" pin=2"/></net>

<net id="1530"><net_src comp="136" pin="0"/><net_sink comp="1521" pin=3"/></net>

<net id="1537"><net_src comp="132" pin="0"/><net_sink comp="1531" pin=0"/></net>

<net id="1538"><net_src comp="1435" pin="2"/><net_sink comp="1531" pin=1"/></net>

<net id="1539"><net_src comp="134" pin="0"/><net_sink comp="1531" pin=2"/></net>

<net id="1540"><net_src comp="136" pin="0"/><net_sink comp="1531" pin=3"/></net>

<net id="1545"><net_src comp="142" pin="0"/><net_sink comp="1541" pin=0"/></net>

<net id="1546"><net_src comp="1441" pin="4"/><net_sink comp="1541" pin=1"/></net>

<net id="1551"><net_src comp="1541" pin="2"/><net_sink comp="1547" pin=0"/></net>

<net id="1552"><net_src comp="1451" pin="4"/><net_sink comp="1547" pin=1"/></net>

<net id="1557"><net_src comp="1547" pin="2"/><net_sink comp="1553" pin=0"/></net>

<net id="1558"><net_src comp="1461" pin="4"/><net_sink comp="1553" pin=1"/></net>

<net id="1563"><net_src comp="1553" pin="2"/><net_sink comp="1559" pin=0"/></net>

<net id="1564"><net_src comp="1471" pin="4"/><net_sink comp="1559" pin=1"/></net>

<net id="1569"><net_src comp="1559" pin="2"/><net_sink comp="1565" pin=0"/></net>

<net id="1570"><net_src comp="1481" pin="4"/><net_sink comp="1565" pin=1"/></net>

<net id="1575"><net_src comp="1565" pin="2"/><net_sink comp="1571" pin=0"/></net>

<net id="1576"><net_src comp="1491" pin="4"/><net_sink comp="1571" pin=1"/></net>

<net id="1581"><net_src comp="1571" pin="2"/><net_sink comp="1577" pin=0"/></net>

<net id="1582"><net_src comp="1501" pin="4"/><net_sink comp="1577" pin=1"/></net>

<net id="1587"><net_src comp="1577" pin="2"/><net_sink comp="1583" pin=0"/></net>

<net id="1588"><net_src comp="1511" pin="4"/><net_sink comp="1583" pin=1"/></net>

<net id="1593"><net_src comp="1583" pin="2"/><net_sink comp="1589" pin=0"/></net>

<net id="1594"><net_src comp="1521" pin="4"/><net_sink comp="1589" pin=1"/></net>

<net id="1599"><net_src comp="1589" pin="2"/><net_sink comp="1595" pin=0"/></net>

<net id="1600"><net_src comp="1531" pin="4"/><net_sink comp="1595" pin=1"/></net>

<net id="1604"><net_src comp="1595" pin="2"/><net_sink comp="1601" pin=0"/></net>

<net id="1608"><net_src comp="144" pin="2"/><net_sink comp="1605" pin=0"/></net>

<net id="1609"><net_src comp="1605" pin="1"/><net_sink comp="660" pin=0"/></net>

<net id="1613"><net_src comp="150" pin="2"/><net_sink comp="1610" pin=0"/></net>

<net id="1614"><net_src comp="1610" pin="1"/><net_sink comp="648" pin=0"/></net>

<net id="1618"><net_src comp="156" pin="2"/><net_sink comp="1615" pin=0"/></net>

<net id="1619"><net_src comp="1615" pin="1"/><net_sink comp="636" pin=0"/></net>

<net id="1623"><net_src comp="162" pin="2"/><net_sink comp="1620" pin=0"/></net>

<net id="1624"><net_src comp="1620" pin="1"/><net_sink comp="624" pin=0"/></net>

<net id="1628"><net_src comp="168" pin="2"/><net_sink comp="1625" pin=0"/></net>

<net id="1629"><net_src comp="1625" pin="1"/><net_sink comp="612" pin=0"/></net>

<net id="1633"><net_src comp="174" pin="2"/><net_sink comp="1630" pin=0"/></net>

<net id="1634"><net_src comp="1630" pin="1"/><net_sink comp="600" pin=0"/></net>

<net id="1638"><net_src comp="180" pin="2"/><net_sink comp="1635" pin=0"/></net>

<net id="1639"><net_src comp="1635" pin="1"/><net_sink comp="588" pin=0"/></net>

<net id="1643"><net_src comp="186" pin="2"/><net_sink comp="1640" pin=0"/></net>

<net id="1644"><net_src comp="1640" pin="1"/><net_sink comp="576" pin=0"/></net>

<net id="1648"><net_src comp="192" pin="2"/><net_sink comp="1645" pin=0"/></net>

<net id="1649"><net_src comp="1645" pin="1"/><net_sink comp="564" pin=0"/></net>

<net id="1653"><net_src comp="198" pin="2"/><net_sink comp="1650" pin=0"/></net>

<net id="1654"><net_src comp="1650" pin="1"/><net_sink comp="552" pin=0"/></net>

<net id="1658"><net_src comp="204" pin="2"/><net_sink comp="1655" pin=0"/></net>

<net id="1659"><net_src comp="1655" pin="1"/><net_sink comp="540" pin=0"/></net>

<net id="1663"><net_src comp="210" pin="2"/><net_sink comp="1660" pin=0"/></net>

<net id="1664"><net_src comp="1660" pin="1"/><net_sink comp="528" pin=0"/></net>

<net id="1668"><net_src comp="216" pin="2"/><net_sink comp="1665" pin=0"/></net>

<net id="1669"><net_src comp="1665" pin="1"/><net_sink comp="516" pin=0"/></net>

<net id="1673"><net_src comp="222" pin="2"/><net_sink comp="1670" pin=0"/></net>

<net id="1674"><net_src comp="1670" pin="1"/><net_sink comp="504" pin=0"/></net>

<net id="1678"><net_src comp="228" pin="2"/><net_sink comp="1675" pin=0"/></net>

<net id="1679"><net_src comp="1675" pin="1"/><net_sink comp="492" pin=0"/></net>

<net id="1683"><net_src comp="234" pin="3"/><net_sink comp="1680" pin=0"/></net>

<net id="1684"><net_src comp="1680" pin="1"/><net_sink comp="241" pin=0"/></net>

<net id="1688"><net_src comp="813" pin="2"/><net_sink comp="1685" pin=0"/></net>

<net id="1689"><net_src comp="1685" pin="1"/><net_sink comp="267" pin=2"/></net>

<net id="1693"><net_src comp="819" pin="2"/><net_sink comp="1690" pin=0"/></net>

<net id="1697"><net_src comp="825" pin="17"/><net_sink comp="1694" pin=0"/></net>

<net id="1698"><net_src comp="1694" pin="1"/><net_sink comp="955" pin=0"/></net>

<net id="1699"><net_src comp="1694" pin="1"/><net_sink comp="1399" pin=0"/></net>

<net id="1703"><net_src comp="861" pin="1"/><net_sink comp="1700" pin=0"/></net>

<net id="1704"><net_src comp="1700" pin="1"/><net_sink comp="958" pin=0"/></net>

<net id="1708"><net_src comp="865" pin="4"/><net_sink comp="1705" pin=0"/></net>

<net id="1709"><net_src comp="1705" pin="1"/><net_sink comp="1007" pin=0"/></net>

<net id="1713"><net_src comp="875" pin="4"/><net_sink comp="1710" pin=0"/></net>

<net id="1714"><net_src comp="1710" pin="1"/><net_sink comp="1056" pin=0"/></net>

<net id="1718"><net_src comp="885" pin="4"/><net_sink comp="1715" pin=0"/></net>

<net id="1719"><net_src comp="1715" pin="1"/><net_sink comp="1105" pin=0"/></net>

<net id="1723"><net_src comp="895" pin="4"/><net_sink comp="1720" pin=0"/></net>

<net id="1724"><net_src comp="1720" pin="1"/><net_sink comp="1154" pin=0"/></net>

<net id="1728"><net_src comp="905" pin="4"/><net_sink comp="1725" pin=0"/></net>

<net id="1729"><net_src comp="1725" pin="1"/><net_sink comp="1203" pin=0"/></net>

<net id="1733"><net_src comp="915" pin="4"/><net_sink comp="1730" pin=0"/></net>

<net id="1734"><net_src comp="1730" pin="1"/><net_sink comp="1252" pin=0"/></net>

<net id="1738"><net_src comp="925" pin="4"/><net_sink comp="1735" pin=0"/></net>

<net id="1739"><net_src comp="1735" pin="1"/><net_sink comp="1301" pin=0"/></net>

<net id="1743"><net_src comp="935" pin="4"/><net_sink comp="1740" pin=0"/></net>

<net id="1744"><net_src comp="1740" pin="1"/><net_sink comp="1350" pin=0"/></net>

<net id="1748"><net_src comp="945" pin="4"/><net_sink comp="1745" pin=0"/></net>

<net id="1749"><net_src comp="1745" pin="1"/><net_sink comp="1402" pin=0"/></net>

<net id="1753"><net_src comp="995" pin="2"/><net_sink comp="1750" pin=0"/></net>

<net id="1754"><net_src comp="1750" pin="1"/><net_sink comp="798" pin=2"/></net>

<net id="1758"><net_src comp="1044" pin="2"/><net_sink comp="1755" pin=0"/></net>

<net id="1759"><net_src comp="1755" pin="1"/><net_sink comp="784" pin=2"/></net>

<net id="1763"><net_src comp="1093" pin="2"/><net_sink comp="1760" pin=0"/></net>

<net id="1764"><net_src comp="1760" pin="1"/><net_sink comp="770" pin=2"/></net>

<net id="1768"><net_src comp="1142" pin="2"/><net_sink comp="1765" pin=0"/></net>

<net id="1769"><net_src comp="1765" pin="1"/><net_sink comp="756" pin=2"/></net>

<net id="1773"><net_src comp="1191" pin="2"/><net_sink comp="1770" pin=0"/></net>

<net id="1774"><net_src comp="1770" pin="1"/><net_sink comp="742" pin=2"/></net>

<net id="1778"><net_src comp="1240" pin="2"/><net_sink comp="1775" pin=0"/></net>

<net id="1779"><net_src comp="1775" pin="1"/><net_sink comp="728" pin=2"/></net>

<net id="1783"><net_src comp="1289" pin="2"/><net_sink comp="1780" pin=0"/></net>

<net id="1784"><net_src comp="1780" pin="1"/><net_sink comp="714" pin=2"/></net>

<net id="1788"><net_src comp="1338" pin="2"/><net_sink comp="1785" pin=0"/></net>

<net id="1789"><net_src comp="1785" pin="1"/><net_sink comp="700" pin=2"/></net>

<net id="1793"><net_src comp="1387" pin="2"/><net_sink comp="1790" pin=0"/></net>

<net id="1794"><net_src comp="1790" pin="1"/><net_sink comp="686" pin=2"/></net>

<net id="1798"><net_src comp="1429" pin="2"/><net_sink comp="1795" pin=0"/></net>

<net id="1799"><net_src comp="1795" pin="1"/><net_sink comp="672" pin=2"/></net>

</net_list>

</model> 
---------------- Datapath Model END ------------------

* FSMD analyzer results:
  - Output states:
	Port: w18_V | {}
 - Input state : 
	Port: dense_wrapper<ap_ufixed<8, 2, 5, 3, 0>, ap_fixed<8, 3, 5, 3, 0>, config18> : data_0_V_read | {2 }
	Port: dense_wrapper<ap_ufixed<8, 2, 5, 3, 0>, ap_fixed<8, 3, 5, 3, 0>, config18> : data_1_V_read | {2 }
	Port: dense_wrapper<ap_ufixed<8, 2, 5, 3, 0>, ap_fixed<8, 3, 5, 3, 0>, config18> : data_2_V_read | {2 }
	Port: dense_wrapper<ap_ufixed<8, 2, 5, 3, 0>, ap_fixed<8, 3, 5, 3, 0>, config18> : data_3_V_read | {2 }
	Port: dense_wrapper<ap_ufixed<8, 2, 5, 3, 0>, ap_fixed<8, 3, 5, 3, 0>, config18> : data_4_V_read | {2 }
	Port: dense_wrapper<ap_ufixed<8, 2, 5, 3, 0>, ap_fixed<8, 3, 5, 3, 0>, config18> : data_5_V_read | {2 }
	Port: dense_wrapper<ap_ufixed<8, 2, 5, 3, 0>, ap_fixed<8, 3, 5, 3, 0>, config18> : data_6_V_read | {2 }
	Port: dense_wrapper<ap_ufixed<8, 2, 5, 3, 0>, ap_fixed<8, 3, 5, 3, 0>, config18> : data_7_V_read | {2 }
	Port: dense_wrapper<ap_ufixed<8, 2, 5, 3, 0>, ap_fixed<8, 3, 5, 3, 0>, config18> : data_8_V_read | {2 }
	Port: dense_wrapper<ap_ufixed<8, 2, 5, 3, 0>, ap_fixed<8, 3, 5, 3, 0>, config18> : data_9_V_read | {2 }
	Port: dense_wrapper<ap_ufixed<8, 2, 5, 3, 0>, ap_fixed<8, 3, 5, 3, 0>, config18> : data_10_V_read | {2 }
	Port: dense_wrapper<ap_ufixed<8, 2, 5, 3, 0>, ap_fixed<8, 3, 5, 3, 0>, config18> : data_11_V_read | {2 }
	Port: dense_wrapper<ap_ufixed<8, 2, 5, 3, 0>, ap_fixed<8, 3, 5, 3, 0>, config18> : data_12_V_read | {2 }
	Port: dense_wrapper<ap_ufixed<8, 2, 5, 3, 0>, ap_fixed<8, 3, 5, 3, 0>, config18> : data_13_V_read | {2 }
	Port: dense_wrapper<ap_ufixed<8, 2, 5, 3, 0>, ap_fixed<8, 3, 5, 3, 0>, config18> : data_14_V_read | {2 }
	Port: dense_wrapper<ap_ufixed<8, 2, 5, 3, 0>, ap_fixed<8, 3, 5, 3, 0>, config18> : w18_V | {2 3 }
  - Chain level:
	State 1
	State 2
		zext_ln59 : 1
		w18_V_addr : 2
		w18_V_load : 3
		w_index : 1
		icmp_ln46 : 1
		br_ln46 : 2
	State 3
		data_0_V_read26_phi : 1
		data_1_V_read27_phi : 1
		data_2_V_read28_phi : 1
		data_3_V_read29_phi : 1
		data_4_V_read30_phi : 1
		data_5_V_read31_phi : 1
		data_6_V_read32_phi : 1
		data_7_V_read33_phi : 1
		data_8_V_read34_phi : 1
		data_9_V_read35_phi : 1
		data_10_V_read36_phi : 1
		data_11_V_read37_phi : 1
		data_12_V_read38_phi : 1
		data_13_V_read39_phi : 1
		data_14_V_read40_phi : 1
		tmp_14 : 2
		trunc_ln59 : 1
		tmp_6 : 1
		tmp_7 : 1
		tmp_8 : 1
		tmp_9 : 1
		tmp_10 : 1
		tmp_11 : 1
		tmp_12 : 1
		tmp_13 : 1
		tmp_15 : 1
	State 4
		mul_ln1118 : 1
		trunc_ln : 2
		sext_ln708 : 3
		trunc_ln703_s : 2
		trunc_ln703 : 1
		acc_0_V : 4
		add_ln703_6 : 3
		mul_ln1118_5 : 1
		trunc_ln708_s : 2
		sext_ln708_5 : 3
		trunc_ln3 : 2
		trunc_ln703_6 : 1
		acc_1_V : 4
		add_ln703_7 : 3
		mul_ln1118_6 : 1
		trunc_ln708_17 : 2
		sext_ln708_6 : 3
		trunc_ln703_5 : 2
		trunc_ln703_8 : 1
		acc_2_V : 4
		add_ln703_8 : 3
		mul_ln1118_7 : 1
		trunc_ln708_18 : 2
		sext_ln708_7 : 3
		trunc_ln703_7 : 2
		trunc_ln703_10 : 1
		acc_3_V : 4
		add_ln703_9 : 3
		mul_ln1118_8 : 1
		trunc_ln708_19 : 2
		sext_ln708_8 : 3
		trunc_ln703_9 : 2
		trunc_ln703_12 : 1
		acc_4_V : 4
		add_ln703_10 : 3
		mul_ln1118_9 : 1
		trunc_ln708_20 : 2
		sext_ln708_9 : 3
		trunc_ln703_1 : 2
		trunc_ln703_14 : 1
		acc_5_V : 4
		add_ln703_11 : 3
		mul_ln1118_10 : 1
		trunc_ln708_21 : 2
		sext_ln708_10 : 3
		trunc_ln703_2 : 2
		trunc_ln703_16 : 1
		acc_6_V : 4
		add_ln703_12 : 3
		mul_ln1118_11 : 1
		trunc_ln708_22 : 2
		sext_ln708_11 : 3
		trunc_ln703_3 : 2
		trunc_ln703_18 : 1
		acc_7_V : 4
		add_ln703_13 : 3
		mul_ln1118_12 : 1
		trunc_ln708_23 : 2
		sext_ln708_12 : 3
		trunc_ln703_4 : 2
		trunc_ln703_19 : 1
		acc_8_V : 4
		add_ln703_14 : 3
		mul_ln1118_13 : 1
		trunc_ln708_24 : 2
		sext_ln708_13 : 3
		trunc_ln703_20 : 1
		acc_9_V : 4
		add_ln703_15 : 3
		empty : 1
		trunc_ln4 : 4
		trunc_ln46_5 : 4
		trunc_ln46_6 : 4
		trunc_ln46_7 : 4
		trunc_ln46_8 : 4
		trunc_ln46_9 : 4
		trunc_ln46_s : 4
		trunc_ln46_1 : 4
		trunc_ln46_2 : 4
		trunc_ln46_3 : 4
		mrv : 5
		mrv_1 : 6
		mrv_2 : 7
		mrv_3 : 8
		mrv_4 : 9
		mrv_5 : 10
		mrv_6 : 11
		mrv_7 : 12
		mrv_8 : 13
		mrv_9 : 14
		return_ln21 : 15


============================================================
+ Verbose Summary: Datapath Resource usage 
============================================================

* Functional unit list:
|----------|------------------------------|---------|---------|---------|
| Operation|        Functional Unit       |  DSP48E |    FF   |   LUT   |
|----------|------------------------------|---------|---------|---------|
|          |        w_index_fu_813        |    0    |    0    |    12   |
|          |        acc_0_V_fu_995        |    0    |    0    |    23   |
|          |      add_ln703_6_fu_1001     |    0    |    0    |    20   |
|          |        acc_1_V_fu_1044       |    0    |    0    |    23   |
|          |      add_ln703_7_fu_1050     |    0    |    0    |    20   |
|          |        acc_2_V_fu_1093       |    0    |    0    |    23   |
|          |      add_ln703_8_fu_1099     |    0    |    0    |    20   |
|          |        acc_3_V_fu_1142       |    0    |    0    |    23   |
|          |      add_ln703_9_fu_1148     |    0    |    0    |    20   |
|          |        acc_4_V_fu_1191       |    0    |    0    |    23   |
|    add   |     add_ln703_10_fu_1197     |    0    |    0    |    20   |
|          |        acc_5_V_fu_1240       |    0    |    0    |    23   |
|          |     add_ln703_11_fu_1246     |    0    |    0    |    20   |
|          |        acc_6_V_fu_1289       |    0    |    0    |    23   |
|          |     add_ln703_12_fu_1295     |    0    |    0    |    20   |
|          |        acc_7_V_fu_1338       |    0    |    0    |    23   |
|          |     add_ln703_13_fu_1344     |    0    |    0    |    20   |
|          |        acc_8_V_fu_1387       |    0    |    0    |    23   |
|          |     add_ln703_14_fu_1393     |    0    |    0    |    20   |
|          |        acc_9_V_fu_1429       |    0    |    0    |    23   |
|          |     add_ln703_15_fu_1435     |    0    |    0    |    20   |
|----------|------------------------------|---------|---------|---------|
|          |       mul_ln1118_fu_961      |    0    |    0    |    40   |
|          |     mul_ln1118_5_fu_1010     |    0    |    0    |    40   |
|          |     mul_ln1118_6_fu_1059     |    0    |    0    |    40   |
|          |     mul_ln1118_7_fu_1108     |    0    |    0    |    40   |
|    mul   |     mul_ln1118_8_fu_1157     |    0    |    0    |    40   |
|          |     mul_ln1118_9_fu_1206     |    0    |    0    |    40   |
|          |     mul_ln1118_10_fu_1255    |    0    |    0    |    40   |
|          |     mul_ln1118_11_fu_1304    |    0    |    0    |    40   |
|          |     mul_ln1118_12_fu_1353    |    0    |    0    |    40   |
|          |     mul_ln1118_13_fu_1405    |    0    |    0    |    40   |
|----------|------------------------------|---------|---------|---------|
|    mux   |         tmp_14_fu_825        |    0    |    0    |    53   |
|----------|------------------------------|---------|---------|---------|
|   icmp   |       icmp_ln46_fu_819       |    0    |    0    |    9    |
|----------|------------------------------|---------|---------|---------|
|          | data_14_V_read_1_read_fu_144 |    0    |    0    |    0    |
|          | data_13_V_read_1_read_fu_150 |    0    |    0    |    0    |
|          | data_12_V_read_1_read_fu_156 |    0    |    0    |    0    |
|          | data_11_V_read_1_read_fu_162 |    0    |    0    |    0    |
|          | data_10_V_read_1_read_fu_168 |    0    |    0    |    0    |
|          |  data_9_V_read_2_read_fu_174 |    0    |    0    |    0    |
|          |  data_8_V_read_2_read_fu_180 |    0    |    0    |    0    |
|   read   |  data_7_V_read_2_read_fu_186 |    0    |    0    |    0    |
|          |  data_6_V_read_2_read_fu_192 |    0    |    0    |    0    |
|          |  data_5_V_read31_read_fu_198 |    0    |    0    |    0    |
|          |  data_4_V_read_2_read_fu_204 |    0    |    0    |    0    |
|          |  data_3_V_read_2_read_fu_210 |    0    |    0    |    0    |
|          |  data_2_V_read_2_read_fu_216 |    0    |    0    |    0    |
|          |  data_1_V_read_2_read_fu_222 |    0    |    0    |    0    |
|          |  data_0_V_read_2_read_fu_228 |    0    |    0    |    0    |
|----------|------------------------------|---------|---------|---------|
|          |       zext_ln59_fu_808       |    0    |    0    |    0    |
|   zext   |      zext_ln1116_fu_955      |    0    |    0    |    0    |
|          |      zext_ln1118_fu_1399     |    0    |    0    |    0    |
|----------|------------------------------|---------|---------|---------|
|          |       trunc_ln59_fu_861      |    0    |    0    |    0    |
|          |      trunc_ln703_fu_991      |    0    |    0    |    0    |
|          |     trunc_ln703_6_fu_1040    |    0    |    0    |    0    |
|          |     trunc_ln703_8_fu_1089    |    0    |    0    |    0    |
|          |    trunc_ln703_10_fu_1138    |    0    |    0    |    0    |
|   trunc  |    trunc_ln703_12_fu_1187    |    0    |    0    |    0    |
|          |    trunc_ln703_14_fu_1236    |    0    |    0    |    0    |
|          |    trunc_ln703_16_fu_1285    |    0    |    0    |    0    |
|          |    trunc_ln703_18_fu_1334    |    0    |    0    |    0    |
|          |    trunc_ln703_19_fu_1383    |    0    |    0    |    0    |
|          |    trunc_ln703_20_fu_1425    |    0    |    0    |    0    |
|----------|------------------------------|---------|---------|---------|
|          |         tmp_6_fu_865         |    0    |    0    |    0    |
|          |         tmp_7_fu_875         |    0    |    0    |    0    |
|          |         tmp_8_fu_885         |    0    |    0    |    0    |
|          |         tmp_9_fu_895         |    0    |    0    |    0    |
|          |         tmp_10_fu_905        |    0    |    0    |    0    |
|          |         tmp_11_fu_915        |    0    |    0    |    0    |
|          |         tmp_12_fu_925        |    0    |    0    |    0    |
|          |         tmp_13_fu_935        |    0    |    0    |    0    |
|          |         tmp_15_fu_945        |    0    |    0    |    0    |
|          |        trunc_ln_fu_967       |    0    |    0    |    0    |
|          |     trunc_ln703_s_fu_981     |    0    |    0    |    0    |
|          |     trunc_ln708_s_fu_1016    |    0    |    0    |    0    |
|          |       trunc_ln3_fu_1030      |    0    |    0    |    0    |
|          |    trunc_ln708_17_fu_1065    |    0    |    0    |    0    |
|          |     trunc_ln703_5_fu_1079    |    0    |    0    |    0    |
|          |    trunc_ln708_18_fu_1114    |    0    |    0    |    0    |
|          |     trunc_ln703_7_fu_1128    |    0    |    0    |    0    |
|          |    trunc_ln708_19_fu_1163    |    0    |    0    |    0    |
|partselect|     trunc_ln703_9_fu_1177    |    0    |    0    |    0    |
|          |    trunc_ln708_20_fu_1212    |    0    |    0    |    0    |
|          |     trunc_ln703_1_fu_1226    |    0    |    0    |    0    |
|          |    trunc_ln708_21_fu_1261    |    0    |    0    |    0    |
|          |     trunc_ln703_2_fu_1275    |    0    |    0    |    0    |
|          |    trunc_ln708_22_fu_1310    |    0    |    0    |    0    |
|          |     trunc_ln703_3_fu_1324    |    0    |    0    |    0    |
|          |    trunc_ln708_23_fu_1359    |    0    |    0    |    0    |
|          |     trunc_ln703_4_fu_1373    |    0    |    0    |    0    |
|          |    trunc_ln708_24_fu_1411    |    0    |    0    |    0    |
|          |       trunc_ln4_fu_1441      |    0    |    0    |    0    |
|          |     trunc_ln46_5_fu_1451     |    0    |    0    |    0    |
|          |     trunc_ln46_6_fu_1461     |    0    |    0    |    0    |
|          |     trunc_ln46_7_fu_1471     |    0    |    0    |    0    |
|          |     trunc_ln46_8_fu_1481     |    0    |    0    |    0    |
|          |     trunc_ln46_9_fu_1491     |    0    |    0    |    0    |
|          |     trunc_ln46_s_fu_1501     |    0    |    0    |    0    |
|          |     trunc_ln46_1_fu_1511     |    0    |    0    |    0    |
|          |     trunc_ln46_2_fu_1521     |    0    |    0    |    0    |
|          |     trunc_ln46_3_fu_1531     |    0    |    0    |    0    |
|----------|------------------------------|---------|---------|---------|
|          |      sext_ln1118_fu_958      |    0    |    0    |    0    |
|          |       sext_ln708_fu_977      |    0    |    0    |    0    |
|          |     sext_ln1118_1_fu_1007    |    0    |    0    |    0    |
|          |     sext_ln708_5_fu_1026     |    0    |    0    |    0    |
|          |     sext_ln1118_2_fu_1056    |    0    |    0    |    0    |
|          |     sext_ln708_6_fu_1075     |    0    |    0    |    0    |
|          |     sext_ln1118_3_fu_1105    |    0    |    0    |    0    |
|          |     sext_ln708_7_fu_1124     |    0    |    0    |    0    |
|          |     sext_ln1118_4_fu_1154    |    0    |    0    |    0    |
|   sext   |     sext_ln708_8_fu_1173     |    0    |    0    |    0    |
|          |     sext_ln1118_5_fu_1203    |    0    |    0    |    0    |
|          |     sext_ln708_9_fu_1222     |    0    |    0    |    0    |
|          |     sext_ln1118_6_fu_1252    |    0    |    0    |    0    |
|          |     sext_ln708_10_fu_1271    |    0    |    0    |    0    |
|          |     sext_ln1118_7_fu_1301    |    0    |    0    |    0    |
|          |     sext_ln708_11_fu_1320    |    0    |    0    |    0    |
|          |     sext_ln1118_8_fu_1350    |    0    |    0    |    0    |
|          |     sext_ln708_12_fu_1369    |    0    |    0    |    0    |
|          |     sext_ln1118_9_fu_1402    |    0    |    0    |    0    |
|          |     sext_ln708_13_fu_1421    |    0    |    0    |    0    |
|----------|------------------------------|---------|---------|---------|
|          |          mrv_fu_1541         |    0    |    0    |    0    |
|          |         mrv_1_fu_1547        |    0    |    0    |    0    |
|          |         mrv_2_fu_1553        |    0    |    0    |    0    |
|          |         mrv_3_fu_1559        |    0    |    0    |    0    |
|insertvalue|         mrv_4_fu_1565        |    0    |    0    |    0    |
|          |         mrv_5_fu_1571        |    0    |    0    |    0    |
|          |         mrv_6_fu_1577        |    0    |    0    |    0    |
|          |         mrv_7_fu_1583        |    0    |    0    |    0    |
|          |         mrv_8_fu_1589        |    0    |    0    |    0    |
|          |         mrv_9_fu_1595        |    0    |    0    |    0    |
|----------|------------------------------|---------|---------|---------|
|  return  |      return_ln21_fu_1601     |    0    |    0    |    0    |
|----------|------------------------------|---------|---------|---------|
|   Total  |                              |    0    |    0    |   904   |
|----------|------------------------------|---------|---------|---------|

Memories:
N/A

* Register list:
+-------------------------------+--------+
|                               |   FF   |
+-------------------------------+--------+
|        acc_0_V_reg_1750       |   16   |
|        acc_1_V_reg_1755       |   16   |
|        acc_2_V_reg_1760       |   16   |
|        acc_3_V_reg_1765       |   16   |
|        acc_4_V_reg_1770       |   16   |
|        acc_5_V_reg_1775       |   16   |
|        acc_6_V_reg_1780       |   16   |
|        acc_7_V_reg_1785       |   16   |
|        acc_8_V_reg_1790       |   16   |
|        acc_9_V_reg_1795       |   16   |
|       acc_V_0_05_reg_794      |   16   |
|       acc_V_1_06_reg_780      |   16   |
|       acc_V_2_07_reg_766      |   16   |
|       acc_V_3_08_reg_752      |   16   |
|       acc_V_4_09_reg_738      |   16   |
|      acc_V_5_010_reg_724      |   16   |
|      acc_V_6_011_reg_710      |   16   |
|      acc_V_7_012_reg_696      |   16   |
|      acc_V_8_013_reg_682      |   16   |
|      acc_V_9_014_reg_668      |   16   |
|  data_0_V_read26_phi_reg_488  |    8   |
| data_0_V_read26_rewind_reg_278|    8   |
|    data_0_V_read_2_reg_1675   |    8   |
|  data_10_V_read36_phi_reg_608 |    8   |
|data_10_V_read36_rewind_reg_418|    8   |
|   data_10_V_read_1_reg_1625   |    8   |
|  data_11_V_read37_phi_reg_620 |    8   |
|data_11_V_read37_rewind_reg_432|    8   |
|   data_11_V_read_1_reg_1620   |    8   |
|  data_12_V_read38_phi_reg_632 |    8   |
|data_12_V_read38_rewind_reg_446|    8   |
|   data_12_V_read_1_reg_1615   |    8   |
|  data_13_V_read39_phi_reg_644 |    8   |
|data_13_V_read39_rewind_reg_460|    8   |
|   data_13_V_read_1_reg_1610   |    8   |
|  data_14_V_read40_phi_reg_656 |    8   |
|data_14_V_read40_rewind_reg_474|    8   |
|   data_14_V_read_1_reg_1605   |    8   |
|  data_1_V_read27_phi_reg_500  |    8   |
| data_1_V_read27_rewind_reg_292|    8   |
|    data_1_V_read_2_reg_1670   |    8   |
|  data_2_V_read28_phi_reg_512  |    8   |
| data_2_V_read28_rewind_reg_306|    8   |
|    data_2_V_read_2_reg_1665   |    8   |
|  data_3_V_read29_phi_reg_524  |    8   |
| data_3_V_read29_rewind_reg_320|    8   |
|    data_3_V_read_2_reg_1660   |    8   |
|  data_4_V_read30_phi_reg_536  |    8   |
| data_4_V_read30_rewind_reg_334|    8   |
|    data_4_V_read_2_reg_1655   |    8   |
|  data_5_V_read31_phi_reg_548  |    8   |
|    data_5_V_read31_reg_1650   |    8   |
| data_5_V_read31_rewind_reg_348|    8   |
|  data_6_V_read32_phi_reg_560  |    8   |
| data_6_V_read32_rewind_reg_362|    8   |
|    data_6_V_read_2_reg_1645   |    8   |
|  data_7_V_read33_phi_reg_572  |    8   |
| data_7_V_read33_rewind_reg_376|    8   |
|    data_7_V_read_2_reg_1640   |    8   |
|  data_8_V_read34_phi_reg_584  |    8   |
| data_8_V_read34_rewind_reg_390|    8   |
|    data_8_V_read_2_reg_1635   |    8   |
|  data_9_V_read35_phi_reg_596  |    8   |
| data_9_V_read35_rewind_reg_404|    8   |
|    data_9_V_read_2_reg_1630   |    8   |
|        do_init_reg_247        |    1   |
|       icmp_ln46_reg_1690      |    1   |
|        tmp_10_reg_1725        |    8   |
|        tmp_11_reg_1730        |    8   |
|        tmp_12_reg_1735        |    8   |
|        tmp_13_reg_1740        |    8   |
|        tmp_14_reg_1694        |    8   |
|        tmp_15_reg_1745        |    6   |
|         tmp_6_reg_1705        |    8   |
|         tmp_7_reg_1710        |    8   |
|         tmp_8_reg_1715        |    8   |
|         tmp_9_reg_1720        |    8   |
|      trunc_ln59_reg_1700      |    8   |
|      w18_V_addr_reg_1680      |    4   |
|       w_index25_reg_263       |    4   |
|        w_index_reg_1685       |    4   |
+-------------------------------+--------+
|             Total             |   780  |
+-------------------------------+--------+

* Multiplexer (MUX) list: 
|-------------------|------|------|------|--------||---------||---------|
|        Comp       |  Pin | Size |  BW  | S x BW ||  Delay  ||   LUT   |
|-------------------|------|------|------|--------||---------||---------|
| grp_access_fu_241 |  p0  |   2  |   4  |    8   ||    9    |
|  do_init_reg_247  |  p0  |   2  |   1  |    2   ||    9    |
| w_index25_reg_263 |  p0  |   2  |   4  |    8   ||    9    |
|-------------------|------|------|------|--------||---------||---------|
|       Total       |      |      |      |   18   ||  2.505  ||    27   |
|-------------------|------|------|------|--------||---------||---------|



* Summary:
+-----------+--------+--------+--------+--------+
|           | DSP48E |  Delay |   FF   |   LUT  |
+-----------+--------+--------+--------+--------+
|  Function |    0   |    -   |    0   |   904  |
|   Memory  |    -   |    -   |    -   |    -   |
|Multiplexer|    -   |    2   |    -   |   27   |
|  Register |    -   |    -   |   780  |    -   |
+-----------+--------+--------+--------+--------+
|   Total   |    0   |    2   |   780  |   931  |
+-----------+--------+--------+--------+--------+
