

================================================================
== Vivado HLS Report for 'dense_resource_rf_leq_nin_ap_ufixed_ap_fixed_config2_mult_0_0_0_0_0_0_0'
================================================================
* Date:           Tue Sep 22 06:01:30 2026

* Version:        2019.1 (Build 2552052 on Fri May 24 15:28:33 MDT 2019)
* Project:        myproject_prj
* Solution:       solution1
* Product family: kintexu
* Target device:  xcku035-fbva676-2-e


================================================================
== Performance Estimates
================================================================
+ Timing (ns): 
    * Summary: 
    +--------+-------+----------+------------+
    |  Clock | Target| Estimated| Uncertainty|
    +--------+-------+----------+------------+
    |ap_clk  |   5.00|     3.842|        0.62|
    +--------+-------+----------+------------+

+ Latency (clock cycles): 
    * Summary: 
    +-----+-----+-----+-----+---------------------------------------------+
    |  Latency  |  Interval |                   Pipeline                  |
    | min | max | min | max |                     Type                    |
    +-----+-----+-----+-----+---------------------------------------------+
    |   10|   11|    9|    9| loop rewind(delay=0 initiation interval(s)) |
    +-----+-----+-----+-----+---------------------------------------------+

    + Detail: 
        * Instance: 
        N/A

        * Loop: 
        +-------------+-----+-----+----------+-----------+-----------+------+----------+
        |             |  Latency  | Iteration|  Initiation Interval  | Trip |          |
        |  Loop Name  | min | max |  Latency |  achieved |   target  | Count| Pipelined|
        +-------------+-----+-----+----------+-----------+-----------+------+----------+
        |- ReuseLoop  |   10|   10|         3|          1|          1|     9|    yes   |
        +-------------+-----+-----+----------+-----------+-----------+------+----------+

============================================================
+ Verbose Summary: Synthesis Manager
============================================================
InlineROM: 1
ExposeGlobal: 0
============================================================
+ Verbose Summary: CDFG Model
============================================================
IsTopModel: 0
ResetActiveHigh: 1
IsCombinational: 0
IsDatapathOnly: 0
HasWiredReturn: 1
HasMFsm: 0
HasVarLatency: 1
IsPipeline: 0
IsRtlPipelined: 0
IsInstanceOverlapped: 0
IsDontTouch: 0
HasImplIP: 0
IsGatedGlobalClock: 0

+ Individual pipeline summary: 
  * Pipeline-0: initiation interval (II) = 1, depth = 3


============================================================
+ Verbose Summary: Schedule
============================================================
* Number of FSM states : 4
* Pipeline : 1
  Pipeline-0 : II = 1, D = 3, States = { 2 3 4 }
* Dataflow Pipeline: 0

* FSM state transitions: 
1 --> 2 
2 --> 3 
3 --> 4 
4 --> 2 

* FSM state operations: 

State 1 <SV = 0> <Delay = 0.83>
ST_1 : Operation 5 [1/1] (0.00ns)   --->   "%tmp_i = call i32 (...)* @_ssdm_op_SpecRegionBegin([12 x i8]* @p_str87)" [firmware/nnet_utils/nnet_dense_resource.h:32]   --->   Operation 5 'specregionbegin' 'tmp_i' <Predicate = true> <Delay = 0.00>
ST_1 : Operation 6 [1/1] (0.83ns)   --->   "br label %rewind_header" [firmware/nnet_utils/nnet_dense_resource.h:46]   --->   Operation 6 'br' <Predicate = true> <Delay = 0.83>

State 2 <SV = 1> <Delay = 1.77>
ST_2 : Operation 7 [1/1] (0.00ns)   --->   "%w_index17 = phi i4 [ 0, %hls_label_3_begin ], [ %w_index, %ReuseLoop ], [ 0, %"dense_resource_rf_leq_nin<ap_ufixed<8, 0, 5, 3, 0>, ap_fixed<8, 3, 5, 3, 0>, config2_mult>.0.0.0.0.0.0.0.exit" ]"   --->   Operation 7 'phi' 'w_index17' <Predicate = true> <Delay = 0.00>
ST_2 : Operation 8 [1/1] (0.00ns)   --->   "%zext_ln59 = zext i4 %w_index17 to i64" [firmware/nnet_utils/nnet_dense_resource.h:59]   --->   Operation 8 'zext' 'zext_ln59' <Predicate = true> <Delay = 0.00>
ST_2 : Operation 9 [1/1] (0.00ns)   --->   "%w2_V_addr = getelementptr [9 x i47]* @w2_V, i64 0, i64 %zext_ln59" [firmware/nnet_utils/nnet_dense_resource.h:59]   --->   Operation 9 'getelementptr' 'w2_V_addr' <Predicate = true> <Delay = 0.00>
ST_2 : Operation 10 [2/2] (1.77ns)   --->   "%w2_V_load = load i47* %w2_V_addr, align 8" [firmware/nnet_utils/nnet_dense_resource.h:59]   --->   Operation 10 'load' 'w2_V_load' <Predicate = true> <Delay = 1.77> <Core = "ROM_nP_BRAM">   --->   Core 55 'ROM_nP_BRAM' <Latency = 1> <II = 1> <Delay = 1.77> <Storage> <Opcode : 'load'> <Ports = 0> <Width = 47> <Depth = 9> <ROM>
ST_2 : Operation 11 [1/1] (0.94ns)   --->   "%w_index = add i4 1, %w_index17" [firmware/nnet_utils/nnet_dense_resource.h:46]   --->   Operation 11 'add' 'w_index' <Predicate = true> <Delay = 0.94> <Core = "AddSub">   --->   Core 14 'AddSub' <Latency = 0> <II = 1> <Delay = 1.38> <FuncUnit> <Opcode : 'add' 'sub'> <InPorts = 2> <OutPorts = 1>
ST_2 : Operation 12 [1/1] (0.90ns)   --->   "%icmp_ln46 = icmp eq i4 %w_index17, -8" [firmware/nnet_utils/nnet_dense_resource.h:46]   --->   Operation 12 'icmp' 'icmp_ln46' <Predicate = true> <Delay = 0.90> <Core = "Cmp">   --->   Core 25 'Cmp' <Latency = 0> <II = 1> <Delay = 0.90> <FuncUnit> <Opcode : 'icmp'> <InPorts = 2> <OutPorts = 1>
ST_2 : Operation 13 [1/1] (0.00ns)   --->   "br label %rewind_header" [firmware/nnet_utils/nnet_dense_resource.h:32]   --->   Operation 13 'br' <Predicate = (icmp_ln46)> <Delay = 0.00>

State 3 <SV = 2> <Delay = 2.21>
ST_3 : Operation 14 [1/1] (0.00ns)   --->   "%kernel_data_V_8_load = load i8* @kernel_data_V_8, align 1" [aesl_mux_load.9i8P.i4:17->firmware/nnet_utils/nnet_dense_resource.h:59]   --->   Operation 14 'load' 'kernel_data_V_8_load' <Predicate = true> <Delay = 0.00>
ST_3 : Operation 15 [1/1] (0.00ns)   --->   "%kernel_data_V_0_load = load i8* @kernel_data_V_0, align 1" [aesl_mux_load.9i8P.i4:1->firmware/nnet_utils/nnet_dense_resource.h:59]   --->   Operation 15 'load' 'kernel_data_V_0_load' <Predicate = true> <Delay = 0.00>
ST_3 : Operation 16 [1/1] (0.00ns)   --->   "%kernel_data_V_1411_load = load i8* @kernel_data_V_1411, align 1" [aesl_mux_load.9i8P.i4:3->firmware/nnet_utils/nnet_dense_resource.h:59]   --->   Operation 16 'load' 'kernel_data_V_1411_load' <Predicate = true> <Delay = 0.00>
ST_3 : Operation 17 [1/1] (0.00ns)   --->   "%kernel_data_V_2412_load = load i8* @kernel_data_V_2412, align 1" [aesl_mux_load.9i8P.i4:5->firmware/nnet_utils/nnet_dense_resource.h:59]   --->   Operation 17 'load' 'kernel_data_V_2412_load' <Predicate = true> <Delay = 0.00>
ST_3 : Operation 18 [1/1] (0.00ns)   --->   "%kernel_data_V_3413_load = load i8* @kernel_data_V_3413, align 1" [aesl_mux_load.9i8P.i4:7->firmware/nnet_utils/nnet_dense_resource.h:59]   --->   Operation 18 'load' 'kernel_data_V_3413_load' <Predicate = true> <Delay = 0.00>
ST_3 : Operation 19 [1/1] (0.00ns)   --->   "%kernel_data_V_4414_load = load i8* @kernel_data_V_4414, align 1" [aesl_mux_load.9i8P.i4:9->firmware/nnet_utils/nnet_dense_resource.h:59]   --->   Operation 19 'load' 'kernel_data_V_4414_load' <Predicate = true> <Delay = 0.00>
ST_3 : Operation 20 [1/1] (0.00ns)   --->   "%kernel_data_V_5415_load = load i8* @kernel_data_V_5415, align 1" [aesl_mux_load.9i8P.i4:11->firmware/nnet_utils/nnet_dense_resource.h:59]   --->   Operation 20 'load' 'kernel_data_V_5415_load' <Predicate = true> <Delay = 0.00>
ST_3 : Operation 21 [1/1] (0.00ns)   --->   "%kernel_data_V_6_load = load i8* @kernel_data_V_6, align 1" [aesl_mux_load.9i8P.i4:13->firmware/nnet_utils/nnet_dense_resource.h:59]   --->   Operation 21 'load' 'kernel_data_V_6_load' <Predicate = true> <Delay = 0.00>
ST_3 : Operation 22 [1/1] (0.00ns)   --->   "%kernel_data_V_7_load = load i8* @kernel_data_V_7, align 1" [aesl_mux_load.9i8P.i4:15->firmware/nnet_utils/nnet_dense_resource.h:59]   --->   Operation 22 'load' 'kernel_data_V_7_load' <Predicate = true> <Delay = 0.00>
ST_3 : Operation 23 [1/1] (0.90ns)   --->   "%icmp_ln19 = icmp eq i4 %w_index17, 0" [aesl_mux_load.9i8P.i4:19->firmware/nnet_utils/nnet_dense_resource.h:59]   --->   Operation 23 'icmp' 'icmp_ln19' <Predicate = true> <Delay = 0.90> <Core = "Cmp">   --->   Core 25 'Cmp' <Latency = 0> <II = 1> <Delay = 0.90> <FuncUnit> <Opcode : 'icmp'> <InPorts = 2> <OutPorts = 1>
ST_3 : Operation 24 [1/1] (0.90ns)   --->   "%icmp_ln19_1 = icmp eq i4 %w_index17, 1" [aesl_mux_load.9i8P.i4:19->firmware/nnet_utils/nnet_dense_resource.h:59]   --->   Operation 24 'icmp' 'icmp_ln19_1' <Predicate = true> <Delay = 0.90> <Core = "Cmp">   --->   Core 25 'Cmp' <Latency = 0> <II = 1> <Delay = 0.90> <FuncUnit> <Opcode : 'icmp'> <InPorts = 2> <OutPorts = 1>
ST_3 : Operation 25 [1/1] (0.90ns)   --->   "%icmp_ln19_2 = icmp eq i4 %w_index17, 2" [aesl_mux_load.9i8P.i4:19->firmware/nnet_utils/nnet_dense_resource.h:59]   --->   Operation 25 'icmp' 'icmp_ln19_2' <Predicate = true> <Delay = 0.90> <Core = "Cmp">   --->   Core 25 'Cmp' <Latency = 0> <II = 1> <Delay = 0.90> <FuncUnit> <Opcode : 'icmp'> <InPorts = 2> <OutPorts = 1>
ST_3 : Operation 26 [1/1] (0.90ns)   --->   "%icmp_ln19_3 = icmp eq i4 %w_index17, 3" [aesl_mux_load.9i8P.i4:19->firmware/nnet_utils/nnet_dense_resource.h:59]   --->   Operation 26 'icmp' 'icmp_ln19_3' <Predicate = true> <Delay = 0.90> <Core = "Cmp">   --->   Core 25 'Cmp' <Latency = 0> <II = 1> <Delay = 0.90> <FuncUnit> <Opcode : 'icmp'> <InPorts = 2> <OutPorts = 1>
ST_3 : Operation 27 [1/1] (0.90ns)   --->   "%icmp_ln19_4 = icmp eq i4 %w_index17, 4" [aesl_mux_load.9i8P.i4:19->firmware/nnet_utils/nnet_dense_resource.h:59]   --->   Operation 27 'icmp' 'icmp_ln19_4' <Predicate = true> <Delay = 0.90> <Core = "Cmp">   --->   Core 25 'Cmp' <Latency = 0> <II = 1> <Delay = 0.90> <FuncUnit> <Opcode : 'icmp'> <InPorts = 2> <OutPorts = 1>
ST_3 : Operation 28 [1/1] (0.90ns)   --->   "%icmp_ln19_5 = icmp eq i4 %w_index17, 5" [aesl_mux_load.9i8P.i4:19->firmware/nnet_utils/nnet_dense_resource.h:59]   --->   Operation 28 'icmp' 'icmp_ln19_5' <Predicate = true> <Delay = 0.90> <Core = "Cmp">   --->   Core 25 'Cmp' <Latency = 0> <II = 1> <Delay = 0.90> <FuncUnit> <Opcode : 'icmp'> <InPorts = 2> <OutPorts = 1>
ST_3 : Operation 29 [1/1] (0.90ns)   --->   "%icmp_ln19_6 = icmp eq i4 %w_index17, 6" [aesl_mux_load.9i8P.i4:19->firmware/nnet_utils/nnet_dense_resource.h:59]   --->   Operation 29 'icmp' 'icmp_ln19_6' <Predicate = true> <Delay = 0.90> <Core = "Cmp">   --->   Core 25 'Cmp' <Latency = 0> <II = 1> <Delay = 0.90> <FuncUnit> <Opcode : 'icmp'> <InPorts = 2> <OutPorts = 1>
ST_3 : Operation 30 [1/1] (0.90ns)   --->   "%icmp_ln19_7 = icmp eq i4 %w_index17, 7" [aesl_mux_load.9i8P.i4:19->firmware/nnet_utils/nnet_dense_resource.h:59]   --->   Operation 30 'icmp' 'icmp_ln19_7' <Predicate = true> <Delay = 0.90> <Core = "Cmp">   --->   Core 25 'Cmp' <Latency = 0> <II = 1> <Delay = 0.90> <FuncUnit> <Opcode : 'icmp'> <InPorts = 2> <OutPorts = 1>
ST_3 : Operation 31 [1/1] (0.00ns) (grouped into LUT with out node select_ln19_4)   --->   "%select_ln19 = select i1 %icmp_ln19_7, i8 %kernel_data_V_7_load, i8 %kernel_data_V_6_load" [aesl_mux_load.9i8P.i4:19->firmware/nnet_utils/nnet_dense_resource.h:59]   --->   Operation 31 'select' 'select_ln19' <Predicate = true> <Delay = 0.00> <Core = "Sel">   --->   Core 26 'Sel' <Latency = 0> <II = 1> <Delay = 0.29> <FuncUnit> <Opcode : 'select'> <InPorts = 3> <OutPorts = 1>
ST_3 : Operation 32 [1/1] (0.33ns)   --->   "%or_ln19 = or i1 %icmp_ln19_7, %icmp_ln19_6" [aesl_mux_load.9i8P.i4:19->firmware/nnet_utils/nnet_dense_resource.h:59]   --->   Operation 32 'or' 'or_ln19' <Predicate = true> <Delay = 0.33> <Core = "LogicGate">   --->   Core 27 'LogicGate' <Latency = 0> <II = 1> <Delay = 0.33> <FuncUnit> <Opcode : 'and' 'or' 'xor'> <InPorts = 2> <OutPorts = 1>
ST_3 : Operation 33 [1/1] (0.29ns) (out node of the LUT)   --->   "%select_ln19_1 = select i1 %icmp_ln19_5, i8 %kernel_data_V_5415_load, i8 %kernel_data_V_4414_load" [aesl_mux_load.9i8P.i4:19->firmware/nnet_utils/nnet_dense_resource.h:59]   --->   Operation 33 'select' 'select_ln19_1' <Predicate = true> <Delay = 0.29> <Core = "Sel">   --->   Core 26 'Sel' <Latency = 0> <II = 1> <Delay = 0.29> <FuncUnit> <Opcode : 'select'> <InPorts = 3> <OutPorts = 1>
ST_3 : Operation 34 [1/1] (0.00ns) (grouped into LUT with out node or_ln19_4)   --->   "%or_ln19_1 = or i1 %icmp_ln19_5, %icmp_ln19_4" [aesl_mux_load.9i8P.i4:19->firmware/nnet_utils/nnet_dense_resource.h:59]   --->   Operation 34 'or' 'or_ln19_1' <Predicate = true> <Delay = 0.00> <Core = "LogicGate">   --->   Core 27 'LogicGate' <Latency = 0> <II = 1> <Delay = 0.33> <FuncUnit> <Opcode : 'and' 'or' 'xor'> <InPorts = 2> <OutPorts = 1>
ST_3 : Operation 35 [1/1] (0.00ns) (grouped into LUT with out node select_ln19_5)   --->   "%select_ln19_2 = select i1 %icmp_ln19_3, i8 %kernel_data_V_3413_load, i8 %kernel_data_V_2412_load" [aesl_mux_load.9i8P.i4:19->firmware/nnet_utils/nnet_dense_resource.h:59]   --->   Operation 35 'select' 'select_ln19_2' <Predicate = true> <Delay = 0.00> <Core = "Sel">   --->   Core 26 'Sel' <Latency = 0> <II = 1> <Delay = 0.29> <FuncUnit> <Opcode : 'select'> <InPorts = 3> <OutPorts = 1>
ST_3 : Operation 36 [1/1] (0.33ns)   --->   "%or_ln19_2 = or i1 %icmp_ln19_3, %icmp_ln19_2" [aesl_mux_load.9i8P.i4:19->firmware/nnet_utils/nnet_dense_resource.h:59]   --->   Operation 36 'or' 'or_ln19_2' <Predicate = true> <Delay = 0.33> <Core = "LogicGate">   --->   Core 27 'LogicGate' <Latency = 0> <II = 1> <Delay = 0.33> <FuncUnit> <Opcode : 'and' 'or' 'xor'> <InPorts = 2> <OutPorts = 1>
ST_3 : Operation 37 [1/1] (0.29ns) (out node of the LUT)   --->   "%select_ln19_3 = select i1 %icmp_ln19_1, i8 %kernel_data_V_1411_load, i8 %kernel_data_V_0_load" [aesl_mux_load.9i8P.i4:19->firmware/nnet_utils/nnet_dense_resource.h:59]   --->   Operation 37 'select' 'select_ln19_3' <Predicate = true> <Delay = 0.29> <Core = "Sel">   --->   Core 26 'Sel' <Latency = 0> <II = 1> <Delay = 0.29> <FuncUnit> <Opcode : 'select'> <InPorts = 3> <OutPorts = 1>
ST_3 : Operation 38 [1/1] (0.00ns) (grouped into LUT with out node select_ln19_7)   --->   "%or_ln19_3 = or i1 %icmp_ln19_1, %icmp_ln19" [aesl_mux_load.9i8P.i4:19->firmware/nnet_utils/nnet_dense_resource.h:59]   --->   Operation 38 'or' 'or_ln19_3' <Predicate = true> <Delay = 0.00> <Core = "LogicGate">   --->   Core 27 'LogicGate' <Latency = 0> <II = 1> <Delay = 0.33> <FuncUnit> <Opcode : 'and' 'or' 'xor'> <InPorts = 2> <OutPorts = 1>
ST_3 : Operation 39 [1/1] (0.29ns) (out node of the LUT)   --->   "%select_ln19_4 = select i1 %or_ln19, i8 %select_ln19, i8 %select_ln19_1" [aesl_mux_load.9i8P.i4:19->firmware/nnet_utils/nnet_dense_resource.h:59]   --->   Operation 39 'select' 'select_ln19_4' <Predicate = true> <Delay = 0.29> <Core = "Sel">   --->   Core 26 'Sel' <Latency = 0> <II = 1> <Delay = 0.29> <FuncUnit> <Opcode : 'select'> <InPorts = 3> <OutPorts = 1>
ST_3 : Operation 40 [1/1] (0.33ns) (out node of the LUT)   --->   "%or_ln19_4 = or i1 %or_ln19, %or_ln19_1" [aesl_mux_load.9i8P.i4:19->firmware/nnet_utils/nnet_dense_resource.h:59]   --->   Operation 40 'or' 'or_ln19_4' <Predicate = true> <Delay = 0.33> <Core = "LogicGate">   --->   Core 27 'LogicGate' <Latency = 0> <II = 1> <Delay = 0.33> <FuncUnit> <Opcode : 'and' 'or' 'xor'> <InPorts = 2> <OutPorts = 1>
ST_3 : Operation 41 [1/1] (0.29ns) (out node of the LUT)   --->   "%select_ln19_5 = select i1 %or_ln19_2, i8 %select_ln19_2, i8 %select_ln19_3" [aesl_mux_load.9i8P.i4:19->firmware/nnet_utils/nnet_dense_resource.h:59]   --->   Operation 41 'select' 'select_ln19_5' <Predicate = true> <Delay = 0.29> <Core = "Sel">   --->   Core 26 'Sel' <Latency = 0> <II = 1> <Delay = 0.29> <FuncUnit> <Opcode : 'select'> <InPorts = 3> <OutPorts = 1>
ST_3 : Operation 42 [1/1] (0.00ns) (grouped into LUT with out node select_ln19_7)   --->   "%or_ln19_5 = or i1 %or_ln19_2, %or_ln19_3" [aesl_mux_load.9i8P.i4:19->firmware/nnet_utils/nnet_dense_resource.h:59]   --->   Operation 42 'or' 'or_ln19_5' <Predicate = true> <Delay = 0.00> <Core = "LogicGate">   --->   Core 27 'LogicGate' <Latency = 0> <II = 1> <Delay = 0.33> <FuncUnit> <Opcode : 'and' 'or' 'xor'> <InPorts = 2> <OutPorts = 1>
ST_3 : Operation 43 [1/1] (0.29ns) (out node of the LUT)   --->   "%select_ln19_6 = select i1 %or_ln19_4, i8 %select_ln19_4, i8 %select_ln19_5" [aesl_mux_load.9i8P.i4:19->firmware/nnet_utils/nnet_dense_resource.h:59]   --->   Operation 43 'select' 'select_ln19_6' <Predicate = true> <Delay = 0.29> <Core = "Sel">   --->   Core 26 'Sel' <Latency = 0> <II = 1> <Delay = 0.29> <FuncUnit> <Opcode : 'select'> <InPorts = 3> <OutPorts = 1>
ST_3 : Operation 44 [1/1] (0.00ns) (grouped into LUT with out node select_ln19_7)   --->   "%or_ln19_6 = or i1 %or_ln19_4, %or_ln19_5" [aesl_mux_load.9i8P.i4:19->firmware/nnet_utils/nnet_dense_resource.h:59]   --->   Operation 44 'or' 'or_ln19_6' <Predicate = true> <Delay = 0.00> <Core = "LogicGate">   --->   Core 27 'LogicGate' <Latency = 0> <II = 1> <Delay = 0.33> <FuncUnit> <Opcode : 'and' 'or' 'xor'> <InPorts = 2> <OutPorts = 1>
ST_3 : Operation 45 [1/1] (0.33ns) (out node of the LUT)   --->   "%select_ln19_7 = select i1 %or_ln19_6, i8 %select_ln19_6, i8 %kernel_data_V_8_load" [aesl_mux_load.9i8P.i4:19->firmware/nnet_utils/nnet_dense_resource.h:59]   --->   Operation 45 'select' 'select_ln19_7' <Predicate = true> <Delay = 0.33> <Core = "Sel">   --->   Core 26 'Sel' <Latency = 0> <II = 1> <Delay = 0.29> <FuncUnit> <Opcode : 'select'> <InPorts = 3> <OutPorts = 1>
ST_3 : Operation 46 [1/2] (1.77ns)   --->   "%w2_V_load = load i47* %w2_V_addr, align 8" [firmware/nnet_utils/nnet_dense_resource.h:59]   --->   Operation 46 'load' 'w2_V_load' <Predicate = true> <Delay = 1.77> <Core = "ROM_nP_BRAM">   --->   Core 55 'ROM_nP_BRAM' <Latency = 1> <II = 1> <Delay = 1.77> <Storage> <Opcode : 'load'> <Ports = 0> <Width = 47> <Depth = 9> <ROM>
ST_3 : Operation 47 [1/1] (0.00ns)   --->   "%trunc_ln59 = trunc i47 %w2_V_load to i8" [firmware/nnet_utils/nnet_dense_resource.h:59]   --->   Operation 47 'trunc' 'trunc_ln59' <Predicate = true> <Delay = 0.00>
ST_3 : Operation 48 [1/1] (0.00ns)   --->   "%tmp_382_i = call i8 @_ssdm_op_PartSelect.i8.i47.i32.i32(i47 %w2_V_load, i32 8, i32 15)" [firmware/nnet_utils/nnet_dense_resource.h:59]   --->   Operation 48 'partselect' 'tmp_382_i' <Predicate = true> <Delay = 0.00>
ST_3 : Operation 49 [1/1] (0.00ns)   --->   "%tmp_384_i = call i8 @_ssdm_op_PartSelect.i8.i47.i32.i32(i47 %w2_V_load, i32 16, i32 23)" [firmware/nnet_utils/nnet_dense_resource.h:59]   --->   Operation 49 'partselect' 'tmp_384_i' <Predicate = true> <Delay = 0.00>
ST_3 : Operation 50 [1/1] (0.00ns)   --->   "%tmp_386_i = call i8 @_ssdm_op_PartSelect.i8.i47.i32.i32(i47 %w2_V_load, i32 24, i32 31)" [firmware/nnet_utils/nnet_dense_resource.h:59]   --->   Operation 50 'partselect' 'tmp_386_i' <Predicate = true> <Delay = 0.00>
ST_3 : Operation 51 [1/1] (0.00ns)   --->   "%tmp_388_i = call i8 @_ssdm_op_PartSelect.i8.i47.i32.i32(i47 %w2_V_load, i32 32, i32 39)" [firmware/nnet_utils/nnet_dense_resource.h:59]   --->   Operation 51 'partselect' 'tmp_388_i' <Predicate = true> <Delay = 0.00>
ST_3 : Operation 52 [1/1] (0.00ns)   --->   "%tmp = call i7 @_ssdm_op_PartSelect.i7.i47.i32.i32(i47 %w2_V_load, i32 40, i32 46)" [firmware/nnet_utils/nnet_dense_resource.h:59]   --->   Operation 52 'partselect' 'tmp' <Predicate = true> <Delay = 0.00>

State 4 <SV = 3> <Delay = 3.84>
ST_4 : Operation 53 [1/1] (0.00ns)   --->   "%do_init = phi i1 [ true, %hls_label_3_begin ], [ false, %ReuseLoop ], [ true, %"dense_resource_rf_leq_nin<ap_ufixed<8, 0, 5, 3, 0>, ap_fixed<8, 3, 5, 3, 0>, config2_mult>.0.0.0.0.0.0.0.exit" ]"   --->   Operation 53 'phi' 'do_init' <Predicate = true> <Delay = 0.00>
ST_4 : Operation 54 [1/1] (0.00ns)   --->   "%p_Val2_1216 = phi i14 [ -1024, %hls_label_3_begin ], [ %acc_5_V, %ReuseLoop ], [ -1024, %"dense_resource_rf_leq_nin<ap_ufixed<8, 0, 5, 3, 0>, ap_fixed<8, 3, 5, 3, 0>, config2_mult>.0.0.0.0.0.0.0.exit" ]"   --->   Operation 54 'phi' 'p_Val2_1216' <Predicate = true> <Delay = 0.00>
ST_4 : Operation 55 [1/1] (0.00ns)   --->   "%p_Val2_1114 = phi i15 [ -128, %hls_label_3_begin ], [ %acc_4_V, %ReuseLoop ], [ -128, %"dense_resource_rf_leq_nin<ap_ufixed<8, 0, 5, 3, 0>, ap_fixed<8, 3, 5, 3, 0>, config2_mult>.0.0.0.0.0.0.0.exit" ]"   --->   Operation 55 'phi' 'p_Val2_1114' <Predicate = true> <Delay = 0.00>
ST_4 : Operation 56 [1/1] (0.00ns)   --->   "%p_Val2_1012 = phi i15 [ -32, %hls_label_3_begin ], [ %acc_3_V, %ReuseLoop ], [ -32, %"dense_resource_rf_leq_nin<ap_ufixed<8, 0, 5, 3, 0>, ap_fixed<8, 3, 5, 3, 0>, config2_mult>.0.0.0.0.0.0.0.exit" ]"   --->   Operation 56 'phi' 'p_Val2_1012' <Predicate = true> <Delay = 0.00>
ST_4 : Operation 57 [1/1] (0.00ns)   --->   "%p_Val2_910 = phi i15 [ -56, %hls_label_3_begin ], [ %acc_2_V, %ReuseLoop ], [ -56, %"dense_resource_rf_leq_nin<ap_ufixed<8, 0, 5, 3, 0>, ap_fixed<8, 3, 5, 3, 0>, config2_mult>.0.0.0.0.0.0.0.exit" ]"   --->   Operation 57 'phi' 'p_Val2_910' <Predicate = true> <Delay = 0.00>
ST_4 : Operation 58 [1/1] (0.00ns)   --->   "%p_Val2_88 = phi i15 [ -64, %hls_label_3_begin ], [ %acc_1_V, %ReuseLoop ], [ -64, %"dense_resource_rf_leq_nin<ap_ufixed<8, 0, 5, 3, 0>, ap_fixed<8, 3, 5, 3, 0>, config2_mult>.0.0.0.0.0.0.0.exit" ]"   --->   Operation 58 'phi' 'p_Val2_88' <Predicate = true> <Delay = 0.00>
ST_4 : Operation 59 [1/1] (0.00ns)   --->   "%p_Val2_6 = phi i15 [ -112, %hls_label_3_begin ], [ %acc_0_V, %ReuseLoop ], [ -112, %"dense_resource_rf_leq_nin<ap_ufixed<8, 0, 5, 3, 0>, ap_fixed<8, 3, 5, 3, 0>, config2_mult>.0.0.0.0.0.0.0.exit" ]"   --->   Operation 59 'phi' 'p_Val2_6' <Predicate = true> <Delay = 0.00>
ST_4 : Operation 60 [1/1] (0.00ns)   --->   "br i1 %do_init, label %hls_label_3_end, label %ReuseLoop"   --->   Operation 60 'br' <Predicate = true> <Delay = 0.00>
ST_4 : Operation 61 [1/1] (0.00ns)   --->   "call void (...)* @_ssdm_op_SpecMemCore([9 x i47]* @w2_V, [1 x i8]* @p_str17, [12 x i8]* @p_str50, [1 x i8]* @p_str17, i32 -1, [1 x i8]* @p_str17, [1 x i8]* @p_str17, [1 x i8]* @p_str17, [1 x i8]* @p_str17, [1 x i8]* @p_str17)"   --->   Operation 61 'specmemcore' <Predicate = (do_init)> <Delay = 0.00>
ST_4 : Operation 62 [1/1] (0.00ns)   --->   "%empty_236 = call i32 (...)* @_ssdm_op_SpecRegionEnd([12 x i8]* @p_str87, i32 %tmp_i)" [firmware/nnet_utils/nnet_dense_resource.h:34]   --->   Operation 62 'specregionend' 'empty_236' <Predicate = (do_init)> <Delay = 0.00>
ST_4 : Operation 63 [1/1] (0.00ns)   --->   "br label %ReuseLoop" [firmware/nnet_utils/nnet_dense_resource.h:46]   --->   Operation 63 'br' <Predicate = (do_init)> <Delay = 0.00>
ST_4 : Operation 64 [1/1] (0.00ns)   --->   "call void (...)* @_ssdm_op_SpecLoopName([10 x i8]* @p_str52) nounwind" [firmware/nnet_utils/nnet_dense_resource.h:46]   --->   Operation 64 'specloopname' <Predicate = true> <Delay = 0.00>
ST_4 : Operation 65 [1/1] (0.00ns)   --->   "%tmp_378_i = call i32 (...)* @_ssdm_op_SpecRegionBegin([10 x i8]* @p_str52)" [firmware/nnet_utils/nnet_dense_resource.h:46]   --->   Operation 65 'specregionbegin' 'tmp_378_i' <Predicate = true> <Delay = 0.00>
ST_4 : Operation 66 [1/1] (0.00ns)   --->   "call void (...)* @_ssdm_op_SpecPipeline(i32 1, i32 1, i32 1, i32 0, [1 x i8]* @p_str17) nounwind" [firmware/nnet_utils/nnet_dense_resource.h:47]   --->   Operation 66 'specpipeline' <Predicate = true> <Delay = 0.00>
ST_4 : Operation 67 [1/1] (0.00ns)   --->   "%zext_ln1116 = zext i8 %select_ln19_7 to i16" [firmware/nnet_utils/nnet_mult.h:73->firmware/nnet_utils/nnet_dense_resource.h:59]   --->   Operation 67 'zext' 'zext_ln1116' <Predicate = true> <Delay = 0.00>
ST_4 : Operation 68 [1/1] (0.00ns)   --->   "%sext_ln1118 = sext i8 %trunc_ln59 to i16" [firmware/nnet_utils/nnet_mult.h:73->firmware/nnet_utils/nnet_dense_resource.h:59]   --->   Operation 68 'sext' 'sext_ln1118' <Predicate = true> <Delay = 0.00>
ST_4 : Operation 69 [1/1] (2.44ns)   --->   "%mul_ln1118 = mul i16 %sext_ln1118, %zext_ln1116" [firmware/nnet_utils/nnet_mult.h:73->firmware/nnet_utils/nnet_dense_resource.h:59]   --->   Operation 69 'mul' 'mul_ln1118' <Predicate = true> <Delay = 2.44> <Core = "Mul">   --->   Core 16 'Mul' <Latency = 0> <II = 1> <Delay = 2.44> <FuncUnit> <Opcode : 'mul'> <InPorts = 2> <OutPorts = 1>
ST_4 : Operation 70 [1/1] (0.00ns)   --->   "%trunc_ln = call i11 @_ssdm_op_PartSelect.i11.i16.i32.i32(i16 %mul_ln1118, i32 5, i32 15)" [firmware/nnet_utils/nnet_dense_resource.h:59]   --->   Operation 70 'partselect' 'trunc_ln' <Predicate = true> <Delay = 0.00>
ST_4 : Operation 71 [1/1] (0.00ns)   --->   "%sext_ln703 = sext i11 %trunc_ln to i15" [firmware/nnet_utils/nnet_dense_resource.h:59]   --->   Operation 71 'sext' 'sext_ln703' <Predicate = true> <Delay = 0.00>
ST_4 : Operation 72 [1/1] (1.40ns)   --->   "%acc_0_V = add i15 %sext_ln703, %p_Val2_6" [firmware/nnet_utils/nnet_dense_resource.h:59]   --->   Operation 72 'add' 'acc_0_V' <Predicate = true> <Delay = 1.40> <Core = "AddSub">   --->   Core 14 'AddSub' <Latency = 0> <II = 1> <Delay = 1.38> <FuncUnit> <Opcode : 'add' 'sub'> <InPorts = 2> <OutPorts = 1>
ST_4 : Operation 73 [1/1] (0.00ns)   --->   "%zext_ln1118 = zext i8 %select_ln19_7 to i15" [firmware/nnet_utils/nnet_mult.h:73->firmware/nnet_utils/nnet_dense_resource.h:59]   --->   Operation 73 'zext' 'zext_ln1118' <Predicate = true> <Delay = 0.00>
ST_4 : Operation 74 [1/1] (0.00ns)   --->   "%sext_ln1118_48 = sext i8 %tmp_382_i to i16" [firmware/nnet_utils/nnet_mult.h:73->firmware/nnet_utils/nnet_dense_resource.h:59]   --->   Operation 74 'sext' 'sext_ln1118_48' <Predicate = true> <Delay = 0.00>
ST_4 : Operation 75 [1/1] (2.44ns)   --->   "%mul_ln1118_75 = mul i16 %sext_ln1118_48, %zext_ln1116" [firmware/nnet_utils/nnet_mult.h:73->firmware/nnet_utils/nnet_dense_resource.h:59]   --->   Operation 75 'mul' 'mul_ln1118_75' <Predicate = true> <Delay = 2.44> <Core = "Mul">   --->   Core 16 'Mul' <Latency = 0> <II = 1> <Delay = 2.44> <FuncUnit> <Opcode : 'mul'> <InPorts = 2> <OutPorts = 1>
ST_4 : Operation 76 [1/1] (0.00ns)   --->   "%trunc_ln708_s = call i11 @_ssdm_op_PartSelect.i11.i16.i32.i32(i16 %mul_ln1118_75, i32 5, i32 15)" [firmware/nnet_utils/nnet_dense_resource.h:59]   --->   Operation 76 'partselect' 'trunc_ln708_s' <Predicate = true> <Delay = 0.00>
ST_4 : Operation 77 [1/1] (0.00ns)   --->   "%sext_ln703_1 = sext i11 %trunc_ln708_s to i15" [firmware/nnet_utils/nnet_dense_resource.h:59]   --->   Operation 77 'sext' 'sext_ln703_1' <Predicate = true> <Delay = 0.00>
ST_4 : Operation 78 [1/1] (1.40ns)   --->   "%acc_1_V = add i15 %sext_ln703_1, %p_Val2_88" [firmware/nnet_utils/nnet_dense_resource.h:59]   --->   Operation 78 'add' 'acc_1_V' <Predicate = true> <Delay = 1.40> <Core = "AddSub">   --->   Core 14 'AddSub' <Latency = 0> <II = 1> <Delay = 1.38> <FuncUnit> <Opcode : 'add' 'sub'> <InPorts = 2> <OutPorts = 1>
ST_4 : Operation 79 [1/1] (0.00ns)   --->   "%sext_ln1118_49 = sext i8 %tmp_384_i to i16" [firmware/nnet_utils/nnet_mult.h:73->firmware/nnet_utils/nnet_dense_resource.h:59]   --->   Operation 79 'sext' 'sext_ln1118_49' <Predicate = true> <Delay = 0.00>
ST_4 : Operation 80 [1/1] (2.44ns)   --->   "%mul_ln1118_76 = mul i16 %sext_ln1118_49, %zext_ln1116" [firmware/nnet_utils/nnet_mult.h:73->firmware/nnet_utils/nnet_dense_resource.h:59]   --->   Operation 80 'mul' 'mul_ln1118_76' <Predicate = true> <Delay = 2.44> <Core = "Mul">   --->   Core 16 'Mul' <Latency = 0> <II = 1> <Delay = 2.44> <FuncUnit> <Opcode : 'mul'> <InPorts = 2> <OutPorts = 1>
ST_4 : Operation 81 [1/1] (0.00ns)   --->   "%trunc_ln708_84 = call i11 @_ssdm_op_PartSelect.i11.i16.i32.i32(i16 %mul_ln1118_76, i32 5, i32 15)" [firmware/nnet_utils/nnet_dense_resource.h:59]   --->   Operation 81 'partselect' 'trunc_ln708_84' <Predicate = true> <Delay = 0.00>
ST_4 : Operation 82 [1/1] (0.00ns)   --->   "%sext_ln703_2 = sext i11 %trunc_ln708_84 to i15" [firmware/nnet_utils/nnet_dense_resource.h:59]   --->   Operation 82 'sext' 'sext_ln703_2' <Predicate = true> <Delay = 0.00>
ST_4 : Operation 83 [1/1] (1.40ns)   --->   "%acc_2_V = add i15 %sext_ln703_2, %p_Val2_910" [firmware/nnet_utils/nnet_dense_resource.h:59]   --->   Operation 83 'add' 'acc_2_V' <Predicate = true> <Delay = 1.40> <Core = "AddSub">   --->   Core 14 'AddSub' <Latency = 0> <II = 1> <Delay = 1.38> <FuncUnit> <Opcode : 'add' 'sub'> <InPorts = 2> <OutPorts = 1>
ST_4 : Operation 84 [1/1] (0.00ns)   --->   "%sext_ln1118_50 = sext i8 %tmp_386_i to i16" [firmware/nnet_utils/nnet_mult.h:73->firmware/nnet_utils/nnet_dense_resource.h:59]   --->   Operation 84 'sext' 'sext_ln1118_50' <Predicate = true> <Delay = 0.00>
ST_4 : Operation 85 [1/1] (2.44ns)   --->   "%mul_ln1118_77 = mul i16 %sext_ln1118_50, %zext_ln1116" [firmware/nnet_utils/nnet_mult.h:73->firmware/nnet_utils/nnet_dense_resource.h:59]   --->   Operation 85 'mul' 'mul_ln1118_77' <Predicate = true> <Delay = 2.44> <Core = "Mul">   --->   Core 16 'Mul' <Latency = 0> <II = 1> <Delay = 2.44> <FuncUnit> <Opcode : 'mul'> <InPorts = 2> <OutPorts = 1>
ST_4 : Operation 86 [1/1] (0.00ns)   --->   "%trunc_ln708_85 = call i11 @_ssdm_op_PartSelect.i11.i16.i32.i32(i16 %mul_ln1118_77, i32 5, i32 15)" [firmware/nnet_utils/nnet_dense_resource.h:59]   --->   Operation 86 'partselect' 'trunc_ln708_85' <Predicate = true> <Delay = 0.00>
ST_4 : Operation 87 [1/1] (0.00ns)   --->   "%sext_ln703_3 = sext i11 %trunc_ln708_85 to i15" [firmware/nnet_utils/nnet_dense_resource.h:59]   --->   Operation 87 'sext' 'sext_ln703_3' <Predicate = true> <Delay = 0.00>
ST_4 : Operation 88 [1/1] (1.40ns)   --->   "%acc_3_V = add i15 %sext_ln703_3, %p_Val2_1012" [firmware/nnet_utils/nnet_dense_resource.h:59]   --->   Operation 88 'add' 'acc_3_V' <Predicate = true> <Delay = 1.40> <Core = "AddSub">   --->   Core 14 'AddSub' <Latency = 0> <II = 1> <Delay = 1.38> <FuncUnit> <Opcode : 'add' 'sub'> <InPorts = 2> <OutPorts = 1>
ST_4 : Operation 89 [1/1] (0.00ns)   --->   "%sext_ln1118_51 = sext i8 %tmp_388_i to i16" [firmware/nnet_utils/nnet_mult.h:73->firmware/nnet_utils/nnet_dense_resource.h:59]   --->   Operation 89 'sext' 'sext_ln1118_51' <Predicate = true> <Delay = 0.00>
ST_4 : Operation 90 [1/1] (2.44ns)   --->   "%mul_ln1118_78 = mul i16 %sext_ln1118_51, %zext_ln1116" [firmware/nnet_utils/nnet_mult.h:73->firmware/nnet_utils/nnet_dense_resource.h:59]   --->   Operation 90 'mul' 'mul_ln1118_78' <Predicate = true> <Delay = 2.44> <Core = "Mul">   --->   Core 16 'Mul' <Latency = 0> <II = 1> <Delay = 2.44> <FuncUnit> <Opcode : 'mul'> <InPorts = 2> <OutPorts = 1>
ST_4 : Operation 91 [1/1] (0.00ns)   --->   "%trunc_ln708_86 = call i11 @_ssdm_op_PartSelect.i11.i16.i32.i32(i16 %mul_ln1118_78, i32 5, i32 15)" [firmware/nnet_utils/nnet_dense_resource.h:59]   --->   Operation 91 'partselect' 'trunc_ln708_86' <Predicate = true> <Delay = 0.00>
ST_4 : Operation 92 [1/1] (0.00ns)   --->   "%sext_ln703_4 = sext i11 %trunc_ln708_86 to i15" [firmware/nnet_utils/nnet_dense_resource.h:59]   --->   Operation 92 'sext' 'sext_ln703_4' <Predicate = true> <Delay = 0.00>
ST_4 : Operation 93 [1/1] (1.40ns)   --->   "%acc_4_V = add i15 %sext_ln703_4, %p_Val2_1114" [firmware/nnet_utils/nnet_dense_resource.h:59]   --->   Operation 93 'add' 'acc_4_V' <Predicate = true> <Delay = 1.40> <Core = "AddSub">   --->   Core 14 'AddSub' <Latency = 0> <II = 1> <Delay = 1.38> <FuncUnit> <Opcode : 'add' 'sub'> <InPorts = 2> <OutPorts = 1>
ST_4 : Operation 94 [1/1] (0.00ns)   --->   "%sext_ln1118_52 = sext i7 %tmp to i15" [firmware/nnet_utils/nnet_mult.h:73->firmware/nnet_utils/nnet_dense_resource.h:59]   --->   Operation 94 'sext' 'sext_ln1118_52' <Predicate = true> <Delay = 0.00>
ST_4 : Operation 95 [1/1] (2.44ns)   --->   "%mul_ln1118_79 = mul i15 %zext_ln1118, %sext_ln1118_52" [firmware/nnet_utils/nnet_mult.h:73->firmware/nnet_utils/nnet_dense_resource.h:59]   --->   Operation 95 'mul' 'mul_ln1118_79' <Predicate = true> <Delay = 2.44> <Core = "Mul">   --->   Core 16 'Mul' <Latency = 0> <II = 1> <Delay = 2.44> <FuncUnit> <Opcode : 'mul'> <InPorts = 2> <OutPorts = 1>
ST_4 : Operation 96 [1/1] (0.00ns)   --->   "%tmp_1 = call i10 @_ssdm_op_PartSelect.i10.i15.i32.i32(i15 %mul_ln1118_79, i32 5, i32 14)" [firmware/nnet_utils/nnet_dense_resource.h:59]   --->   Operation 96 'partselect' 'tmp_1' <Predicate = true> <Delay = 0.00>
ST_4 : Operation 97 [1/1] (0.00ns)   --->   "%sext_ln703_5 = sext i10 %tmp_1 to i14" [firmware/nnet_utils/nnet_dense_resource.h:59]   --->   Operation 97 'sext' 'sext_ln703_5' <Predicate = true> <Delay = 0.00>
ST_4 : Operation 98 [1/1] (1.38ns)   --->   "%acc_5_V = add i14 %sext_ln703_5, %p_Val2_1216" [firmware/nnet_utils/nnet_dense_resource.h:59]   --->   Operation 98 'add' 'acc_5_V' <Predicate = true> <Delay = 1.38> <Core = "AddSub">   --->   Core 14 'AddSub' <Latency = 0> <II = 1> <Delay = 1.38> <FuncUnit> <Opcode : 'add' 'sub'> <InPorts = 2> <OutPorts = 1>
ST_4 : Operation 99 [1/1] (0.00ns)   --->   "%empty = call i32 (...)* @_ssdm_op_SpecRegionEnd([10 x i8]* @p_str52, i32 %tmp_378_i)" [firmware/nnet_utils/nnet_dense_resource.h:76]   --->   Operation 99 'specregionend' 'empty' <Predicate = true> <Delay = 0.00>
ST_4 : Operation 100 [1/1] (0.00ns)   --->   "%empty_235 = call i32 (...)* @_ssdm_op_SpecLoopTripCount(i64 9, i64 9, i64 9)"   --->   Operation 100 'speclooptripcount' 'empty_235' <Predicate = true> <Delay = 0.00>
ST_4 : Operation 101 [1/1] (0.00ns)   --->   "br i1 %icmp_ln46, label %"dense_resource_rf_leq_nin<ap_ufixed<8, 0, 5, 3, 0>, ap_fixed<8, 3, 5, 3, 0>, config2_mult>.0.0.0.0.0.0.0.exit", label %rewind_header" [firmware/nnet_utils/nnet_dense_resource.h:46]   --->   Operation 101 'br' <Predicate = true> <Delay = 0.00>
ST_4 : Operation 102 [1/1] (0.00ns)   --->   "%res_0_V_write_assign = call i8 @_ssdm_op_PartSelect.i8.i15.i32.i32(i15 %acc_0_V, i32 5, i32 12)" [firmware/nnet_utils/nnet_mult.h:111->firmware/nnet_utils/nnet_dense_resource.h:82]   --->   Operation 102 'partselect' 'res_0_V_write_assign' <Predicate = (icmp_ln46)> <Delay = 0.00>
ST_4 : Operation 103 [1/1] (0.00ns)   --->   "%res_1_V_write_assign = call i8 @_ssdm_op_PartSelect.i8.i15.i32.i32(i15 %acc_1_V, i32 5, i32 12)" [firmware/nnet_utils/nnet_mult.h:111->firmware/nnet_utils/nnet_dense_resource.h:82]   --->   Operation 103 'partselect' 'res_1_V_write_assign' <Predicate = (icmp_ln46)> <Delay = 0.00>
ST_4 : Operation 104 [1/1] (0.00ns)   --->   "%res_2_V_write_assign = call i8 @_ssdm_op_PartSelect.i8.i15.i32.i32(i15 %acc_2_V, i32 5, i32 12)" [firmware/nnet_utils/nnet_mult.h:111->firmware/nnet_utils/nnet_dense_resource.h:82]   --->   Operation 104 'partselect' 'res_2_V_write_assign' <Predicate = (icmp_ln46)> <Delay = 0.00>
ST_4 : Operation 105 [1/1] (0.00ns)   --->   "%res_3_V_write_assign = call i8 @_ssdm_op_PartSelect.i8.i15.i32.i32(i15 %acc_3_V, i32 5, i32 12)" [firmware/nnet_utils/nnet_mult.h:111->firmware/nnet_utils/nnet_dense_resource.h:82]   --->   Operation 105 'partselect' 'res_3_V_write_assign' <Predicate = (icmp_ln46)> <Delay = 0.00>
ST_4 : Operation 106 [1/1] (0.00ns)   --->   "%res_4_V_write_assign = call i8 @_ssdm_op_PartSelect.i8.i15.i32.i32(i15 %acc_4_V, i32 5, i32 12)" [firmware/nnet_utils/nnet_mult.h:111->firmware/nnet_utils/nnet_dense_resource.h:82]   --->   Operation 106 'partselect' 'res_4_V_write_assign' <Predicate = (icmp_ln46)> <Delay = 0.00>
ST_4 : Operation 107 [1/1] (0.00ns)   --->   "%res_5_V_write_assign = call i8 @_ssdm_op_PartSelect.i8.i14.i32.i32(i14 %acc_5_V, i32 5, i32 12)" [firmware/nnet_utils/nnet_mult.h:111->firmware/nnet_utils/nnet_dense_resource.h:82]   --->   Operation 107 'partselect' 'res_5_V_write_assign' <Predicate = (icmp_ln46)> <Delay = 0.00>
ST_4 : Operation 108 [1/1] (0.00ns)   --->   "%mrv_i = insertvalue { i8, i8, i8, i8, i8, i8 } undef, i8 %res_0_V_write_assign, 0" [firmware/nnet_utils/nnet_dense_resource.h:84]   --->   Operation 108 'insertvalue' 'mrv_i' <Predicate = (icmp_ln46)> <Delay = 0.00>
ST_4 : Operation 109 [1/1] (0.00ns)   --->   "%mrv_1_i = insertvalue { i8, i8, i8, i8, i8, i8 } %mrv_i, i8 %res_1_V_write_assign, 1" [firmware/nnet_utils/nnet_dense_resource.h:84]   --->   Operation 109 'insertvalue' 'mrv_1_i' <Predicate = (icmp_ln46)> <Delay = 0.00>
ST_4 : Operation 110 [1/1] (0.00ns)   --->   "%mrv_2_i = insertvalue { i8, i8, i8, i8, i8, i8 } %mrv_1_i, i8 %res_2_V_write_assign, 2" [firmware/nnet_utils/nnet_dense_resource.h:84]   --->   Operation 110 'insertvalue' 'mrv_2_i' <Predicate = (icmp_ln46)> <Delay = 0.00>
ST_4 : Operation 111 [1/1] (0.00ns)   --->   "%mrv_3_i = insertvalue { i8, i8, i8, i8, i8, i8 } %mrv_2_i, i8 %res_3_V_write_assign, 3" [firmware/nnet_utils/nnet_dense_resource.h:84]   --->   Operation 111 'insertvalue' 'mrv_3_i' <Predicate = (icmp_ln46)> <Delay = 0.00>
ST_4 : Operation 112 [1/1] (0.00ns)   --->   "%mrv_4_i = insertvalue { i8, i8, i8, i8, i8, i8 } %mrv_3_i, i8 %res_4_V_write_assign, 4" [firmware/nnet_utils/nnet_dense_resource.h:84]   --->   Operation 112 'insertvalue' 'mrv_4_i' <Predicate = (icmp_ln46)> <Delay = 0.00>
ST_4 : Operation 113 [1/1] (0.00ns)   --->   "%mrv_5_i = insertvalue { i8, i8, i8, i8, i8, i8 } %mrv_4_i, i8 %res_5_V_write_assign, 5" [firmware/nnet_utils/nnet_dense_resource.h:84]   --->   Operation 113 'insertvalue' 'mrv_5_i' <Predicate = (icmp_ln46)> <Delay = 0.00>
ST_4 : Operation 114 [1/1] (0.00ns)   --->   "call void (...)* @_ssdm_op_Return({ i8, i8, i8, i8, i8, i8 } %mrv_5_i)" [firmware/nnet_utils/nnet_dense_resource.h:32]   --->   Operation 114 'return' <Predicate = (icmp_ln46)> <Delay = 0.00>


============================================================
+ Verbose Summary: Binding
============================================================
STG Binding: 
---------------- STG Properties BEGIN ----------------
- Is combinational: 0
- Is one-state seq: 0
- Is datapath-only: 0
- Is pipelined: 0
- Is top level: 0
Port [ Return ] is wired: 1; IO mode=ap_ctrl_hs:ce=0
Port [ kernel_data_V_8]:  wired=1; compound=0; hidden=0; nouse=0; global=1; static=1; extern=0; dir=0; type=0; pingpong=0; private_global=0; linkage=7; visibility=0; IO mode=ap_none:ce=0
Port [ kernel_data_V_0]:  wired=1; compound=0; hidden=0; nouse=0; global=1; static=1; extern=0; dir=0; type=0; pingpong=0; private_global=0; linkage=7; visibility=0; IO mode=ap_none:ce=0
Port [ kernel_data_V_1411]:  wired=1; compound=0; hidden=0; nouse=0; global=1; static=1; extern=0; dir=0; type=0; pingpong=0; private_global=0; linkage=7; visibility=0; IO mode=ap_none:ce=0
Port [ kernel_data_V_2412]:  wired=1; compound=0; hidden=0; nouse=0; global=1; static=1; extern=0; dir=0; type=0; pingpong=0; private_global=0; linkage=7; visibility=0; IO mode=ap_none:ce=0
Port [ kernel_data_V_3413]:  wired=1; compound=0; hidden=0; nouse=0; global=1; static=1; extern=0; dir=0; type=0; pingpong=0; private_global=0; linkage=7; visibility=0; IO mode=ap_none:ce=0
Port [ kernel_data_V_4414]:  wired=1; compound=0; hidden=0; nouse=0; global=1; static=1; extern=0; dir=0; type=0; pingpong=0; private_global=0; linkage=7; visibility=0; IO mode=ap_none:ce=0
Port [ kernel_data_V_5415]:  wired=1; compound=0; hidden=0; nouse=0; global=1; static=1; extern=0; dir=0; type=0; pingpong=0; private_global=0; linkage=7; visibility=0; IO mode=ap_none:ce=0
Port [ kernel_data_V_6]:  wired=1; compound=0; hidden=0; nouse=0; global=1; static=1; extern=0; dir=0; type=0; pingpong=0; private_global=0; linkage=7; visibility=0; IO mode=ap_none:ce=0
Port [ kernel_data_V_7]:  wired=1; compound=0; hidden=0; nouse=0; global=1; static=1; extern=0; dir=0; type=0; pingpong=0; private_global=0; linkage=7; visibility=0; IO mode=ap_none:ce=0
Port [ w2_V]:  wired=0; compound=1; hidden=1; nouse=0; global=1; static=0; extern=0; dir=0; type=1; pingpong=0; private_global=1; linkage=0; visibility=0; MemPort=[1]; IO mode=ap_memory:ce=0
---------------- STG Properties END ------------------

---------------- Datapath Model BEGIN ----------------

<LifeTime>
<method=bitvector/>
tmp_i                   (specregionbegin  ) [ 00111]
br_ln46                 (br               ) [ 01111]
w_index17               (phi              ) [ 00110]
zext_ln59               (zext             ) [ 00000]
w2_V_addr               (getelementptr    ) [ 00110]
w_index                 (add              ) [ 01111]
icmp_ln46               (icmp             ) [ 00111]
br_ln32                 (br               ) [ 01111]
kernel_data_V_8_load    (load             ) [ 00000]
kernel_data_V_0_load    (load             ) [ 00000]
kernel_data_V_1411_load (load             ) [ 00000]
kernel_data_V_2412_load (load             ) [ 00000]
kernel_data_V_3413_load (load             ) [ 00000]
kernel_data_V_4414_load (load             ) [ 00000]
kernel_data_V_5415_load (load             ) [ 00000]
kernel_data_V_6_load    (load             ) [ 00000]
kernel_data_V_7_load    (load             ) [ 00000]
icmp_ln19               (icmp             ) [ 00000]
icmp_ln19_1             (icmp             ) [ 00000]
icmp_ln19_2             (icmp             ) [ 00000]
icmp_ln19_3             (icmp             ) [ 00000]
icmp_ln19_4             (icmp             ) [ 00000]
icmp_ln19_5             (icmp             ) [ 00000]
icmp_ln19_6             (icmp             ) [ 00000]
icmp_ln19_7             (icmp             ) [ 00000]
select_ln19             (select           ) [ 00000]
or_ln19                 (or               ) [ 00000]
select_ln19_1           (select           ) [ 00000]
or_ln19_1               (or               ) [ 00000]
select_ln19_2           (select           ) [ 00000]
or_ln19_2               (or               ) [ 00000]
select_ln19_3           (select           ) [ 00000]
or_ln19_3               (or               ) [ 00000]
select_ln19_4           (select           ) [ 00000]
or_ln19_4               (or               ) [ 00000]
select_ln19_5           (select           ) [ 00000]
or_ln19_5               (or               ) [ 00000]
select_ln19_6           (select           ) [ 00000]
or_ln19_6               (or               ) [ 00000]
select_ln19_7           (select           ) [ 00101]
w2_V_load               (load             ) [ 00000]
trunc_ln59              (trunc            ) [ 00101]
tmp_382_i               (partselect       ) [ 00101]
tmp_384_i               (partselect       ) [ 00101]
tmp_386_i               (partselect       ) [ 00101]
tmp_388_i               (partselect       ) [ 00101]
tmp                     (partselect       ) [ 00101]
do_init                 (phi              ) [ 00111]
p_Val2_1216             (phi              ) [ 00111]
p_Val2_1114             (phi              ) [ 00111]
p_Val2_1012             (phi              ) [ 00111]
p_Val2_910              (phi              ) [ 00111]
p_Val2_88               (phi              ) [ 00111]
p_Val2_6                (phi              ) [ 00111]
br_ln0                  (br               ) [ 00000]
specmemcore_ln0         (specmemcore      ) [ 00000]
empty_236               (specregionend    ) [ 00000]
br_ln46                 (br               ) [ 00000]
specloopname_ln46       (specloopname     ) [ 00000]
tmp_378_i               (specregionbegin  ) [ 00000]
specpipeline_ln47       (specpipeline     ) [ 00000]
zext_ln1116             (zext             ) [ 00000]
sext_ln1118             (sext             ) [ 00000]
mul_ln1118              (mul              ) [ 00000]
trunc_ln                (partselect       ) [ 00000]
sext_ln703              (sext             ) [ 00000]
acc_0_V                 (add              ) [ 01111]
zext_ln1118             (zext             ) [ 00000]
sext_ln1118_48          (sext             ) [ 00000]
mul_ln1118_75           (mul              ) [ 00000]
trunc_ln708_s           (partselect       ) [ 00000]
sext_ln703_1            (sext             ) [ 00000]
acc_1_V                 (add              ) [ 01111]
sext_ln1118_49          (sext             ) [ 00000]
mul_ln1118_76           (mul              ) [ 00000]
trunc_ln708_84          (partselect       ) [ 00000]
sext_ln703_2            (sext             ) [ 00000]
acc_2_V                 (add              ) [ 01111]
sext_ln1118_50          (sext             ) [ 00000]
mul_ln1118_77           (mul              ) [ 00000]
trunc_ln708_85          (partselect       ) [ 00000]
sext_ln703_3            (sext             ) [ 00000]
acc_3_V                 (add              ) [ 01111]
sext_ln1118_51          (sext             ) [ 00000]
mul_ln1118_78           (mul              ) [ 00000]
trunc_ln708_86          (partselect       ) [ 00000]
sext_ln703_4            (sext             ) [ 00000]
acc_4_V                 (add              ) [ 01111]
sext_ln1118_52          (sext             ) [ 00000]
mul_ln1118_79           (mul              ) [ 00000]
tmp_1                   (partselect       ) [ 00000]
sext_ln703_5            (sext             ) [ 00000]
acc_5_V                 (add              ) [ 01111]
empty                   (specregionend    ) [ 00000]
empty_235               (speclooptripcount) [ 00000]
br_ln46                 (br               ) [ 01111]
res_0_V_write_assign    (partselect       ) [ 00000]
res_1_V_write_assign    (partselect       ) [ 00000]
res_2_V_write_assign    (partselect       ) [ 00000]
res_3_V_write_assign    (partselect       ) [ 00000]
res_4_V_write_assign    (partselect       ) [ 00000]
res_5_V_write_assign    (partselect       ) [ 00000]
mrv_i                   (insertvalue      ) [ 00000]
mrv_1_i                 (insertvalue      ) [ 00000]
mrv_2_i                 (insertvalue      ) [ 00000]
mrv_3_i                 (insertvalue      ) [ 00000]
mrv_4_i                 (insertvalue      ) [ 00000]
mrv_5_i                 (insertvalue      ) [ 00000]
return_ln32             (return           ) [ 00000]
</LifeTime>

<model>

<comp_list>
<comp id="0" class="1000" name="kernel_data_V_8">
<pin_list>
<pin id="1" dir="1" index="0" bw="1" slack="0"/>
</pin_list>
<bind>
<StgValue><ssdm name="kernel_data_V_8"/></StgValue>
</bind>
</comp>

<comp id="2" class="1000" name="kernel_data_V_0">
<pin_list>
<pin id="3" dir="1" index="0" bw="1" slack="0"/>
</pin_list>
<bind>
<StgValue><ssdm name="kernel_data_V_0"/></StgValue>
</bind>
</comp>

<comp id="4" class="1000" name="kernel_data_V_1411">
<pin_list>
<pin id="5" dir="1" index="0" bw="1" slack="0"/>
</pin_list>
<bind>
<StgValue><ssdm name="kernel_data_V_1411"/></StgValue>
</bind>
</comp>

<comp id="6" class="1000" name="kernel_data_V_2412">
<pin_list>
<pin id="7" dir="1" index="0" bw="1" slack="0"/>
</pin_list>
<bind>
<StgValue><ssdm name="kernel_data_V_2412"/></StgValue>
</bind>
</comp>

<comp id="8" class="1000" name="kernel_data_V_3413">
<pin_list>
<pin id="9" dir="1" index="0" bw="1" slack="0"/>
</pin_list>
<bind>
<StgValue><ssdm name="kernel_data_V_3413"/></StgValue>
</bind>
</comp>

<comp id="10" class="1000" name="kernel_data_V_4414">
<pin_list>
<pin id="11" dir="1" index="0" bw="1" slack="0"/>
</pin_list>
<bind>
<StgValue><ssdm name="kernel_data_V_4414"/></StgValue>
</bind>
</comp>

<comp id="12" class="1000" name="kernel_data_V_5415">
<pin_list>
<pin id="13" dir="1" index="0" bw="1" slack="0"/>
</pin_list>
<bind>
<StgValue><ssdm name="kernel_data_V_5415"/></StgValue>
</bind>
</comp>

<comp id="14" class="1000" name="kernel_data_V_6">
<pin_list>
<pin id="15" dir="1" index="0" bw="1" slack="0"/>
</pin_list>
<bind>
<StgValue><ssdm name="kernel_data_V_6"/></StgValue>
</bind>
</comp>

<comp id="16" class="1000" name="kernel_data_V_7">
<pin_list>
<pin id="17" dir="1" index="0" bw="1" slack="0"/>
</pin_list>
<bind>
<StgValue><ssdm name="kernel_data_V_7"/></StgValue>
</bind>
</comp>

<comp id="18" class="1000" name="w2_V">
<pin_list>
<pin id="19" dir="1" index="0" bw="1" slack="0"/>
</pin_list>
<bind>
<StgValue><ssdm name="w2_V"/><MemPortTyVec>1 </MemPortTyVec>
</StgValue>
</bind>
</comp>

<comp id="20" class="1001" name="const_20">
<pin_list>
<pin id="21" dir="1" index="0" bw="1" slack="2147483647"/>
</pin_list>
<bind>
<StgValue><ssdm name="_ssdm_op_SpecRegionBegin"/></StgValue>
</bind>
</comp>

<comp id="22" class="1001" name="const_22">
<pin_list>
<pin id="23" dir="1" index="0" bw="1" slack="2147483647"/>
</pin_list>
<bind>
<StgValue><ssdm name="p_str87"/></StgValue>
</bind>
</comp>

<comp id="24" class="1001" name="const_24">
<pin_list>
<pin id="25" dir="1" index="0" bw="1" slack="0"/>
</pin_list>
<bind>
<StgValue><ssdm name=""/></StgValue>
</bind>
</comp>

<comp id="26" class="1001" name="const_26">
<pin_list>
<pin id="27" dir="1" index="0" bw="1" slack="0"/>
</pin_list>
<bind>
<StgValue><ssdm name=""/></StgValue>
</bind>
</comp>

<comp id="28" class="1001" name="const_28">
<pin_list>
<pin id="29" dir="1" index="0" bw="1" slack="0"/>
</pin_list>
<bind>
<StgValue><ssdm name=""/></StgValue>
</bind>
</comp>

<comp id="30" class="1001" name="const_30">
<pin_list>
<pin id="31" dir="1" index="0" bw="1" slack="0"/>
</pin_list>
<bind>
<StgValue><ssdm name=""/></StgValue>
</bind>
</comp>

<comp id="32" class="1001" name="const_32">
<pin_list>
<pin id="33" dir="1" index="0" bw="1" slack="0"/>
</pin_list>
<bind>
<StgValue><ssdm name=""/></StgValue>
</bind>
</comp>

<comp id="34" class="1001" name="const_34">
<pin_list>
<pin id="35" dir="1" index="0" bw="1" slack="0"/>
</pin_list>
<bind>
<StgValue><ssdm name=""/></StgValue>
</bind>
</comp>

<comp id="36" class="1001" name="const_36">
<pin_list>
<pin id="37" dir="1" index="0" bw="1" slack="0"/>
</pin_list>
<bind>
<StgValue><ssdm name=""/></StgValue>
</bind>
</comp>

<comp id="38" class="1001" name="const_38">
<pin_list>
<pin id="39" dir="1" index="0" bw="1" slack="0"/>
</pin_list>
<bind>
<StgValue><ssdm name=""/></StgValue>
</bind>
</comp>

<comp id="40" class="1001" name="const_40">
<pin_list>
<pin id="41" dir="1" index="0" bw="1" slack="0"/>
</pin_list>
<bind>
<StgValue><ssdm name=""/></StgValue>
</bind>
</comp>

<comp id="42" class="1001" name="const_42">
<pin_list>
<pin id="43" dir="1" index="0" bw="1" slack="0"/>
</pin_list>
<bind>
<StgValue><ssdm name=""/></StgValue>
</bind>
</comp>

<comp id="44" class="1001" name="const_44">
<pin_list>
<pin id="45" dir="1" index="0" bw="1" slack="0"/>
</pin_list>
<bind>
<StgValue><ssdm name="_ssdm_op_PartSelect.i8.i47.i32.i32"/></StgValue>
</bind>
</comp>

<comp id="46" class="1001" name="const_46">
<pin_list>
<pin id="47" dir="1" index="0" bw="1" slack="0"/>
</pin_list>
<bind>
<StgValue><ssdm name=""/></StgValue>
</bind>
</comp>

<comp id="48" class="1001" name="const_48">
<pin_list>
<pin id="49" dir="1" index="0" bw="1" slack="0"/>
</pin_list>
<bind>
<StgValue><ssdm name=""/></StgValue>
</bind>
</comp>

<comp id="50" class="1001" name="const_50">
<pin_list>
<pin id="51" dir="1" index="0" bw="1" slack="0"/>
</pin_list>
<bind>
<StgValue><ssdm name=""/></StgValue>
</bind>
</comp>

<comp id="52" class="1001" name="const_52">
<pin_list>
<pin id="53" dir="1" index="0" bw="1" slack="0"/>
</pin_list>
<bind>
<StgValue><ssdm name=""/></StgValue>
</bind>
</comp>

<comp id="54" class="1001" name="const_54">
<pin_list>
<pin id="55" dir="1" index="0" bw="1" slack="0"/>
</pin_list>
<bind>
<StgValue><ssdm name=""/></StgValue>
</bind>
</comp>

<comp id="56" class="1001" name="const_56">
<pin_list>
<pin id="57" dir="1" index="0" bw="1" slack="0"/>
</pin_list>
<bind>
<StgValue><ssdm name=""/></StgValue>
</bind>
</comp>

<comp id="58" class="1001" name="const_58">
<pin_list>
<pin id="59" dir="1" index="0" bw="1" slack="0"/>
</pin_list>
<bind>
<StgValue><ssdm name=""/></StgValue>
</bind>
</comp>

<comp id="60" class="1001" name="const_60">
<pin_list>
<pin id="61" dir="1" index="0" bw="1" slack="0"/>
</pin_list>
<bind>
<StgValue><ssdm name=""/></StgValue>
</bind>
</comp>

<comp id="62" class="1001" name="const_62">
<pin_list>
<pin id="63" dir="1" index="0" bw="1" slack="0"/>
</pin_list>
<bind>
<StgValue><ssdm name="_ssdm_op_PartSelect.i7.i47.i32.i32"/></StgValue>
</bind>
</comp>

<comp id="64" class="1001" name="const_64">
<pin_list>
<pin id="65" dir="1" index="0" bw="1" slack="0"/>
</pin_list>
<bind>
<StgValue><ssdm name=""/></StgValue>
</bind>
</comp>

<comp id="66" class="1001" name="const_66">
<pin_list>
<pin id="67" dir="1" index="0" bw="1" slack="0"/>
</pin_list>
<bind>
<StgValue><ssdm name=""/></StgValue>
</bind>
</comp>

<comp id="68" class="1001" name="const_68">
<pin_list>
<pin id="69" dir="1" index="0" bw="1" slack="2"/>
</pin_list>
<bind>
<StgValue><ssdm name=""/></StgValue>
</bind>
</comp>

<comp id="70" class="1001" name="const_70">
<pin_list>
<pin id="71" dir="1" index="0" bw="1" slack="0"/>
</pin_list>
<bind>
<StgValue><ssdm name=""/></StgValue>
</bind>
</comp>

<comp id="72" class="1001" name="const_72">
<pin_list>
<pin id="73" dir="1" index="0" bw="1" slack="2"/>
</pin_list>
<bind>
<StgValue><ssdm name=""/></StgValue>
</bind>
</comp>

<comp id="74" class="1001" name="const_74">
<pin_list>
<pin id="75" dir="1" index="0" bw="1" slack="2"/>
</pin_list>
<bind>
<StgValue><ssdm name=""/></StgValue>
</bind>
</comp>

<comp id="76" class="1001" name="const_76">
<pin_list>
<pin id="77" dir="1" index="0" bw="1" slack="2"/>
</pin_list>
<bind>
<StgValue><ssdm name=""/></StgValue>
</bind>
</comp>

<comp id="78" class="1001" name="const_78">
<pin_list>
<pin id="79" dir="1" index="0" bw="1" slack="2"/>
</pin_list>
<bind>
<StgValue><ssdm name=""/></StgValue>
</bind>
</comp>

<comp id="80" class="1001" name="const_80">
<pin_list>
<pin id="81" dir="1" index="0" bw="1" slack="2"/>
</pin_list>
<bind>
<StgValue><ssdm name=""/></StgValue>
</bind>
</comp>

<comp id="82" class="1001" name="const_82">
<pin_list>
<pin id="83" dir="1" index="0" bw="1" slack="2"/>
</pin_list>
<bind>
<StgValue><ssdm name=""/></StgValue>
</bind>
</comp>

<comp id="84" class="1001" name="const_84">
<pin_list>
<pin id="85" dir="1" index="0" bw="1" slack="2147483647"/>
</pin_list>
<bind>
<StgValue><ssdm name="_ssdm_op_SpecMemCore"/></StgValue>
</bind>
</comp>

<comp id="86" class="1001" name="const_86">
<pin_list>
<pin id="87" dir="1" index="0" bw="1" slack="2147483647"/>
</pin_list>
<bind>
<StgValue><ssdm name="p_str17"/></StgValue>
</bind>
</comp>

<comp id="88" class="1001" name="const_88">
<pin_list>
<pin id="89" dir="1" index="0" bw="1" slack="2147483647"/>
</pin_list>
<bind>
<StgValue><ssdm name="p_str50"/></StgValue>
</bind>
</comp>

<comp id="90" class="1001" name="const_90">
<pin_list>
<pin id="91" dir="1" index="0" bw="1" slack="2147483647"/>
</pin_list>
<bind>
<StgValue><ssdm name=""/></StgValue>
</bind>
</comp>

<comp id="92" class="1001" name="const_92">
<pin_list>
<pin id="93" dir="1" index="0" bw="1" slack="2147483647"/>
</pin_list>
<bind>
<StgValue><ssdm name="_ssdm_op_SpecRegionEnd"/></StgValue>
</bind>
</comp>

<comp id="94" class="1001" name="const_94">
<pin_list>
<pin id="95" dir="1" index="0" bw="1" slack="2147483647"/>
</pin_list>
<bind>
<StgValue><ssdm name="_ssdm_op_SpecLoopName"/></StgValue>
</bind>
</comp>

<comp id="96" class="1001" name="const_96">
<pin_list>
<pin id="97" dir="1" index="0" bw="1" slack="2147483647"/>
</pin_list>
<bind>
<StgValue><ssdm name="p_str52"/></StgValue>
</bind>
</comp>

<comp id="98" class="1001" name="const_98">
<pin_list>
<pin id="99" dir="1" index="0" bw="1" slack="2147483647"/>
</pin_list>
<bind>
<StgValue><ssdm name="_ssdm_op_SpecPipeline"/></StgValue>
</bind>
</comp>

<comp id="100" class="1001" name="const_100">
<pin_list>
<pin id="101" dir="1" index="0" bw="1" slack="2147483647"/>
</pin_list>
<bind>
<StgValue><ssdm name=""/></StgValue>
</bind>
</comp>

<comp id="102" class="1001" name="const_102">
<pin_list>
<pin id="103" dir="1" index="0" bw="1" slack="2147483647"/>
</pin_list>
<bind>
<StgValue><ssdm name=""/></StgValue>
</bind>
</comp>

<comp id="104" class="1001" name="const_104">
<pin_list>
<pin id="105" dir="1" index="0" bw="1" slack="0"/>
</pin_list>
<bind>
<StgValue><ssdm name="_ssdm_op_PartSelect.i11.i16.i32.i32"/></StgValue>
</bind>
</comp>

<comp id="106" class="1001" name="const_106">
<pin_list>
<pin id="107" dir="1" index="0" bw="1" slack="0"/>
</pin_list>
<bind>
<StgValue><ssdm name=""/></StgValue>
</bind>
</comp>

<comp id="108" class="1001" name="const_108">
<pin_list>
<pin id="109" dir="1" index="0" bw="1" slack="0"/>
</pin_list>
<bind>
<StgValue><ssdm name="_ssdm_op_PartSelect.i10.i15.i32.i32"/></StgValue>
</bind>
</comp>

<comp id="110" class="1001" name="const_110">
<pin_list>
<pin id="111" dir="1" index="0" bw="1" slack="0"/>
</pin_list>
<bind>
<StgValue><ssdm name=""/></StgValue>
</bind>
</comp>

<comp id="112" class="1001" name="const_112">
<pin_list>
<pin id="113" dir="1" index="0" bw="1" slack="2147483647"/>
</pin_list>
<bind>
<StgValue><ssdm name="_ssdm_op_SpecLoopTripCount"/></StgValue>
</bind>
</comp>

<comp id="114" class="1001" name="const_114">
<pin_list>
<pin id="115" dir="1" index="0" bw="1" slack="2147483647"/>
</pin_list>
<bind>
<StgValue><ssdm name=""/></StgValue>
</bind>
</comp>

<comp id="116" class="1001" name="const_116">
<pin_list>
<pin id="117" dir="1" index="0" bw="1" slack="0"/>
</pin_list>
<bind>
<StgValue><ssdm name="_ssdm_op_PartSelect.i8.i15.i32.i32"/></StgValue>
</bind>
</comp>

<comp id="118" class="1001" name="const_118">
<pin_list>
<pin id="119" dir="1" index="0" bw="1" slack="0"/>
</pin_list>
<bind>
<StgValue><ssdm name=""/></StgValue>
</bind>
</comp>

<comp id="120" class="1001" name="const_120">
<pin_list>
<pin id="121" dir="1" index="0" bw="1" slack="0"/>
</pin_list>
<bind>
<StgValue><ssdm name="_ssdm_op_PartSelect.i8.i14.i32.i32"/></StgValue>
</bind>
</comp>

<comp id="122" class="1001" name="const_122">
<pin_list>
<pin id="123" dir="1" index="0" bw="1" slack="0"/>
</pin_list>
<bind>
<StgValue><ssdm name=""/></StgValue>
</bind>
</comp>

<comp id="124" class="1004" name="w2_V_addr_gep_fu_124">
<pin_list>
<pin id="125" dir="0" index="0" bw="47" slack="0"/>
<pin id="126" dir="0" index="1" bw="1" slack="0"/>
<pin id="127" dir="0" index="2" bw="4" slack="0"/>
<pin id="128" dir="1" index="3" bw="4" slack="0"/>
</pin_list>
<bind>
<opcode="getelementptr(29) " fcode="getelementptr"/>
<opset="w2_V_addr/2 "/>
</bind>
</comp>

<comp id="131" class="1004" name="grp_access_fu_131">
<pin_list>
<pin id="132" dir="0" index="0" bw="4" slack="0"/>
<pin id="133" dir="0" index="1" bw="47" slack="2147483647"/>
<pin id="134" dir="0" index="2" bw="0" slack="2147483647"/>
<pin id="135" dir="1" index="3" bw="47" slack="0"/>
</pin_list>
<bind>
<opcode="load(27) " fcode="load"/>
<opset="w2_V_load/2 "/>
</bind>
</comp>

<comp id="137" class="1005" name="w_index17_reg_137">
<pin_list>
<pin id="138" dir="0" index="0" bw="4" slack="1"/>
<pin id="139" dir="1" index="1" bw="4" slack="1"/>
</pin_list>
<bind>
<opset="w_index17 (phireg) "/>
</bind>
</comp>

<comp id="141" class="1004" name="w_index17_phi_fu_141">
<pin_list>
<pin id="142" dir="0" index="0" bw="1" slack="1"/>
<pin id="143" dir="0" index="1" bw="0" slack="2147483647"/>
<pin id="144" dir="0" index="2" bw="4" slack="0"/>
<pin id="145" dir="0" index="3" bw="0" slack="2147483647"/>
<pin id="146" dir="0" index="4" bw="1" slack="0"/>
<pin id="147" dir="0" index="5" bw="0" slack="2147483647"/>
<pin id="148" dir="1" index="6" bw="4" slack="0"/>
</pin_list>
<bind>
<opcode="phi(47) " fcode="phi"/>
<opset="w_index17/2 "/>
</bind>
</comp>

<comp id="152" class="1005" name="do_init_reg_152">
<pin_list>
<pin id="153" dir="0" index="0" bw="1" slack="2"/>
<pin id="154" dir="1" index="1" bw="1" slack="2"/>
</pin_list>
<bind>
<opset="do_init (phireg) "/>
</bind>
</comp>

<comp id="156" class="1004" name="do_init_phi_fu_156">
<pin_list>
<pin id="157" dir="0" index="0" bw="1" slack="3"/>
<pin id="158" dir="0" index="1" bw="0" slack="2147483647"/>
<pin id="159" dir="0" index="2" bw="1" slack="0"/>
<pin id="160" dir="0" index="3" bw="0" slack="2147483647"/>
<pin id="161" dir="0" index="4" bw="1" slack="2"/>
<pin id="162" dir="0" index="5" bw="0" slack="2147483647"/>
<pin id="163" dir="1" index="6" bw="1" slack="2147483647"/>
</pin_list>
<bind>
<opcode="phi(47) " fcode="phi"/>
<opset="do_init/4 "/>
</bind>
</comp>

<comp id="167" class="1005" name="p_Val2_1216_reg_167">
<pin_list>
<pin id="168" dir="0" index="0" bw="14" slack="2"/>
<pin id="169" dir="1" index="1" bw="14" slack="2"/>
</pin_list>
<bind>
<opset="p_Val2_1216 (phireg) "/>
</bind>
</comp>

<comp id="171" class="1004" name="p_Val2_1216_phi_fu_171">
<pin_list>
<pin id="172" dir="0" index="0" bw="11" slack="3"/>
<pin id="173" dir="0" index="1" bw="0" slack="2147483647"/>
<pin id="174" dir="0" index="2" bw="14" slack="0"/>
<pin id="175" dir="0" index="3" bw="0" slack="2147483647"/>
<pin id="176" dir="0" index="4" bw="11" slack="2"/>
<pin id="177" dir="0" index="5" bw="0" slack="2147483647"/>
<pin id="178" dir="1" index="6" bw="14" slack="0"/>
</pin_list>
<bind>
<opcode="phi(47) " fcode="phi"/>
<opset="p_Val2_1216/4 "/>
</bind>
</comp>

<comp id="181" class="1005" name="p_Val2_1114_reg_181">
<pin_list>
<pin id="182" dir="0" index="0" bw="15" slack="2"/>
<pin id="183" dir="1" index="1" bw="15" slack="2"/>
</pin_list>
<bind>
<opset="p_Val2_1114 (phireg) "/>
</bind>
</comp>

<comp id="185" class="1004" name="p_Val2_1114_phi_fu_185">
<pin_list>
<pin id="186" dir="0" index="0" bw="8" slack="3"/>
<pin id="187" dir="0" index="1" bw="0" slack="2147483647"/>
<pin id="188" dir="0" index="2" bw="15" slack="0"/>
<pin id="189" dir="0" index="3" bw="0" slack="2147483647"/>
<pin id="190" dir="0" index="4" bw="8" slack="2"/>
<pin id="191" dir="0" index="5" bw="0" slack="2147483647"/>
<pin id="192" dir="1" index="6" bw="15" slack="0"/>
</pin_list>
<bind>
<opcode="phi(47) " fcode="phi"/>
<opset="p_Val2_1114/4 "/>
</bind>
</comp>

<comp id="195" class="1005" name="p_Val2_1012_reg_195">
<pin_list>
<pin id="196" dir="0" index="0" bw="15" slack="2"/>
<pin id="197" dir="1" index="1" bw="15" slack="2"/>
</pin_list>
<bind>
<opset="p_Val2_1012 (phireg) "/>
</bind>
</comp>

<comp id="199" class="1004" name="p_Val2_1012_phi_fu_199">
<pin_list>
<pin id="200" dir="0" index="0" bw="6" slack="3"/>
<pin id="201" dir="0" index="1" bw="0" slack="2147483647"/>
<pin id="202" dir="0" index="2" bw="15" slack="0"/>
<pin id="203" dir="0" index="3" bw="0" slack="2147483647"/>
<pin id="204" dir="0" index="4" bw="6" slack="2"/>
<pin id="205" dir="0" index="5" bw="0" slack="2147483647"/>
<pin id="206" dir="1" index="6" bw="15" slack="0"/>
</pin_list>
<bind>
<opcode="phi(47) " fcode="phi"/>
<opset="p_Val2_1012/4 "/>
</bind>
</comp>

<comp id="209" class="1005" name="p_Val2_910_reg_209">
<pin_list>
<pin id="210" dir="0" index="0" bw="15" slack="2"/>
<pin id="211" dir="1" index="1" bw="15" slack="2"/>
</pin_list>
<bind>
<opset="p_Val2_910 (phireg) "/>
</bind>
</comp>

<comp id="213" class="1004" name="p_Val2_910_phi_fu_213">
<pin_list>
<pin id="214" dir="0" index="0" bw="7" slack="3"/>
<pin id="215" dir="0" index="1" bw="0" slack="2147483647"/>
<pin id="216" dir="0" index="2" bw="15" slack="0"/>
<pin id="217" dir="0" index="3" bw="0" slack="2147483647"/>
<pin id="218" dir="0" index="4" bw="7" slack="2"/>
<pin id="219" dir="0" index="5" bw="0" slack="2147483647"/>
<pin id="220" dir="1" index="6" bw="15" slack="0"/>
</pin_list>
<bind>
<opcode="phi(47) " fcode="phi"/>
<opset="p_Val2_910/4 "/>
</bind>
</comp>

<comp id="223" class="1005" name="p_Val2_88_reg_223">
<pin_list>
<pin id="224" dir="0" index="0" bw="15" slack="2"/>
<pin id="225" dir="1" index="1" bw="15" slack="2"/>
</pin_list>
<bind>
<opset="p_Val2_88 (phireg) "/>
</bind>
</comp>

<comp id="227" class="1004" name="p_Val2_88_phi_fu_227">
<pin_list>
<pin id="228" dir="0" index="0" bw="7" slack="3"/>
<pin id="229" dir="0" index="1" bw="0" slack="2147483647"/>
<pin id="230" dir="0" index="2" bw="15" slack="0"/>
<pin id="231" dir="0" index="3" bw="0" slack="2147483647"/>
<pin id="232" dir="0" index="4" bw="7" slack="2"/>
<pin id="233" dir="0" index="5" bw="0" slack="2147483647"/>
<pin id="234" dir="1" index="6" bw="15" slack="0"/>
</pin_list>
<bind>
<opcode="phi(47) " fcode="phi"/>
<opset="p_Val2_88/4 "/>
</bind>
</comp>

<comp id="237" class="1005" name="p_Val2_6_reg_237">
<pin_list>
<pin id="238" dir="0" index="0" bw="15" slack="2"/>
<pin id="239" dir="1" index="1" bw="15" slack="2"/>
</pin_list>
<bind>
<opset="p_Val2_6 (phireg) "/>
</bind>
</comp>

<comp id="241" class="1004" name="p_Val2_6_phi_fu_241">
<pin_list>
<pin id="242" dir="0" index="0" bw="8" slack="3"/>
<pin id="243" dir="0" index="1" bw="0" slack="2147483647"/>
<pin id="244" dir="0" index="2" bw="15" slack="0"/>
<pin id="245" dir="0" index="3" bw="0" slack="2147483647"/>
<pin id="246" dir="0" index="4" bw="8" slack="2"/>
<pin id="247" dir="0" index="5" bw="0" slack="2147483647"/>
<pin id="248" dir="1" index="6" bw="15" slack="0"/>
</pin_list>
<bind>
<opcode="phi(47) " fcode="phi"/>
<opset="p_Val2_6/4 "/>
</bind>
</comp>

<comp id="251" class="1004" name="zext_ln59_fu_251">
<pin_list>
<pin id="252" dir="0" index="0" bw="4" slack="0"/>
<pin id="253" dir="1" index="1" bw="64" slack="0"/>
</pin_list>
<bind>
<opcode="zext(34) " fcode="zext"/>
<opset="zext_ln59/2 "/>
</bind>
</comp>

<comp id="256" class="1004" name="w_index_fu_256">
<pin_list>
<pin id="257" dir="0" index="0" bw="1" slack="0"/>
<pin id="258" dir="0" index="1" bw="4" slack="0"/>
<pin id="259" dir="1" index="2" bw="4" slack="0"/>
</pin_list>
<bind>
<opcode="add(8) " fcode="add"/>
<opset="w_index/2 "/>
</bind>
</comp>

<comp id="262" class="1004" name="icmp_ln46_fu_262">
<pin_list>
<pin id="263" dir="0" index="0" bw="4" slack="0"/>
<pin id="264" dir="0" index="1" bw="4" slack="0"/>
<pin id="265" dir="1" index="2" bw="1" slack="1"/>
</pin_list>
<bind>
<opcode="icmp(45) " fcode="icmp"/>
<opset="icmp_ln46/2 "/>
</bind>
</comp>

<comp id="268" class="1004" name="kernel_data_V_8_load_load_fu_268">
<pin_list>
<pin id="269" dir="0" index="0" bw="8" slack="0"/>
<pin id="270" dir="1" index="1" bw="8" slack="0"/>
</pin_list>
<bind>
<opcode="load(27) " fcode="load"/>
<opset="kernel_data_V_8_load/3 "/>
</bind>
</comp>

<comp id="272" class="1004" name="kernel_data_V_0_load_load_fu_272">
<pin_list>
<pin id="273" dir="0" index="0" bw="8" slack="0"/>
<pin id="274" dir="1" index="1" bw="8" slack="0"/>
</pin_list>
<bind>
<opcode="load(27) " fcode="load"/>
<opset="kernel_data_V_0_load/3 "/>
</bind>
</comp>

<comp id="276" class="1004" name="kernel_data_V_1411_load_load_fu_276">
<pin_list>
<pin id="277" dir="0" index="0" bw="8" slack="0"/>
<pin id="278" dir="1" index="1" bw="8" slack="0"/>
</pin_list>
<bind>
<opcode="load(27) " fcode="load"/>
<opset="kernel_data_V_1411_load/3 "/>
</bind>
</comp>

<comp id="280" class="1004" name="kernel_data_V_2412_load_load_fu_280">
<pin_list>
<pin id="281" dir="0" index="0" bw="8" slack="0"/>
<pin id="282" dir="1" index="1" bw="8" slack="0"/>
</pin_list>
<bind>
<opcode="load(27) " fcode="load"/>
<opset="kernel_data_V_2412_load/3 "/>
</bind>
</comp>

<comp id="284" class="1004" name="kernel_data_V_3413_load_load_fu_284">
<pin_list>
<pin id="285" dir="0" index="0" bw="8" slack="0"/>
<pin id="286" dir="1" index="1" bw="8" slack="0"/>
</pin_list>
<bind>
<opcode="load(27) " fcode="load"/>
<opset="kernel_data_V_3413_load/3 "/>
</bind>
</comp>

<comp id="288" class="1004" name="kernel_data_V_4414_load_load_fu_288">
<pin_list>
<pin id="289" dir="0" index="0" bw="8" slack="0"/>
<pin id="290" dir="1" index="1" bw="8" slack="0"/>
</pin_list>
<bind>
<opcode="load(27) " fcode="load"/>
<opset="kernel_data_V_4414_load/3 "/>
</bind>
</comp>

<comp id="292" class="1004" name="kernel_data_V_5415_load_load_fu_292">
<pin_list>
<pin id="293" dir="0" index="0" bw="8" slack="0"/>
<pin id="294" dir="1" index="1" bw="8" slack="0"/>
</pin_list>
<bind>
<opcode="load(27) " fcode="load"/>
<opset="kernel_data_V_5415_load/3 "/>
</bind>
</comp>

<comp id="296" class="1004" name="kernel_data_V_6_load_load_fu_296">
<pin_list>
<pin id="297" dir="0" index="0" bw="8" slack="0"/>
<pin id="298" dir="1" index="1" bw="8" slack="0"/>
</pin_list>
<bind>
<opcode="load(27) " fcode="load"/>
<opset="kernel_data_V_6_load/3 "/>
</bind>
</comp>

<comp id="300" class="1004" name="kernel_data_V_7_load_load_fu_300">
<pin_list>
<pin id="301" dir="0" index="0" bw="8" slack="0"/>
<pin id="302" dir="1" index="1" bw="8" slack="0"/>
</pin_list>
<bind>
<opcode="load(27) " fcode="load"/>
<opset="kernel_data_V_7_load/3 "/>
</bind>
</comp>

<comp id="304" class="1004" name="icmp_ln19_fu_304">
<pin_list>
<pin id="305" dir="0" index="0" bw="4" slack="1"/>
<pin id="306" dir="0" index="1" bw="1" slack="0"/>
<pin id="307" dir="1" index="2" bw="1" slack="0"/>
</pin_list>
<bind>
<opcode="icmp(45) " fcode="icmp"/>
<opset="icmp_ln19/3 "/>
</bind>
</comp>

<comp id="310" class="1004" name="icmp_ln19_1_fu_310">
<pin_list>
<pin id="311" dir="0" index="0" bw="4" slack="1"/>
<pin id="312" dir="0" index="1" bw="1" slack="0"/>
<pin id="313" dir="1" index="2" bw="1" slack="0"/>
</pin_list>
<bind>
<opcode="icmp(45) " fcode="icmp"/>
<opset="icmp_ln19_1/3 "/>
</bind>
</comp>

<comp id="316" class="1004" name="icmp_ln19_2_fu_316">
<pin_list>
<pin id="317" dir="0" index="0" bw="4" slack="1"/>
<pin id="318" dir="0" index="1" bw="3" slack="0"/>
<pin id="319" dir="1" index="2" bw="1" slack="0"/>
</pin_list>
<bind>
<opcode="icmp(45) " fcode="icmp"/>
<opset="icmp_ln19_2/3 "/>
</bind>
</comp>

<comp id="322" class="1004" name="icmp_ln19_3_fu_322">
<pin_list>
<pin id="323" dir="0" index="0" bw="4" slack="1"/>
<pin id="324" dir="0" index="1" bw="3" slack="0"/>
<pin id="325" dir="1" index="2" bw="1" slack="0"/>
</pin_list>
<bind>
<opcode="icmp(45) " fcode="icmp"/>
<opset="icmp_ln19_3/3 "/>
</bind>
</comp>

<comp id="328" class="1004" name="icmp_ln19_4_fu_328">
<pin_list>
<pin id="329" dir="0" index="0" bw="4" slack="1"/>
<pin id="330" dir="0" index="1" bw="4" slack="0"/>
<pin id="331" dir="1" index="2" bw="1" slack="0"/>
</pin_list>
<bind>
<opcode="icmp(45) " fcode="icmp"/>
<opset="icmp_ln19_4/3 "/>
</bind>
</comp>

<comp id="334" class="1004" name="icmp_ln19_5_fu_334">
<pin_list>
<pin id="335" dir="0" index="0" bw="4" slack="1"/>
<pin id="336" dir="0" index="1" bw="4" slack="0"/>
<pin id="337" dir="1" index="2" bw="1" slack="0"/>
</pin_list>
<bind>
<opcode="icmp(45) " fcode="icmp"/>
<opset="icmp_ln19_5/3 "/>
</bind>
</comp>

<comp id="340" class="1004" name="icmp_ln19_6_fu_340">
<pin_list>
<pin id="341" dir="0" index="0" bw="4" slack="1"/>
<pin id="342" dir="0" index="1" bw="4" slack="0"/>
<pin id="343" dir="1" index="2" bw="1" slack="0"/>
</pin_list>
<bind>
<opcode="icmp(45) " fcode="icmp"/>
<opset="icmp_ln19_6/3 "/>
</bind>
</comp>

<comp id="346" class="1004" name="icmp_ln19_7_fu_346">
<pin_list>
<pin id="347" dir="0" index="0" bw="4" slack="1"/>
<pin id="348" dir="0" index="1" bw="4" slack="0"/>
<pin id="349" dir="1" index="2" bw="1" slack="0"/>
</pin_list>
<bind>
<opcode="icmp(45) " fcode="icmp"/>
<opset="icmp_ln19_7/3 "/>
</bind>
</comp>

<comp id="352" class="1004" name="select_ln19_fu_352">
<pin_list>
<pin id="353" dir="0" index="0" bw="1" slack="0"/>
<pin id="354" dir="0" index="1" bw="8" slack="0"/>
<pin id="355" dir="0" index="2" bw="8" slack="0"/>
<pin id="356" dir="1" index="3" bw="8" slack="0"/>
</pin_list>
<bind>
<opcode="select(49) " fcode="select"/>
<opset="select_ln19/3 "/>
</bind>
</comp>

<comp id="360" class="1004" name="or_ln19_fu_360">
<pin_list>
<pin id="361" dir="0" index="0" bw="1" slack="0"/>
<pin id="362" dir="0" index="1" bw="1" slack="0"/>
<pin id="363" dir="1" index="2" bw="1" slack="0"/>
</pin_list>
<bind>
<opcode="or(24) " fcode="or"/>
<opset="or_ln19/3 "/>
</bind>
</comp>

<comp id="366" class="1004" name="select_ln19_1_fu_366">
<pin_list>
<pin id="367" dir="0" index="0" bw="1" slack="0"/>
<pin id="368" dir="0" index="1" bw="8" slack="0"/>
<pin id="369" dir="0" index="2" bw="8" slack="0"/>
<pin id="370" dir="1" index="3" bw="8" slack="0"/>
</pin_list>
<bind>
<opcode="select(49) " fcode="select"/>
<opset="select_ln19_1/3 "/>
</bind>
</comp>

<comp id="374" class="1004" name="or_ln19_1_fu_374">
<pin_list>
<pin id="375" dir="0" index="0" bw="1" slack="0"/>
<pin id="376" dir="0" index="1" bw="1" slack="0"/>
<pin id="377" dir="1" index="2" bw="1" slack="0"/>
</pin_list>
<bind>
<opcode="or(24) " fcode="or"/>
<opset="or_ln19_1/3 "/>
</bind>
</comp>

<comp id="380" class="1004" name="select_ln19_2_fu_380">
<pin_list>
<pin id="381" dir="0" index="0" bw="1" slack="0"/>
<pin id="382" dir="0" index="1" bw="8" slack="0"/>
<pin id="383" dir="0" index="2" bw="8" slack="0"/>
<pin id="384" dir="1" index="3" bw="8" slack="0"/>
</pin_list>
<bind>
<opcode="select(49) " fcode="select"/>
<opset="select_ln19_2/3 "/>
</bind>
</comp>

<comp id="388" class="1004" name="or_ln19_2_fu_388">
<pin_list>
<pin id="389" dir="0" index="0" bw="1" slack="0"/>
<pin id="390" dir="0" index="1" bw="1" slack="0"/>
<pin id="391" dir="1" index="2" bw="1" slack="0"/>
</pin_list>
<bind>
<opcode="or(24) " fcode="or"/>
<opset="or_ln19_2/3 "/>
</bind>
</comp>

<comp id="394" class="1004" name="select_ln19_3_fu_394">
<pin_list>
<pin id="395" dir="0" index="0" bw="1" slack="0"/>
<pin id="396" dir="0" index="1" bw="8" slack="0"/>
<pin id="397" dir="0" index="2" bw="8" slack="0"/>
<pin id="398" dir="1" index="3" bw="8" slack="0"/>
</pin_list>
<bind>
<opcode="select(49) " fcode="select"/>
<opset="select_ln19_3/3 "/>
</bind>
</comp>

<comp id="402" class="1004" name="or_ln19_3_fu_402">
<pin_list>
<pin id="403" dir="0" index="0" bw="1" slack="0"/>
<pin id="404" dir="0" index="1" bw="1" slack="0"/>
<pin id="405" dir="1" index="2" bw="1" slack="0"/>
</pin_list>
<bind>
<opcode="or(24) " fcode="or"/>
<opset="or_ln19_3/3 "/>
</bind>
</comp>

<comp id="408" class="1004" name="select_ln19_4_fu_408">
<pin_list>
<pin id="409" dir="0" index="0" bw="1" slack="0"/>
<pin id="410" dir="0" index="1" bw="8" slack="0"/>
<pin id="411" dir="0" index="2" bw="8" slack="0"/>
<pin id="412" dir="1" index="3" bw="8" slack="0"/>
</pin_list>
<bind>
<opcode="select(49) " fcode="select"/>
<opset="select_ln19_4/3 "/>
</bind>
</comp>

<comp id="416" class="1004" name="or_ln19_4_fu_416">
<pin_list>
<pin id="417" dir="0" index="0" bw="1" slack="0"/>
<pin id="418" dir="0" index="1" bw="1" slack="0"/>
<pin id="419" dir="1" index="2" bw="1" slack="0"/>
</pin_list>
<bind>
<opcode="or(24) " fcode="or"/>
<opset="or_ln19_4/3 "/>
</bind>
</comp>

<comp id="422" class="1004" name="select_ln19_5_fu_422">
<pin_list>
<pin id="423" dir="0" index="0" bw="1" slack="0"/>
<pin id="424" dir="0" index="1" bw="8" slack="0"/>
<pin id="425" dir="0" index="2" bw="8" slack="0"/>
<pin id="426" dir="1" index="3" bw="8" slack="0"/>
</pin_list>
<bind>
<opcode="select(49) " fcode="select"/>
<opset="select_ln19_5/3 "/>
</bind>
</comp>

<comp id="430" class="1004" name="or_ln19_5_fu_430">
<pin_list>
<pin id="431" dir="0" index="0" bw="1" slack="0"/>
<pin id="432" dir="0" index="1" bw="1" slack="0"/>
<pin id="433" dir="1" index="2" bw="1" slack="0"/>
</pin_list>
<bind>
<opcode="or(24) " fcode="or"/>
<opset="or_ln19_5/3 "/>
</bind>
</comp>

<comp id="436" class="1004" name="select_ln19_6_fu_436">
<pin_list>
<pin id="437" dir="0" index="0" bw="1" slack="0"/>
<pin id="438" dir="0" index="1" bw="8" slack="0"/>
<pin id="439" dir="0" index="2" bw="8" slack="0"/>
<pin id="440" dir="1" index="3" bw="8" slack="0"/>
</pin_list>
<bind>
<opcode="select(49) " fcode="select"/>
<opset="select_ln19_6/3 "/>
</bind>
</comp>

<comp id="444" class="1004" name="or_ln19_6_fu_444">
<pin_list>
<pin id="445" dir="0" index="0" bw="1" slack="0"/>
<pin id="446" dir="0" index="1" bw="1" slack="0"/>
<pin id="447" dir="1" index="2" bw="1" slack="0"/>
</pin_list>
<bind>
<opcode="or(24) " fcode="or"/>
<opset="or_ln19_6/3 "/>
</bind>
</comp>

<comp id="450" class="1004" name="select_ln19_7_fu_450">
<pin_list>
<pin id="451" dir="0" index="0" bw="1" slack="0"/>
<pin id="452" dir="0" index="1" bw="8" slack="0"/>
<pin id="453" dir="0" index="2" bw="8" slack="0"/>
<pin id="454" dir="1" index="3" bw="8" slack="1"/>
</pin_list>
<bind>
<opcode="select(49) " fcode="select"/>
<opset="select_ln19_7/3 "/>
</bind>
</comp>

<comp id="458" class="1004" name="trunc_ln59_fu_458">
<pin_list>
<pin id="459" dir="0" index="0" bw="47" slack="0"/>
<pin id="460" dir="1" index="1" bw="8" slack="1"/>
</pin_list>
<bind>
<opcode="trunc(33) " fcode="trunc"/>
<opset="trunc_ln59/3 "/>
</bind>
</comp>

<comp id="462" class="1004" name="tmp_382_i_fu_462">
<pin_list>
<pin id="463" dir="0" index="0" bw="8" slack="0"/>
<pin id="464" dir="0" index="1" bw="47" slack="0"/>
<pin id="465" dir="0" index="2" bw="5" slack="0"/>
<pin id="466" dir="0" index="3" bw="5" slack="0"/>
<pin id="467" dir="1" index="4" bw="8" slack="1"/>
</pin_list>
<bind>
<opcode="partselect(1002) " fcode="partselect"/>
<opset="tmp_382_i/3 "/>
</bind>
</comp>

<comp id="472" class="1004" name="tmp_384_i_fu_472">
<pin_list>
<pin id="473" dir="0" index="0" bw="8" slack="0"/>
<pin id="474" dir="0" index="1" bw="47" slack="0"/>
<pin id="475" dir="0" index="2" bw="6" slack="0"/>
<pin id="476" dir="0" index="3" bw="6" slack="0"/>
<pin id="477" dir="1" index="4" bw="8" slack="1"/>
</pin_list>
<bind>
<opcode="partselect(1002) " fcode="partselect"/>
<opset="tmp_384_i/3 "/>
</bind>
</comp>

<comp id="482" class="1004" name="tmp_386_i_fu_482">
<pin_list>
<pin id="483" dir="0" index="0" bw="8" slack="0"/>
<pin id="484" dir="0" index="1" bw="47" slack="0"/>
<pin id="485" dir="0" index="2" bw="6" slack="0"/>
<pin id="486" dir="0" index="3" bw="6" slack="0"/>
<pin id="487" dir="1" index="4" bw="8" slack="1"/>
</pin_list>
<bind>
<opcode="partselect(1002) " fcode="partselect"/>
<opset="tmp_386_i/3 "/>
</bind>
</comp>

<comp id="492" class="1004" name="tmp_388_i_fu_492">
<pin_list>
<pin id="493" dir="0" index="0" bw="8" slack="0"/>
<pin id="494" dir="0" index="1" bw="47" slack="0"/>
<pin id="495" dir="0" index="2" bw="7" slack="0"/>
<pin id="496" dir="0" index="3" bw="7" slack="0"/>
<pin id="497" dir="1" index="4" bw="8" slack="1"/>
</pin_list>
<bind>
<opcode="partselect(1002) " fcode="partselect"/>
<opset="tmp_388_i/3 "/>
</bind>
</comp>

<comp id="502" class="1004" name="tmp_fu_502">
<pin_list>
<pin id="503" dir="0" index="0" bw="7" slack="0"/>
<pin id="504" dir="0" index="1" bw="47" slack="0"/>
<pin id="505" dir="0" index="2" bw="7" slack="0"/>
<pin id="506" dir="0" index="3" bw="7" slack="0"/>
<pin id="507" dir="1" index="4" bw="7" slack="1"/>
</pin_list>
<bind>
<opcode="partselect(1002) " fcode="partselect"/>
<opset="tmp/3 "/>
</bind>
</comp>

<comp id="512" class="1004" name="zext_ln1116_fu_512">
<pin_list>
<pin id="513" dir="0" index="0" bw="8" slack="1"/>
<pin id="514" dir="1" index="1" bw="16" slack="0"/>
</pin_list>
<bind>
<opcode="zext(34) " fcode="zext"/>
<opset="zext_ln1116/4 "/>
</bind>
</comp>

<comp id="515" class="1004" name="sext_ln1118_fu_515">
<pin_list>
<pin id="516" dir="0" index="0" bw="8" slack="1"/>
<pin id="517" dir="1" index="1" bw="16" slack="0"/>
</pin_list>
<bind>
<opcode="sext(35) " fcode="sext"/>
<opset="sext_ln1118/4 "/>
</bind>
</comp>

<comp id="518" class="1004" name="mul_ln1118_fu_518">
<pin_list>
<pin id="519" dir="0" index="0" bw="8" slack="0"/>
<pin id="520" dir="0" index="1" bw="8" slack="0"/>
<pin id="521" dir="1" index="2" bw="16" slack="0"/>
</pin_list>
<bind>
<opcode="mul(12) " fcode="mul"/>
<opset="mul_ln1118/4 "/>
</bind>
</comp>

<comp id="524" class="1004" name="trunc_ln_fu_524">
<pin_list>
<pin id="525" dir="0" index="0" bw="11" slack="0"/>
<pin id="526" dir="0" index="1" bw="16" slack="0"/>
<pin id="527" dir="0" index="2" bw="4" slack="0"/>
<pin id="528" dir="0" index="3" bw="5" slack="0"/>
<pin id="529" dir="1" index="4" bw="11" slack="0"/>
</pin_list>
<bind>
<opcode="partselect(1002) " fcode="partselect"/>
<opset="trunc_ln/4 "/>
</bind>
</comp>

<comp id="534" class="1004" name="sext_ln703_fu_534">
<pin_list>
<pin id="535" dir="0" index="0" bw="11" slack="0"/>
<pin id="536" dir="1" index="1" bw="15" slack="0"/>
</pin_list>
<bind>
<opcode="sext(35) " fcode="sext"/>
<opset="sext_ln703/4 "/>
</bind>
</comp>

<comp id="538" class="1004" name="acc_0_V_fu_538">
<pin_list>
<pin id="539" dir="0" index="0" bw="11" slack="0"/>
<pin id="540" dir="0" index="1" bw="15" slack="0"/>
<pin id="541" dir="1" index="2" bw="15" slack="0"/>
</pin_list>
<bind>
<opcode="add(8) " fcode="add"/>
<opset="acc_0_V/4 "/>
</bind>
</comp>

<comp id="544" class="1004" name="zext_ln1118_fu_544">
<pin_list>
<pin id="545" dir="0" index="0" bw="8" slack="1"/>
<pin id="546" dir="1" index="1" bw="15" slack="0"/>
</pin_list>
<bind>
<opcode="zext(34) " fcode="zext"/>
<opset="zext_ln1118/4 "/>
</bind>
</comp>

<comp id="547" class="1004" name="sext_ln1118_48_fu_547">
<pin_list>
<pin id="548" dir="0" index="0" bw="8" slack="1"/>
<pin id="549" dir="1" index="1" bw="16" slack="0"/>
</pin_list>
<bind>
<opcode="sext(35) " fcode="sext"/>
<opset="sext_ln1118_48/4 "/>
</bind>
</comp>

<comp id="550" class="1004" name="mul_ln1118_75_fu_550">
<pin_list>
<pin id="551" dir="0" index="0" bw="8" slack="0"/>
<pin id="552" dir="0" index="1" bw="8" slack="0"/>
<pin id="553" dir="1" index="2" bw="16" slack="0"/>
</pin_list>
<bind>
<opcode="mul(12) " fcode="mul"/>
<opset="mul_ln1118_75/4 "/>
</bind>
</comp>

<comp id="556" class="1004" name="trunc_ln708_s_fu_556">
<pin_list>
<pin id="557" dir="0" index="0" bw="11" slack="0"/>
<pin id="558" dir="0" index="1" bw="16" slack="0"/>
<pin id="559" dir="0" index="2" bw="4" slack="0"/>
<pin id="560" dir="0" index="3" bw="5" slack="0"/>
<pin id="561" dir="1" index="4" bw="11" slack="0"/>
</pin_list>
<bind>
<opcode="partselect(1002) " fcode="partselect"/>
<opset="trunc_ln708_s/4 "/>
</bind>
</comp>

<comp id="566" class="1004" name="sext_ln703_1_fu_566">
<pin_list>
<pin id="567" dir="0" index="0" bw="11" slack="0"/>
<pin id="568" dir="1" index="1" bw="15" slack="0"/>
</pin_list>
<bind>
<opcode="sext(35) " fcode="sext"/>
<opset="sext_ln703_1/4 "/>
</bind>
</comp>

<comp id="570" class="1004" name="acc_1_V_fu_570">
<pin_list>
<pin id="571" dir="0" index="0" bw="11" slack="0"/>
<pin id="572" dir="0" index="1" bw="15" slack="0"/>
<pin id="573" dir="1" index="2" bw="15" slack="0"/>
</pin_list>
<bind>
<opcode="add(8) " fcode="add"/>
<opset="acc_1_V/4 "/>
</bind>
</comp>

<comp id="576" class="1004" name="sext_ln1118_49_fu_576">
<pin_list>
<pin id="577" dir="0" index="0" bw="8" slack="1"/>
<pin id="578" dir="1" index="1" bw="16" slack="0"/>
</pin_list>
<bind>
<opcode="sext(35) " fcode="sext"/>
<opset="sext_ln1118_49/4 "/>
</bind>
</comp>

<comp id="579" class="1004" name="mul_ln1118_76_fu_579">
<pin_list>
<pin id="580" dir="0" index="0" bw="8" slack="0"/>
<pin id="581" dir="0" index="1" bw="8" slack="0"/>
<pin id="582" dir="1" index="2" bw="16" slack="0"/>
</pin_list>
<bind>
<opcode="mul(12) " fcode="mul"/>
<opset="mul_ln1118_76/4 "/>
</bind>
</comp>

<comp id="585" class="1004" name="trunc_ln708_84_fu_585">
<pin_list>
<pin id="586" dir="0" index="0" bw="11" slack="0"/>
<pin id="587" dir="0" index="1" bw="16" slack="0"/>
<pin id="588" dir="0" index="2" bw="4" slack="0"/>
<pin id="589" dir="0" index="3" bw="5" slack="0"/>
<pin id="590" dir="1" index="4" bw="11" slack="0"/>
</pin_list>
<bind>
<opcode="partselect(1002) " fcode="partselect"/>
<opset="trunc_ln708_84/4 "/>
</bind>
</comp>

<comp id="595" class="1004" name="sext_ln703_2_fu_595">
<pin_list>
<pin id="596" dir="0" index="0" bw="11" slack="0"/>
<pin id="597" dir="1" index="1" bw="15" slack="0"/>
</pin_list>
<bind>
<opcode="sext(35) " fcode="sext"/>
<opset="sext_ln703_2/4 "/>
</bind>
</comp>

<comp id="599" class="1004" name="acc_2_V_fu_599">
<pin_list>
<pin id="600" dir="0" index="0" bw="11" slack="0"/>
<pin id="601" dir="0" index="1" bw="15" slack="0"/>
<pin id="602" dir="1" index="2" bw="15" slack="0"/>
</pin_list>
<bind>
<opcode="add(8) " fcode="add"/>
<opset="acc_2_V/4 "/>
</bind>
</comp>

<comp id="605" class="1004" name="sext_ln1118_50_fu_605">
<pin_list>
<pin id="606" dir="0" index="0" bw="8" slack="1"/>
<pin id="607" dir="1" index="1" bw="16" slack="0"/>
</pin_list>
<bind>
<opcode="sext(35) " fcode="sext"/>
<opset="sext_ln1118_50/4 "/>
</bind>
</comp>

<comp id="608" class="1004" name="mul_ln1118_77_fu_608">
<pin_list>
<pin id="609" dir="0" index="0" bw="8" slack="0"/>
<pin id="610" dir="0" index="1" bw="8" slack="0"/>
<pin id="611" dir="1" index="2" bw="16" slack="0"/>
</pin_list>
<bind>
<opcode="mul(12) " fcode="mul"/>
<opset="mul_ln1118_77/4 "/>
</bind>
</comp>

<comp id="614" class="1004" name="trunc_ln708_85_fu_614">
<pin_list>
<pin id="615" dir="0" index="0" bw="11" slack="0"/>
<pin id="616" dir="0" index="1" bw="16" slack="0"/>
<pin id="617" dir="0" index="2" bw="4" slack="0"/>
<pin id="618" dir="0" index="3" bw="5" slack="0"/>
<pin id="619" dir="1" index="4" bw="11" slack="0"/>
</pin_list>
<bind>
<opcode="partselect(1002) " fcode="partselect"/>
<opset="trunc_ln708_85/4 "/>
</bind>
</comp>

<comp id="624" class="1004" name="sext_ln703_3_fu_624">
<pin_list>
<pin id="625" dir="0" index="0" bw="11" slack="0"/>
<pin id="626" dir="1" index="1" bw="15" slack="0"/>
</pin_list>
<bind>
<opcode="sext(35) " fcode="sext"/>
<opset="sext_ln703_3/4 "/>
</bind>
</comp>

<comp id="628" class="1004" name="acc_3_V_fu_628">
<pin_list>
<pin id="629" dir="0" index="0" bw="11" slack="0"/>
<pin id="630" dir="0" index="1" bw="15" slack="0"/>
<pin id="631" dir="1" index="2" bw="15" slack="0"/>
</pin_list>
<bind>
<opcode="add(8) " fcode="add"/>
<opset="acc_3_V/4 "/>
</bind>
</comp>

<comp id="634" class="1004" name="sext_ln1118_51_fu_634">
<pin_list>
<pin id="635" dir="0" index="0" bw="8" slack="1"/>
<pin id="636" dir="1" index="1" bw="16" slack="0"/>
</pin_list>
<bind>
<opcode="sext(35) " fcode="sext"/>
<opset="sext_ln1118_51/4 "/>
</bind>
</comp>

<comp id="637" class="1004" name="mul_ln1118_78_fu_637">
<pin_list>
<pin id="638" dir="0" index="0" bw="8" slack="0"/>
<pin id="639" dir="0" index="1" bw="8" slack="0"/>
<pin id="640" dir="1" index="2" bw="16" slack="0"/>
</pin_list>
<bind>
<opcode="mul(12) " fcode="mul"/>
<opset="mul_ln1118_78/4 "/>
</bind>
</comp>

<comp id="643" class="1004" name="trunc_ln708_86_fu_643">
<pin_list>
<pin id="644" dir="0" index="0" bw="11" slack="0"/>
<pin id="645" dir="0" index="1" bw="16" slack="0"/>
<pin id="646" dir="0" index="2" bw="4" slack="0"/>
<pin id="647" dir="0" index="3" bw="5" slack="0"/>
<pin id="648" dir="1" index="4" bw="11" slack="0"/>
</pin_list>
<bind>
<opcode="partselect(1002) " fcode="partselect"/>
<opset="trunc_ln708_86/4 "/>
</bind>
</comp>

<comp id="653" class="1004" name="sext_ln703_4_fu_653">
<pin_list>
<pin id="654" dir="0" index="0" bw="11" slack="0"/>
<pin id="655" dir="1" index="1" bw="15" slack="0"/>
</pin_list>
<bind>
<opcode="sext(35) " fcode="sext"/>
<opset="sext_ln703_4/4 "/>
</bind>
</comp>

<comp id="657" class="1004" name="acc_4_V_fu_657">
<pin_list>
<pin id="658" dir="0" index="0" bw="11" slack="0"/>
<pin id="659" dir="0" index="1" bw="15" slack="0"/>
<pin id="660" dir="1" index="2" bw="15" slack="0"/>
</pin_list>
<bind>
<opcode="add(8) " fcode="add"/>
<opset="acc_4_V/4 "/>
</bind>
</comp>

<comp id="663" class="1004" name="sext_ln1118_52_fu_663">
<pin_list>
<pin id="664" dir="0" index="0" bw="7" slack="1"/>
<pin id="665" dir="1" index="1" bw="15" slack="0"/>
</pin_list>
<bind>
<opcode="sext(35) " fcode="sext"/>
<opset="sext_ln1118_52/4 "/>
</bind>
</comp>

<comp id="666" class="1004" name="mul_ln1118_79_fu_666">
<pin_list>
<pin id="667" dir="0" index="0" bw="8" slack="0"/>
<pin id="668" dir="0" index="1" bw="7" slack="0"/>
<pin id="669" dir="1" index="2" bw="15" slack="0"/>
</pin_list>
<bind>
<opcode="mul(12) " fcode="mul"/>
<opset="mul_ln1118_79/4 "/>
</bind>
</comp>

<comp id="672" class="1004" name="tmp_1_fu_672">
<pin_list>
<pin id="673" dir="0" index="0" bw="10" slack="0"/>
<pin id="674" dir="0" index="1" bw="15" slack="0"/>
<pin id="675" dir="0" index="2" bw="4" slack="0"/>
<pin id="676" dir="0" index="3" bw="5" slack="0"/>
<pin id="677" dir="1" index="4" bw="10" slack="0"/>
</pin_list>
<bind>
<opcode="partselect(1002) " fcode="partselect"/>
<opset="tmp_1/4 "/>
</bind>
</comp>

<comp id="682" class="1004" name="sext_ln703_5_fu_682">
<pin_list>
<pin id="683" dir="0" index="0" bw="10" slack="0"/>
<pin id="684" dir="1" index="1" bw="14" slack="0"/>
</pin_list>
<bind>
<opcode="sext(35) " fcode="sext"/>
<opset="sext_ln703_5/4 "/>
</bind>
</comp>

<comp id="686" class="1004" name="acc_5_V_fu_686">
<pin_list>
<pin id="687" dir="0" index="0" bw="10" slack="0"/>
<pin id="688" dir="0" index="1" bw="14" slack="0"/>
<pin id="689" dir="1" index="2" bw="14" slack="0"/>
</pin_list>
<bind>
<opcode="add(8) " fcode="add"/>
<opset="acc_5_V/4 "/>
</bind>
</comp>

<comp id="692" class="1004" name="res_0_V_write_assign_fu_692">
<pin_list>
<pin id="693" dir="0" index="0" bw="8" slack="0"/>
<pin id="694" dir="0" index="1" bw="15" slack="0"/>
<pin id="695" dir="0" index="2" bw="4" slack="0"/>
<pin id="696" dir="0" index="3" bw="5" slack="0"/>
<pin id="697" dir="1" index="4" bw="8" slack="0"/>
</pin_list>
<bind>
<opcode="partselect(1002) " fcode="partselect"/>
<opset="res_0_V_write_assign/4 "/>
</bind>
</comp>

<comp id="702" class="1004" name="res_1_V_write_assign_fu_702">
<pin_list>
<pin id="703" dir="0" index="0" bw="8" slack="0"/>
<pin id="704" dir="0" index="1" bw="15" slack="0"/>
<pin id="705" dir="0" index="2" bw="4" slack="0"/>
<pin id="706" dir="0" index="3" bw="5" slack="0"/>
<pin id="707" dir="1" index="4" bw="8" slack="0"/>
</pin_list>
<bind>
<opcode="partselect(1002) " fcode="partselect"/>
<opset="res_1_V_write_assign/4 "/>
</bind>
</comp>

<comp id="712" class="1004" name="res_2_V_write_assign_fu_712">
<pin_list>
<pin id="713" dir="0" index="0" bw="8" slack="0"/>
<pin id="714" dir="0" index="1" bw="15" slack="0"/>
<pin id="715" dir="0" index="2" bw="4" slack="0"/>
<pin id="716" dir="0" index="3" bw="5" slack="0"/>
<pin id="717" dir="1" index="4" bw="8" slack="0"/>
</pin_list>
<bind>
<opcode="partselect(1002) " fcode="partselect"/>
<opset="res_2_V_write_assign/4 "/>
</bind>
</comp>

<comp id="722" class="1004" name="res_3_V_write_assign_fu_722">
<pin_list>
<pin id="723" dir="0" index="0" bw="8" slack="0"/>
<pin id="724" dir="0" index="1" bw="15" slack="0"/>
<pin id="725" dir="0" index="2" bw="4" slack="0"/>
<pin id="726" dir="0" index="3" bw="5" slack="0"/>
<pin id="727" dir="1" index="4" bw="8" slack="0"/>
</pin_list>
<bind>
<opcode="partselect(1002) " fcode="partselect"/>
<opset="res_3_V_write_assign/4 "/>
</bind>
</comp>

<comp id="732" class="1004" name="res_4_V_write_assign_fu_732">
<pin_list>
<pin id="733" dir="0" index="0" bw="8" slack="0"/>
<pin id="734" dir="0" index="1" bw="15" slack="0"/>
<pin id="735" dir="0" index="2" bw="4" slack="0"/>
<pin id="736" dir="0" index="3" bw="5" slack="0"/>
<pin id="737" dir="1" index="4" bw="8" slack="0"/>
</pin_list>
<bind>
<opcode="partselect(1002) " fcode="partselect"/>
<opset="res_4_V_write_assign/4 "/>
</bind>
</comp>

<comp id="742" class="1004" name="res_5_V_write_assign_fu_742">
<pin_list>
<pin id="743" dir="0" index="0" bw="8" slack="0"/>
<pin id="744" dir="0" index="1" bw="14" slack="0"/>
<pin id="745" dir="0" index="2" bw="4" slack="0"/>
<pin id="746" dir="0" index="3" bw="5" slack="0"/>
<pin id="747" dir="1" index="4" bw="8" slack="0"/>
</pin_list>
<bind>
<opcode="partselect(1002) " fcode="partselect"/>
<opset="res_5_V_write_assign/4 "/>
</bind>
</comp>

<comp id="752" class="1004" name="mrv_i_fu_752">
<pin_list>
<pin id="753" dir="0" index="0" bw="48" slack="0"/>
<pin id="754" dir="0" index="1" bw="8" slack="0"/>
<pin id="755" dir="1" index="2" bw="48" slack="0"/>
</pin_list>
<bind>
<opcode="insertvalue(57) " fcode="insertvalue"/>
<opset="mrv_i/4 "/>
</bind>
</comp>

<comp id="758" class="1004" name="mrv_1_i_fu_758">
<pin_list>
<pin id="759" dir="0" index="0" bw="48" slack="0"/>
<pin id="760" dir="0" index="1" bw="8" slack="0"/>
<pin id="761" dir="1" index="2" bw="48" slack="0"/>
</pin_list>
<bind>
<opcode="insertvalue(57) " fcode="insertvalue"/>
<opset="mrv_1_i/4 "/>
</bind>
</comp>

<comp id="764" class="1004" name="mrv_2_i_fu_764">
<pin_list>
<pin id="765" dir="0" index="0" bw="48" slack="0"/>
<pin id="766" dir="0" index="1" bw="8" slack="0"/>
<pin id="767" dir="1" index="2" bw="48" slack="0"/>
</pin_list>
<bind>
<opcode="insertvalue(57) " fcode="insertvalue"/>
<opset="mrv_2_i/4 "/>
</bind>
</comp>

<comp id="770" class="1004" name="mrv_3_i_fu_770">
<pin_list>
<pin id="771" dir="0" index="0" bw="48" slack="0"/>
<pin id="772" dir="0" index="1" bw="8" slack="0"/>
<pin id="773" dir="1" index="2" bw="48" slack="0"/>
</pin_list>
<bind>
<opcode="insertvalue(57) " fcode="insertvalue"/>
<opset="mrv_3_i/4 "/>
</bind>
</comp>

<comp id="776" class="1004" name="mrv_4_i_fu_776">
<pin_list>
<pin id="777" dir="0" index="0" bw="48" slack="0"/>
<pin id="778" dir="0" index="1" bw="8" slack="0"/>
<pin id="779" dir="1" index="2" bw="48" slack="0"/>
</pin_list>
<bind>
<opcode="insertvalue(57) " fcode="insertvalue"/>
<opset="mrv_4_i/4 "/>
</bind>
</comp>

<comp id="782" class="1004" name="mrv_5_i_fu_782">
<pin_list>
<pin id="783" dir="0" index="0" bw="48" slack="0"/>
<pin id="784" dir="0" index="1" bw="8" slack="0"/>
<pin id="785" dir="1" index="2" bw="48" slack="0"/>
</pin_list>
<bind>
<opcode="insertvalue(57) " fcode="insertvalue"/>
<opset="mrv_5_i/4 "/>
</bind>
</comp>

<comp id="788" class="1004" name="return_ln32_fu_788">
<pin_list>
<pin id="789" dir="0" index="0" bw="48" slack="0"/>
<pin id="790" dir="1" index="1" bw="0" slack="2147483647"/>
</pin_list>
<bind>
<opcode="return(1203) " fcode="return"/>
<opset="return_ln32/4 "/>
</bind>
</comp>

<comp id="792" class="1005" name="w2_V_addr_reg_792">
<pin_list>
<pin id="793" dir="0" index="0" bw="4" slack="1"/>
<pin id="794" dir="1" index="1" bw="4" slack="1"/>
</pin_list>
<bind>
<opset="w2_V_addr "/>
</bind>
</comp>

<comp id="797" class="1005" name="w_index_reg_797">
<pin_list>
<pin id="798" dir="0" index="0" bw="4" slack="0"/>
<pin id="799" dir="1" index="1" bw="4" slack="0"/>
</pin_list>
<bind>
<opset="w_index "/>
</bind>
</comp>

<comp id="802" class="1005" name="icmp_ln46_reg_802">
<pin_list>
<pin id="803" dir="0" index="0" bw="1" slack="1"/>
<pin id="804" dir="1" index="1" bw="1" slack="2147483647"/>
</pin_list>
<bind>
<opset="icmp_ln46 "/>
</bind>
</comp>

<comp id="806" class="1005" name="select_ln19_7_reg_806">
<pin_list>
<pin id="807" dir="0" index="0" bw="8" slack="1"/>
<pin id="808" dir="1" index="1" bw="8" slack="1"/>
</pin_list>
<bind>
<opset="select_ln19_7 "/>
</bind>
</comp>

<comp id="812" class="1005" name="trunc_ln59_reg_812">
<pin_list>
<pin id="813" dir="0" index="0" bw="8" slack="1"/>
<pin id="814" dir="1" index="1" bw="8" slack="1"/>
</pin_list>
<bind>
<opset="trunc_ln59 "/>
</bind>
</comp>

<comp id="817" class="1005" name="tmp_382_i_reg_817">
<pin_list>
<pin id="818" dir="0" index="0" bw="8" slack="1"/>
<pin id="819" dir="1" index="1" bw="8" slack="1"/>
</pin_list>
<bind>
<opset="tmp_382_i "/>
</bind>
</comp>

<comp id="822" class="1005" name="tmp_384_i_reg_822">
<pin_list>
<pin id="823" dir="0" index="0" bw="8" slack="1"/>
<pin id="824" dir="1" index="1" bw="8" slack="1"/>
</pin_list>
<bind>
<opset="tmp_384_i "/>
</bind>
</comp>

<comp id="827" class="1005" name="tmp_386_i_reg_827">
<pin_list>
<pin id="828" dir="0" index="0" bw="8" slack="1"/>
<pin id="829" dir="1" index="1" bw="8" slack="1"/>
</pin_list>
<bind>
<opset="tmp_386_i "/>
</bind>
</comp>

<comp id="832" class="1005" name="tmp_388_i_reg_832">
<pin_list>
<pin id="833" dir="0" index="0" bw="8" slack="1"/>
<pin id="834" dir="1" index="1" bw="8" slack="1"/>
</pin_list>
<bind>
<opset="tmp_388_i "/>
</bind>
</comp>

<comp id="837" class="1005" name="tmp_reg_837">
<pin_list>
<pin id="838" dir="0" index="0" bw="7" slack="1"/>
<pin id="839" dir="1" index="1" bw="7" slack="1"/>
</pin_list>
<bind>
<opset="tmp "/>
</bind>
</comp>

<comp id="842" class="1005" name="acc_0_V_reg_842">
<pin_list>
<pin id="843" dir="0" index="0" bw="15" slack="0"/>
<pin id="844" dir="1" index="1" bw="15" slack="0"/>
</pin_list>
<bind>
<opset="acc_0_V "/>
</bind>
</comp>

<comp id="847" class="1005" name="acc_1_V_reg_847">
<pin_list>
<pin id="848" dir="0" index="0" bw="15" slack="0"/>
<pin id="849" dir="1" index="1" bw="15" slack="0"/>
</pin_list>
<bind>
<opset="acc_1_V "/>
</bind>
</comp>

<comp id="852" class="1005" name="acc_2_V_reg_852">
<pin_list>
<pin id="853" dir="0" index="0" bw="15" slack="0"/>
<pin id="854" dir="1" index="1" bw="15" slack="0"/>
</pin_list>
<bind>
<opset="acc_2_V "/>
</bind>
</comp>

<comp id="857" class="1005" name="acc_3_V_reg_857">
<pin_list>
<pin id="858" dir="0" index="0" bw="15" slack="0"/>
<pin id="859" dir="1" index="1" bw="15" slack="0"/>
</pin_list>
<bind>
<opset="acc_3_V "/>
</bind>
</comp>

<comp id="862" class="1005" name="acc_4_V_reg_862">
<pin_list>
<pin id="863" dir="0" index="0" bw="15" slack="0"/>
<pin id="864" dir="1" index="1" bw="15" slack="0"/>
</pin_list>
<bind>
<opset="acc_4_V "/>
</bind>
</comp>

<comp id="867" class="1005" name="acc_5_V_reg_867">
<pin_list>
<pin id="868" dir="0" index="0" bw="14" slack="0"/>
<pin id="869" dir="1" index="1" bw="14" slack="0"/>
</pin_list>
<bind>
<opset="acc_5_V "/>
</bind>
</comp>

</comp_list>

<net_list>
<net id="129"><net_src comp="18" pin="0"/><net_sink comp="124" pin=0"/></net>

<net id="130"><net_src comp="26" pin="0"/><net_sink comp="124" pin=1"/></net>

<net id="136"><net_src comp="124" pin="3"/><net_sink comp="131" pin=0"/></net>

<net id="140"><net_src comp="24" pin="0"/><net_sink comp="137" pin=0"/></net>

<net id="149"><net_src comp="137" pin="1"/><net_sink comp="141" pin=0"/></net>

<net id="150"><net_src comp="24" pin="0"/><net_sink comp="141" pin=4"/></net>

<net id="151"><net_src comp="141" pin="6"/><net_sink comp="137" pin=0"/></net>

<net id="155"><net_src comp="68" pin="0"/><net_sink comp="152" pin=0"/></net>

<net id="164"><net_src comp="152" pin="1"/><net_sink comp="156" pin=0"/></net>

<net id="165"><net_src comp="70" pin="0"/><net_sink comp="156" pin=2"/></net>

<net id="166"><net_src comp="152" pin="1"/><net_sink comp="156" pin=4"/></net>

<net id="170"><net_src comp="72" pin="0"/><net_sink comp="167" pin=0"/></net>

<net id="179"><net_src comp="167" pin="1"/><net_sink comp="171" pin=0"/></net>

<net id="180"><net_src comp="167" pin="1"/><net_sink comp="171" pin=4"/></net>

<net id="184"><net_src comp="74" pin="0"/><net_sink comp="181" pin=0"/></net>

<net id="193"><net_src comp="181" pin="1"/><net_sink comp="185" pin=0"/></net>

<net id="194"><net_src comp="181" pin="1"/><net_sink comp="185" pin=4"/></net>

<net id="198"><net_src comp="76" pin="0"/><net_sink comp="195" pin=0"/></net>

<net id="207"><net_src comp="195" pin="1"/><net_sink comp="199" pin=0"/></net>

<net id="208"><net_src comp="195" pin="1"/><net_sink comp="199" pin=4"/></net>

<net id="212"><net_src comp="78" pin="0"/><net_sink comp="209" pin=0"/></net>

<net id="221"><net_src comp="209" pin="1"/><net_sink comp="213" pin=0"/></net>

<net id="222"><net_src comp="209" pin="1"/><net_sink comp="213" pin=4"/></net>

<net id="226"><net_src comp="80" pin="0"/><net_sink comp="223" pin=0"/></net>

<net id="235"><net_src comp="223" pin="1"/><net_sink comp="227" pin=0"/></net>

<net id="236"><net_src comp="223" pin="1"/><net_sink comp="227" pin=4"/></net>

<net id="240"><net_src comp="82" pin="0"/><net_sink comp="237" pin=0"/></net>

<net id="249"><net_src comp="237" pin="1"/><net_sink comp="241" pin=0"/></net>

<net id="250"><net_src comp="237" pin="1"/><net_sink comp="241" pin=4"/></net>

<net id="254"><net_src comp="141" pin="6"/><net_sink comp="251" pin=0"/></net>

<net id="255"><net_src comp="251" pin="1"/><net_sink comp="124" pin=2"/></net>

<net id="260"><net_src comp="28" pin="0"/><net_sink comp="256" pin=0"/></net>

<net id="261"><net_src comp="141" pin="6"/><net_sink comp="256" pin=1"/></net>

<net id="266"><net_src comp="141" pin="6"/><net_sink comp="262" pin=0"/></net>

<net id="267"><net_src comp="30" pin="0"/><net_sink comp="262" pin=1"/></net>

<net id="271"><net_src comp="0" pin="0"/><net_sink comp="268" pin=0"/></net>

<net id="275"><net_src comp="2" pin="0"/><net_sink comp="272" pin=0"/></net>

<net id="279"><net_src comp="4" pin="0"/><net_sink comp="276" pin=0"/></net>

<net id="283"><net_src comp="6" pin="0"/><net_sink comp="280" pin=0"/></net>

<net id="287"><net_src comp="8" pin="0"/><net_sink comp="284" pin=0"/></net>

<net id="291"><net_src comp="10" pin="0"/><net_sink comp="288" pin=0"/></net>

<net id="295"><net_src comp="12" pin="0"/><net_sink comp="292" pin=0"/></net>

<net id="299"><net_src comp="14" pin="0"/><net_sink comp="296" pin=0"/></net>

<net id="303"><net_src comp="16" pin="0"/><net_sink comp="300" pin=0"/></net>

<net id="308"><net_src comp="137" pin="1"/><net_sink comp="304" pin=0"/></net>

<net id="309"><net_src comp="24" pin="0"/><net_sink comp="304" pin=1"/></net>

<net id="314"><net_src comp="137" pin="1"/><net_sink comp="310" pin=0"/></net>

<net id="315"><net_src comp="28" pin="0"/><net_sink comp="310" pin=1"/></net>

<net id="320"><net_src comp="137" pin="1"/><net_sink comp="316" pin=0"/></net>

<net id="321"><net_src comp="32" pin="0"/><net_sink comp="316" pin=1"/></net>

<net id="326"><net_src comp="137" pin="1"/><net_sink comp="322" pin=0"/></net>

<net id="327"><net_src comp="34" pin="0"/><net_sink comp="322" pin=1"/></net>

<net id="332"><net_src comp="137" pin="1"/><net_sink comp="328" pin=0"/></net>

<net id="333"><net_src comp="36" pin="0"/><net_sink comp="328" pin=1"/></net>

<net id="338"><net_src comp="137" pin="1"/><net_sink comp="334" pin=0"/></net>

<net id="339"><net_src comp="38" pin="0"/><net_sink comp="334" pin=1"/></net>

<net id="344"><net_src comp="137" pin="1"/><net_sink comp="340" pin=0"/></net>

<net id="345"><net_src comp="40" pin="0"/><net_sink comp="340" pin=1"/></net>

<net id="350"><net_src comp="137" pin="1"/><net_sink comp="346" pin=0"/></net>

<net id="351"><net_src comp="42" pin="0"/><net_sink comp="346" pin=1"/></net>

<net id="357"><net_src comp="346" pin="2"/><net_sink comp="352" pin=0"/></net>

<net id="358"><net_src comp="300" pin="1"/><net_sink comp="352" pin=1"/></net>

<net id="359"><net_src comp="296" pin="1"/><net_sink comp="352" pin=2"/></net>

<net id="364"><net_src comp="346" pin="2"/><net_sink comp="360" pin=0"/></net>

<net id="365"><net_src comp="340" pin="2"/><net_sink comp="360" pin=1"/></net>

<net id="371"><net_src comp="334" pin="2"/><net_sink comp="366" pin=0"/></net>

<net id="372"><net_src comp="292" pin="1"/><net_sink comp="366" pin=1"/></net>

<net id="373"><net_src comp="288" pin="1"/><net_sink comp="366" pin=2"/></net>

<net id="378"><net_src comp="334" pin="2"/><net_sink comp="374" pin=0"/></net>

<net id="379"><net_src comp="328" pin="2"/><net_sink comp="374" pin=1"/></net>

<net id="385"><net_src comp="322" pin="2"/><net_sink comp="380" pin=0"/></net>

<net id="386"><net_src comp="284" pin="1"/><net_sink comp="380" pin=1"/></net>

<net id="387"><net_src comp="280" pin="1"/><net_sink comp="380" pin=2"/></net>

<net id="392"><net_src comp="322" pin="2"/><net_sink comp="388" pin=0"/></net>

<net id="393"><net_src comp="316" pin="2"/><net_sink comp="388" pin=1"/></net>

<net id="399"><net_src comp="310" pin="2"/><net_sink comp="394" pin=0"/></net>

<net id="400"><net_src comp="276" pin="1"/><net_sink comp="394" pin=1"/></net>

<net id="401"><net_src comp="272" pin="1"/><net_sink comp="394" pin=2"/></net>

<net id="406"><net_src comp="310" pin="2"/><net_sink comp="402" pin=0"/></net>

<net id="407"><net_src comp="304" pin="2"/><net_sink comp="402" pin=1"/></net>

<net id="413"><net_src comp="360" pin="2"/><net_sink comp="408" pin=0"/></net>

<net id="414"><net_src comp="352" pin="3"/><net_sink comp="408" pin=1"/></net>

<net id="415"><net_src comp="366" pin="3"/><net_sink comp="408" pin=2"/></net>

<net id="420"><net_src comp="360" pin="2"/><net_sink comp="416" pin=0"/></net>

<net id="421"><net_src comp="374" pin="2"/><net_sink comp="416" pin=1"/></net>

<net id="427"><net_src comp="388" pin="2"/><net_sink comp="422" pin=0"/></net>

<net id="428"><net_src comp="380" pin="3"/><net_sink comp="422" pin=1"/></net>

<net id="429"><net_src comp="394" pin="3"/><net_sink comp="422" pin=2"/></net>

<net id="434"><net_src comp="388" pin="2"/><net_sink comp="430" pin=0"/></net>

<net id="435"><net_src comp="402" pin="2"/><net_sink comp="430" pin=1"/></net>

<net id="441"><net_src comp="416" pin="2"/><net_sink comp="436" pin=0"/></net>

<net id="442"><net_src comp="408" pin="3"/><net_sink comp="436" pin=1"/></net>

<net id="443"><net_src comp="422" pin="3"/><net_sink comp="436" pin=2"/></net>

<net id="448"><net_src comp="416" pin="2"/><net_sink comp="444" pin=0"/></net>

<net id="449"><net_src comp="430" pin="2"/><net_sink comp="444" pin=1"/></net>

<net id="455"><net_src comp="444" pin="2"/><net_sink comp="450" pin=0"/></net>

<net id="456"><net_src comp="436" pin="3"/><net_sink comp="450" pin=1"/></net>

<net id="457"><net_src comp="268" pin="1"/><net_sink comp="450" pin=2"/></net>

<net id="461"><net_src comp="131" pin="3"/><net_sink comp="458" pin=0"/></net>

<net id="468"><net_src comp="44" pin="0"/><net_sink comp="462" pin=0"/></net>

<net id="469"><net_src comp="131" pin="3"/><net_sink comp="462" pin=1"/></net>

<net id="470"><net_src comp="46" pin="0"/><net_sink comp="462" pin=2"/></net>

<net id="471"><net_src comp="48" pin="0"/><net_sink comp="462" pin=3"/></net>

<net id="478"><net_src comp="44" pin="0"/><net_sink comp="472" pin=0"/></net>

<net id="479"><net_src comp="131" pin="3"/><net_sink comp="472" pin=1"/></net>

<net id="480"><net_src comp="50" pin="0"/><net_sink comp="472" pin=2"/></net>

<net id="481"><net_src comp="52" pin="0"/><net_sink comp="472" pin=3"/></net>

<net id="488"><net_src comp="44" pin="0"/><net_sink comp="482" pin=0"/></net>

<net id="489"><net_src comp="131" pin="3"/><net_sink comp="482" pin=1"/></net>

<net id="490"><net_src comp="54" pin="0"/><net_sink comp="482" pin=2"/></net>

<net id="491"><net_src comp="56" pin="0"/><net_sink comp="482" pin=3"/></net>

<net id="498"><net_src comp="44" pin="0"/><net_sink comp="492" pin=0"/></net>

<net id="499"><net_src comp="131" pin="3"/><net_sink comp="492" pin=1"/></net>

<net id="500"><net_src comp="58" pin="0"/><net_sink comp="492" pin=2"/></net>

<net id="501"><net_src comp="60" pin="0"/><net_sink comp="492" pin=3"/></net>

<net id="508"><net_src comp="62" pin="0"/><net_sink comp="502" pin=0"/></net>

<net id="509"><net_src comp="131" pin="3"/><net_sink comp="502" pin=1"/></net>

<net id="510"><net_src comp="64" pin="0"/><net_sink comp="502" pin=2"/></net>

<net id="511"><net_src comp="66" pin="0"/><net_sink comp="502" pin=3"/></net>

<net id="522"><net_src comp="515" pin="1"/><net_sink comp="518" pin=0"/></net>

<net id="523"><net_src comp="512" pin="1"/><net_sink comp="518" pin=1"/></net>

<net id="530"><net_src comp="104" pin="0"/><net_sink comp="524" pin=0"/></net>

<net id="531"><net_src comp="518" pin="2"/><net_sink comp="524" pin=1"/></net>

<net id="532"><net_src comp="106" pin="0"/><net_sink comp="524" pin=2"/></net>

<net id="533"><net_src comp="48" pin="0"/><net_sink comp="524" pin=3"/></net>

<net id="537"><net_src comp="524" pin="4"/><net_sink comp="534" pin=0"/></net>

<net id="542"><net_src comp="534" pin="1"/><net_sink comp="538" pin=0"/></net>

<net id="543"><net_src comp="241" pin="6"/><net_sink comp="538" pin=1"/></net>

<net id="554"><net_src comp="547" pin="1"/><net_sink comp="550" pin=0"/></net>

<net id="555"><net_src comp="512" pin="1"/><net_sink comp="550" pin=1"/></net>

<net id="562"><net_src comp="104" pin="0"/><net_sink comp="556" pin=0"/></net>

<net id="563"><net_src comp="550" pin="2"/><net_sink comp="556" pin=1"/></net>

<net id="564"><net_src comp="106" pin="0"/><net_sink comp="556" pin=2"/></net>

<net id="565"><net_src comp="48" pin="0"/><net_sink comp="556" pin=3"/></net>

<net id="569"><net_src comp="556" pin="4"/><net_sink comp="566" pin=0"/></net>

<net id="574"><net_src comp="566" pin="1"/><net_sink comp="570" pin=0"/></net>

<net id="575"><net_src comp="227" pin="6"/><net_sink comp="570" pin=1"/></net>

<net id="583"><net_src comp="576" pin="1"/><net_sink comp="579" pin=0"/></net>

<net id="584"><net_src comp="512" pin="1"/><net_sink comp="579" pin=1"/></net>

<net id="591"><net_src comp="104" pin="0"/><net_sink comp="585" pin=0"/></net>

<net id="592"><net_src comp="579" pin="2"/><net_sink comp="585" pin=1"/></net>

<net id="593"><net_src comp="106" pin="0"/><net_sink comp="585" pin=2"/></net>

<net id="594"><net_src comp="48" pin="0"/><net_sink comp="585" pin=3"/></net>

<net id="598"><net_src comp="585" pin="4"/><net_sink comp="595" pin=0"/></net>

<net id="603"><net_src comp="595" pin="1"/><net_sink comp="599" pin=0"/></net>

<net id="604"><net_src comp="213" pin="6"/><net_sink comp="599" pin=1"/></net>

<net id="612"><net_src comp="605" pin="1"/><net_sink comp="608" pin=0"/></net>

<net id="613"><net_src comp="512" pin="1"/><net_sink comp="608" pin=1"/></net>

<net id="620"><net_src comp="104" pin="0"/><net_sink comp="614" pin=0"/></net>

<net id="621"><net_src comp="608" pin="2"/><net_sink comp="614" pin=1"/></net>

<net id="622"><net_src comp="106" pin="0"/><net_sink comp="614" pin=2"/></net>

<net id="623"><net_src comp="48" pin="0"/><net_sink comp="614" pin=3"/></net>

<net id="627"><net_src comp="614" pin="4"/><net_sink comp="624" pin=0"/></net>

<net id="632"><net_src comp="624" pin="1"/><net_sink comp="628" pin=0"/></net>

<net id="633"><net_src comp="199" pin="6"/><net_sink comp="628" pin=1"/></net>

<net id="641"><net_src comp="634" pin="1"/><net_sink comp="637" pin=0"/></net>

<net id="642"><net_src comp="512" pin="1"/><net_sink comp="637" pin=1"/></net>

<net id="649"><net_src comp="104" pin="0"/><net_sink comp="643" pin=0"/></net>

<net id="650"><net_src comp="637" pin="2"/><net_sink comp="643" pin=1"/></net>

<net id="651"><net_src comp="106" pin="0"/><net_sink comp="643" pin=2"/></net>

<net id="652"><net_src comp="48" pin="0"/><net_sink comp="643" pin=3"/></net>

<net id="656"><net_src comp="643" pin="4"/><net_sink comp="653" pin=0"/></net>

<net id="661"><net_src comp="653" pin="1"/><net_sink comp="657" pin=0"/></net>

<net id="662"><net_src comp="185" pin="6"/><net_sink comp="657" pin=1"/></net>

<net id="670"><net_src comp="544" pin="1"/><net_sink comp="666" pin=0"/></net>

<net id="671"><net_src comp="663" pin="1"/><net_sink comp="666" pin=1"/></net>

<net id="678"><net_src comp="108" pin="0"/><net_sink comp="672" pin=0"/></net>

<net id="679"><net_src comp="666" pin="2"/><net_sink comp="672" pin=1"/></net>

<net id="680"><net_src comp="106" pin="0"/><net_sink comp="672" pin=2"/></net>

<net id="681"><net_src comp="110" pin="0"/><net_sink comp="672" pin=3"/></net>

<net id="685"><net_src comp="672" pin="4"/><net_sink comp="682" pin=0"/></net>

<net id="690"><net_src comp="682" pin="1"/><net_sink comp="686" pin=0"/></net>

<net id="691"><net_src comp="171" pin="6"/><net_sink comp="686" pin=1"/></net>

<net id="698"><net_src comp="116" pin="0"/><net_sink comp="692" pin=0"/></net>

<net id="699"><net_src comp="538" pin="2"/><net_sink comp="692" pin=1"/></net>

<net id="700"><net_src comp="106" pin="0"/><net_sink comp="692" pin=2"/></net>

<net id="701"><net_src comp="118" pin="0"/><net_sink comp="692" pin=3"/></net>

<net id="708"><net_src comp="116" pin="0"/><net_sink comp="702" pin=0"/></net>

<net id="709"><net_src comp="570" pin="2"/><net_sink comp="702" pin=1"/></net>

<net id="710"><net_src comp="106" pin="0"/><net_sink comp="702" pin=2"/></net>

<net id="711"><net_src comp="118" pin="0"/><net_sink comp="702" pin=3"/></net>

<net id="718"><net_src comp="116" pin="0"/><net_sink comp="712" pin=0"/></net>

<net id="719"><net_src comp="599" pin="2"/><net_sink comp="712" pin=1"/></net>

<net id="720"><net_src comp="106" pin="0"/><net_sink comp="712" pin=2"/></net>

<net id="721"><net_src comp="118" pin="0"/><net_sink comp="712" pin=3"/></net>

<net id="728"><net_src comp="116" pin="0"/><net_sink comp="722" pin=0"/></net>

<net id="729"><net_src comp="628" pin="2"/><net_sink comp="722" pin=1"/></net>

<net id="730"><net_src comp="106" pin="0"/><net_sink comp="722" pin=2"/></net>

<net id="731"><net_src comp="118" pin="0"/><net_sink comp="722" pin=3"/></net>

<net id="738"><net_src comp="116" pin="0"/><net_sink comp="732" pin=0"/></net>

<net id="739"><net_src comp="657" pin="2"/><net_sink comp="732" pin=1"/></net>

<net id="740"><net_src comp="106" pin="0"/><net_sink comp="732" pin=2"/></net>

<net id="741"><net_src comp="118" pin="0"/><net_sink comp="732" pin=3"/></net>

<net id="748"><net_src comp="120" pin="0"/><net_sink comp="742" pin=0"/></net>

<net id="749"><net_src comp="686" pin="2"/><net_sink comp="742" pin=1"/></net>

<net id="750"><net_src comp="106" pin="0"/><net_sink comp="742" pin=2"/></net>

<net id="751"><net_src comp="118" pin="0"/><net_sink comp="742" pin=3"/></net>

<net id="756"><net_src comp="122" pin="0"/><net_sink comp="752" pin=0"/></net>

<net id="757"><net_src comp="692" pin="4"/><net_sink comp="752" pin=1"/></net>

<net id="762"><net_src comp="752" pin="2"/><net_sink comp="758" pin=0"/></net>

<net id="763"><net_src comp="702" pin="4"/><net_sink comp="758" pin=1"/></net>

<net id="768"><net_src comp="758" pin="2"/><net_sink comp="764" pin=0"/></net>

<net id="769"><net_src comp="712" pin="4"/><net_sink comp="764" pin=1"/></net>

<net id="774"><net_src comp="764" pin="2"/><net_sink comp="770" pin=0"/></net>

<net id="775"><net_src comp="722" pin="4"/><net_sink comp="770" pin=1"/></net>

<net id="780"><net_src comp="770" pin="2"/><net_sink comp="776" pin=0"/></net>

<net id="781"><net_src comp="732" pin="4"/><net_sink comp="776" pin=1"/></net>

<net id="786"><net_src comp="776" pin="2"/><net_sink comp="782" pin=0"/></net>

<net id="787"><net_src comp="742" pin="4"/><net_sink comp="782" pin=1"/></net>

<net id="791"><net_src comp="782" pin="2"/><net_sink comp="788" pin=0"/></net>

<net id="795"><net_src comp="124" pin="3"/><net_sink comp="792" pin=0"/></net>

<net id="796"><net_src comp="792" pin="1"/><net_sink comp="131" pin=0"/></net>

<net id="800"><net_src comp="256" pin="2"/><net_sink comp="797" pin=0"/></net>

<net id="801"><net_src comp="797" pin="1"/><net_sink comp="141" pin=2"/></net>

<net id="805"><net_src comp="262" pin="2"/><net_sink comp="802" pin=0"/></net>

<net id="809"><net_src comp="450" pin="3"/><net_sink comp="806" pin=0"/></net>

<net id="810"><net_src comp="806" pin="1"/><net_sink comp="512" pin=0"/></net>

<net id="811"><net_src comp="806" pin="1"/><net_sink comp="544" pin=0"/></net>

<net id="815"><net_src comp="458" pin="1"/><net_sink comp="812" pin=0"/></net>

<net id="816"><net_src comp="812" pin="1"/><net_sink comp="515" pin=0"/></net>

<net id="820"><net_src comp="462" pin="4"/><net_sink comp="817" pin=0"/></net>

<net id="821"><net_src comp="817" pin="1"/><net_sink comp="547" pin=0"/></net>

<net id="825"><net_src comp="472" pin="4"/><net_sink comp="822" pin=0"/></net>

<net id="826"><net_src comp="822" pin="1"/><net_sink comp="576" pin=0"/></net>

<net id="830"><net_src comp="482" pin="4"/><net_sink comp="827" pin=0"/></net>

<net id="831"><net_src comp="827" pin="1"/><net_sink comp="605" pin=0"/></net>

<net id="835"><net_src comp="492" pin="4"/><net_sink comp="832" pin=0"/></net>

<net id="836"><net_src comp="832" pin="1"/><net_sink comp="634" pin=0"/></net>

<net id="840"><net_src comp="502" pin="4"/><net_sink comp="837" pin=0"/></net>

<net id="841"><net_src comp="837" pin="1"/><net_sink comp="663" pin=0"/></net>

<net id="845"><net_src comp="538" pin="2"/><net_sink comp="842" pin=0"/></net>

<net id="846"><net_src comp="842" pin="1"/><net_sink comp="241" pin=2"/></net>

<net id="850"><net_src comp="570" pin="2"/><net_sink comp="847" pin=0"/></net>

<net id="851"><net_src comp="847" pin="1"/><net_sink comp="227" pin=2"/></net>

<net id="855"><net_src comp="599" pin="2"/><net_sink comp="852" pin=0"/></net>

<net id="856"><net_src comp="852" pin="1"/><net_sink comp="213" pin=2"/></net>

<net id="860"><net_src comp="628" pin="2"/><net_sink comp="857" pin=0"/></net>

<net id="861"><net_src comp="857" pin="1"/><net_sink comp="199" pin=2"/></net>

<net id="865"><net_src comp="657" pin="2"/><net_sink comp="862" pin=0"/></net>

<net id="866"><net_src comp="862" pin="1"/><net_sink comp="185" pin=2"/></net>

<net id="870"><net_src comp="686" pin="2"/><net_sink comp="867" pin=0"/></net>

<net id="871"><net_src comp="867" pin="1"/><net_sink comp="171" pin=2"/></net>

</net_list>

</model> 
---------------- Datapath Model END ------------------

* FSMD analyzer results:
  - Output states:
 - Input state : 
	Port: dense_resource_rf_leq_nin<ap_ufixed,ap_fixed,config2_mult>.0.0.0.0.0.0.0 : kernel_data_V_8 | {3 }
	Port: dense_resource_rf_leq_nin<ap_ufixed,ap_fixed,config2_mult>.0.0.0.0.0.0.0 : kernel_data_V_0 | {3 }
	Port: dense_resource_rf_leq_nin<ap_ufixed,ap_fixed,config2_mult>.0.0.0.0.0.0.0 : kernel_data_V_1411 | {3 }
	Port: dense_resource_rf_leq_nin<ap_ufixed,ap_fixed,config2_mult>.0.0.0.0.0.0.0 : kernel_data_V_2412 | {3 }
	Port: dense_resource_rf_leq_nin<ap_ufixed,ap_fixed,config2_mult>.0.0.0.0.0.0.0 : kernel_data_V_3413 | {3 }
	Port: dense_resource_rf_leq_nin<ap_ufixed,ap_fixed,config2_mult>.0.0.0.0.0.0.0 : kernel_data_V_4414 | {3 }
	Port: dense_resource_rf_leq_nin<ap_ufixed,ap_fixed,config2_mult>.0.0.0.0.0.0.0 : kernel_data_V_5415 | {3 }
	Port: dense_resource_rf_leq_nin<ap_ufixed,ap_fixed,config2_mult>.0.0.0.0.0.0.0 : kernel_data_V_6 | {3 }
	Port: dense_resource_rf_leq_nin<ap_ufixed,ap_fixed,config2_mult>.0.0.0.0.0.0.0 : kernel_data_V_7 | {3 }
	Port: dense_resource_rf_leq_nin<ap_ufixed,ap_fixed,config2_mult>.0.0.0.0.0.0.0 : w2_V | {2 3 }
  - Chain level:
	State 1
	State 2
		zext_ln59 : 1
		w2_V_addr : 2
		w2_V_load : 3
		w_index : 1
		icmp_ln46 : 1
	State 3
		select_ln19 : 1
		or_ln19 : 1
		select_ln19_1 : 1
		or_ln19_1 : 1
		select_ln19_2 : 1
		or_ln19_2 : 1
		select_ln19_3 : 1
		or_ln19_3 : 1
		select_ln19_4 : 1
		or_ln19_4 : 1
		select_ln19_5 : 1
		or_ln19_5 : 1
		select_ln19_6 : 1
		or_ln19_6 : 1
		select_ln19_7 : 1
		trunc_ln59 : 1
		tmp_382_i : 1
		tmp_384_i : 1
		tmp_386_i : 1
		tmp_388_i : 1
		tmp : 1
	State 4
		br_ln0 : 1
		mul_ln1118 : 1
		trunc_ln : 2
		sext_ln703 : 3
		acc_0_V : 4
		mul_ln1118_75 : 1
		trunc_ln708_s : 2
		sext_ln703_1 : 3
		acc_1_V : 4
		mul_ln1118_76 : 1
		trunc_ln708_84 : 2
		sext_ln703_2 : 3
		acc_2_V : 4
		mul_ln1118_77 : 1
		trunc_ln708_85 : 2
		sext_ln703_3 : 3
		acc_3_V : 4
		mul_ln1118_78 : 1
		trunc_ln708_86 : 2
		sext_ln703_4 : 3
		acc_4_V : 4
		mul_ln1118_79 : 1
		tmp_1 : 2
		sext_ln703_5 : 3
		acc_5_V : 4
		empty : 1
		res_0_V_write_assign : 5
		res_1_V_write_assign : 5
		res_2_V_write_assign : 5
		res_3_V_write_assign : 5
		res_4_V_write_assign : 5
		res_5_V_write_assign : 5
		mrv_i : 6
		mrv_1_i : 7
		mrv_2_i : 8
		mrv_3_i : 9
		mrv_4_i : 10
		mrv_5_i : 11
		return_ln32 : 12


============================================================
+ Verbose Summary: Datapath Resource usage 
============================================================

* Functional unit list:
|----------|-----------------------------|---------|---------|---------|
| Operation|       Functional Unit       |  DSP48E |    FF   |   LUT   |
|----------|-----------------------------|---------|---------|---------|
|          |      mul_ln1118_fu_518      |    0    |    0    |    40   |
|          |     mul_ln1118_75_fu_550    |    0    |    0    |    40   |
|    mul   |     mul_ln1118_76_fu_579    |    0    |    0    |    40   |
|          |     mul_ln1118_77_fu_608    |    0    |    0    |    40   |
|          |     mul_ln1118_78_fu_637    |    0    |    0    |    40   |
|          |     mul_ln1118_79_fu_666    |    0    |    0    |    40   |
|----------|-----------------------------|---------|---------|---------|
|          |        w_index_fu_256       |    0    |    0    |    12   |
|          |        acc_0_V_fu_538       |    0    |    0    |    22   |
|          |        acc_1_V_fu_570       |    0    |    0    |    22   |
|    add   |        acc_2_V_fu_599       |    0    |    0    |    22   |
|          |        acc_3_V_fu_628       |    0    |    0    |    22   |
|          |        acc_4_V_fu_657       |    0    |    0    |    22   |
|          |        acc_5_V_fu_686       |    0    |    0    |    21   |
|----------|-----------------------------|---------|---------|---------|
|          |       icmp_ln46_fu_262      |    0    |    0    |    9    |
|          |       icmp_ln19_fu_304      |    0    |    0    |    9    |
|          |      icmp_ln19_1_fu_310     |    0    |    0    |    9    |
|          |      icmp_ln19_2_fu_316     |    0    |    0    |    9    |
|   icmp   |      icmp_ln19_3_fu_322     |    0    |    0    |    9    |
|          |      icmp_ln19_4_fu_328     |    0    |    0    |    9    |
|          |      icmp_ln19_5_fu_334     |    0    |    0    |    9    |
|          |      icmp_ln19_6_fu_340     |    0    |    0    |    9    |
|          |      icmp_ln19_7_fu_346     |    0    |    0    |    9    |
|----------|-----------------------------|---------|---------|---------|
|          |      select_ln19_fu_352     |    0    |    0    |    8    |
|          |     select_ln19_1_fu_366    |    0    |    0    |    8    |
|          |     select_ln19_2_fu_380    |    0    |    0    |    8    |
|  select  |     select_ln19_3_fu_394    |    0    |    0    |    8    |
|          |     select_ln19_4_fu_408    |    0    |    0    |    8    |
|          |     select_ln19_5_fu_422    |    0    |    0    |    8    |
|          |     select_ln19_6_fu_436    |    0    |    0    |    8    |
|          |     select_ln19_7_fu_450    |    0    |    0    |    8    |
|----------|-----------------------------|---------|---------|---------|
|          |        or_ln19_fu_360       |    0    |    0    |    2    |
|          |       or_ln19_1_fu_374      |    0    |    0    |    2    |
|          |       or_ln19_2_fu_388      |    0    |    0    |    2    |
|    or    |       or_ln19_3_fu_402      |    0    |    0    |    2    |
|          |       or_ln19_4_fu_416      |    0    |    0    |    2    |
|          |       or_ln19_5_fu_430      |    0    |    0    |    2    |
|          |       or_ln19_6_fu_444      |    0    |    0    |    2    |
|----------|-----------------------------|---------|---------|---------|
|          |       zext_ln59_fu_251      |    0    |    0    |    0    |
|   zext   |      zext_ln1116_fu_512     |    0    |    0    |    0    |
|          |      zext_ln1118_fu_544     |    0    |    0    |    0    |
|----------|-----------------------------|---------|---------|---------|
|   trunc  |      trunc_ln59_fu_458      |    0    |    0    |    0    |
|----------|-----------------------------|---------|---------|---------|
|          |       tmp_382_i_fu_462      |    0    |    0    |    0    |
|          |       tmp_384_i_fu_472      |    0    |    0    |    0    |
|          |       tmp_386_i_fu_482      |    0    |    0    |    0    |
|          |       tmp_388_i_fu_492      |    0    |    0    |    0    |
|          |          tmp_fu_502         |    0    |    0    |    0    |
|          |       trunc_ln_fu_524       |    0    |    0    |    0    |
|          |     trunc_ln708_s_fu_556    |    0    |    0    |    0    |
|          |    trunc_ln708_84_fu_585    |    0    |    0    |    0    |
|partselect|    trunc_ln708_85_fu_614    |    0    |    0    |    0    |
|          |    trunc_ln708_86_fu_643    |    0    |    0    |    0    |
|          |         tmp_1_fu_672        |    0    |    0    |    0    |
|          | res_0_V_write_assign_fu_692 |    0    |    0    |    0    |
|          | res_1_V_write_assign_fu_702 |    0    |    0    |    0    |
|          | res_2_V_write_assign_fu_712 |    0    |    0    |    0    |
|          | res_3_V_write_assign_fu_722 |    0    |    0    |    0    |
|          | res_4_V_write_assign_fu_732 |    0    |    0    |    0    |
|          | res_5_V_write_assign_fu_742 |    0    |    0    |    0    |
|----------|-----------------------------|---------|---------|---------|
|          |      sext_ln1118_fu_515     |    0    |    0    |    0    |
|          |      sext_ln703_fu_534      |    0    |    0    |    0    |
|          |    sext_ln1118_48_fu_547    |    0    |    0    |    0    |
|          |     sext_ln703_1_fu_566     |    0    |    0    |    0    |
|          |    sext_ln1118_49_fu_576    |    0    |    0    |    0    |
|   sext   |     sext_ln703_2_fu_595     |    0    |    0    |    0    |
|          |    sext_ln1118_50_fu_605    |    0    |    0    |    0    |
|          |     sext_ln703_3_fu_624     |    0    |    0    |    0    |
|          |    sext_ln1118_51_fu_634    |    0    |    0    |    0    |
|          |     sext_ln703_4_fu_653     |    0    |    0    |    0    |
|          |    sext_ln1118_52_fu_663    |    0    |    0    |    0    |
|          |     sext_ln703_5_fu_682     |    0    |    0    |    0    |
|----------|-----------------------------|---------|---------|---------|
|          |         mrv_i_fu_752        |    0    |    0    |    0    |
|          |        mrv_1_i_fu_758       |    0    |    0    |    0    |
|insertvalue|        mrv_2_i_fu_764       |    0    |    0    |    0    |
|          |        mrv_3_i_fu_770       |    0    |    0    |    0    |
|          |        mrv_4_i_fu_776       |    0    |    0    |    0    |
|          |        mrv_5_i_fu_782       |    0    |    0    |    0    |
|----------|-----------------------------|---------|---------|---------|
|  return  |      return_ln32_fu_788     |    0    |    0    |    0    |
|----------|-----------------------------|---------|---------|---------|
|   Total  |                             |    0    |    0    |   542   |
|----------|-----------------------------|---------|---------|---------|

Memories:
N/A

* Register list:
+---------------------+--------+
|                     |   FF   |
+---------------------+--------+
|   acc_0_V_reg_842   |   15   |
|   acc_1_V_reg_847   |   15   |
|   acc_2_V_reg_852   |   15   |
|   acc_3_V_reg_857   |   15   |
|   acc_4_V_reg_862   |   15   |
|   acc_5_V_reg_867   |   14   |
|   do_init_reg_152   |    1   |
|  icmp_ln46_reg_802  |    1   |
| p_Val2_1012_reg_195 |   15   |
| p_Val2_1114_reg_181 |   15   |
| p_Val2_1216_reg_167 |   14   |
|   p_Val2_6_reg_237  |   15   |
|  p_Val2_88_reg_223  |   15   |
|  p_Val2_910_reg_209 |   15   |
|select_ln19_7_reg_806|    8   |
|  tmp_382_i_reg_817  |    8   |
|  tmp_384_i_reg_822  |    8   |
|  tmp_386_i_reg_827  |    8   |
|  tmp_388_i_reg_832  |    8   |
|     tmp_reg_837     |    7   |
|  trunc_ln59_reg_812 |    8   |
|  w2_V_addr_reg_792  |    4   |
|  w_index17_reg_137  |    4   |
|   w_index_reg_797   |    4   |
+---------------------+--------+
|        Total        |   247  |
+---------------------+--------+

* Multiplexer (MUX) list: 
|-------------------|------|------|------|--------||---------||---------|
|        Comp       |  Pin | Size |  BW  | S x BW ||  Delay  ||   LUT   |
|-------------------|------|------|------|--------||---------||---------|
| grp_access_fu_131 |  p0  |   2  |   4  |    8   ||    9    |
| w_index17_reg_137 |  p0  |   2  |   4  |    8   ||    9    |
|-------------------|------|------|------|--------||---------||---------|
|       Total       |      |      |      |   16   ||   1.67  ||    18   |
|-------------------|------|------|------|--------||---------||---------|



* Summary:
+-----------+--------+--------+--------+--------+
|           | DSP48E |  Delay |   FF   |   LUT  |
+-----------+--------+--------+--------+--------+
|  Function |    0   |    -   |    0   |   542  |
|   Memory  |    -   |    -   |    -   |    -   |
|Multiplexer|    -   |    1   |    -   |   18   |
|  Register |    -   |    -   |   247  |    -   |
+-----------+--------+--------+--------+--------+
|   Total   |    0   |    1   |   247  |   560  |
+-----------+--------+--------+--------+--------+
